open_time,open,high,low,close,volume,close_time
2020-04-10T00:00:00.000000Z,0.83200502395629883,1.3134870529174805,0.6941869854927063,0.95105397701263428,87364276,2020-04-11T00:00:00.000000Z
2020-04-11T00:00:00.000000Z,0.95105397701263428,1.0490729808807373,0.76502001285552979,0.77681899070739746,43862444,2020-04-12T00:00:00.000000Z
2020-04-12T00:00:00.000000Z,0.78544801473617554,0.95666998624801636,0.76242601871490479,0.88250702619552612,38736897,2020-04-13T00:00:00.000000Z
2020-04-13T00:00:00.000000Z,0.89076000452041626,0.89160299301147461,0.77397602796554565,0.77783197164535522,18211285,2020-04-14T00:00:00.000000Z
2020-04-14T00:00:00.000000Z,0.77783197164535522,0.79647201299667358,0.62816900014877319,0.66192501783370972,16747614,2020-04-15T00:00:00.000000Z
2020-04-15T00:00:00.000000Z,0.6692889928817749,0.70496398210525513,0.62153100967407227,0.64665102958679199,13075275,2020-04-16T00:00:00.000000Z
2020-04-16T00:00:00.000000Z,0.6308789849281311,0.77419197559356689,0.62510699033737183,0.69081598520278931,21346031,2020-04-17T00:00:00.000000Z
2020-04-17T00:00:00.000000Z,0.68931198120117188,0.71961402893066406,0.66072797775268555,0.66072797775268555,9870810,2020-04-18T00:00:00.000000Z
2020-04-18T00:00:00.000000Z,0.66072797775268555,0.71761798858642578,0.6594269871711731,0.68109601736068726,9782112,2020-04-19T00:00:00.000000Z
2020-04-19T00:00:00.000000Z,0.68151599168777466,0.68464100360870361,0.59848701953887939,0.60696899890899658,9289670,2020-04-20T00:00:00.000000Z
2020-04-20T00:00:00.000000Z,0.61294800043106079,0.63925397396087646,0.52057802677154541,0.53881198167800903,8342616,2020-04-21T00:00:00.000000Z
2020-04-21T00:00:00.000000Z,0.54138702154159546,0.60458600521087646,0.50854897499084473,0.58765900135040283,9711507,2020-04-22T00:00:00.000000Z
2020-04-22T00:00:00.000000Z,0.58116602897644043,0.70696401596069336,0.56962102651596069,0.6916009783744812,18828400,2020-04-23T00:00:00.000000Z
2020-04-23T00:00:00.000000Z,0.68534702062606812,0.69807702302932739,0.60032200813293457,0.62745702266693115,13485271,2020-04-24T00:00:00.000000Z
2020-04-24T00:00:00.000000Z,0.62402099370956421,0.67101997137069702,0.6139410138130188,0.63424199819564819,9064190,2020-04-25T00:00:00.000000Z
2020-04-25T00:00:00.000000Z,0.63052797317504883,0.67094802856445312,0.62154698371887207,0.64332902431488037,7311905,2020-04-26T00:00:00.000000Z
2020-04-26T00:00:00.000000Z,0.65321499109268188,0.69149899482727051,0.63117098808288574,0.63550597429275513,8320760,2020-04-27T00:00:00.000000Z
2020-04-27T00:00:00.000000Z,0.63571399450302124,0.66028302907943726,0.56102800369262695,0.57237201929092407,7406934,2020-04-28T00:00:00.000000Z
2020-04-28T00:00:00.000000Z,0.57825297117233276,0.69214797019958496,0.56848400831222534,0.66129302978515625,7470201,2020-04-29T00:00:00.000000Z
2020-04-29T00:00:00.000000Z,0.66228598356246948,0.77777099609375,0.65527397394180298,0.74584001302719116,8801144,2020-04-30T00:00:00.000000Z
2020-04-30T00:00:00.000000Z,0.74719500541687012,0.80081599950790405,0.6878809928894043,0.69104498624801636,5016892,2020-05-01T00:00:00.000000Z
2020-05-01T00:00:00.000000Z,0.69104498624801636,0.73707097768783569,0.68590301275253296,0.72879397869110107,4164272,2020-05-02T00:00:00.000000Z
2020-05-02T00:00:00.000000Z,0.72726798057556152,0.74898099899291992,0.70790398120880127,0.71587598323822021,3441356,2020-05-03T00:00:00.000000Z
2020-05-03T00:00:00.000000Z,0.71479600667953491,0.7298009991645813,0.6566159725189209,0.67953497171401978,3328344,2020-05-04T00:00:00.000000Z
2020-05-04T00:00:00.000000Z,0.67962497472763062,0.70581197738647461,0.61843401193618774,0.66749101877212524,3443698,2020-05-05T00:00:00.000000Z
2020-05-05T00:00:00.000000Z,0.67343997955322266,0.68621402978897095,0.6264989972114563,0.64183700084686279,2847469,2020-05-06T00:00:00.000000Z
2020-05-06T00:00:00.000000Z,0.64245402812957764,0.67389100790023804,0.62258398532867432,0.62258398532867432,2677563,2020-05-07T00:00:00.000000Z
2020-05-07T00:00:00.000000Z,0.62258398532867432,0.63226801156997681,0.57337599992752075,0.61297798156738281,3355830,2020-05-08T00:00:00.000000Z
2020-05-08T00:00:00.000000Z,0.61297798156738281,0.63661801815032959,0.589851975440979,0.60492199659347534,2488195,2020-05-09T00:00:00.000000Z
2020-05-09T00:00:00.000000Z,0.60404199361801147,0.62542897462844849,0.58844798803329468,0.60452699661254883,2128503,2020-05-10T00:00:00.000000Z
2020-05-10T00:00:00.000000Z,0.60446101427078247,0.61230301856994629,0.51308101415634155,0.53703397512435913,2327581,2020-05-11T00:00:00.000000Z
2020-05-11T00:00:00.000000Z,0.53625500202178955,0.57186001539230347,0.50519400835037231,0.51527297496795654,2098481,2020-05-12T00:00:00.000000Z
2020-05-12T00:00:00.000000Z,0.51339101791381836,0.55975902080535889,0.50525099039077759,0.53857600688934326,2198625,2020-05-13T00:00:00.000000Z
2020-05-13T00:00:00.000000Z,0.5383719801902771,0.56487399339675903,0.51803797483444214,0.55053198337554932,2326446,2020-05-14T00:00:00.000000Z
2020-05-14T00:00:00.000000Z,0.55053198337554932,0.58094602823257446,0.55010998249053955,0.56911802291870117,2047897,2020-05-15T00:00:00.000000Z
2020-05-15T00:00:00.000000Z,0.56919300556182861,0.57462000846862793,0.5470929741859436,0.55975198745727539,1850070,2020-05-16T00:00:00.000000Z
2020-05-16T00:00:00.000000Z,0.55898100137710571,0.60653400421142578,0.55436098575592041,0.59912002086639404,2300409,2020-05-17T00:00:00.000000Z
2020-05-17T00:00:00.000000Z,0.59522801637649536,0.64019602537155151,0.58917498588562012,0.61298900842666626,2936428,2020-05-18T00:00:00.000000Z
2020-05-18T00:00:00.000000Z,0.61268198490142822,0.67439299821853638,0.60964900255203247,0.65267002582550049,3314359,2020-05-19T00:00:00.000000Z
2020-05-19T00:00:00.000000Z,0.65097397565841675,0.65447998046875,0.61124801635742188,0.62445402145385742,2380263,2020-05-20T00:00:00.000000Z
2020-05-20T00:00:00.000000Z,0.6224750280380249,0.62665599584579468,0.5752829909324646,0.57915598154067993,2302926,2020-05-21T00:00:00.000000Z
2020-05-21T00:00:00.000000Z,0.57969200611114502,0.61378902196884155,0.54334598779678345,0.60891497135162354,2863017,2020-05-22T00:00:00.000000Z
2020-05-22T00:00:00.000000Z,0.60523897409439087,0.67643201351165771,0.58283001184463501,0.63887500762939453,3411419,2020-05-23T00:00:00.000000Z
2020-05-23T00:00:00.000000Z,0.63741499185562134,0.63884902000427246,0.58824700117111206,0.61303102970123291,2638524,2020-05-24T00:00:00.000000Z
2020-05-24T00:00:00.000000Z,0.6132889986038208,0.6132889986038208,0.54843199253082275,0.54905301332473755,2786816,2020-05-25T00:00:00.000000Z
2020-05-25T00:00:00.000000Z,0.54856997728347778,0.65013802051544189,0.53806400299072266,0.60085701942443848,4509580,2020-05-26T00:00:00.000000Z
2020-05-26T00:00:00.000000Z,0.59910398721694946,0.61235302686691284,0.56646299362182617,0.57330697774887085,2689697,2020-05-27T00:00:00.000000Z
2020-05-27T00:00:00.000000Z,0.57330697774887085,0.61108702421188354,0.57144302129745483,0.5909850001335144,2536916,2020-05-28T00:00:00.000000Z
2020-05-28T00:00:00.000000Z,0.59088397026062012,0.59239798784255981,0.56694799661636353,0.57515501976013184,2662788,2020-05-29T00:00:00.000000Z
2020-05-29T00:00:00.000000Z,0.57469898462295532,0.59340500831604004,0.56685799360275269,0.57941502332687378,2066857,2020-05-30T00:00:00.000000Z
2020-05-30T00:00:00.000000Z,0.58135497570037842,0.60248899459838867,0.56704998016357422,0.5879330039024353,2449095,2020-05-31T00:00:00.000000Z
2020-05-31T00:00:00.000000Z,0.58790302276611328,0.59399700164794922,0.56924498081207275,0.57002198696136475,1892967,2020-06-01T00:00:00.000000Z
2020-06-01T00:00:00.000000Z,0.57347202301025391,0.58783900737762451,0.56734800338745117,0.57749497890472412,2159877,2020-06-02T00:00:00.000000Z
2020-06-02T00:00:00.000000Z,0.57714200019836426,0.58972501754760742,0.55229401588439941,0.56466901302337646,1295757,2020-06-03T00:00:00.000000Z
2020-06-03T00:00:00.000000Z,0.56466901302337646,0.59102499485015869,0.56446099281311035,0.5866209864616394,877446,2020-06-04T00:00:00.000000Z
2020-06-04T00:00:00.000000Z,0.58686697483062744,0.59163999557495117,0.56451797485351562,0.58729898929595947,901641,2020-06-05T00:00:00.000000Z
2020-06-05T00:00:00.000000Z,0.58729898929595947,0.69827902317047119,0.57792502641677856,0.66115498542785645,4322092,2020-06-06T00:00:00.000000Z
2020-06-06T00:00:00.000000Z,0.66107100248336792,0.66161900758743286,0.61178100109100342,0.62244302034378052,1604055,2020-06-07T00:00:00.000000Z
2020-06-07T00:00:00.000000Z,0.62244302034378052,0.62444400787353516,0.59339797496795654,0.61657798290252686,716785,2020-06-08T00:00:00.000000Z
2020-06-08T00:00:00.000000Z,0.61507797241210938,0.67900097370147705,0.61330997943878174,0.66831302642822266,1440234,2020-06-09T00:00:00.000000Z
2020-06-09T00:00:00.000000Z,0.66778397560119629,0.66808801889419556,0.62724202871322632,0.65800201892852783,988327,2020-06-10T00:00:00.000000Z
2020-06-10T00:00:00.000000Z,0.65803802013397217,0.67004299163818359,0.63340401649475098,0.64486700296401978,1096203,2020-06-11T00:00:00.000000Z
2020-06-11T00:00:00.000000Z,0.64488798379898071,0.650534987449646,0.57008200883865356,0.57374197244644165,1122221,2020-06-12T00:00:00.000000Z
2020-06-12T00:00:00.000000Z,0.57405900955200195,0.604653000831604,0.56992000341415405,0.59386897087097168,940323,2020-06-13T00:00:00.000000Z
2020-06-13T00:00:00.000000Z,0.59394800662994385,0.61143898963928223,0.58548498153686523,0.60894298553466797,764757,2020-06-14T00:00:00.000000Z
2020-06-14T00:00:00.000000Z,0.61092698574066162,0.61825799942016602,0.58089900016784668,0.58707702159881592,873416,2020-06-15T00:00:00.000000Z
2020-06-15T00:00:00.000000Z,0.58837300539016724,0.59189701080322266,0.5472869873046875,0.57063901424407959,942666,2020-06-16T00:00:00.000000Z
2020-06-16T00:00:00.000000Z,0.57057899236679077,0.5898280143737793,0.56868898868560791,0.58557599782943726,652020,2020-06-17T00:00:00.000000Z
2020-06-17T00:00:00.000000Z,0.58549702167510986,0.59012901782989502,0.5651170015335083,0.58156198263168335,673274,2020-06-18T00:00:00.000000Z
2020-06-18T00:00:00.000000Z,0.58158200979232788,0.65030902624130249,0.57928502559661865,0.62095600366592407,1349341,2020-06-19T00:00:00.000000Z
2020-06-19T00:00:00.000000Z,0.62240701913833618,0.83639800548553467,0.62038397789001465,0.68433201313018799,6577471,2020-06-20T00:00:00.000000Z
2020-06-20T00:00:00.000000Z,0.68252301216125488,0.68858301639556885,0.62562602758407593,0.64359098672866821,1714405,2020-06-21T00:00:00.000000Z
2020-06-21T00:00:00.000000Z,0.64613497257232666,0.74854201078414917,0.63687998056411743,0.6731489896774292,2238347,2020-06-22T00:00:00.000000Z
2020-06-22T00:00:00.000000Z,0.67257702350616455,0.74311298131942749,0.64587700366973877,0.72684800624847412,1620388,2020-06-23T00:00:00.000000Z
2020-06-23T00:00:00.000000Z,0.72677302360534668,0.76063299179077148,0.70071202516555786,0.7082970142364502,1327340,2020-06-24T00:00:00.000000Z
2020-06-24T00:00:00.000000Z,0.7085300087928772,0.80069202184677124,0.69350099563598633,0.73699402809143066,2769054,2020-06-25T00:00:00.000000Z
2020-06-25T00:00:00.000000Z,0.73710000514984131,0.75670498609542847,0.69924002885818481,0.71319401264190674,1751581,2020-06-26T00:00:00.000000Z
2020-06-26T00:00:00.000000Z,0.71253097057342529,0.75199198722839355,0.68153202533721924,0.74114400148391724,1664662,2020-06-27T00:00:00.000000Z
2020-06-27T00:00:00.000000Z,0.73959702253341675,0.75221097469329834,0.67583799362182617,0.71354800462722778,1681428,2020-06-28T00:00:00.000000Z
2020-06-28T00:00:00.000000Z,0.71354800462722778,0.84397697448730469,0.68709498643875122,0.79849499464035034,3412582,2020-06-29T00:00:00.000000Z
2020-06-29T00:00:00.000000Z,0.79849499464035034,0.88533902168273926,0.77000898122787476,0.85245400667190552,2147791,2020-06-30T00:00:00.000000Z
2020-06-30T00:00:00.000000Z,0.85302197933197021,1.0291759967803955,0.85010397434234619,0.86009401082992554,3887548,2020-07-01T00:00:00.000000Z
2020-07-01T00:00:00.000000Z,0.86336398124694824,0.9017149806022644,0.82092702388763428,0.83264201879501343,1772560,2020-07-02T00:00:00.000000Z
2020-07-02T00:00:00.000000Z,0.83211600780487061,0.8371269702911377,0.75366801023483276,0.78021901845932007,1749581,2020-07-03T00:00:00.000000Z
2020-07-03T00:00:00.000000Z,0.78203600645065308,0.78603500127792358,0.75511300563812256,0.76809298992156982,1144958,2020-07-04T00:00:00.000000Z
2020-07-04T00:00:00.000000Z,0.76794099807739258,0.8231549859046936,0.76145100593566895,0.7803720235824585,1644301,2020-07-05T00:00:00.000000Z
2020-07-05T00:00:00.000000Z,0.78010100126266479,0.78554701805114746,0.64263498783111572,0.69166398048400879,3799016,2020-07-06T00:00:00.000000Z
2020-07-06T00:00:00.000000Z,0.69166398048400879,0.72104597091674805,0.68658000230789185,0.70790797472000122,1120773,2020-07-07T00:00:00.000000Z
2020-07-07T00:00:00.000000Z,0.70785802602767944,0.78089302778244019,0.70192199945449829,0.75304800271987915,1700041,2020-07-08T00:00:00.000000Z
2020-07-08T00:00:00.000000Z,0.75304800271987915,0.82752299308776855,0.74341100454330444,0.79671299457550049,2220223,2020-07-09T00:00:00.000000Z
2020-07-09T00:00:00.000000Z,0.7940179705619812,0.88235801458358765,0.75990599393844604,0.85345298051834106,2668724,2020-07-10T00:00:00.000000Z
2020-07-10T00:00:00.000000Z,0.85330402851104736,0.93962901830673218,0.84285002946853638,0.91355997323989868,1856095,2020-07-11T00:00:00.000000Z
2020-07-11T00:00:00.000000Z,0.91355997323989868,0.92634701728820801,0.85909497737884521,0.92462402582168579,1788814,2020-07-12T00:00:00.000000Z
2020-07-12T00:00:00.000000Z,0.92385601997375488,1.130977988243103,0.91411697864532471,1.0167160034179688,4693371,2020-07-13T00:00:00.000000Z
2020-07-13T00:00:00.000000Z,1.0167160034179688,1.2876629829406738,1.0088839530944824,1.1757340431213379,4062069,2020-07-14T00:00:00.000000Z
2020-07-14T00:00:00.000000Z,1.172476053237915,1.2460060119628906,1.1191660165786743,1.1480749845504761,2213135,2020-07-15T00:00:00.000000Z
2020-07-15T00:00:00.000000Z,1.147523045539856,1.3968349695205688,1.1414580345153809,1.2895979881286621,3355229,2020-07-16T00:00:00.000000Z
2020-07-16T00:00:00.000000Z,1.2840390205383301,1.3749669790267944,0.85504400730133057,0.87244099378585815,7486568,2020-07-17T00:00:00.000000Z
2020-07-17T00:00:00.000000Z,0.87076097726821899,1.0468419790267944,0.8018839955329895,0.97783702611923218,8973774,2020-07-18T00:00:00.000000Z
2020-07-18T00:00:00.000000Z,0.97751498222351074,1.000715970993042,0.93172597885131836,0.9665830135345459,2923007,2020-07-19T00:00:00.000000Z
2020-07-19T00:00:00.000000Z,0.96800398826599121,0.97035402059555054,0.89951497316360474,0.92034900188446045,2206671,2020-07-20T00:00:00.000000Z
2020-07-20T00:00:00.000000Z,0.92051500082015991,0.92158401012420654,0.85187798738479614,0.8730890154838562,3036871,2020-07-21T00:00:00.000000Z
2020-07-21T00:00:00.000000Z,0.87292802333831787,1.0082540512084961,0.86031597852706909,0.97716599702835083,4299502,2020-07-22T00:00:00.000000Z
2020-07-22T00:00:00.000000Z,0.97719800472259521,1.1047040224075317,0.9724850058555603,1.0440870523452759,5295002,2020-07-23T00:00:00.000000Z
2020-07-23T00:00:00.000000Z,1.0461549758911133,1.1012179851531982,0.99739402532577515,1.0498440265655518,2970423,2020-07-24T00:00:00.000000Z
2020-07-24T00:00:00.000000Z,1.0498440265655518,1.053954005241394,0.97478002309799194,0.99534600973129272,1991763,2020-07-25T00:00:00.000000Z
2020-07-25T00:00:00.000000Z,0.99544000625610352,1.4327399730682373,0.99539697170257568,1.252223014831543,9978279,2020-07-26T00:00:00.000000Z
2020-07-26T00:00:00.000000Z,1.2447279691696167,1.6246479749679565,1.2382830381393433,1.5651099681854248,10463130,2020-07-27T00:00:00.000000Z
2020-07-27T00:00:00.000000Z,1.5650980472564697,2.0427401065826416,1.5610870122909546,1.7786359786987305,32838355,2020-07-28T00:00:00.000000Z
2020-07-28T00:00:00.000000Z,1.7841110229492188,1.858672022819519,1.6117689609527588,1.7840670347213745,9692632,2020-07-29T00:00:00.000000Z
2020-07-29T00:00:00.000000Z,1.785662055015564,2.0956220626831055,1.5931659936904907,1.6582889556884766,10348945,2020-07-30T00:00:00.000000Z
2020-07-30T00:00:00.000000Z,1.6582889556884766,1.7964489459991455,1.6357120275497437,1.6868070363998413,5222980,2020-07-31T00:00:00.000000Z
2020-07-31T00:00:00.000000Z,1.6868070363998413,1.6884880065917969,1.5104049444198608,1.5381779670715332,4822046,2020-08-01T00:00:00.000000Z
2020-08-01T00:00:00.000000Z,1.5327589511871338,1.6622289419174194,1.4988720417022705,1.5266100168228149,4589882,2020-08-02T00:00:00.000000Z
2020-08-02T00:00:00.000000Z,1.5299099683761597,1.7468229532241821,1.4119729995727539,1.7428100109100342,7216576,2020-08-03T00:00:00.000000Z
2020-08-03T00:00:00.000000Z,1.7322900295257568,1.8300340175628662,1.6687259674072266,1.8026109933853149,5836036,2020-08-04T00:00:00.000000Z
2020-08-04T00:00:00.000000Z,1.8000119924545288,1.9498749971389771,1.794983983039856,1.8716390132904053,5495665,2020-08-05T00:00:00.000000Z
2020-08-05T00:00:00.000000Z,1.8707360029220581,1.8881219625473022,1.709509015083313,1.7545499801635742,5405764,2020-08-06T00:00:00.000000Z
2020-08-06T00:00:00.000000Z,1.7545499801635742,2.2280030250549316,1.7467830181121826,2.2063479423522949,11143557,2020-08-07T00:00:00.000000Z
2020-08-07T00:00:00.000000Z,2.2031660079956055,2.2031660079956055,1.8855719566345215,2.0859029293060303,8068102,2020-08-08T00:00:00.000000Z
2020-08-08T00:00:00.000000Z,2.0838890075683594,2.5695900917053223,2.0265378952026367,2.4736249446868896,10919229,2020-08-09T00:00:00.000000Z
2020-08-09T00:00:00.000000Z,2.4715559482574463,2.7068231105804443,2.3025009632110596,2.6652278900146484,12107837,2020-08-10T00:00:00.000000Z
2020-08-10T00:00:00.000000Z,2.6652278900146484,3.3979289531707764,2.5258979797363281,3.1317930221557617,22863251,2020-08-11T00:00:00.000000Z
2020-08-11T00:00:00.000000Z,3.1310420036315918,3.4865350723266602,2.753633975982666,3.3034191131591797,36356155,2020-08-12T00:00:00.000000Z
2020-08-12T00:00:00.000000Z,3.3079578876495361,3.9161679744720459,3.1039791107177734,3.7697510719299316,28461707,2020-08-13T00:00:00.000000Z
2020-08-13T00:00:00.000000Z,3.7707030773162842,4.1558141708374023,3.5285201072692871,3.7559709548950195,28236179,2020-08-14T00:00:00.000000Z
2020-08-14T00:00:00.000000Z,3.7601680755615234,3.7899971008300781,3.3326539993286133,3.4093880653381348,18427950,2020-08-15T00:00:00.000000Z
2020-08-15T00:00:00.000000Z,3.4125549793243408,3.719944953918457,3.1654651165008545,3.1837949752807617,13155762,2020-08-16T00:00:00.000000Z
2020-08-16T00:00:00.000000Z,3.185405969619751,3.4706881046295166,3.1386880874633789,3.385653018951416,10395313,2020-08-17T00:00:00.000000Z
2020-08-17T00:00:00.000000Z,3.385653018951416,3.3859989643096924,3.0879850387573242,3.0986080169677734,10723919,2020-08-18T00:00:00.000000Z
2020-08-18T00:00:00.000000Z,3.1044690608978271,3.7099111080169678,2.894413948059082,3.3299760818481445,30350145,2020-08-19T00:00:00.000000Z
2020-08-19T00:00:00.000000Z,3.3286960124969482,3.4838631153106689,2.8381080627441406,2.8990409374237061,14838389,2020-08-20T00:00:00.000000Z
2020-08-20T00:00:00.000000Z,2.8990409374237061,3.4318430423736572,2.8962359428405762,3.2082669734954834,13756478,2020-08-21T00:00:00.000000Z
2020-08-21T00:00:00.000000Z,3.2097179889678955,3.223289966583252,2.9137709140777588,2.9436678886413574,11796736,2020-08-22T00:00:00.000000Z
2020-08-22T00:00:00.000000Z,2.9453079700469971,3.1948649883270264,2.7573270797729492,3.0208859443664551,10296805,2020-08-23T00:00:00.000000Z
2020-08-23T00:00:00.000000Z,3.0208630561828613,3.4034149646759033,3.0188379287719727,3.3224310874938965,11991402,2020-08-24T00:00:00.000000Z
2020-08-24T00:00:00.000000Z,3.3122220039367676,3.6075389385223389,3.224431037902832,3.3449859619140625,15785208,2020-08-25T00:00:00.000000Z
2020-08-25T00:00:00.000000Z,3.3496639728546143,3.3582470417022705,3.0277190208435059,3.2648499011993408,13444308,2020-08-26T00:00:00.000000Z
2020-08-26T00:00:00.000000Z,3.2660410404205322,3.7953240871429443,3.1943109035491943,3.5583748817443848,22147431,2020-08-27T00:00:00.000000Z
2020-08-27T00:00:00.000000Z,3.5578439235687256,3.8547060489654541,3.2922139167785645,3.4450600147247314,21031356,2020-08-28T00:00:00.000000Z
2020-08-28T00:00:00.000000Z,3.4524950981140137,4.3095932006835938,3.4472808837890625,4.0113930702209473,27212888,2020-08-29T00:00:00.000000Z
2020-08-29T00:00:00.000000Z,4.0142159461975098,4.1052408218383789,3.7871119976043701,3.9688088893890381,14585964,2020-08-30T00:00:00.000000Z
2020-08-30T00:00:00.000000Z,3.9700109958648682,4.7050051689147949,3.9191319942474365,4.4358229637145996,22220239,2020-08-31T00:00:00.000000Z
2020-08-31T00:00:00.000000Z,4.4216790199279785,4.8729410171508789,4.1096811294555664,4.782045841217041,20950150,2020-09-01T00:00:00.000000Z
2020-09-01T00:00:00.000000Z,4.7810502052307129,4.9447312355041504,4.3445158004760742,4.3445158004760742,16944927,2020-09-02T00:00:00.000000Z
2020-09-02T00:00:00.000000Z,4.3526930809020996,4.3559389114379883,3.7051639556884766,4.1644721031188965,23655802,2020-09-03T00:00:00.000000Z
2020-09-03T00:00:00.000000Z,4.1687722206115723,4.4408140182495117,3.5273399353027344,3.5273399353027344,26473634,2020-09-04T00:00:00.000000Z
2020-09-04T00:00:00.000000Z,3.5233900547027588,3.834104061126709,3.1988940238952637,3.5457940101623535,17729340,2020-09-05T00:00:00.000000Z
2020-09-05T00:00:00.000000Z,3.5509839057922363,3.6602439880371094,2.1916749477386475,2.5979158878326416,25062205,2020-09-06T00:00:00.000000Z
2020-09-06T00:00:00.000000Z,2.6003170013427734,3.1756370067596436,2.2881910800933838,3.0860428810119629,20375890,2020-09-07T00:00:00.000000Z
2020-09-07T00:00:00.000000Z,3.0860838890075684,3.1895599365234375,2.3914930820465088,2.9285280704498291,17135013,2020-09-08T00:00:00.000000Z
2020-09-08T00:00:00.000000Z,2.9276289939880371,2.9397358894348145,2.3986411094665527,2.4689769744873047,10163725,2020-09-09T00:00:00.000000Z
2020-09-09T00:00:00.000000Z,2.4711780548095703,3.7517158985137939,2.3898060321807861,3.6363780498504639,52354542,2020-09-10T00:00:00.000000Z
2020-09-10T00:00:00.000000Z,3.6363780498504639,3.851309061050415,3.3208088874816895,3.469836950302124,31177875,2020-09-11T00:00:00.000000Z
2020-09-11T00:00:00.000000Z,3.4673349857330322,3.5010130405426025,3.0401709079742432,3.4274280071258545,17090627,2020-09-12T00:00:00.000000Z
2020-09-12T00:00:00.000000Z,3.4191019535064697,3.4670519828796387,3.1507270336151123,3.3326599597930908,10368518,2020-09-13T00:00:00.000000Z
2020-09-13T00:00:00.000000Z,3.3363809585571289,3.4667820930480957,3.0054020881652832,3.2258388996124268,15316353,2020-09-14T00:00:00.000000Z
2020-09-14T00:00:00.000000Z,3.2315258979797363,3.5249340534210205,3.0941739082336426,3.2691330909729004,21301450,2020-09-15T00:00:00.000000Z
2020-09-15T00:00:00.000000Z,3.2691330909729004,3.3200669288635254,2.9184730052947998,2.9391210079193115,11992538,2020-09-16T00:00:00.000000Z
2020-09-16T00:00:00.000000Z,2.9393069744110107,2.9393069744110107,2.4538390636444092,2.5453989505767822,24199804,2020-09-17T00:00:00.000000Z
2020-09-17T00:00:00.000000Z,2.5453989505767822,2.9341020584106445,2.3700339794158936,2.8918740749359131,23792220,2020-09-18T00:00:00.000000Z
2020-09-18T00:00:00.000000Z,2.8918740749359131,3.1593170166015625,2.7416760921478271,3.1079399585723877,23510207,2020-09-19T00:00:00.000000Z
2020-09-19T00:00:00.000000Z,3.1117470264434814,3.2534201145172119,2.9717040061950684,3.0288910865783691,10763973,2020-09-20T00:00:00.000000Z
2020-09-20T00:00:00.000000Z,3.0310280323028564,3.0328769683837891,2.7201380729675293,2.8709030151367188,9217295,2020-09-21T00:00:00.000000Z
2020-09-21T00:00:00.000000Z,2.8709030151367188,3.0269401073455811,2.5004189014434814,2.7825090885162354,19492894,2020-09-22T00:00:00.000000Z
2020-09-22T00:00:00.000000Z,2.7736880779266357,2.9943699836730957,2.6686029434204102,2.9155189990997314,18556523,2020-09-23T00:00:00.000000Z
2020-09-23T00:00:00.000000Z,2.9303550720214844,3.0653378963470459,2.7463030815124512,2.8367569446563721,16096650,2020-09-24T00:00:00.000000Z
2020-09-24T00:00:00.000000Z,2.8381209373474121,3.2515630722045898,2.7956469058990479,3.1327149868011475,18993326,2020-09-25T00:00:00.000000Z
2020-09-25T00:00:00.000000Z,3.1455440521240234,3.2651650905609131,2.9117720127105713,3.1886119842529297,15935143,2020-09-26T00:00:00.000000Z
2020-09-26T00:00:00.000000Z,3.1880300045013428,3.2039060592651367,3.041266918182373,3.1347029209136963,11018475,2020-09-27T00:00:00.000000Z
2020-09-27T00:00:00.000000Z,3.1338379383087158,3.1734991073608398,3.0105509757995605,3.152946949005127,9734368,2020-09-28T00:00:00.000000Z
2020-09-28T00:00:00.000000Z,3.1527049541473389,3.2041909694671631,2.9359540939331055,2.9566779136657715,10950201,2020-09-29T00:00:00.000000Z
2020-09-29T00:00:00.000000Z,2.9583609104156494,3.0100948810577393,2.9017899036407471,2.9464330673217773,8821253,2020-09-30T00:00:00.000000Z
2020-09-30T00:00:00.000000Z,2.9490740299224854,2.9793479442596436,2.835669994354248,2.8978760242462158,7767702,2020-10-01T00:00:00.000000Z
2020-10-01T00:00:00.000000Z,2.8981618881225586,2.9858338832855225,2.657397985458374,2.8610279560089111,10825966,2020-10-02T00:00:00.000000Z
2020-10-02T00:00:00.000000Z,2.8641970157623291,2.8766350746154785,2.4577910900115967,2.6260828971862793,15856539,2020-10-03T00:00:00.000000Z
2020-10-03T00:00:00.000000Z,2.6273350715637207,2.6694951057434082,2.5473029613494873,2.5473029613494873,6155891,2020-10-04T00:00:00.000000Z
2020-10-04T00:00:00.000000Z,2.5430119037628174,2.588036060333252,2.4288890361785889,2.5159950256347656,7075729,2020-10-05T00:00:00.000000Z
2020-10-05T00:00:00.000000Z,2.5191349983215332,2.6626238822937012,2.4673199653625488,2.6576440334320068,8105684,2020-10-06T00:00:00.000000Z
2020-10-06T00:00:00.000000Z,2.6552000045776367,2.6552000045776367,2.1476919651031494,2.1762499809265137,9739071,2020-10-07T00:00:00.000000Z
2020-10-07T00:00:00.000000Z,2.1758089065551758,2.3919370174407959,2.0957601070404053,2.2917959690093994,11759752,2020-10-08T00:00:00.000000Z
2020-10-08T00:00:00.000000Z,2.2999820709228516,2.4306099414825439,2.0285260677337646,2.3652200698852539,14931922,2020-10-09T00:00:00.000000Z
2020-10-09T00:00:00.000000Z,2.3677420616149902,2.6252679824829102,2.3170900344848633,2.5398590564727783,12002959,2020-10-10T00:00:00.000000Z
2020-10-10T00:00:00.000000Z,2.5369329452514648,2.59409499168396,2.4031720161437988,2.4060900211334229,8842884,2020-10-11T00:00:00.000000Z
2020-10-11T00:00:00.000000Z,2.4073669910430908,2.4575660228729248,2.3449211120605469,2.4265780448913574,7170647,2020-10-12T00:00:00.000000Z
2020-10-12T00:00:00.000000Z,2.4261150360107422,2.698638916015625,2.4158620834350586,2.5870718955993652,12289969,2020-10-13T00:00:00.000000Z
2020-10-13T00:00:00.000000Z,2.5848910808563232,2.5848910808563232,2.3481709957122803,2.4049100875854492,11415737,2020-10-14T00:00:00.000000Z
2020-10-14T00:00:00.000000Z,2.408195972442627,2.4366140365600586,2.2462570667266846,2.3146350383758545,9436239,2020-10-15T00:00:00.000000Z
2020-10-15T00:00:00.000000Z,2.3148000240325928,2.3357961177825928,2.2034180164337158,2.2664361000061035,8332483,2020-10-16T00:00:00.000000Z
2020-10-16T00:00:00.000000Z,2.2651998996734619,2.2656710147857666,2.1279211044311523,2.149385929107666,13637728,2020-10-17T00:00:00.000000Z
2020-10-17T00:00:00.000000Z,2.1456360816955566,2.2383050918579102,2.1324090957641602,2.2018430233001709,6612612,2020-10-18T00:00:00.000000Z
2020-10-18T00:00:00.000000Z,2.2027499675750732,2.2488460540771484,2.1783270835876465,2.2142670154571533,6294162,2020-10-19T00:00:00.000000Z
2020-10-19T00:00:00.000000Z,2.2133719921112061,2.2135119438171387,2.053210973739624,2.0580799579620361,8248860,2020-10-20T00:00:00.000000Z
2020-10-20T00:00:00.000000Z,2.0581018924713135,2.0978610515594482,1.8541539907455444,1.8886719942092896,13129043,2020-10-21T00:00:00.000000Z
2020-10-21T00:00:00.000000Z,1.8886120319366455,2.0662059783935547,1.8612350225448608,1.8903779983520508,19275509,2020-10-22T00:00:00.000000Z
2020-10-22T00:00:00.000000Z,1.8903720378875732,2.0824339389801025,1.8898169994354248,1.9556529521942139,11445663,2020-10-23T00:00:00.000000Z
2020-10-23T00:00:00.000000Z,1.9570679664611816,1.9847710132598877,1.8533099889755249,1.960034966468811,11497445,2020-10-24T00:00:00.000000Z
2020-10-24T00:00:00.000000Z,1.960034966468811,1.961650013923645,1.8823440074920654,1.9118280410766602,7581827,2020-10-25T00:00:00.000000Z
2020-10-25T00:00:00.000000Z,1.9118280410766602,1.922942042350769,1.7686439752578735,1.7874590158462524,9092334,2020-10-26T00:00:00.000000Z
2020-10-26T00:00:00.000000Z,1.7874590158462524,1.8629900217056274,1.6293649673461914,1.6854660511016846,13396736,2020-10-27T00:00:00.000000Z
2020-10-27T00:00:00.000000Z,1.6854660511016846,1.7454030513763428,1.6052869558334351,1.7102320194244385,14384427,2020-10-28T00:00:00.000000Z
2020-10-28T00:00:00.000000Z,1.7102320194244385,1.719027042388916,1.3945720195770264,1.4900530576705933,17089719,2020-10-29T00:00:00.000000Z
2020-10-29T00:00:00.000000Z,1.4900530576705933,1.5668920278549194,1.4124259948730469,1.4289360046386719,8024138,2020-10-30T00:00:00.000000Z
2020-10-30T00:00:00.000000Z,1.4289360046386719,1.4673190116882324,1.3422130346298218,1.4413360357284546,8528336,2020-10-31T00:00:00.000000Z
2020-10-31T00:00:00.000000Z,1.4413360357284546,1.54932701587677,1.429893970489502,1.5406999588012695,6449388,2020-11-01T00:00:00.000000Z
2020-11-01T00:00:00.000000Z,1.5406999588012695,1.6379029750823975,1.5135430097579956,1.5998400449752808,6877557,2020-11-02T00:00:00.000000Z
2020-11-02T00:00:00.000000Z,1.5998400449752808,1.6301800012588501,1.4676949977874756,1.4740719795227051,6366346,2020-11-03T00:00:00.000000Z
2020-11-03T00:00:00.000000Z,1.4740719795227051,1.4805010557174683,1.4121860265731812,1.4122339487075806,6536977,2020-11-04T00:00:00.000000Z
2020-11-04T00:00:00.000000Z,1.4122339487075806,1.4128979444503784,1.2818679809570312,1.3922549486160278,11406316,2020-11-05T00:00:00.000000Z
2020-11-05T00:00:00.000000Z,1.3922549486160278,1.4861700534820557,1.3038250207901001,1.4052180051803589,8924132,2020-11-06T00:00:00.000000Z
2020-11-06T00:00:00.000000Z,1.4052180051803589,1.9407069683074951,1.4000109434127808,1.9137400388717651,22547497,2020-11-07T00:00:00.000000Z
2020-11-07T00:00:00.000000Z,1.9137400388717651,2.4813690185546875,1.8448309898376465,2.0319640636444092,51426100,2020-11-08T00:00:00.000000Z
2020-11-08T00:00:00.000000Z,2.0319640636444092,2.2647790908813477,1.9744019508361816,2.1565980911254883,25931043,2020-11-09T00:00:00.000000Z
2020-11-09T00:00:00.000000Z,2.1565980911254883,2.1893129348754883,1.9587529897689819,2.0286519527435303,18210626,2020-11-10T00:00:00.000000Z
2020-11-10T00:00:00.000000Z,2.0286519527435303,2.3079879283905029,2.0123209953308105,2.2479870319366455,16170833,2020-11-11T00:00:00.000000Z
2020-11-11T00:00:00.000000Z,2.2479870319366455,2.2841410636901855,1.9741649627685547,2.0021250247955322,13877949,2020-11-12T00:00:00.000000Z
2020-11-12T00:00:00.000000Z,2.0021250247955322,2.0502979755401611,1.8317279815673828,1.8991379737854004,11506048,2020-11-13T00:00:00.000000Z
2020-11-13T00:00:00.000000Z,1.8991379737854004,2.0611159801483154,1.8991379737854004,2.0207920074462891,11621744,2020-11-14T00:00:00.000000Z
2020-11-14T00:00:00.000000Z,2.0207920074462891,2.0334908962249756,1.8752789497375488,1.9170160293579102,8134593,2020-11-15T00:00:00.000000Z
2020-11-15T00:00:00.000000Z,1.9170160293579102,2.2090590000152588,1.9168479442596436,2.04323410987854,18621333,2020-11-16T00:00:00.000000Z
2020-11-16T00:00:00.000000Z,2.04323410987854,2.3602108955383301,1.9948530197143555,2.2553548812866211,22156135,2020-11-17T00:00:00.000000Z
2020-11-17T00:00:00.000000Z,2.2810800075531006,2.3181860446929932,2.1325900554656982,2.2021811008453369,17074175,2020-11-18T00:00:00.000000Z
2020-11-18T00:00:00.000000Z,2.2021811008453369,2.2059218883514404,2.012692928314209,2.1150290966033936,14629648,2020-11-19T00:00:00.000000Z
2020-11-19T00:00:00.000000Z,2.1150290966033936,2.1750218868255615,2.0181660652160645,2.0767691135406494,10155987,2020-11-20T00:00:00.000000Z
2020-11-20T00:00:00.000000Z,2.0767691135406494,2.2303910255432129,2.0569720268249512,2.0953919887542725,11113990,2020-11-21T00:00:00.000000Z
2020-11-21T00:00:00.000000Z,2.0953919887542725,2.4988279342651367,2.0485239028930664,2.3822050094604492,20288343,2020-11-22T00:00:00.000000Z
2020-11-22T00:00:00.000000Z,2.3822050094604492,2.4038209915161133,2.0539379119873047,2.1448450088500977,16416065,2020-11-23T00:00:00.000000Z
2020-11-23T00:00:00.000000Z,2.1448450088500977,2.3515989780426025,2.1203150749206543,2.2763769626617432,15487339,2020-11-24T00:00:00.000000Z
2020-11-24T00:00:00.000000Z,2.2772409915924072,2.4663839340209961,2.1437950134277344,2.2679669857025146,25036626,2020-11-25T00:00:00.000000Z
2020-11-25T00:00:00.000000Z,2.2694849967956543,2.4775869846343994,2.182776927947998,2.2700340747833252,24870951,2020-11-26T00:00:00.000000Z
2020-11-26T00:00:00.000000Z,2.2665340900421143,2.2917020320892334,1.7414929866790771,1.9030369520187378,33038223,2020-11-27T00:00:00.000000Z
2020-11-27T00:00:00.000000Z,1.9033349752426147,1.9706530570983887,1.7803629636764526,1.8579490184783936,13307808,2020-11-28T00:00:00.000000Z
2020-11-28T00:00:00.000000Z,1.8598250150680542,1.9397150278091431,1.8107099533081055,1.8889349699020386,11661883,2020-11-29T00:00:00.000000Z
2020-11-29T00:00:00.000000Z,1.8879129886627197,1.9438849687576294,1.8572269678115845,1.9151550531387329,6139511,2020-11-30T00:00:00.000000Z
2020-11-30T00:00:00.000000Z,1.9151420593261719,2.0135910511016846,1.9119299650192261,1.9668910503387451,8716571,2020-12-01T00:00:00.000000Z
2020-12-01T00:00:00.000000Z,1.9683209657669067,2.1303410530090332,1.932263970375061,1.9763079881668091,12847022,2020-12-02T00:00:00.000000Z
2020-12-02T00:00:00.000000Z,1.9772659540176392,2.1874370574951172,1.9566999673843384,2.115401029586792,15849828,2020-12-03T00:00:00.000000Z
2020-12-03T00:00:00.000000Z,2.1171169281005859,2.2213099002838135,2.0850300788879395,2.1003708839416504,18106122,2020-12-04T00:00:00.000000Z
2020-12-04T00:00:00.000000Z,2.0986020565032959,2.1120710372924805,1.8473449945449829,1.8559529781341553,9019864,2020-12-05T00:00:00.000000Z
2020-12-05T00:00:00.000000Z,1.8559679985046387,1.9807219505310059,1.8254940509796143,1.9787739515304565,7750781,2020-12-06T00:00:00.000000Z
2020-12-06T00:00:00.000000Z,1.9786579608917236,1.9838980436325073,1.8158539533615112,1.8542490005493164,7167230,2020-12-07T00:00:00.000000Z
2020-12-07T00:00:00.000000Z,1.8534510135650635,1.8956880569458008,1.8094849586486816,1.8311729431152344,6425070,2020-12-08T00:00:00.000000Z
2020-12-08T00:00:00.000000Z,1.8312220573425293,1.8315809965133667,1.6451059579849243,1.6653519868850708,11304051,2020-12-09T00:00:00.000000Z
2020-12-09T00:00:00.000000Z,1.6646219491958618,1.6742769479751587,1.5036760568618774,1.6623040437698364,10461119,2020-12-10T00:00:00.000000Z
2020-12-10T00:00:00.000000Z,1.6624139547348022,1.6651350259780884,1.545240044593811,1.5741510391235352,6167983,2020-12-11T00:00:00.000000Z
2020-12-11T00:00:00.000000Z,1.5723659992218018,1.5767090320587158,1.4406019449234009,1.4445849657058716,8273918,2020-12-12T00:00:00.000000Z
2020-12-12T00:00:00.000000Z,1.4415899515151978,1.5374289751052856,1.4407060146331787,1.4909119606018066,7085231,2020-12-13T00:00:00.000000Z
2020-12-13T00:00:00.000000Z,1.4907150268554688,1.6429159641265869,1.4581179618835449,1.5654560327529907,8389349,2020-12-14T00:00:00.000000Z
2020-12-14T00:00:00.000000Z,1.5679680109024048,1.6228690147399902,1.5236979722976685,1.5916459560394287,8672052,2020-12-15T00:00:00.000000Z
2020-12-15T00:00:00.000000Z,1.5910300016403198,1.7994129657745361,1.5892629623413086,1.7606710195541382,19470080,2020-12-16T00:00:00.000000Z
2020-12-16T00:00:00.000000Z,1.76009202003479,1.7875839471817017,1.6100180149078369,1.7835979461669922,18277631,2020-12-17T00:00:00.000000Z
2020-12-17T00:00:00.000000Z,1.783892035484314,1.8031200170516968,1.6552170515060425,1.6786340475082397,15461477,2020-12-18T00:00:00.000000Z
2020-12-18T00:00:00.000000Z,1.6790239810943604,1.706326961517334,1.6369869709014893,1.6987999677658081,7879397,2020-12-19T00:00:00.000000Z
2020-12-19T00:00:00.000000Z,1.6992670297622681,1.7642539739608765,1.6642630100250244,1.6686509847640991,9095045,2020-12-20T00:00:00.000000Z
2020-12-20T00:00:00.000000Z,1.6707140207290649,1.6844300031661987,1.5277140140533447,1.5635759830474854,9093229,2020-12-21T00:00:00.000000Z
2020-12-21T00:00:00.000000Z,1.5637749433517456,1.61832594871521,1.4951510429382324,1.5419150590896606,8333991,2020-12-22T00:00:00.000000Z
2020-12-22T00:00:00.000000Z,1.5396089553833008,1.5740799903869629,1.4744850397109985,1.4902859926223755,11066565,2020-12-23T00:00:00.000000Z
2020-12-23T00:00:00.000000Z,1.4902199506759644,1.5105849504470825,1.0901609659194946,1.2056920528411865,16776307,2020-12-24T00:00:00.000000Z
2020-12-24T00:00:00.000000Z,1.207705020904541,1.3836679458618164,1.1730070114135742,1.3624080419540405,9236939,2020-12-25T00:00:00.000000Z
2020-12-25T00:00:00.000000Z,1.3614959716796875,1.4529240131378174,1.3472360372543335,1.445402979850769,9359549,2020-12-26T00:00:00.000000Z
2020-12-26T00:00:00.000000Z,1.4460140466690063,1.4475170373916626,1.3134239912033081,1.3242379426956177,6798656,2020-12-27T00:00:00.000000Z
2020-12-27T00:00:00.000000Z,1.3250739574432373,1.4087450504302979,1.2682499885559082,1.3030420541763306,12286531,2020-12-28T00:00:00.000000Z
2020-12-28T00:00:00.000000Z,1.3039929866790771,1.5170379877090454,1.2943489551544189,1.515684962272644,12668150,2020-12-29T00:00:00.000000Z
2020-12-29T00:00:00.000000Z,1.5154620409011841,1.7275819778442383,1.4397200345993042,1.6743450164794922,26355259,2020-12-30T00:00:00.000000Z
2020-12-30T00:00:00.000000Z,1.6696939468383789,1.6807910203933716,1.5298329591751099,1.5354570150375366,12663616,2020-12-31T00:00:00.000000Z
2020-12-31T00:00:00.000000Z,1.5356060266494751,1.5506099462509155,1.4302630424499512,1.5108979940414429,12763260,2021-01-01T00:00:00.000000Z
2021-01-01T00:00:00.000000Z,1.5097750425338745,1.8596559762954712,1.5020380020141602,1.8420840501785278,25722549,2021-01-02T00:00:00.000000Z
2021-01-02T00:00:00.000000Z,1.8455859422683716,1.9892950057983398,1.7214820384979248,1.7992750406265259,31671064,2021-01-03T00:00:00.000000Z
2021-01-03T00:00:00.000000Z,1.7999019622802734,2.364980936050415,1.7999019622802734,2.1617519855499268,55073422,2021-01-04T00:00:00.000000Z
2021-01-04T00:00:00.000000Z,2.1624119281768799,2.4850969314575195,1.8763420581817627,2.4850969314575195,59955405,2021-01-05T00:00:00.000000Z
2021-01-05T00:00:00.000000Z,2.4909820556640625,2.5026159286499023,2.0777420997619629,2.1572170257568359,50555207,2021-01-06T00:00:00.000000Z
2021-01-06T00:00:00.000000Z,2.1596260070800781,2.1858921051025391,1.9075850248336792,1.9292169809341431,50263975,2021-01-07T00:00:00.000000Z
2021-01-07T00:00:00.000000Z,1.9365860223770142,2.6118309497833252,1.9330430030822754,2.3727450370788574,159870278,2021-01-08T00:00:00.000000Z
2021-01-08T00:00:00.000000Z,2.3687400817871094,3.7793200016021729,2.1809289455413818,3.2198870182037354,206412154,2021-01-09T00:00:00.000000Z
2021-01-09T00:00:00.000000Z,3.2235410213470459,3.662787914276123,2.9383070468902588,3.3853819370269775,91906875,2021-01-10T00:00:00.000000Z
2021-01-10T00:00:00.000000Z,3.3900260925292969,3.733551025390625,3.1962349414825439,3.4661109447479248,62766977,2021-01-11T00:00:00.000000Z
2021-01-11T00:00:00.000000Z,3.4610650539398193,3.51357102394104,2.5971240997314453,3.1080899238586426,82877500,2021-01-12T00:00:00.000000Z
2021-01-12T00:00:00.000000Z,3.1036880016326904,3.8444159030914307,3.0800349712371826,3.6133980751037598,73484689,2021-01-13T00:00:00.000000Z
2021-01-13T00:00:00.000000Z,3.6283829212188721,3.6288249492645264,3.2749209403991699,3.5137820243835449,57994893,2021-01-14T00:00:00.000000Z
2021-01-14T00:00:00.000000Z,3.5160360336303711,3.5428659915924072,3.181973934173584,3.2781639099121094,59283112,2021-01-15T00:00:00.000000Z
2021-01-15T00:00:00.000000Z,3.2803990840911865,3.4359219074249268,2.9851911067962646,3.2501609325408936,45331739,2021-01-16T00:00:00.000000Z
2021-01-16T00:00:00.000000Z,3.2489340305328369,3.7032320499420166,3.2489340305328369,3.4470551013946533,68035606,2021-01-17T00:00:00.000000Z
2021-01-17T00:00:00.000000Z,3.4348700046539307,3.9653720855712891,3.3197460174560547,3.8181390762329102,85407766,2021-01-18T00:00:00.000000Z
2021-01-18T00:00:00.000000Z,3.8221309185028076,4.1479201316833496,3.6557610034942627,3.7955150604248047,70601713,2021-01-19T00:00:00.000000Z
2021-01-19T00:00:00.000000Z,3.7920429706573486,4.0314488410949707,3.6090230941772461,3.6418659687042236,44547768,2021-01-20T00:00:00.000000Z
2021-01-20T00:00:00.000000Z,3.6355750560760498,3.7370030879974365,3.3440840244293213,3.7235779762268066,46698656,2021-01-21T00:00:00.000000Z
2021-01-21T00:00:00.000000Z,3.7216699123382568,3.7343258857727051,2.9826960563659668,2.9905359745025635,43834765,2021-01-22T00:00:00.000000Z
2021-01-22T00:00:00.000000Z,2.989919900894165,3.4971458911895752,2.5409860610961914,3.346229076385498,63361382,2021-01-23T00:00:00.000000Z
2021-01-23T00:00:00.000000Z,3.3410348892211914,3.5973019599914551,3.3157620429992676,3.5041120052337646,27904470,2021-01-24T00:00:00.000000Z
2021-01-24T00:00:00.000000Z,3.5071101188659668,3.7930490970611572,3.4894940853118896,3.634411096572876,32747555,2021-01-25T00:00:00.000000Z
2021-01-25T00:00:00.000000Z,3.6346449851989746,3.9743568897247314,3.4513099193572998,3.6999809741973877,80055958,2021-01-26T00:00:00.000000Z
2021-01-26T00:00:00.000000Z,3.6989591121673584,4.0969161987304688,3.6826319694519043,4.0473499298095703,78823456,2021-01-27T00:00:00.000000Z
2021-01-27T00:00:00.000000Z,4.0486302375793457,4.0486302375793457,3.5316019058227539,3.690587043762207,35195110,2021-01-28T00:00:00.000000Z
2021-01-28T00:00:00.000000Z,3.6863698959350586,3.9434909820556641,3.6098809242248535,3.8220720291137695,31410527,2021-01-29T00:00:00.000000Z
2021-01-29T00:00:00.000000Z,3.8615810871124268,3.8926019668579102,3.6393859386444092,3.8346760272979736,44053151,2021-01-30T00:00:00.000000Z
2021-01-30T00:00:00.000000Z,3.8376820087432861,4.3119759559631348,3.774104118347168,4.224276065826416,53378198,2021-01-31T00:00:00.000000Z
2021-01-31T00:00:00.000000Z,4.2373142242431641,4.7870101928710938,4.1704978942871094,4.2641439437866211,78376267,2021-02-01T00:00:00.000000Z
2021-02-01T00:00:00.000000Z,4.2612509727478027,4.6116018295288086,4.1182551383972168,4.6116018295288086,39361629,2021-02-02T00:00:00.000000Z
2021-02-02T00:00:00.000000Z,4.6137409210205078,5.4036421775817871,4.4801192283630371,5.2675080299377441,98755962,2021-02-03T00:00:00.000000Z
2021-02-03T00:00:00.000000Z,5.2465920448303223,5.7807807922363281,5.0727381706237793,5.7159900665283203,49386327,2021-02-04T00:00:00.000000Z
2021-02-04T00:00:00.000000Z,5.731748104095459,6.5310111045837402,5.603236198425293,6.4260649681091309,108249482,2021-02-05T00:00:00.000000Z
2021-02-05T00:00:00.000000Z,6.4353699684143066,7.1271171569824219,6.4264469146728516,6.6817197799682617,92892157,2021-02-06T00:00:00.000000Z
2021-02-06T00:00:00.000000Z,6.6873011589050293,6.799130916595459,5.7138280868530273,6.110806941986084,102365494,2021-02-07T00:00:00.000000Z
2021-02-07T00:00:00.000000Z,6.1176447868347168,6.871513843536377,5.7685918807983398,6.700462818145752,105451103,2021-02-08T00:00:00.000000Z
2021-02-08T00:00:00.000000Z,6.7024469375610352,8.0559329986572266,6.4889278411865234,7.8832502365112305,155254261,2021-02-09T00:00:00.000000Z
2021-02-09T00:00:00.000000Z,7.8697948455810547,8.4677839279174805,7.5702152252197266,7.8167929649353027,121037873,2021-02-10T00:00:00.000000Z
2021-02-10T00:00:00.000000Z,7.8185520172119141,9.0726041793823242,7.6138467788696289,9.0722141265869141,120679902,2021-02-11T00:00:00.000000Z
2021-02-11T00:00:00.000000Z,9.0803565979003906,9.7070035934448242,8.7613162994384766,9.2153520584106445,53600048,2021-02-12T00:00:00.000000Z
2021-02-12T00:00:00.000000Z,9.2147903442382812,9.9244518280029297,9.0790119171142578,9.2470121383666992,91484664,2021-02-13T00:00:00.000000Z
2021-02-13T00:00:00.000000Z,9.2360334396362305,9.4990386962890625,8.683009147644043,8.7324552536010742,91417968,2021-02-14T00:00:00.000000Z
2021-02-14T00:00:00.000000Z,8.7429885864257812,9.2202997207641602,8.5597152709960938,8.738896369934082,93500423,2021-02-15T00:00:00.000000Z
2021-02-15T00:00:00.000000Z,8.7242660522460938,9.310638427734375,7.8404707908630371,8.8617391586303711,109854635,2021-02-16T00:00:00.000000Z
2021-02-16T00:00:00.000000Z,8.860748291015625,8.9803676605224609,7.9835572242736816,8.2978668212890625,71625205,2021-02-17T00:00:00.000000Z
2021-02-17T00:00:00.000000Z,8.2986888885498047,8.4332981109619141,7.5443987846374512,8.2225770950317383,89948578,2021-02-18T00:00:00.000000Z
2021-02-18T00:00:00.000000Z,8.2328710556030273,9.2791748046875,8.2328710556030273,8.9804515838623047,77306770,2021-02-19T00:00:00.000000Z
2021-02-19T00:00:00.000000Z,8.9799699783325195,11.680577278137207,8.556981086730957,11.465653419494629,261175711,2021-02-20T00:00:00.000000Z
2021-02-20T00:00:00.000000Z,11.478087425231934,11.786737442016602,9.8158540725708008,10.002663612365723,140264810,2021-02-21T00:00:00.000000Z
2021-02-21T00:00:00.000000Z,9.9875497817993164,11.640289306640625,9.8870468139648438,11.085513114929199,137742366,2021-02-22T00:00:00.000000Z
2021-02-22T00:00:00.000000Z,11.073036193847656,14.54564094543457,9.2559041976928711,14.454785346984863,574136241,2021-02-23T00:00:00.000000Z
2021-02-23T00:00:00.000000Z,14.421626091003418,15.74337100982666,11.599893569946289,15.2015380859375,485252846,2021-02-24T00:00:00.000000Z
2021-02-24T00:00:00.000000Z,15.213842391967773,18.146621704101562,14.861799240112305,17.302707672119141,375439707,2021-02-25T00:00:00.000000Z
2021-02-25T00:00:00.000000Z,17.230182647705078,17.695444107055664,13.795912742614746,13.816014289855957,364505276,2021-02-26T00:00:00.000000Z
2021-02-26T00:00:00.000000Z,13.865891456604004,15.483704566955566,13.12014102935791,13.58794116973877,289687328,2021-02-27T00:00:00.000000Z
2021-02-27T00:00:00.000000Z,13.601573944091797,14.612065315246582,13.057272911071777,13.201168060302734,247640940,2021-02-28T00:00:00.000000Z
2021-02-28T00:00:00.000000Z,13.207766532897949,13.77901554107666,11.489982604980469,13.08924674987793,300493226,2021-03-01T00:00:00.000000Z
2021-03-01T00:00:00.000000Z,13.108434677124023,15.516057014465332,13.057385444641113,14.955588340759277,306451693,2021-03-02T00:00:00.000000Z
2021-03-02T00:00:00.000000Z,14.96684455871582,15.224124908447266,13.460748672485352,13.958921432495117,178549852,2021-03-03T00:00:00.000000Z
2021-03-03T00:00:00.000000Z,13.963540077209473,14.729358673095703,13.767048835754395,14.115591049194336,153830742,2021-03-04T00:00:00.000000Z
2021-03-04T00:00:00.000000Z,14.094866752624512,14.260360717773438,12.771269798278809,13.097983360290527,116364466,2021-03-05T00:00:00.000000Z
2021-03-05T00:00:00.000000Z,13.066306114196777,13.079861640930176,12.184608459472656,12.610443115234375,90978408,2021-03-06T00:00:00.000000Z
2021-03-06T00:00:00.000000Z,12.569936752319336,13.270481109619141,11.901227951049805,13.036458015441895,118851546,2021-03-07T00:00:00.000000Z
2021-03-07T00:00:00.000000Z,13.043927192687988,13.996903419494629,12.726385116577148,13.877732276916504,117548176,2021-03-08T00:00:00.000000Z
2021-03-08T00:00:00.000000Z,13.826814651489258,13.87082576751709,13.08228874206543,13.602188110351562,115525659,2021-03-09T00:00:00.000000Z
2021-03-09T00:00:00.000000Z,13.615290641784668,14.986444473266602,13.320186614990234,14.846310615539551,134867044,2021-03-10T00:00:00.000000Z
2021-03-10T00:00:00.000000Z,14.850929260253906,15.18793773651123,14.07906436920166,14.231083869934082,103150901,2021-03-11T00:00:00.000000Z
2021-03-11T00:00:00.000000Z,14.219837188720703,16.239398956298828,13.704225540161133,15.992279052734375,229272516,2021-03-12T00:00:00.000000Z
2021-03-12T00:00:00.000000Z,16.020919799804688,16.485795974731445,14.111228942871094,14.552142143249512,185287457,2021-03-13T00:00:00.000000Z
2021-03-13T00:00:00.000000Z,14.563802719116211,15.394397735595703,13.920056343078613,15.308802604675293,145102757,2021-03-14T00:00:00.000000Z
2021-03-14T00:00:00.000000Z,15.301581382751465,15.349831581115723,14.378764152526855,14.508266448974609,90232804,2021-03-15T00:00:00.000000Z
2021-03-15T00:00:00.000000Z,14.477127075195312,14.790472984313965,13.698057174682617,14.186661720275879,102600692,2021-03-16T00:00:00.000000Z
2021-03-16T00:00:00.000000Z,14.163911819458008,14.282896041870117,13.229814529418945,13.622773170471191,112303590,2021-03-17T00:00:00.000000Z
2021-03-17T00:00:00.000000Z,13.634963989257812,14.266797065734863,13.130529403686523,14.220203399658203,94696339,2021-03-18T00:00:00.000000Z
2021-03-18T00:00:00.000000Z,14.210677146911621,14.745476722717285,13.82728385925293,14.230025291442871,79074263,2021-03-19T00:00:00.000000Z
2021-03-19T00:00:00.000000Z,14.232649803161621,14.488219261169434,13.93245792388916,14.204795837402344,68715211,2021-03-20T00:00:00.000000Z
2021-03-20T00:00:00.000000Z,14.195825576782227,14.978218078613281,14.152045249938965,14.211980819702148,68049683,2021-03-21T00:00:00.000000Z
2021-03-21T00:00:00.000000Z,14.218328475952148,14.36572265625,13.668253898620605,14.332205772399902,64229338,2021-03-22T00:00:00.000000Z
2021-03-22T00:00:00.000000Z,14.350277900695801,16.599872589111328,14.202885627746582,14.919293403625488,260995136,2021-03-23T00:00:00.000000Z
2021-03-23T00:00:00.000000Z,14.84861946105957,15.243708610534668,14.097057342529297,14.204831123352051,106780662,2021-03-24T00:00:00.000000Z
2021-03-24T00:00:00.000000Z,14.190396308898926,15.371431350708008,13.661297798156738,13.661297798156738,118813690,2021-03-25T00:00:00.000000Z
2021-03-25T00:00:00.000000Z,13.650586128234863,13.705249786376953,12.614725112915039,13.02508544921875,116277943,2021-03-26T00:00:00.000000Z
2021-03-26T00:00:00.000000Z,13.019528388977051,14.804293632507324,12.370457649230957,14.779420852661133,149987319,2021-03-27T00:00:00.000000Z
2021-03-27T00:00:00.000000Z,14.786246299743652,16.804164886474609,14.75804615020752,16.508321762084961,223872587,2021-03-28T00:00:00.000000Z
2021-03-28T00:00:00.000000Z,16.479423522949219,19.386005401611328,16.345008850097656,18.016233444213867,426120062,2021-03-29T00:00:00.000000Z
2021-03-29T00:00:00.000000Z,18.083303451538086,18.987842559814453,17.700363159179688,18.854808807373047,216748601,2021-03-30T00:00:00.000000Z
2021-03-30T00:00:00.000000Z,18.891403198242188,20.869474411010742,18.891403198242188,19.233924865722656,264028427,2021-03-31T00:00:00.000000Z
2021-03-31T00:00:00.000000Z,19.1016845703125,19.795801162719727,18.156255722045898,19.465229034423828,206011018,2021-04-01T00:00:00.000000Z
2021-04-01T00:00:00.000000Z,19.415681838989258,20.361539840698242,18.844245910644531,19.084901809692383,173731886,2021-04-02T00:00:00.000000Z
2021-04-02T00:00:00.000000Z,19.084630966186523,19.824573516845703,18.568418502807617,19.810222625732422,131061660,2021-04-03T00:00:00.000000Z
2021-04-03T00:00:00.000000Z,19.796451568603516,23.827188491821289,19.789449691772461,22.552276611328125,483057740,2021-04-04T00:00:00.000000Z
2021-04-04T00:00:00.000000Z,22.527370452880859,25.56953239440918,22.212968826293945,24.061323165893555,426557980,2021-04-05T00:00:00.000000Z
2021-04-05T00:00:00.000000Z,23.928838729858398,24.777637481689453,22.806451797485352,22.984283447265625,264085329,2021-04-06T00:00:00.000000Z
2021-04-06T00:00:00.000000Z,22.977840423583984,25.346525192260742,21.876613616943359,24.957145690917969,320886935,2021-04-07T00:00:00.000000Z
2021-04-07T00:00:00.000000Z,25.145559310913086,27.487615585327148,23.089359283447266,26.478080749511719,676846221,2021-04-08T00:00:00.000000Z
2021-04-08T00:00:00.000000Z,26.514593124389648,27.970010757446289,25.724935531616211,27.033987045288086,377988327,2021-04-09T00:00:00.000000Z
2021-04-09T00:00:00.000000Z,26.985803604125977,29.014734268188477,26.903825759887695,27.778274536132812,282477938,2021-04-10T00:00:00.000000Z
2021-04-10T00:00:00.000000Z,27.649711608886719,28.257970809936523,25.963226318359375,26.841403961181641,270235258,2021-04-11T00:00:00.000000Z
2021-04-11T00:00:00.000000Z,26.808050155639648,28.687227249145508,25.578319549560547,27.931890487670898,232938762,2021-04-12T00:00:00.000000Z
2021-04-12T00:00:00.000000Z,27.918367385864258,29.862302780151367,26.842742919921875,28.512123107910156,308804546,2021-04-13T00:00:00.000000Z
2021-04-13T00:00:00.000000Z,28.541011810302734,28.797941207885742,26.4176025390625,27.435552597045898,258183912,2021-04-14T00:00:00.000000Z
2021-04-14T00:00:00.000000Z,27.400005340576172,27.482692718505859,24.792020797729492,26.47511100769043,342565805,2021-04-15T00:00:00.000000Z
2021-04-15T00:00:00.000000Z,26.436843872070312,28.249399185180664,25.53941535949707,27.818313598632812,221346739,2021-04-16T00:00:00.000000Z
2021-04-16T00:00:00.000000Z,27.820323944091797,28.226879119873047,24.972917556762695,25.397365570068359,240665351,2021-04-17T00:00:00.000000Z
2021-04-17T00:00:00.000000Z,25.369205474853516,26.819766998291016,25.099874496459961,25.099874496459961,201720376,2021-04-18T00:00:00.000000Z
2021-04-18T00:00:00.000000Z,25.135501861572266,32.902568817138672,21.539209365844727,32.30291748046875,1155150688,2021-04-19T00:00:00.000000Z
2021-04-19T00:00:00.000000Z,32.339523315429688,36.080257415771484,29.925907135009766,31.675895690917969,1219130981,2021-04-20T00:00:00.000000Z
2021-04-20T00:00:00.000000Z,31.476289749145508,32.697219848632812,28.932571411132812,31.770053863525391,793008154,2021-04-21T00:00:00.000000Z
2021-04-21T00:00:00.000000Z,31.681537628173828,35.004302978515625,30.167491912841797,32.513042449951172,729130141,2021-04-22T00:00:00.000000Z
2021-04-22T00:00:00.000000Z,32.683429718017578,40.97186279296875,31.600690841674805,38.8797607421875,1638622971,2021-04-23T00:00:00.000000Z
2021-04-23T00:00:00.000000Z,38.899181365966797,41.463260650634766,31.664270401000977,36.978420257568359,1612232268,2021-04-24T00:00:00.000000Z
2021-04-24T00:00:00.000000Z,37.257495880126953,43.532222747802734,34.683292388916016,40.737316131591797,1101380795,2021-04-25T00:00:00.000000Z
2021-04-25T00:00:00.000000Z,40.845470428466797,48.43426513671875,40.512016296386719,47.367626190185547,1583800800,2021-04-26T00:00:00.000000Z
2021-04-26T00:00:00.000000Z,47.541854858398438,48.310783386230469,43.371726989746094,43.976516723632812,1357487872,2021-04-27T00:00:00.000000Z
2021-04-27T00:00:00.000000Z,43.893569946289062,46.548610687255859,42.557327270507812,43.239002227783203,904891996,2021-04-28T00:00:00.000000Z
2021-04-28T00:00:00.000000Z,43.161441802978516,46.91656494140625,40.672073364257812,44.825984954833984,1021154320,2021-04-29T00:00:00.000000Z
2021-04-29T00:00:00.000000Z,44.849948883056641,46.071491241455078,40.950984954833984,42.460540771484375,772259307,2021-04-30T00:00:00.000000Z
2021-04-30T00:00:00.000000Z,42.500045776367188,44.270153045654297,41.243503570556641,42.956001281738281,534976437,2021-05-01T00:00:00.000000Z
2021-05-01T00:00:00.000000Z,42.893337249755859,49.844577789306641,42.030864715576172,49.508022308349609,859524423,2021-05-02T00:00:00.000000Z
2021-05-02T00:00:00.000000Z,49.500804901123047,49.896671295166016,45.981822967529297,46.890987396240234,571072187,2021-05-03T00:00:00.000000Z
2021-05-03T00:00:00.000000Z,46.903976440429688,49.009452819824219,45.044475555419922,45.933689117431641,609194252,2021-05-04T00:00:00.000000Z
2021-05-04T00:00:00.000000Z,45.983360290527344,47.757156372070312,42.313102722167969,42.729557037353516,682976428,2021-05-05T00:00:00.000000Z
2021-05-05T00:00:00.000000Z,42.637237548828125,45.927791595458984,42.31573486328125,44.923576354980469,503781975,2021-05-06T00:00:00.000000Z
2021-05-06T00:00:00.000000Z,44.974052429199219,44.974052429199219,42.591583251953125,43.455677032470703,391497018,2021-05-07T00:00:00.000000Z
2021-05-07T00:00:00.000000Z,43.502655029296875,46.059562683105469,41.438373565673828,43.155017852783203,514344601,2021-05-08T00:00:00.000000Z
2021-05-08T00:00:00.000000Z,43.152065277099609,46.639026641845703,42.298019409179688,45.561531066894531,451056655,2021-05-09T00:00:00.000000Z
2021-05-09T00:00:00.000000Z,45.617630004882812,47.1212158203125,43.296943664550781,44.330196380615234,510603312,2021-05-10T00:00:00.000000Z
2021-05-10T00:00:00.000000Z,44.342094421386719,45.87750244140625,39.558849334716797,42.909633636474609,499528076,2021-05-11T00:00:00.000000Z
2021-05-11T00:00:00.000000Z,42.872272491455078,45.151203155517578,39.762969970703125,44.577468872070312,473731333,2021-05-12T00:00:00.000000Z
2021-05-12T00:00:00.000000Z,44.591526031494141,48.979034423828125,42.457309722900391,42.457309722900391,1151668076,2021-05-13T00:00:00.000000Z
2021-05-13T00:00:00.000000Z,43.235084533691406,45.417098999023438,37.526893615722656,40.997852325439453,1016860656,2021-05-14T00:00:00.000000Z
2021-05-14T00:00:00.000000Z,41.034519195556641,44.791435241699219,39.986053466796875,42.717864990234375,504167711,2021-05-15T00:00:00.000000Z
2021-05-15T00:00:00.000000Z,42.699947357177734,45.391788482666016,39.374607086181641,43.461307525634766,500445722,2021-05-16T00:00:00.000000Z
2021-05-16T00:00:00.000000Z,43.401691436767578,52.501350402832031,41.915496826171875,47.200828552246094,1990976771,2021-05-17T00:00:00.000000Z
2021-05-17T00:00:00.000000Z,46.898021697998047,51.876029968261719,43.30291748046875,46.863204956054688,1951921366,2021-05-18T00:00:00.000000Z
2021-05-18T00:00:00.000000Z,46.660419464111328,58.302925109863281,46.187557220458984,55.910961151123047,2025388219,2021-05-19T00:00:00.000000Z
2021-05-19T00:00:00.000000Z,56.089256286621094,57.525772094726562,29.429859161376953,35.107181549072266,2772224999,2021-05-20T00:00:00.000000Z
2021-05-20T00:00:00.000000Z,35.043045043945312,51.258449554443359,32.318141937255859,44.742748260498047,2487748626,2021-05-21T00:00:00.000000Z
2021-05-21T00:00:00.000000Z,44.447254180908203,47.645591735839844,33.837394714355469,38.812850952148438,1769762028,2021-05-22T00:00:00.000000Z
2021-05-22T00:00:00.000000Z,38.988380432128906,40.009578704833984,31.254861831665039,31.315582275390625,1078751751,2021-05-23T00:00:00.000000Z
2021-05-23T00:00:00.000000Z,31.225767135620117,32.436267852783203,19.139839172363281,24.688747406005859,1925832341,2021-05-24T00:00:00.000000Z
2021-05-24T00:00:00.000000Z,24.498319625854492,32.094451904296875,24.498319625854492,31.283571243286133,1346786023,2021-05-25T00:00:00.000000Z
2021-05-25T00:00:00.000000Z,31.396347045898438,33.130126953125,26.100074768066406,29.997077941894531,909470305,2021-05-26T00:00:00.000000Z
2021-05-26T00:00:00.000000Z,30.047990798950195,37.237636566162109,29.008554458618164,35.539817810058594,1069991365,2021-05-27T00:00:00.000000Z
2021-05-27T00:00:00.000000Z,35.482448577880859,35.527050018310547,31.127128601074219,33.584590911865234,649389058,2021-05-28T00:00:00.000000Z
2021-05-28T00:00:00.000000Z,33.675525665283203,34.502506256103516,28.067144393920898,29.039276123046875,600255582,2021-05-29T00:00:00.000000Z
2021-05-29T00:00:00.000000Z,29.003129959106445,30.0223388671875,25.750940322875977,27.376420974731445,376859866,2021-05-30T00:00:00.000000Z
2021-05-30T00:00:00.000000Z,27.408315658569336,29.74925422668457,25.650293350219727,28.602659225463867,359661704,2021-05-31T00:00:00.000000Z
2021-05-31T00:00:00.000000Z,28.604240417480469,32.983589172363281,27.524745941162109,32.816246032714844,534826504,2021-06-01T00:00:00.000000Z
2021-06-01T00:00:00.000000Z,32.770885467529297,33.2899169921875,29.880172729492188,30.985260009765625,432053117,2021-06-02T00:00:00.000000Z
2021-06-02T00:00:00.000000Z,30.935237884521484,35.038154602050781,30.432857513427734,33.956317901611328,497567418,2021-06-03T00:00:00.000000Z
2021-06-03T00:00:00.000000Z,34.018714904785156,41.145378112792969,33.792232513427734,39.470905303955078,960056106,2021-06-04T00:00:00.000000Z
2021-06-04T00:00:00.000000Z,39.581302642822266,39.60986328125,34.310901641845703,37.415069580078125,1056279506,2021-06-05T00:00:00.000000Z
2021-06-05T00:00:00.000000Z,37.417377471923828,42.822673797607422,37.099109649658203,39.585399627685547,1112426664,2021-06-06T00:00:00.000000Z
2021-06-06T00:00:00.000000Z,39.749126434326172,43.377193450927734,38.963996887207031,42.308376312255859,794387364,2021-06-07T00:00:00.000000Z
2021-06-07T00:00:00.000000Z,42.253677368164062,44.100559234619141,38.090839385986328,38.262332916259766,923157614,2021-06-08T00:00:00.000000Z
2021-06-08T00:00:00.000000Z,38.251270294189453,42.478290557861328,33.685459136962891,41.517814636230469,1786996802,2021-06-09T00:00:00.000000Z
2021-06-09T00:00:00.000000Z,41.279792785644531,43.997566223144531,39.368633270263672,42.031776428222656,1218831041,2021-06-10T00:00:00.000000Z
2021-06-10T00:00:00.000000Z,42.024036407470703,43.004909515380859,39.596782684326172,41.098674774169922,595246689,2021-06-11T00:00:00.000000Z
2021-06-11T00:00:00.000000Z,41.110153198242188,41.312484741210938,35.311172485351562,36.046085357666016,518666603,2021-06-12T00:00:00.000000Z
2021-06-12T00:00:00.000000Z,36.164352416992188,37.614223480224609,34.318157196044922,36.441688537597656,549070417,2021-06-13T00:00:00.000000Z
2021-06-13T00:00:00.000000Z,36.51470947265625,39.359973907470703,34.782989501953125,38.770435333251953,452988674,2021-06-14T00:00:00.000000Z
2021-06-14T00:00:00.000000Z,38.704521179199219,40.476520538330078,36.814132690429688,38.713054656982422,477871463,2021-06-15T00:00:00.000000Z
2021-06-15T00:00:00.000000Z,40.535839080810547,41.758674621582031,39.435813903808594,41.153648376464844,605285143,2021-06-16T00:00:00.000000Z
2021-06-16T00:00:00.000000Z,39.54534912109375,41.496307373046875,37.503498077392578,39.703617095947266,576016902,2021-06-17T00:00:00.000000Z
2021-06-17T00:00:00.000000Z,39.68927001953125,41.237430572509766,38.286083221435547,39.264591217041016,417775600,2021-06-18T00:00:00.000000Z
2021-06-18T00:00:00.000000Z,39.26678466796875,39.427127838134766,35.004016876220703,36.648796081542969,424163369,2021-06-19T00:00:00.000000Z
2021-06-19T00:00:00.000000Z,36.819107055664062,37.354587554931641,34.981605529785156,35.353435516357422,264640750,2021-06-20T00:00:00.000000Z
2021-06-20T00:00:00.000000Z,35.237026214599609,35.928386688232422,31.362094879150391,35.322013854980469,452587531,2021-06-21T00:00:00.000000Z
2021-06-21T00:00:00.000000Z,35.261436462402344,35.497615814208984,25.949079513549805,26.657400131225586,760344541,2021-06-22T00:00:00.000000Z
2021-06-22T00:00:00.000000Z,26.592830657958984,28.712968826293945,20.380443572998047,26.771856307983398,1258580061,2021-06-23T00:00:00.000000Z
2021-06-23T00:00:00.000000Z,26.912942886352539,32.772960662841797,25.69648551940918,30.048887252807617,1111302687,2021-06-24T00:00:00.000000Z
2021-06-24T00:00:00.000000Z,30.846078872680664,32.991310119628906,28.548385620117188,31.181034088134766,641150364,2021-06-25T00:00:00.000000Z
2021-06-25T00:00:00.000000Z,31.16853141784668,32.902515411376953,28.035079956054688,28.698862075805664,632052177,2021-06-26T00:00:00.000000Z
2021-06-26T00:00:00.000000Z,28.607898712158203,30.007036209106445,26.710813522338867,29.712854385375977,560342710,2021-06-27T00:00:00.000000Z
2021-06-27T00:00:00.000000Z,29.752639770507812,31.929391860961914,29.271196365356445,31.929391860961914,497353288,2021-06-28T00:00:00.000000Z
2021-06-28T00:00:00.000000Z,31.880830764770508,34.24322509765625,31.035127639770508,32.927780151367188,473612135,2021-06-29T00:00:00.000000Z
2021-06-29T00:00:00.000000Z,33.009784698486328,35.788578033447266,32.7266845703125,33.866802215576172,471854279,2021-06-30T00:00:00.000000Z
2021-06-30T00:00:00.000000Z,33.962970733642578,35.954723358154297,31.601350784301758,35.556404113769531,570984168,2021-07-01T00:00:00.000000Z
2021-07-01T00:00:00.000000Z,35.505653381347656,35.538192749023438,32.386272430419922,33.404033660888672,474665321,2021-07-02T00:00:00.000000Z
2021-07-02T00:00:00.000000Z,33.306308746337891,34.031787872314453,31.479923248291016,34.020481109619141,440298780,2021-07-03T00:00:00.000000Z
2021-07-03T00:00:00.000000Z,34.015575408935547,35.404769897460938,33.298473358154297,34.478816986083984,327019964,2021-07-04T00:00:00.000000Z
2021-07-04T00:00:00.000000Z,34.4951171875,35.502372741699219,33.555736541748047,34.310600280761719,303420520,2021-07-05T00:00:00.000000Z
2021-07-05T00:00:00.000000Z,34.282550811767578,34.461822509765625,32.482692718505859,32.984588623046875,313839322,2021-07-06T00:00:00.000000Z
2021-07-06T00:00:00.000000Z,32.930305480957031,34.978317260742188,32.930305480957031,34.269138336181641,365336040,2021-07-07T00:00:00.000000Z
2021-07-07T00:00:00.000000Z,34.232807159423828,38.011703491210938,33.842029571533203,36.59136962890625,519252659,2021-07-08T00:00:00.000000Z
2021-07-08T00:00:00.000000Z,36.719718933105469,36.915283203125,32.802272796630859,33.203727722167969,498201257,2021-07-09T00:00:00.000000Z
2021-07-09T00:00:00.000000Z,33.134330749511719,34.387947082519531,31.991048812866211,33.2646484375,327170629,2021-07-10T00:00:00.000000Z
2021-07-10T00:00:00.000000Z,33.318439483642578,34.140487670898438,31.186784744262695,31.788644790649414,296566657,2021-07-11T00:00:00.000000Z
2021-07-11T00:00:00.000000Z,31.693038940429688,32.536334991455078,31.41175651550293,32.177841186523438,211679810,2021-07-12T00:00:00.000000Z
2021-07-12T00:00:00.000000Z,32.173389434814453,32.644054412841797,30.074201583862305,30.848087310791016,221058993,2021-07-13T00:00:00.000000Z
2021-07-13T00:00:00.000000Z,30.786403656005859,31.093704223632812,28.918607711791992,29.121189117431641,197825362,2021-07-14T00:00:00.000000Z
2021-07-14T00:00:00.000000Z,29.142692565917969,31.435338973999023,27.515703201293945,31.281000137329102,331866434,2021-07-15T00:00:00.000000Z
2021-07-15T00:00:00.000000Z,31.360700607299805,31.483404159545898,28.008403778076172,28.45210075378418,329918376,2021-07-16T00:00:00.000000Z
2021-07-16T00:00:00.000000Z,28.549066543579102,29.442203521728516,26.228809356689453,26.37000846862793,374718328,2021-07-17T00:00:00.000000Z
2021-07-17T00:00:00.000000Z,26.254123687744141,27.696987152099609,26.040670394897461,26.721668243408203,289689475,2021-07-18T00:00:00.000000Z
2021-07-18T00:00:00.000000Z,26.784170150756836,27.733564376831055,26.360977172851562,26.751909255981445,230336396,2021-07-19T00:00:00.000000Z
2021-07-19T00:00:00.000000Z,26.671239852905273,26.721746444702148,24.012245178222656,24.447576522827148,361915410,2021-07-20T00:00:00.000000Z
2021-07-20T00:00:00.000000Z,24.51030158996582,24.975603103637695,22.177541732788086,23.489555358886719,413439963,2021-07-21T00:00:00.000000Z
2021-07-21T00:00:00.000000Z,23.443456649780273,27.416498184204102,22.86536979675293,26.623079299926758,555770206,2021-07-22T00:00:00.000000Z
2021-07-22T00:00:00.000000Z,26.665323257446289,28.135990142822266,25.95220947265625,27.702081680297852,364666998,2021-07-23T00:00:00.000000Z
2021-07-23T00:00:00.000000Z,27.706508636474609,28.690610885620117,26.425710678100586,28.513879776000977,407955237,2021-07-24T00:00:00.000000Z
2021-07-24T00:00:00.000000Z,28.517900466918945,29.50779914855957,28.068637847900391,28.702619552612305,353750758,2021-07-25T00:00:00.000000Z
2021-07-25T00:00:00.000000Z,28.64940071105957,28.872978210449219,26.528553009033203,28.168773651123047,309208018,2021-07-26T00:00:00.000000Z
2021-07-26T00:00:00.000000Z,28.227025985717773,31.05401611328125,27.903797149658203,28.306642532348633,743673802,2021-07-27T00:00:00.000000Z
2021-07-27T00:00:00.000000Z,28.210498809814453,28.952671051025391,27.005430221557617,28.065326690673828,375599550,2021-07-28T00:00:00.000000Z
2021-07-28T00:00:00.000000Z,28.145641326904297,28.746953964233398,27.412332534790039,27.815410614013672,315682626,2021-07-29T00:00:00.000000Z
2021-07-29T00:00:00.000000Z,27.877975463867188,31.886148452758789,27.372438430786133,31.281137466430664,448009571,2021-07-30T00:00:00.000000Z
2021-07-30T00:00:00.000000Z,31.275415420532227,33.055126190185547,30.067672729492188,32.393943786621094,617830199,2021-07-31T00:00:00.000000Z
2021-07-31T00:00:00.000000Z,32.353286743164062,36.868259429931641,31.683219909667969,36.827312469482422,587168181,2021-08-01T00:00:00.000000Z
2021-08-01T00:00:00.000000Z,36.679126739501953,36.719913482666016,33.283004760742188,34.254360198974609,490639931,2021-08-02T00:00:00.000000Z
2021-08-02T00:00:00.000000Z,34.190563201904297,35.912395477294922,33.060653686523438,33.222419738769531,407399691,2021-08-03T00:00:00.000000Z
2021-08-03T00:00:00.000000Z,33.191425323486328,35.833091735839844,32.402660369873047,33.996440887451172,474629269,2021-08-04T00:00:00.000000Z
2021-08-04T00:00:00.000000Z,34.108356475830078,36.652477264404297,33.273181915283203,35.763626098632812,413657602,2021-08-05T00:00:00.000000Z
2021-08-05T00:00:00.000000Z,35.771976470947266,38.208866119384766,35.533855438232422,37.355136871337891,595137193,2021-08-06T00:00:00.000000Z
2021-08-06T00:00:00.000000Z,37.355358123779297,40.388084411621094,35.68829345703125,39.446102142333984,589190671,2021-08-07T00:00:00.000000Z
2021-08-07T00:00:00.000000Z,39.492301940917969,40.505878448486328,37.626602172851562,39.403472900390625,534979916,2021-08-08T00:00:00.000000Z
2021-08-08T00:00:00.000000Z,39.465904235839844,39.533290863037109,36.935577392578125,37.673824310302734,358570315,2021-08-09T00:00:00.000000Z
2021-08-09T00:00:00.000000Z,37.660495758056641,40.004840850830078,36.481170654296875,38.767784118652344,377034585,2021-08-10T00:00:00.000000Z
2021-08-10T00:00:00.000000Z,38.678810119628906,41.660907745361328,38.223171234130859,40.639797210693359,452480699,2021-08-11T00:00:00.000000Z
2021-08-11T00:00:00.000000Z,40.648941040039062,43.739139556884766,40.628238677978516,41.744113922119141,507980107,2021-08-12T00:00:00.000000Z
2021-08-12T00:00:00.000000Z,41.704513549804688,43.401908874511719,39.381557464599609,41.099361419677734,527833804,2021-08-13T00:00:00.000000Z
2021-08-13T00:00:00.000000Z,41.114368438720703,44.900524139404297,40.72161865234375,44.894500732421875,541894525,2021-08-14T00:00:00.000000Z
2021-08-14T00:00:00.000000Z,44.851425170898438,44.871238708496094,42.937660217285156,44.112850189208984,363834257,2021-08-15T00:00:00.000000Z
2021-08-15T00:00:00.000000Z,44.149955749511719,54.629550933837891,43.450008392333984,53.745159149169922,1448656564,2021-08-16T00:00:00.000000Z
2021-08-16T00:00:00.000000Z,53.541149139404297,68.822372436523438,52.465850830078125,62.432464599609375,3799339365,2021-08-17T00:00:00.000000Z
2021-08-17T00:00:00.000000Z,62.115329742431641,74.889259338378906,58.981334686279297,64.210708618164062,4043742154,2021-08-18T00:00:00.000000Z
2021-08-18T00:00:00.000000Z,64.168350219726562,80.119903564453125,60.26971435546875,72.543312072753906,4507409622,2021-08-19T00:00:00.000000Z
2021-08-19T00:00:00.000000Z,72.83856201171875,75.092422485351562,68.610496520996094,72.757606506347656,2467398203,2021-08-20T00:00:00.000000Z
2021-08-20T00:00:00.000000Z,72.7489013671875,79.990005493164062,70.937286376953125,78.724617004394531,1844455899,2021-08-21T00:00:00.000000Z
2021-08-21T00:00:00.000000Z,78.698928833007812,81.813774108886719,72.696929931640625,73.756210327148438,1513097171,2021-08-22T00:00:00.000000Z
2021-08-22T00:00:00.000000Z,73.868339538574219,77.481155395507812,71.553947448730469,72.803916931152344,968933849,2021-08-23T00:00:00.000000Z
2021-08-23T00:00:00.000000Z,72.7694091796875,76.705329895019531,71.680747985839844,75.708038330078125,1372134245,2021-08-24T00:00:00.000000Z
2021-08-24T00:00:00.000000Z,75.780174255371094,79.370948791503906,68.619789123535156,70.670906066894531,2153611667,2021-08-25T00:00:00.000000Z
2021-08-25T00:00:00.000000Z,70.679962158203125,72.702865600585938,66.222763061523438,71.951568603515625,1551240766,2021-08-26T00:00:00.000000Z
2021-08-26T00:00:00.000000Z,71.973434448242188,78.055206298828125,66.264556884765625,75.316207885742188,2713050538,2021-08-27T00:00:00.000000Z
2021-08-27T00:00:00.000000Z,74.811782836914062,88.854278564453125,72.715126037597656,88.086982727050781,3263988286,2021-08-28T00:00:00.000000Z
2021-08-28T00:00:00.000000Z,88.000015258789062,97.842948913574219,85.790641784667969,96.703170776367188,2580080503,2021-08-29T00:00:00.000000Z
2021-08-29T00:00:00.000000Z,96.563972473144531,97.777877807617188,90.993621826171875,94.469673156738281,1830344091,2021-08-30T00:00:00.000000Z
2021-08-30T00:00:00.000000Z,94.344871520996094,116.85022735595703,94.0377197265625,110.54480743408203,5274104165,2021-08-31T00:00:00.000000Z
2021-08-31T00:00:00.000000Z,109.75614929199219,130.01461791992188,103.35130310058594,108.48377227783203,7590894022,2021-09-01T00:00:00.000000Z
2021-09-01T00:00:00.000000Z,107.44448089599609,119.53011322021484,106.27082061767578,111.03300476074219,3974443896,2021-09-02T00:00:00.000000Z
2021-09-02T00:00:00.000000Z,110.73123931884766,131.96188354492188,109.65261840820312,128.10238647460938,5074399603,2021-09-03T00:00:00.000000Z
2021-09-03T00:00:00.000000Z,128.38908386230469,148.83418273925781,128.38908386230469,146.58305358886719,7526373837,2021-09-04T00:00:00.000000Z
2021-09-04T00:00:00.000000Z,146.41841125488281,150.42855834960938,136.44955444335938,139.11306762695312,3970422964,2021-09-05T00:00:00.000000Z
2021-09-05T00:00:00.000000Z,138.99014282226562,144.99786376953125,135.07997131347656,142.07087707519531,2996918105,2021-09-06T00:00:00.000000Z
2021-09-06T00:00:00.000000Z,142.06282043457031,165.87873840332031,138.0382080078125,164.38092041015625,5774090688,2021-09-07T00:00:00.000000Z
2021-09-07T00:00:00.000000Z,164.18368530273438,194.8197021484375,133.10025024414062,173.14892578125,17068643416,2021-09-08T00:00:00.000000Z
2021-09-08T00:00:00.000000Z,173.278564453125,197.989013671875,147.99118041992188,191.04139709472656,13187213606,2021-09-09T00:00:00.000000Z
2021-09-09T00:00:00.000000Z,209.47079467773438,214.95718383789062,181.44587707519531,188.19580078125,12676272744,2021-09-10T00:00:00.000000Z
2021-09-10T00:00:00.000000Z,187.61280822753906,196.9451904296875,168.69082641601562,179.865234375,7087524572,2021-09-11T00:00:00.000000Z
2021-09-11T00:00:00.000000Z,179.36622619628906,193.40560913085938,175.56541442871094,178.86787414550781,5367389010,2021-09-12T00:00:00.000000Z
2021-09-12T00:00:00.000000Z,179.23016357421875,181.56825256347656,170.5845947265625,174.53762817382812,3012633094,2021-09-13T00:00:00.000000Z
2021-09-13T00:00:00.000000Z,174.41845703125,174.93186950683594,150.97441101074219,169.26954650878906,6437530449,2021-09-14T00:00:00.000000Z
2021-09-14T00:00:00.000000Z,169.77452087402344,171.30116271972656,143.55311584472656,158.09481811523438,5799758794,2021-09-15T00:00:00.000000Z
2021-09-15T00:00:00.000000Z,158.41543579101562,166.17529296875,154.23954772949219,159.11738586425781,3908939772,2021-09-16T00:00:00.000000Z
2021-09-16T00:00:00.000000Z,158.80728149414062,163.12283325195312,147.65327453613281,152.47406005859375,3215168472,2021-09-17T00:00:00.000000Z
2021-09-17T00:00:00.000000Z,152.3514404296875,153.44493103027344,135.24522399902344,147.59306335449219,4675731485,2021-09-18T00:00:00.000000Z
2021-09-18T00:00:00.000000Z,147.44876098632812,171.14277648925781,144.39225769042969,169.18421936035156,5415012910,2021-09-19T00:00:00.000000Z
2021-09-19T00:00:00.000000Z,169.22633361816406,170.65211486816406,151.2509765625,152.51669311523438,3350530308,2021-09-20T00:00:00.000000Z
2021-09-20T00:00:00.000000Z,152.79447937011719,153.38766479492188,131.26103210449219,132.13446044921875,5623667250,2021-09-21T00:00:00.000000Z
2021-09-21T00:00:00.000000Z,132.76231384277344,144.46844482421875,116.34320068359375,123.95039367675781,5243953819,2021-09-22T00:00:00.000000Z
2021-09-22T00:00:00.000000Z,124.17745208740234,150.94151306152344,122.34915924072266,147.92425537109375,4952222859,2021-09-23T00:00:00.000000Z
2021-09-23T00:00:00.000000Z,148.05516052246094,152.364990234375,143.20126342773438,149.75357055664062,3389212044,2021-09-24T00:00:00.000000Z
2021-09-24T00:00:00.000000Z,149.93547058105469,151.201904296875,128.80131530761719,139.39564514160156,3852350632,2021-09-25T00:00:00.000000Z
2021-09-25T00:00:00.000000Z,139.29655456542969,144.07255554199219,134.10775756835938,136.17892456054688,2037106949,2021-09-26T00:00:00.000000Z
2021-09-26T00:00:00.000000Z,136.21615600585938,140.78178405761719,125.11542510986328,135.69937133789062,2674182809,2021-09-27T00:00:00.000000Z
2021-09-27T00:00:00.000000Z,135.93136596679688,148.49783325195312,133.98428344726562,136.72842407226562,2867246888,2021-09-28T00:00:00.000000Z
2021-09-28T00:00:00.000000Z,136.5089111328125,139.29435729980469,128.24482727050781,131.53721618652344,2422542861,2021-09-29T00:00:00.000000Z
2021-09-29T00:00:00.000000Z,132.33853149414062,140.03817749023438,131.23368835449219,135.35145568847656,2428105040,2021-09-30T00:00:00.000000Z
2021-09-30T00:00:00.000000Z,135.41290283203125,142.85316467285156,134.31326293945312,141.06904602050781,2244376110,2021-10-01T00:00:00.000000Z
2021-10-01T00:00:00.000000Z,141.38291931152344,164.737548828125,138.43693542480469,161.682373046875,4387488320,2021-10-02T00:00:00.000000Z
2021-10-02T00:00:00.000000Z,161.59439086914062,174.90069580078125,156.32234191894531,169.093017578125,3471658582,2021-10-03T00:00:00.000000Z
2021-10-03T00:00:00.000000Z,169.11370849609375,176.9703369140625,166.07000732421875,172.58915710449219,3149579954,2021-10-04T00:00:00.000000Z
2021-10-04T00:00:00.000000Z,172.96162414550781,172.96162414550781,162.77333068847656,166.73191833496094,3109040100,2021-10-05T00:00:00.000000Z
2021-10-05T00:00:00.000000Z,166.99496459960938,169.9793701171875,160.59315490722656,164.11582946777344,2541087419,2021-10-06T00:00:00.000000Z
2021-10-06T00:00:00.000000Z,164.60519409179688,165.36198425292969,150.76837158203125,154.10774230957031,3259712887,2021-10-07T00:00:00.000000Z
2021-10-07T00:00:00.000000Z,153.96115112304688,161.36299133300781,150.54203796386719,154.28118896484375,2579187256,2021-10-08T00:00:00.000000Z
2021-10-08T00:00:00.000000Z,154.25654602050781,168.84637451171875,152.75576782226562,158.94920349121094,2781848650,2021-10-09T00:00:00.000000Z
2021-10-09T00:00:00.000000Z,158.70469665527344,161.40731811523438,154.86979675292969,156.82583618164062,1522023824,2021-10-10T00:00:00.000000Z
2021-10-10T00:00:00.000000Z,156.75192260742188,158.361572265625,146.89823913574219,148.0487060546875,1556965341,2021-10-11T00:00:00.000000Z
2021-10-11T00:00:00.000000Z,147.80044555664062,153.921142578125,140.36396789550781,144.85813903808594,1851795187,2021-10-12T00:00:00.000000Z
2021-10-12T00:00:00.000000Z,145.00765991210938,153.26397705078125,137.81156921386719,152.73712158203125,2853992440,2021-10-13T00:00:00.000000Z
2021-10-13T00:00:00.000000Z,152.52392578125,155.34799194335938,144.40786743164062,148.17604064941406,2105226551,2021-10-14T00:00:00.000000Z
2021-10-14T00:00:00.000000Z,148.01727294921875,155.32974243164062,147.3309326171875,149.75680541992188,1948101208,2021-10-15T00:00:00.000000Z
2021-10-15T00:00:00.000000Z,150.04660034179688,165.12220764160156,146.98483276367188,162.59620666503906,3970589003,2021-10-16T00:00:00.000000Z
2021-10-16T00:00:00.000000Z,163.00703430175781,164.71371459960938,156.73756408691406,157.538818359375,1531502795,2021-10-17T00:00:00.000000Z
2021-10-17T00:00:00.000000Z,157.46356201171875,167.42599487304688,154.09034729003906,159.74380493164062,2168838138,2021-10-18T00:00:00.000000Z
2021-10-18T00:00:00.000000Z,159.99748229980469,162.85627746582031,155.03022766113281,157.23127746582031,1698878759,2021-10-19T00:00:00.000000Z
2021-10-19T00:00:00.000000Z,157.210205078125,159.40586853027344,153.22100830078125,156.01702880859375,1400902548,2021-10-20T00:00:00.000000Z
2021-10-20T00:00:00.000000Z,155.88339233398438,176.440673828125,155.19984436035156,175.94686889648438,3315306825,2021-10-21T00:00:00.000000Z
2021-10-21T00:00:00.000000Z,176.76554870605469,193.59915161132812,176.76554870605469,190.31843566894531,6865815461,2021-10-22T00:00:00.000000Z
2021-10-22T00:00:00.000000Z,190.45489501953125,214.04444885253906,188.27362060546875,196.43153381347656,7486821306,2021-10-23T00:00:00.000000Z
2021-10-23T00:00:00.000000Z,196.30047607421875,205.66987609863281,192.56275939941406,197.703857421875,3253670286,2021-10-24T00:00:00.000000Z
2021-10-24T00:00:00.000000Z,197.97311401367188,204.71910095214844,185.57243347167969,202.36198425292969,3413057378,2021-10-25T00:00:00.000000Z
2021-10-25T00:00:00.000000Z,202.31648254394531,218.73188781738281,198.20243835449219,210.10429382324219,4837376169,2021-10-26T00:00:00.000000Z
2021-10-26T00:00:00.000000Z,209.53164672851562,213.98286437988281,197.48664855957031,199.8072509765625,3194205752,2021-10-27T00:00:00.000000Z
2021-10-27T00:00:00.000000Z,199.87448120117188,205.40473937988281,178.73086547851562,183.77459716796875,4552692842,2021-10-28T00:00:00.000000Z
2021-10-28T00:00:00.000000Z,184.51570129394531,201.04536437988281,182.217529296875,194.86398315429688,3463958628,2021-10-29T00:00:00.000000Z
2021-10-29T00:00:00.000000Z,194.90643310546875,204.8966064453125,194.90643310546875,200.18275451660156,2468703579,2021-10-30T00:00:00.000000Z
2021-10-30T00:00:00.000000Z,200.22572326660156,200.38623046875,187.81657409667969,195.41606140136719,1732207667,2021-10-31T00:00:00.000000Z
2021-10-31T00:00:00.000000Z,195.77377319335938,205.16337585449219,186.06298828125,202.4210205078125,2577364486,2021-11-01T00:00:00.000000Z
2021-11-01T00:00:00.000000Z,202.62921142578125,211.36083984375,198.23896789550781,203.54508972167969,3157612663,2021-11-02T00:00:00.000000Z
2021-11-02T00:00:00.000000Z,203.51791381835938,222.2330322265625,201.18038940429688,220.23959350585938,3020087232,2021-11-03T00:00:00.000000Z
2021-11-03T00:00:00.000000Z,221.07675170898438,246.321533203125,216.19619750976562,242.89881896972656,6024951132,2021-11-04T00:00:00.000000Z
2021-11-04T00:00:00.000000Z,243.09780883789062,250.46633911132812,235.15087890625,247.38777160644531,4440296290,2021-11-05T00:00:00.000000Z
2021-11-05T00:00:00.000000Z,247.27093505859375,248.3839111328125,231.16081237792969,236.47433471679688,2752870913,2021-11-06T00:00:00.000000Z
2021-11-06T00:00:00.000000Z,236.49275207519531,260.06210327148438,235.28996276855469,258.934326171875,3869779683,2021-11-07T00:00:00.000000Z
2021-11-07T00:00:00.000000Z,258.78155517578125,258.85009765625,246.12242126464844,249.823486328125,2624869522,2021-11-08T00:00:00.000000Z
2021-11-08T00:00:00.000000Z,249.97926330566406,253.25418090820312,241.14013671875,248.46717834472656,3344410176,2021-11-09T00:00:00.000000Z
2021-11-09T00:00:00.000000Z,248.35684204101562,253.17982482910156,237.89529418945312,239.213134765625,2819309492,2021-11-10T00:00:00.000000Z
2021-11-10T00:00:00.000000Z,239.13374328613281,247.94703674316406,218.3885498046875,233.77952575683594,3873202098,2021-11-11T00:00:00.000000Z
2021-11-11T00:00:00.000000Z,233.91398620605469,246.44718933105469,229.74851989746094,234.24075317382812,2693456862,2021-11-12T00:00:00.000000Z
2021-11-12T00:00:00.000000Z,233.72126770019531,238.6956787109375,221.25294494628906,228.50209045410156,3022054714,2021-11-13T00:00:00.000000Z
2021-11-13T00:00:00.000000Z,228.59625244140625,241.82502746582031,225.075927734375,241.82502746582031,2322796265,2021-11-14T00:00:00.000000Z
2021-11-14T00:00:00.000000Z,241.86210632324219,242.04489135742188,230.68940734863281,238.42552185058594,1705211600,2021-11-15T00:00:00.000000Z
2021-11-15T00:00:00.000000Z,238.73139953613281,245.97610473632812,235.09910583496094,237.55360412597656,2414551003,2021-11-16T00:00:00.000000Z
2021-11-16T00:00:00.000000Z,238.49714660644531,238.49714660644531,215.44209289550781,219.23902893066406,3557977024,2021-11-17T00:00:00.000000Z
2021-11-17T00:00:00.000000Z,219.29563903808594,222.02883911132812,210.02694702148438,218.71524047851562,2982505239,2021-11-18T00:00:00.000000Z
2021-11-18T00:00:00.000000Z,218.87557983398438,222.87693786621094,187.67312622070312,195.48741149902344,3911214658,2021-11-19T00:00:00.000000Z
2021-11-19T00:00:00.000000Z,195.0662841796875,219.3670654296875,189.75016784667969,215.28001403808594,3431624914,2021-11-20T00:00:00.000000Z
2021-11-20T00:00:00.000000Z,215.40690612792969,221.44534301757812,206.28587341308594,218.01527404785156,2003638941,2021-11-21T00:00:00.000000Z
2021-11-21T00:00:00.000000Z,217.78402709960938,235.23091125488281,210.80973815917969,231.28262329101562,2636480460,2021-11-22T00:00:00.000000Z
2021-11-22T00:00:00.000000Z,230.98963928222656,231.90481567382812,212.03009033203125,215.73727416992188,3254258844,2021-11-23T00:00:00.000000Z
2021-11-23T00:00:00.000000Z,215.84295654296875,226.06173706054688,211.31222534179688,221.83689880371094,2328763768,2021-11-24T00:00:00.000000Z
2021-11-24T00:00:00.000000Z,221.86061096191406,222.45927429199219,200.50260925292969,214.92153930664062,2293934142,2021-11-25T00:00:00.000000Z
2021-11-25T00:00:00.000000Z,205.88616943359375,216.4005126953125,202.32341003417969,206.25299072265625,2586718627,2021-11-26T00:00:00.000000Z
2021-11-26T00:00:00.000000Z,210.04827880859375,210.50457763671875,184.32827758789062,191.51174926757812,3380122748,2021-11-27T00:00:00.000000Z
2021-11-27T00:00:00.000000Z,192.2835693359375,199.364990234375,191.04054260253906,193.10215759277344,1443178833,2021-11-28T00:00:00.000000Z
2021-11-28T00:00:00.000000Z,193.27560424804688,201.62870788574219,182.37245178222656,200.67665100097656,2033215941,2021-11-29T00:00:00.000000Z
2021-11-29T00:00:00.000000Z,200.82127380371094,212.44580078125,199.95429992675781,204.31936645507812,2110532147,2021-11-30T00:00:00.000000Z
2021-11-30T00:00:00.000000Z,204.23294067382812,218.33938598632812,200.08433532714844,208.67098999023438,2888387657,2021-12-01T00:00:00.000000Z
2021-12-01T00:00:00.000000Z,208.39315795898438,232.38621520996094,208.15226745605469,229.79924011230469,3532771294,2021-12-02T00:00:00.000000Z
2021-12-02T00:00:00.000000Z,229.85470581054688,243.11166381835938,220.38717651367188,233.9930419921875,4074103518,2021-12-03T00:00:00.000000Z
2021-12-03T00:00:00.000000Z,233.60189819335938,239.12210083007812,207.32977294921875,211.22439575195312,4061060881,2021-12-04T00:00:00.000000Z
2021-12-04T00:00:00.000000Z,212.11238098144531,212.80754089355469,171.55357360839844,201.12483215332031,5949505665,2021-12-05T00:00:00.000000Z
2021-12-05T00:00:00.000000Z,200.78060913085938,204.61747741699219,182.01681518554688,196.16825866699219,3402591975,2021-12-06T00:00:00.000000Z
2021-12-06T00:00:00.000000Z,196.5474853515625,197.66302490234375,176.8880615234375,194.19921875,3693853028,2021-12-07T00:00:00.000000Z
2021-12-07T00:00:00.000000Z,194.27659606933594,204.11849975585938,188.28080749511719,190.59690856933594,2556849839,2021-12-08T00:00:00.000000Z
2021-12-08T00:00:00.000000Z,190.5050048828125,196.37411499023438,184.13270568847656,194.6217041015625,2277446203,2021-12-09T00:00:00.000000Z
2021-12-09T00:00:00.000000Z,194.48329162597656,196.68974304199219,178.79214477539062,181.17808532714844,1968182104,2021-12-10T00:00:00.000000Z
2021-12-10T00:00:00.000000Z,181.46755981445312,184.68942260742188,167.954833984375,167.954833984375,2118266396,2021-12-11T00:00:00.000000Z
2021-12-11T00:00:00.000000Z,167.9166259765625,173.89848327636719,161.86000061035156,171.94949340820312,1877844189,2021-12-12T00:00:00.000000Z
2021-12-12T00:00:00.000000Z,171.94831848144531,176.6494140625,167.86125183105469,173.43167114257812,1196808540,2021-12-13T00:00:00.000000Z
2021-12-13T00:00:00.000000Z,173.09992980957031,173.09992980957031,148.57182312011719,155.21305847167969,2547597256,2021-12-14T00:00:00.000000Z
2021-12-14T00:00:00.000000Z,155.14166259765625,161.61827087402344,150.11798095703125,153.34144592285156,2604045117,2021-12-15T00:00:00.000000Z
2021-12-15T00:00:00.000000Z,161.35890197753906,182.51316833496094,157.65321350097656,178.34078979492188,3783787658,2021-12-16T00:00:00.000000Z
2021-12-16T00:00:00.000000Z,178.59153747558594,188.87870788574219,174.45097351074219,176.95466613769531,2766320569,2021-12-17T00:00:00.000000Z
2021-12-17T00:00:00.000000Z,176.89497375488281,182.39363098144531,168.51873779296875,175.5032958984375,2711688386,2021-12-18T00:00:00.000000Z
2021-12-18T00:00:00.000000Z,175.65635681152344,184.37518310546875,171.19656372070312,182.83512878417969,1690397976,2021-12-19T00:00:00.000000Z
2021-12-19T00:00:00.000000Z,182.85090637207031,189.26254272460938,178.75502014160156,180.09805297851562,1678714066,2021-12-20T00:00:00.000000Z
2021-12-20T00:00:00.000000Z,179.97773742675781,181.15325927734375,168.68351745605469,173.67178344726562,1982986558,2021-12-21T00:00:00.000000Z
2021-12-21T00:00:00.000000Z,173.69439697265625,182.41751098632812,170.49063110351562,180.09254455566406,1821107818,2021-12-22T00:00:00.000000Z
2021-12-22T00:00:00.000000Z,179.85833740234375,187.47343444824219,177.42733764648438,178.59712219238281,1889229699,2021-12-23T00:00:00.000000Z
2021-12-23T00:00:00.000000Z,178.50276184082031,193.27604675292969,176.116455078125,190.03631591796875,2191634326,2021-12-24T00:00:00.000000Z
2021-12-24T00:00:00.000000Z,190.10285949707031,197.15771484375,185.01937866210938,190.273193359375,2286837232,2021-12-25T00:00:00.000000Z
2021-12-25T00:00:00.000000Z,190.53160095214844,195.14923095703125,189.0322265625,193.12092590332031,1443209769,2021-12-26T00:00:00.000000Z
2021-12-26T00:00:00.000000Z,192.92051696777344,200.64419555664062,190.82368469238281,198.000732421875,1971114647,2021-12-27T00:00:00.000000Z
2021-12-27T00:00:00.000000Z,197.88340759277344,204.57856750488281,195.16079711914062,195.42950439453125,1800094698,2021-12-28T00:00:00.000000Z
2021-12-28T00:00:00.000000Z,195.62165832519531,195.62165832519531,177.04035949707031,177.42562866210938,2826063568,2021-12-29T00:00:00.000000Z
2021-12-29T00:00:00.000000Z,177.3890380859375,180.59077453613281,170.44342041015625,170.65756225585938,2175731146,2021-12-30T00:00:00.000000Z
2021-12-30T00:00:00.000000Z,170.76478576660156,175.691162109375,168.39848327636719,172.75119018554688,1540637869,2021-12-31T00:00:00.000000Z
2021-12-31T00:00:00.000000Z,172.70384216308594,177.35704040527344,168.31207275390625,170.299072265625,1567918820,2022-01-01T00:00:00.000000Z
2022-01-01T00:00:00.000000Z,170.31083679199219,178.96224975585938,170.19554138183594,178.5179443359375,1084780603,2022-01-02T00:00:00.000000Z
2022-01-02T00:00:00.000000Z,178.53240966796875,179.43235778808594,175.01231384277344,176.38284301757812,995389409,2022-01-03T00:00:00.000000Z
2022-01-03T00:00:00.000000Z,176.38630676269531,176.38630676269531,167.53398132324219,170.29774475097656,1345778058,2022-01-04T00:00:00.000000Z
2022-01-04T00:00:00.000000Z,170.28611755371094,173.735107421875,166.74012756347656,167.93890380859375,1499265336,2022-01-05T00:00:00.000000Z
2022-01-05T00:00:00.000000Z,167.94033813476562,171.11045837402344,148.21611022949219,155.0997314453125,2123759721,2022-01-06T00:00:00.000000Z
2022-01-06T00:00:00.000000Z,155.10592651367188,155.10592651367188,146.66766357421875,150.43135070800781,2097172620,2022-01-07T00:00:00.000000Z
2022-01-07T00:00:00.000000Z,150.41340637207031,150.52095031738281,135.14999389648438,136.40281677246094,2926269672,2022-01-08T00:00:00.000000Z
2022-01-08T00:00:00.000000Z,136.40016174316406,147.83731079101562,134.02101135253906,142.51345825195312,2730000333,2022-01-09T00:00:00.000000Z
2022-01-09T00:00:00.000000Z,142.54312133789062,145.44041442871094,138.39410400390625,140.83900451660156,1599123912,2022-01-10T00:00:00.000000Z
2022-01-10T00:00:00.000000Z,140.83363342285156,143.56336975097656,130.7969970703125,135.95494079589844,2040883379,2022-01-11T00:00:00.000000Z
2022-01-11T00:00:00.000000Z,135.94090270996094,143.29904174804688,134.13397216796875,140.18385314941406,1554197314,2022-01-12T00:00:00.000000Z
2022-01-12T00:00:00.000000Z,140.20375061035156,152.93647766113281,138.5462646484375,151.70310974121094,2242337550,2022-01-13T00:00:00.000000Z
2022-01-13T00:00:00.000000Z,151.69059753417969,157.54373168945312,146.01004028320312,146.01004028320312,2177023564,2022-01-14T00:00:00.000000Z
2022-01-14T00:00:00.000000Z,146.02590942382812,150.469482421875,142.39068603515625,146.15902709960938,1822320951,2022-01-15T00:00:00.000000Z
2022-01-15T00:00:00.000000Z,146.18002319335938,149.35018920898438,144.41914367675781,147.80117797851562,1123271784,2022-01-16T00:00:00.000000Z
2022-01-16T00:00:00.000000Z,147.78660583496094,151.7723388671875,146.40177917480469,147.85652160644531,1172854751,2022-01-17T00:00:00.000000Z
2022-01-17T00:00:00.000000Z,147.87678527832031,148.20587158203125,137.50003051757812,139.92601013183594,1487772250,2022-01-18T00:00:00.000000Z
2022-01-18T00:00:00.000000Z,139.93276977539062,142.46649169921875,134.89579772949219,141.58718872070312,1449435942,2022-01-19T00:00:00.000000Z
2022-01-19T00:00:00.000000Z,141.5469970703125,142.29408264160156,133.35517883300781,135.79238891601562,1444663456,2022-01-20T00:00:00.000000Z
2022-01-20T00:00:00.000000Z,135.79133605957031,143.61740112304688,127.17404174804688,127.20528411865234,984099352,2022-01-21T00:00:00.000000Z
2022-01-21T00:00:00.000000Z,127.33333587646484,128.432861328125,107.90899658203125,111.96605682373047,3771688473,2022-01-22T00:00:00.000000Z
2022-01-22T00:00:00.000000Z,111.97653961181641,113.58767700195312,89.287155151367188,94.178367614746094,4039466376,2022-01-23T00:00:00.000000Z
2022-01-23T00:00:00.000000Z,94.307601928710938,104.51920318603516,93.593482971191406,99.578224182128906,2548191912,2022-01-24T00:00:00.000000Z
2022-01-24T00:00:00.000000Z,99.617515563964844,99.770515441894531,81.226051330566406,91.650161743164062,4664539688,2022-01-25T00:00:00.000000Z
2022-01-25T00:00:00.000000Z,91.66015625,99.70123291015625,87.757125854492188,94.720352172851562,2842652332,2022-01-26T00:00:00.000000Z
2022-01-26T00:00:00.000000Z,94.718833923339844,103.7215576171875,89.80755615234375,92.238044738769531,3177186515,2022-01-27T00:00:00.000000Z
2022-01-27T00:00:00.000000Z,92.218055725097656,94.05999755859375,86.18603515625,89.632492065429688,2513945822,2022-01-28T00:00:00.000000Z
2022-01-28T00:00:00.000000Z,89.529090881347656,93.364669799804688,87.574241638183594,91.312896728515625,2156098049,2022-01-29T00:00:00.000000Z
2022-01-29T00:00:00.000000Z,91.354698181152344,98.611045837402344,90.963798522949219,96.223487854003906,1727329992,2022-01-30T00:00:00.000000Z
2022-01-30T00:00:00.000000Z,96.249000549316406,97.298324584960938,91.707023620605469,93.297676086425781,1110338981,2022-01-31T00:00:00.000000Z
2022-01-31T00:00:00.000000Z,93.301170349121094,100.72507476806641,89.585990905761719,99.738838195800781,1888454241,2022-02-01T00:00:00.000000Z
2022-02-01T00:00:00.000000Z,99.725944519042969,112.98012542724609,99.477859497070312,109.97898101806641,3568466349,2022-02-02T00:00:00.000000Z
2022-02-02T00:00:00.000000Z,110.01945495605469,111.95736694335938,97.735595703125,101.83760070800781,3297984784,2022-02-03T00:00:00.000000Z
2022-02-03T00:00:00.000000Z,101.82810211181641,102.66846466064453,94.63531494140625,101.45903778076172,2618951519,2022-02-04T00:00:00.000000Z
2022-02-04T00:00:00.000000Z,101.34093475341797,112.41033172607422,100.67737579345703,112.17424774169922,3121470028,2022-02-05T00:00:00.000000Z
2022-02-05T00:00:00.000000Z,112.20548248291016,118.21311950683594,110.53406524658203,113.89430236816406,2337469324,2022-02-06T00:00:00.000000Z
2022-02-06T00:00:00.000000Z,113.90282440185547,115.86648559570312,112.18635559082031,115.29975891113281,1488437091,2022-02-07T00:00:00.000000Z
2022-02-07T00:00:00.000000Z,115.27619171142578,121.55403137207031,113.14046478271484,117.35514831542969,2501444983,2022-02-08T00:00:00.000000Z
2022-02-08T00:00:00.000000Z,117.40891265869141,119.96955108642578,110.241943359375,113.59548187255859,2670414753,2022-02-09T00:00:00.000000Z
2022-02-09T00:00:00.000000Z,113.53403472900391,116.82732391357422,109.97865295410156,114.01937866210938,1844036035,2022-02-10T00:00:00.000000Z
2022-02-10T00:00:00.000000Z,114.02164459228516,114.78842163085938,106.20280456542969,106.20280456542969,2534257400,2022-02-11T00:00:00.000000Z
2022-02-11T00:00:00.000000Z,106.22976684570312,107.84539031982422,95.604286193847656,96.381881713867188,2244853464,2022-02-12T00:00:00.000000Z
2022-02-12T00:00:00.000000Z,96.4014892578125,99.553657531738281,93.498641967773438,95.918205261230469,1722515979,2022-02-13T00:00:00.000000Z
2022-02-13T00:00:00.000000Z,95.892585754394531,97.206214904785156,91.815704345703125,93.244102478027344,1150014559,2022-02-14T00:00:00.000000Z
2022-02-14T00:00:00.000000Z,93.193687438964844,97.741729736328125,91.207695007324219,96.433273315429688,1787236369,2022-02-15T00:00:00.000000Z
2022-02-15T00:00:00.000000Z,96.437408447265625,105.29197692871094,96.433296203613281,104.87330627441406,2134576044,2022-02-16T00:00:00.000000Z
2022-02-16T00:00:00.000000Z,104.92504119873047,105.34634399414062,98.580375671386719,101.93289947509766,1908954820,2022-02-17T00:00:00.000000Z
2022-02-17T00:00:00.000000Z,101.89823150634766,102.6329345703125,92.676246643066406,93.410423278808594,1872498133,2022-02-18T00:00:00.000000Z
2022-02-18T00:00:00.000000Z,93.462982177734375,96.201820373535156,89.706108093261719,90.065460205078125,1669246812,2022-02-19T00:00:00.000000Z
2022-02-19T00:00:00.000000Z,90.0518798828125,92.540962219238281,88.953117370605469,91.496650695800781,1084605729,2022-02-20T00:00:00.000000Z
2022-02-20T00:00:00.000000Z,91.444320678710938,93.320281982421875,86.017440795898438,90.901412963867188,1912980153,2022-02-21T00:00:00.000000Z
2022-02-21T00:00:00.000000Z,90.883026123046875,95.904090881347656,83.118446350097656,83.123161315917969,2892900595,2022-02-22T00:00:00.000000Z
2022-02-22T00:00:00.000000Z,83.106399536132812,87.163978576660156,81.204856872558594,86.465385437011719,2046554018,2022-02-23T00:00:00.000000Z
2022-02-23T00:00:00.000000Z,86.470794677734375,92.738441467285156,84.902786254882812,84.902786254882812,2293962445,2022-02-24T00:00:00.000000Z
2022-02-24T00:00:00.000000Z,84.863578796386719,92.279396057128906,76.859573364257812,89.194747924804688,5253578948,2022-02-25T00:00:00.000000Z
2022-02-25T00:00:00.000000Z,89.228134155273438,94.777809143066406,87.276161193847656,92.598823547363281,3069242551,2022-02-26T00:00:00.000000Z
2022-02-26T00:00:00.000000Z,92.608863830566406,94.604331970214844,89.757675170898438,90.141563415527344,1721041901,2022-02-27T00:00:00.000000Z
2022-02-27T00:00:00.000000Z,90.1246337890625,91.989433288574219,84.492927551269531,85.519050598144531,2012522473,2022-02-28T00:00:00.000000Z
2022-02-28T00:00:00.000000Z,85.501106262207031,101.04179382324219,84.575843811035156,99.520347595214844,3457872746,2022-03-01T00:00:00.000000Z
2022-03-01T00:00:00.000000Z,99.54046630859375,101.55915832519531,94.893424987792969,98.653556823730469,3225742519,2022-03-02T00:00:00.000000Z
2022-03-02T00:00:00.000000Z,98.649070739746094,105.98477172851562,97.105796813964844,100.64963531494141,3800592927,2022-03-03T00:00:00.000000Z
2022-03-03T00:00:00.000000Z,100.65377044677734,101.42726898193359,94.377960205078125,95.539199829101562,2309311748,2022-03-04T00:00:00.000000Z
2022-03-04T00:00:00.000000Z,95.567039489746094,95.7081298828125,87.554443359375,88.245979309082031,2592829728,2022-03-05T00:00:00.000000Z
2022-03-05T00:00:00.000000Z,88.290534973144531,91.036178588867188,86.288841247558594,89.647842407226562,1437161887,2022-03-06T00:00:00.000000Z
2022-03-06T00:00:00.000000Z,89.648590087890625,89.865379333496094,84.329643249511719,84.542182922363281,1467561782,2022-03-07T00:00:00.000000Z
2022-03-07T00:00:00.000000Z,84.552871704101562,86.483085632324219,80.316848754882812,82.13006591796875,2375648176,2022-03-08T00:00:00.000000Z
2022-03-08T00:00:00.000000Z,82.112602233886719,84.779899597167969,81.540115356445312,82.2547607421875,2112765959,2022-03-09T00:00:00.000000Z
2022-03-09T00:00:00.000000Z,82.279922485351562,89.482048034667969,82.20623779296875,88.202064514160156,2624860794,2022-03-10T00:00:00.000000Z
2022-03-10T00:00:00.000000Z,88.190399169921875,88.453948974609375,81.019340515136719,82.9390869140625,2196400279,2022-03-11T00:00:00.000000Z
2022-03-11T00:00:00.000000Z,82.940742492675781,84.050666809082031,80.281234741210938,80.7449951171875,1852734626,2022-03-12T00:00:00.000000Z
2022-03-12T00:00:00.000000Z,80.747520446777344,82.66375732421875,80.722099304199219,81.553817749023438,1036290480,2022-03-13T00:00:00.000000Z
2022-03-13T00:00:00.000000Z,81.531219482421875,82.883033752441406,78.004386901855469,78.936073303222656,1316842580,2022-03-14T00:00:00.000000Z
2022-03-14T00:00:00.000000Z,78.925575256347656,82.09930419921875,78.27435302734375,81.17333984375,1676601058,2022-03-15T00:00:00.000000Z
2022-03-15T00:00:00.000000Z,81.170059204101562,85.519309997558594,79.07177734375,82.955085754394531,1627848455,2022-03-16T00:00:00.000000Z
2022-03-16T00:00:00.000000Z,82.951675415039062,87.90362548828125,81.653244018554688,87.90362548828125,2370877301,2022-03-17T00:00:00.000000Z
2022-03-17T00:00:00.000000Z,87.862457275390625,90.757286071777344,86.751228332519531,87.876846313476562,2440062581,2022-03-18T00:00:00.000000Z
2022-03-18T00:00:00.000000Z,87.866264343261719,91.848617553710938,84.636978149414062,89.822036743164062,2745357460,2022-03-19T00:00:00.000000Z
2022-03-19T00:00:00.000000Z,89.820457458496094,94.360893249511719,89.392616271972656,92.41815185546875,1951674158,2022-03-20T00:00:00.000000Z
2022-03-20T00:00:00.000000Z,92.413665771484375,92.435920715332031,88.150459289550781,88.614860534667969,1286133603,2022-03-21T00:00:00.000000Z
2022-03-21T00:00:00.000000Z,88.605003356933594,91.011985778808594,87.2076416015625,88.7572021484375,1598537312,2022-03-22T00:00:00.000000Z
2022-03-22T00:00:00.000000Z,88.741905212402344,93.766807556152344,88.182777404785156,90.512969970703125,1879747152,2022-03-23T00:00:00.000000Z
2022-03-23T00:00:00.000000Z,90.513931274414062,96.051841735839844,89.81146240234375,95.102684020996094,2099467745,2022-03-24T00:00:00.000000Z
2022-03-24T00:00:00.000000Z,95.020904541015625,103.45579528808594,94.065505981445312,102.22369384765625,3601646600,2022-03-25T00:00:00.000000Z
2022-03-25T00:00:00.000000Z,102.23835754394531,104.58296203613281,97.318244934082031,98.658103942871094,2175497007,2022-03-26T00:00:00.000000Z
2022-03-26T00:00:00.000000Z,98.666748046875,103.19357299804688,97.829681396484375,101.76418304443359,1282869612,2022-03-27T00:00:00.000000Z
2022-03-27T00:00:00.000000Z,101.77369689941406,107.29871368408203,99.269096374511719,107.08422088623047,1572329892,2022-03-28T00:00:00.000000Z
2022-03-28T00:00:00.000000Z,107.07796478271484,113.17594909667969,105.47787475585938,106.46525573730469,2877146388,2022-03-29T00:00:00.000000Z
2022-03-29T00:00:00.000000Z,106.32798767089844,115.27571868896484,105.99919128417969,111.71031188964844,3052274877,2022-03-30T00:00:00.000000Z
2022-03-30T00:00:00.000000Z,111.69025421142578,124.60500335693359,107.76725769042969,120.69948577880859,3908170428,2022-03-31T00:00:00.000000Z
2022-03-31T00:00:00.000000Z,120.68155670166016,128.93011474609375,120.19783020019531,122.66146087646484,4115229587,2022-04-01T00:00:00.000000Z
2022-04-01T00:00:00.000000Z,122.73610687255859,137.55841064453125,118.78791046142578,134.43093872070312,4434807484,2022-04-02T00:00:00.000000Z
2022-04-02T00:00:00.000000Z,134.45358276367188,143.02001953125,132.13919067382812,132.19886779785156,3394186456,2022-04-03T00:00:00.000000Z
2022-04-03T00:00:00.000000Z,132.24107360839844,140.26370239257812,131.22615051269531,136.77532958984375,2585967812,2022-04-04T00:00:00.000000Z
2022-04-04T00:00:00.000000Z,136.76078796386719,137.63351440429688,126.86532592773438,132.41262817382812,2828117206,2022-04-05T00:00:00.000000Z
2022-04-05T00:00:00.000000Z,132.38786315917969,136.18284606933594,126.56397247314453,126.86223602294922,2239922210,2022-04-06T00:00:00.000000Z
2022-04-06T00:00:00.000000Z,126.85795593261719,127.28115844726562,112.773681640625,112.88338470458984,3281009143,2022-04-07T00:00:00.000000Z
2022-04-07T00:00:00.000000Z,112.93579864501953,119.76071166992188,111.95746612548828,118.79651641845703,2431083313,2022-04-08T00:00:00.000000Z
2022-04-08T00:00:00.000000Z,118.81621551513672,122.25411987304688,108.54116058349609,109.80088043212891,2376864565,2022-04-09T00:00:00.000000Z
2022-04-09T00:00:00.000000Z,109.79875946044922,113.11489105224609,108.63433837890625,112.97279357910156,1202250516,2022-04-10T00:00:00.000000Z
2022-04-10T00:00:00.000000Z,112.97270965576172,115.80832672119141,110.07783508300781,111.74243927001953,1280232450,2022-04-11T00:00:00.000000Z
2022-04-11T00:00:00.000000Z,111.69898986816406,111.83113861083984,98.670852661132812,99.339103698730469,2272498194,2022-04-12T00:00:00.000000Z
2022-04-12T00:00:00.000000Z,99.384674072265625,109.11756134033203,98.935302734375,103.30638885498047,2317008207,2022-04-13T00:00:00.000000Z
2022-04-13T00:00:00.000000Z,103.28101348876953,105.67684936523438,100.48845672607422,105.00194549560547,1675840412,2022-04-14T00:00:00.000000Z
2022-04-14T00:00:00.000000Z,104.94060516357422,107.32963562011719,99.256843566894531,100.70780181884766,1686576071,2022-04-15T00:00:00.000000Z
2022-04-15T00:00:00.000000Z,100.70652770996094,102.67264556884766,100.10089874267578,101.30977630615234,1050639351,2022-04-16T00:00:00.000000Z
2022-04-16T00:00:00.000000Z,101.29869079589844,103.27172088623047,100.9647216796875,102.25731658935547,774939305,2022-04-17T00:00:00.000000Z
2022-04-17T00:00:00.000000Z,102.24843597412109,105.2945556640625,99.958175659179688,100.40969848632812,1057908299,2022-04-18T00:00:00.000000Z
2022-04-18T00:00:00.000000Z,100.40795135498047,102.51702880859375,95.242774963378906,102.15853118896484,1846133932,2022-04-19T00:00:00.000000Z
2022-04-19T00:00:00.000000Z,102.20238494873047,108.58203125,101.30172729492188,108.58203125,1711909607,2022-04-20T00:00:00.000000Z
2022-04-20T00:00:00.000000Z,108.60219573974609,110.72297668457031,104.77265930175781,105.49700164794922,1761531528,2022-04-21T00:00:00.000000Z
2022-04-21T00:00:00.000000Z,105.49767303466797,109.76532745361328,100.76715087890625,101.77613830566406,1838571747,2022-04-22T00:00:00.000000Z
2022-04-22T00:00:00.000000Z,101.75742340087891,103.49814605712891,99.579429626464844,100.61205291748047,1274793594,2022-04-23T00:00:00.000000Z
2022-04-23T00:00:00.000000Z,100.61978149414062,102.77123260498047,98.781570434570312,100.74443817138672,823252482,2022-04-24T00:00:00.000000Z
2022-04-24T00:00:00.000000Z,100.72718811035156,102.21668243408203,99.008514404296875,99.235794067382812,818266008,2022-04-25T00:00:00.000000Z
2022-04-25T00:00:00.000000Z,99.241409301757812,101.44058990478516,94.755752563476562,101.24763488769531,1538486689,2022-04-26T00:00:00.000000Z
2022-04-26T00:00:00.000000Z,101.22487640380859,101.74248504638672,95.177894592285156,95.782150268554688,1301074534,2022-04-27T00:00:00.000000Z
2022-04-27T00:00:00.000000Z,95.7855224609375,100.54492950439453,95.283500671386719,98.378868103027344,1253566599,2022-04-28T00:00:00.000000Z
2022-04-28T00:00:00.000000Z,98.382148742675781,100.40122985839844,96.694526672363281,98.18572998046875,1307131609,2022-04-29T00:00:00.000000Z
2022-04-29T00:00:00.000000Z,98.182960510253906,98.568565368652344,92.884269714355469,94.011344909667969,1234575023,2022-04-30T00:00:00.000000Z
2022-04-30T00:00:00.000000Z,94.013557434082031,94.928848266601562,82.909538269042969,85.095932006835938,1293033765,2022-05-01T00:00:00.000000Z
2022-05-01T00:00:00.000000Z,85.094688415527344,92.430130004882812,84.94415283203125,89.6715087890625,1426749080,2022-05-02T00:00:00.000000Z
2022-05-02T00:00:00.000000Z,89.67205810546875,90.693367004394531,85.407218933105469,87.581016540527344,1265220129,2022-05-03T00:00:00.000000Z
2022-05-03T00:00:00.000000Z,87.562744140625,88.687858581542969,84.922103881835938,85.842376708984375,1011988792,2022-05-04T00:00:00.000000Z
2022-05-04T00:00:00.000000Z,85.841728210449219,92.93719482421875,85.728065490722656,92.770851135253906,1428455342,2022-05-05T00:00:00.000000Z
2022-05-05T00:00:00.000000Z,92.769790649414062,95.032821655273438,81.834869384765625,84.596023559570312,1805979399,2022-05-06T00:00:00.000000Z
2022-05-06T00:00:00.000000Z,84.588493347167969,84.646934509277344,80.468612670898438,81.764106750488281,1585081920,2022-05-07T00:00:00.000000Z
2022-05-07T00:00:00.000000Z,81.766670227050781,82.1807861328125,77.883232116699219,78.983421325683594,1139093165,2022-05-08T00:00:00.000000Z
2022-05-08T00:00:00.000000Z,78.987632751464844,79.283790588378906,74.527183532714844,75.220184326171875,1439700868,2022-05-09T00:00:00.000000Z
2022-05-09T00:00:00.000000Z,75.234458923339844,76.98309326171875,63.2696533203125,63.2696533203125,2773999164,2022-05-10T00:00:00.000000Z
2022-05-10T00:00:00.000000Z,63.369312286376953,73.7598876953125,61.026584625244141,66.766151428222656,3677013066,2022-05-11T00:00:00.000000Z
2022-05-11T00:00:00.000000Z,66.734748840332031,68.117225646972656,44.003826141357422,50.210849761962891,4432811558,2022-05-12T00:00:00.000000Z
2022-05-12T00:00:00.000000Z,50.239231109619141,53.659389495849609,38.050090789794922,44.683589935302734,4471167155,2022-05-13T00:00:00.000000Z
2022-05-13T00:00:00.000000Z,44.633571624755859,55.902114868164062,44.076366424560547,48.593551635742188,2854210432,2022-05-14T00:00:00.000000Z
2022-05-14T00:00:00.000000Z,48.676643371582031,53.061164855957031,46.220565795898438,52.417224884033203,2042138537,2022-05-15T00:00:00.000000Z
2022-05-15T00:00:00.000000Z,52.431343078613281,58.878067016601562,49.834800720214844,58.811260223388672,1843835578,2022-05-16T00:00:00.000000Z
2022-05-16T00:00:00.000000Z,58.803913116455078,58.803913116455078,52.267929077148438,53.646461486816406,2067312217,2022-05-17T00:00:00.000000Z
2022-05-17T00:00:00.000000Z,53.656005859375,58.038070678710938,53.505302429199219,57.125625610351562,1823895389,2022-05-18T00:00:00.000000Z
2022-05-18T00:00:00.000000Z,57.116317749023438,57.697719573974609,49.731094360351562,49.756210327148438,1745565671,2022-05-19T00:00:00.000000Z
2022-05-19T00:00:00.000000Z,49.794864654541016,53.617488861083984,48.635551452636719,52.213977813720703,1958004386,2022-05-20T00:00:00.000000Z
2022-05-20T00:00:00.000000Z,52.211971282958984,53.438041687011719,48.050582885742188,49.538509368896484,1830699507,2022-05-21T00:00:00.000000Z
2022-05-21T00:00:00.000000Z,49.535449981689453,51.055049896240234,48.767486572265625,50.317981719970703,979492374,2022-05-22T00:00:00.000000Z
2022-05-22T00:00:00.000000Z,50.320659637451172,53.021659851074219,49.862785339355469,52.755180358886719,1105760506,2022-05-23T00:00:00.000000Z
2022-05-23T00:00:00.000000Z,52.736087799072266,54.474647521972656,48.92724609375,49.056850433349609,1661669360,2022-05-24T00:00:00.000000Z
2022-05-24T00:00:00.000000Z,49.064231872558594,50.577522277832031,47.500823974609375,49.653335571289062,1508166642,2022-05-25T00:00:00.000000Z
2022-05-25T00:00:00.000000Z,49.648418426513672,50.442371368408203,47.673145294189453,47.982425689697266,1304580067,2022-05-26T00:00:00.000000Z
2022-05-26T00:00:00.000000Z,47.983974456787109,48.551021575927734,42.321380615234375,43.4912109375,2208994514,2022-05-27T00:00:00.000000Z
2022-05-27T00:00:00.000000Z,43.474380493164062,43.813648223876953,40.268962860107422,40.981346130371094,2256358026,2022-05-28T00:00:00.000000Z
2022-05-28T00:00:00.000000Z,41.493732452392578,44.658012390136719,40.548679351806641,44.343162536621094,1254325884,2022-05-29T00:00:00.000000Z
2022-05-29T00:00:00.000000Z,44.338790893554688,45.386253356933594,41.998046875,44.909614562988281,1317843243,2022-05-30T00:00:00.000000Z
2022-05-30T00:00:00.000000Z,44.908668518066406,47.93682861328125,44.357406616210938,47.179443359375,1708817065,2022-05-31T00:00:00.000000Z
2022-05-31T00:00:00.000000Z,47.181327819824219,48.038990020751953,44.840015411376953,45.767841339111328,1509191627,2022-06-01T00:00:00.000000Z
2022-06-01T00:00:00.000000Z,45.765129089355469,45.946659088134766,40.050350189208984,40.269668579101562,1422647092,2022-06-02T00:00:00.000000Z
2022-06-02T00:00:00.000000Z,40.255279541015625,41.327865600585938,38.360671997070312,40.891345977783203,1554022054,2022-06-03T00:00:00.000000Z
2022-06-03T00:00:00.000000Z,40.895751953125,41.433345794677734,37.802719116210938,38.259220123291016,1348656102,2022-06-04T00:00:00.000000Z
2022-06-04T00:00:00.000000Z,38.274551391601562,39.040428161621094,36.040725708007812,38.931446075439453,1130762770,2022-06-05T00:00:00.000000Z
2022-06-05T00:00:00.000000Z,38.934101104736328,39.995296478271484,38.035350799560547,38.480533599853516,998532387,2022-06-06T00:00:00.000000Z
2022-06-06T00:00:00.000000Z,38.501598358154297,44.450618743896484,38.438789367675781,42.433132171630859,1955057411,2022-06-07T00:00:00.000000Z
2022-06-07T00:00:00.000000Z,42.429775238037109,42.449310302734375,37.776325225830078,39.437572479248047,1974825213,2022-06-08T00:00:00.000000Z
2022-06-08T00:00:00.000000Z,39.434051513671875,40.526805877685547,38.401607513427734,38.843368530273438,1211034282,2022-06-09T00:00:00.000000Z
2022-06-09T00:00:00.000000Z,38.845584869384766,41.723762512207031,38.555694580078125,39.972606658935547,1265873005,2022-06-10T00:00:00.000000Z
2022-06-10T00:00:00.000000Z,39.967624664306641,40.769779205322266,37.001258850097656,37.089767456054688,1177042406,2022-06-11T00:00:00.000000Z
2022-06-11T00:00:00.000000Z,37.092380523681641,37.843257904052734,33.435916900634766,33.821117401123047,1086904917,2022-06-12T00:00:00.000000Z
2022-06-12T00:00:00.000000Z,33.837490081787109,34.228504180908203,30.743270874023438,30.743270874023438,1430666510,2022-06-13T00:00:00.000000Z
2022-06-13T00:00:00.000000Z,30.730293273925781,30.91798210144043,26.139610290527344,28.192361831665039,2577135234,2022-06-14T00:00:00.000000Z
2022-06-14T00:00:00.000000Z,28.182895660400391,31.610319137573242,26.060319900512695,29.714618682861328,2317785256,2022-06-15T00:00:00.000000Z
2022-06-15T00:00:00.000000Z,29.695768356323242,34.565528869628906,26.868400573730469,34.487941741943359,2574959860,2022-06-16T00:00:00.000000Z
2022-06-16T00:00:00.000000Z,34.506122589111328,35.711719512939453,29.731698989868164,29.989742279052734,1908909523,2022-06-17T00:00:00.000000Z
2022-06-17T00:00:00.000000Z,30.00250244140625,32.008869171142578,29.478063583374023,30.742919921875,1283536081,2022-06-18T00:00:00.000000Z
2022-06-18T00:00:00.000000Z,30.740924835205078,31.838632583618164,27.463039398193359,31.80793571472168,1804420726,2022-06-19T00:00:00.000000Z
2022-06-19T00:00:00.000000Z,31.809133529663086,35.160575866699219,28.91050910949707,34.243747711181641,2005402608,2022-06-20T00:00:00.000000Z
2022-06-20T00:00:00.000000Z,34.238365173339844,36.764236450195312,31.892911911010742,35.4171142578125,1958378683,2022-06-21T00:00:00.000000Z
2022-06-21T00:00:00.000000Z,35.39715576171875,38.804771423339844,34.400112152099609,36.121158599853516,1790090431,2022-06-22T00:00:00.000000Z
2022-06-22T00:00:00.000000Z,36.182723999023438,36.704681396484375,33.802742004394531,34.121635437011719,1533123071,2022-06-23T00:00:00.000000Z
2022-06-23T00:00:00.000000Z,34.120803833007812,38.347354888916016,34.083587646484375,38.17523193359375,1666479184,2022-06-24T00:00:00.000000Z
2022-06-24T00:00:00.000000Z,38.201442718505859,42.729316711425781,37.852935791015625,42.212047576904297,1765927064,2022-06-25T00:00:00.000000Z
2022-06-25T00:00:00.000000Z,42.202999114990234,42.490692138671875,39.875328063964844,42.332813262939453,1271293523,2022-06-26T00:00:00.000000Z
2022-06-26T00:00:00.000000Z,42.302417755126953,42.341323852539062,39.384304046630859,39.408088684082031,1138724690,2022-06-27T00:00:00.000000Z
2022-06-27T00:00:00.000000Z,39.409088134765625,41.082157135009766,38.170925140380859,38.451251983642578,1253389517,2022-06-28T00:00:00.000000Z
2022-06-28T00:00:00.000000Z,38.445426940917969,39.7059326171875,35.229137420654297,35.326438903808594,1361946847,2022-06-29T00:00:00.000000Z
2022-06-29T00:00:00.000000Z,35.327236175537109,35.969230651855469,33.251136779785156,33.8739013671875,1366803516,2022-06-30T00:00:00.000000Z
2022-06-30T00:00:00.000000Z,33.908782958984375,34.045753479003906,31.057346343994141,33.588417053222656,1321861663,2022-07-01T00:00:00.000000Z
2022-07-01T00:00:00.000000Z,33.645652770996094,35.230743408203125,31.934066772460938,32.803070068359375,1427407655,2022-07-02T00:00:00.000000Z
2022-07-02T00:00:00.000000Z,32.811004638671875,33.934597015380859,31.957586288452148,33.359409332275391,765552187,2022-07-03T00:00:00.000000Z
2022-07-03T00:00:00.000000Z,33.356258392333984,33.577499389648438,32.219078063964844,33.385932922363281,605659825,2022-07-04T00:00:00.000000Z
2022-07-04T00:00:00.000000Z,33.385269165039062,36.806507110595703,32.520713806152344,36.785030364990234,1091202628,2022-07-05T00:00:00.000000Z
2022-07-05T00:00:00.000000Z,36.761268615722656,36.872489929199219,33.266792297363281,35.395553588867188,1569156882,2022-07-06T00:00:00.000000Z
2022-07-06T00:00:00.000000Z,35.404720306396484,37.476230621337891,34.889488220214844,37.073562622070312,1410588451,2022-07-07T00:00:00.000000Z
2022-07-07T00:00:00.000000Z,37.075267791748047,39.119480133056641,36.497711181640625,38.518306732177734,1189167903,2022-07-08T00:00:00.000000Z
2022-07-08T00:00:00.000000Z,38.517429351806641,39.352840423583984,36.556209564208984,38.286720275878906,1485794730,2022-07-09T00:00:00.000000Z
2022-07-09T00:00:00.000000Z,38.292434692382812,38.792533874511719,37.870063781738281,38.07196044921875,789899204,2022-07-10T00:00:00.000000Z
2022-07-10T00:00:00.000000Z,38.071083068847656,38.071083068847656,36.386768341064453,36.697608947753906,714119421,2022-07-11T00:00:00.000000Z
2022-07-11T00:00:00.000000Z,36.693195343017578,36.693195343017578,33.337299346923828,33.463600158691406,930216020,2022-07-12T00:00:00.000000Z
2022-07-12T00:00:00.000000Z,33.465030670166016,34.501243591308594,32.757595062255859,32.757595062255859,916386230,2022-07-13T00:00:00.000000Z
2022-07-13T00:00:00.000000Z,32.748027801513672,34.939666748046875,31.959470748901367,34.910938262939453,1313110217,2022-07-14T00:00:00.000000Z
2022-07-14T00:00:00.000000Z,34.912261962890625,37.221023559570312,33.690948486328125,37.107822418212891,1320137563,2022-07-15T00:00:00.000000Z
2022-07-15T00:00:00.000000Z,37.112239837646484,38.851181030273438,36.646232604980469,37.415927886962891,1266226950,2022-07-16T00:00:00.000000Z
2022-07-16T00:00:00.000000Z,37.412757873535156,40.084701538085938,36.401538848876953,39.574123382568359,1149921714,2022-07-17T00:00:00.000000Z
2022-07-17T00:00:00.000000Z,39.579891204833984,40.968723297119141,38.546474456787109,38.644721984863281,1119935904,2022-07-18T00:00:00.000000Z
2022-07-18T00:00:00.000000Z,38.646957397460938,43.746158599853516,38.608562469482422,43.746158599853516,1793335611,2022-07-19T00:00:00.000000Z
2022-07-19T00:00:00.000000Z,43.668544769287109,47.099380493164062,42.716999053955078,44.899875640869141,2530289999,2022-07-20T00:00:00.000000Z
2022-07-20T00:00:00.000000Z,44.896854400634766,46.095729827880859,41.642551422119141,42.093669891357422,2020822242,2022-07-21T00:00:00.000000Z
2022-07-21T00:00:00.000000Z,42.088424682617188,43.919406890869141,39.818286895751953,43.190593719482422,1926399176,2022-07-22T00:00:00.000000Z
2022-07-22T00:00:00.000000Z,43.189010620117188,44.223217010498047,40.138877868652344,40.618503570556641,1523873136,2022-07-23T00:00:00.000000Z
2022-07-23T00:00:00.000000Z,40.591167449951172,41.826377868652344,38.714317321777344,40.040977478027344,1151436691,2022-07-24T00:00:00.000000Z
2022-07-24T00:00:00.000000Z,40.038810729980469,42.021121978759766,39.605617523193359,41.006584167480469,1115260733,2022-07-25T00:00:00.000000Z
2022-07-25T00:00:00.000000Z,41.009479522705078,41.048183441162109,36.711997985839844,36.711997985839844,1465847128,2022-07-26T00:00:00.000000Z
2022-07-26T00:00:00.000000Z,36.715423583984375,36.715423583984375,34.819839477539062,36.190853118896484,1362323126,2022-07-27T00:00:00.000000Z
2022-07-27T00:00:00.000000Z,36.203746795654297,40.394729614257812,35.755058288574219,40.307849884033203,1829226049,2022-07-28T00:00:00.000000Z
2022-07-28T00:00:00.000000Z,40.302082061767578,44.073295593261719,39.132900238037109,42.845268249511719,2454901807,2022-07-29T00:00:00.000000Z
2022-07-29T00:00:00.000000Z,42.876968383789062,44.228748321533203,41.277008056640625,41.926998138427734,2066610408,2022-07-30T00:00:00.000000Z
2022-07-30T00:00:00.000000Z,41.923416137695312,46.476024627685547,41.619186401367188,43.755889892578125,1980341418,2022-07-31T00:00:00.000000Z
2022-07-31T00:00:00.000000Z,43.760658264160156,45.051528930664062,42.352737426757812,42.400203704833984,1356657075,2022-08-01T00:00:00.000000Z
2022-08-01T00:00:00.000000Z,42.401554107666016,43.116291046142578,40.736763000488281,41.786483764648438,1082119921,2022-08-02T00:00:00.000000Z
2022-08-02T00:00:00.000000Z,41.774147033691406,42.332111358642578,39.747119903564453,39.754505157470703,1205226999,2022-08-03T00:00:00.000000Z
2022-08-03T00:00:00.000000Z,39.754863739013672,40.73065185546875,37.893131256103516,38.544418334960938,2312325350,2022-08-04T00:00:00.000000Z
2022-08-04T00:00:00.000000Z,38.544639587402344,39.679878234863281,38.044727325439453,38.830673217773438,1235137178,2022-08-05T00:00:00.000000Z
2022-08-05T00:00:00.000000Z,38.823993682861328,41.174652099609375,38.795719146728516,40.561031341552734,1198859111,2022-08-06T00:00:00.000000Z
2022-08-06T00:00:00.000000Z,40.561168670654297,40.845413208007812,39.953098297119141,40.0570068359375,650997770,2022-08-07T00:00:00.000000Z
2022-08-07T00:00:00.000000Z,40.060047149658203,41.494068145751953,39.336483001708984,40.6055908203125,614104051,2022-08-08T00:00:00.000000Z
2022-08-08T00:00:00.000000Z,40.609642028808594,43.53985595703125,40.603797912597656,42.170551300048828,1117550363,2022-08-09T00:00:00.000000Z
2022-08-09T00:00:00.000000Z,42.175392150878906,42.702392578125,39.943927764892578,40.372623443603516,895263875,2022-08-10T00:00:00.000000Z
2022-08-10T00:00:00.000000Z,40.370525360107422,42.61181640625,39.257373809814453,42.365867614746094,1389333742,2022-08-11T00:00:00.000000Z
2022-08-11T00:00:00.000000Z,42.373649597167969,45.124771118164062,42.373649597167969,42.821788787841797,1735349568,2022-08-12T00:00:00.000000Z
2022-08-12T00:00:00.000000Z,42.820529937744141,45.37518310546875,42.23114013671875,45.334758758544922,1128246063,2022-08-13T00:00:00.000000Z
2022-08-13T00:00:00.000000Z,45.340744018554688,48.184284210205078,45.340744018554688,46.485347747802734,1416039040,2022-08-14T00:00:00.000000Z
2022-08-14T00:00:00.000000Z,46.505985260009766,47.96087646484375,44.694038391113281,44.916568756103516,1061034922,2022-08-15T00:00:00.000000Z
2022-08-15T00:00:00.000000Z,44.922439575195312,47.127540588378906,42.909030914306641,43.823223114013672,1364253429,2022-08-16T00:00:00.000000Z
2022-08-16T00:00:00.000000Z,43.806095123291016,44.187122344970703,42.782154083251953,43.158805847167969,1131452045,2022-08-17T00:00:00.000000Z
2022-08-17T00:00:00.000000Z,43.153057098388672,44.633087158203125,40.286769866943359,40.403053283691406,1336772691,2022-08-18T00:00:00.000000Z
2022-08-18T00:00:00.000000Z,40.426509857177734,41.607303619384766,39.525936126708984,39.545230865478516,885648540,2022-08-19T00:00:00.000000Z
2022-08-19T00:00:00.000000Z,39.541328430175781,39.541328430175781,35.755027770996094,35.8902587890625,1821467945,2022-08-20T00:00:00.000000Z
2022-08-20T00:00:00.000000Z,35.876613616943359,37.223209381103516,34.35833740234375,35.269733428955078,1203622743,2022-08-21T00:00:00.000000Z
2022-08-21T00:00:00.000000Z,35.264179229736328,36.982368469238281,34.782306671142578,36.533199310302734,982071275,2022-08-22T00:00:00.000000Z
2022-08-22T00:00:00.000000Z,36.525806427001953,36.525806427001953,33.900440216064453,35.474380493164062,1139846770,2022-08-23T00:00:00.000000Z
2022-08-23T00:00:00.000000Z,35.475307464599609,36.050422668457031,34.312915802001953,35.646251678466797,854779221,2022-08-24T00:00:00.000000Z
2022-08-24T00:00:00.000000Z,35.645656585693359,36.286067962646484,34.433517456054688,34.957916259765625,946325778,2022-08-25T00:00:00.000000Z
2022-08-25T00:00:00.000000Z,34.959102630615234,36.42266845703125,34.933643341064453,35.316463470458984,828503624,2022-08-26T00:00:00.000000Z
2022-08-26T00:00:00.000000Z,35.313255310058594,35.580131530761719,31.499326705932617,31.726362228393555,1315871629,2022-08-27T00:00:00.000000Z
2022-08-27T00:00:00.000000Z,31.713827133178711,32.205085754394531,30.953018188476562,31.54243278503418,764882265,2022-08-28T00:00:00.000000Z
2022-08-28T00:00:00.000000Z,31.538864135742188,32.129611968994141,30.38878059387207,30.39228630065918,562501615,2022-08-29T00:00:00.000000Z
2022-08-29T00:00:00.000000Z,30.39385986328125,32.520748138427734,30.119161605834961,32.465297698974609,891913484,2022-08-30T00:00:00.000000Z
2022-08-30T00:00:00.000000Z,32.460041046142578,33.072635650634766,30.796524047851562,31.412055969238281,861409804,2022-08-31T00:00:00.000000Z
2022-08-31T00:00:00.000000Z,31.416515350341797,32.876422882080078,31.237884521484375,31.472955703735352,769308937,2022-09-01T00:00:00.000000Z
2022-09-01T00:00:00.000000Z,31.475082397460938,31.709314346313477,30.511266708374023,31.585678100585938,666487074,2022-09-02T00:00:00.000000Z
2022-09-02T00:00:00.000000Z,31.584987640380859,32.358829498291016,30.843948364257812,31.227930068969727,659575995,2022-09-03T00:00:00.000000Z
2022-09-03T00:00:00.000000Z,31.228193283081055,31.23231315612793,30.858367919921875,31.10948371887207,314531753,2022-09-04T00:00:00.000000Z
2022-09-04T00:00:00.000000Z,31.108940124511719,32.139350891113281,31.081865310668945,32.106956481933594,392954663,2022-09-05T00:00:00.000000Z
2022-09-05T00:00:00.000000Z,32.108028411865234,32.370532989501953,31.211069107055664,32.194648742675781,512588616,2022-09-06T00:00:00.000000Z
2022-09-06T00:00:00.000000Z,32.199668884277344,33.785297393798828,30.640546798706055,30.891742706298828,1196204019,2022-09-07T00:00:00.000000Z
2022-09-07T00:00:00.000000Z,30.883899688720703,32.896896362304688,30.488950729370117,32.710918426513672,779212909,2022-09-08T00:00:00.000000Z
2022-09-08T00:00:00.000000Z,32.708030700683594,33.796051025390625,32.102500915527344,33.608646392822266,978070646,2022-09-09T00:00:00.000000Z
2022-09-09T00:00:00.000000Z,33.606643676757812,35.799934387207031,33.606399536132812,34.739765167236328,1186140934,2022-09-10T00:00:00.000000Z
2022-09-10T00:00:00.000000Z,34.732856750488281,35.362140655517578,34.369415283203125,35.126728057861328,731145106,2022-09-11T00:00:00.000000Z
2022-09-11T00:00:00.000000Z,35.122840881347656,35.899520874023438,34.124435424804688,34.965961456298828,757216096,2022-09-12T00:00:00.000000Z
2022-09-12T00:00:00.000000Z,34.967441558837891,38.169078826904297,34.507923126220703,37.424182891845703,1701399970,2022-09-13T00:00:00.000000Z
2022-09-13T00:00:00.000000Z,37.421607971191406,38.870384216308594,32.870452880859375,33.430816650390625,1785181627,2022-09-14T00:00:00.000000Z
2022-09-14T00:00:00.000000Z,33.018276214599609,34.283195495605469,32.870452880859375,34.091571807861328,1003604224,2022-09-15T00:00:00.000000Z
2022-09-15T00:00:00.000000Z,34.094291687011719,34.715267181396484,32.721893310546875,33.047683715820312,1139377803,2022-09-16T00:00:00.000000Z
2022-09-16T00:00:00.000000Z,33.044593811035156,33.203125,31.641164779663086,32.208858489990234,765952525,2022-09-17T00:00:00.000000Z
2022-09-17T00:00:00.000000Z,32.212245941162109,33.848178863525391,32.212245941162109,33.750778198242188,501302380,2022-09-18T00:00:00.000000Z
2022-09-18T00:00:00.000000Z,33.748275756835938,33.954715728759766,30.979143142700195,31.059854507446289,694870049,2022-09-19T00:00:00.000000Z
2022-09-19T00:00:00.000000Z,31.053613662719727,32.989856719970703,30.693248748779297,32.685302734375,971182780,2022-09-20T00:00:00.000000Z
2022-09-20T00:00:00.000000Z,32.687065124511719,32.790111541748047,31.389032363891602,31.433040618896484,819978937,2022-09-21T00:00:00.000000Z
2022-09-21T00:00:00.000000Z,31.43379020690918,33.133960723876953,30.195068359375,30.826377868652344,1193686258,2022-09-22T00:00:00.000000Z
2022-09-22T00:00:00.000000Z,30.815771102905273,32.807044982910156,30.638881683349609,32.408905029296875,833702543,2022-09-23T00:00:00.000000Z
2022-09-23T00:00:00.000000Z,32.406238555908203,33.909164428710938,31.363554000854492,33.6766357421875,982495447,2022-09-24T00:00:00.000000Z
2022-09-24T00:00:00.000000Z,33.675128936767578,34.699176788330078,33.274097442626953,33.462650299072266,872691785,2022-09-25T00:00:00.000000Z
2022-09-25T00:00:00.000000Z,33.461063385009766,33.985237121582031,32.014919281005859,32.335361480712891,610529879,2022-09-26T00:00:00.000000Z
2022-09-26T00:00:00.000000Z,32.336349487304688,33.881507873535156,31.960149765014648,33.88055419921875,936313674,2022-09-27T00:00:00.000000Z
2022-09-27T00:00:00.000000Z,33.878627777099609,35.23724365234375,32.271835327148438,32.750129699707031,1223724195,2022-09-28T00:00:00.000000Z
2022-09-28T00:00:00.000000Z,32.738254547119141,33.741096496582031,31.727701187133789,33.235439300537109,998520503,2022-09-29T00:00:00.000000Z
2022-09-29T00:00:00.000000Z,33.235282897949219,34.338314056396484,32.793048858642578,33.952449798583984,951223921,2022-09-30T00:00:00.000000Z
2022-09-30T00:00:00.000000Z,33.951778411865234,35.133346557617188,32.735813140869141,33.212444305419922,1210784941,2022-10-01T00:00:00.000000Z
2022-10-01T00:00:00.000000Z,33.215690612792969,33.225082397460938,32.466941833496094,32.469394683837891,572976679,2022-10-02T00:00:00.000000Z
2022-10-02T00:00:00.000000Z,32.470420837402344,32.998119354248047,31.997138977050781,32.055698394775391,532211084,2022-10-03T00:00:00.000000Z
2022-10-03T00:00:00.000000Z,32.057109832763672,33.204929351806641,31.954931259155273,32.967620849609375,633204077,2022-10-04T00:00:00.000000Z
2022-10-04T00:00:00.000000Z,32.956771850585938,34.341999053955078,32.881381988525391,34.122470855712891,717157069,2022-10-05T00:00:00.000000Z
2022-10-05T00:00:00.000000Z,34.117191314697266,34.311542510986328,33.279220581054688,34.073883056640625,655950188,2022-10-06T00:00:00.000000Z
2022-10-06T00:00:00.000000Z,34.073753356933594,34.457283020019531,33.333324432373047,33.342819213867188,712289836,2022-10-07T00:00:00.000000Z
2022-10-07T00:00:00.000000Z,33.344467163085938,33.728569030761719,32.551998138427734,33.00146484375,649212486,2022-10-08T00:00:00.000000Z
2022-10-08T00:00:00.000000Z,33.000068664550781,33.042526245117188,32.445842742919922,32.577934265136719,367021196,2022-10-09T00:00:00.000000Z
2022-10-09T00:00:00.000000Z,32.578014373779297,33.103115081787109,32.478023529052734,32.913883209228516,405849928,2022-10-10T00:00:00.000000Z
2022-10-10T00:00:00.000000Z,32.912937164306641,33.339454650878906,31.970834732055664,31.970834732055664,640691958,2022-10-11T00:00:00.000000Z
2022-10-11T00:00:00.000000Z,31.966032028198242,31.966032028198242,30.579492568969727,30.77686882019043,733071932,2022-10-12T00:00:00.000000Z
2022-10-12T00:00:00.000000Z,30.779691696166992,31.460229873657227,30.729169845581055,31.165485382080078,490127096,2022-10-13T00:00:00.000000Z
2022-10-13T00:00:00.000000Z,31.164413452148438,31.181085586547852,28.197370529174805,30.544519424438477,1302451856,2022-10-14T00:00:00.000000Z
2022-10-14T00:00:00.000000Z,30.542488098144531,31.909656524658203,29.759931564331055,30.007417678833008,836283411,2022-10-15T00:00:00.000000Z
2022-10-15T00:00:00.000000Z,30.006132125854492,30.151254653930664,29.534006118774414,29.575347900390625,547825492,2022-10-16T00:00:00.000000Z
2022-10-16T00:00:00.000000Z,29.578842163085938,30.444728851318359,29.578842163085938,30.168840408325195,608389719,2022-10-17T00:00:00.000000Z
2022-10-17T00:00:00.000000Z,30.1680908203125,31.263992309570312,29.883159637451172,31.224876403808594,658840500,2022-10-18T00:00:00.000000Z
2022-10-18T00:00:00.000000Z,31.224252700805664,31.411191940307617,29.833694458007812,30.164331436157227,715092973,2022-10-19T00:00:00.000000Z
2022-10-19T00:00:00.000000Z,30.164617538452148,30.212551116943359,28.830276489257812,28.900798797607422,697269954,2022-10-20T00:00:00.000000Z
2022-10-20T00:00:00.000000Z,28.894571304321289,29.432121276855469,28.073795318603516,28.08509635925293,803871622,2022-10-21T00:00:00.000000Z
2022-10-21T00:00:00.000000Z,28.080429077148438,28.243171691894531,26.986404418945312,28.108676910400391,967208274,2022-10-22T00:00:00.000000Z
2022-10-22T00:00:00.000000Z,28.108327865600586,28.144390106201172,27.557683944702148,28.013862609863281,474234383,2022-10-23T00:00:00.000000Z
2022-10-23T00:00:00.000000Z,28.013675689697266,29.331539154052734,27.857959747314453,29.270071029663086,633157057,2022-10-24T00:00:00.000000Z
2022-10-24T00:00:00.000000Z,29.272520065307617,29.413946151733398,28.215032577514648,28.310064315795898,667625312,2022-10-25T00:00:00.000000Z
2022-10-25T00:00:00.000000Z,28.309989929199219,32.191310882568359,28.119304656982422,30.939975738525391,1336242036,2022-10-26T00:00:00.000000Z
2022-10-26T00:00:00.000000Z,30.928865432739258,31.837549209594727,30.765102386474609,31.284721374511719,1250974763,2022-10-27T00:00:00.000000Z
2022-10-27T00:00:00.000000Z,31.287027359008789,32.203964233398438,30.585346221923828,30.630624771118164,1275994871,2022-10-28T00:00:00.000000Z
2022-10-28T00:00:00.000000Z,30.630794525146484,32.448707580566406,30.189332962036133,32.111263275146484,1063403956,2022-10-29T00:00:00.000000Z
2022-10-29T00:00:00.000000Z,32.109062194824219,33.739139556884766,31.916812896728516,32.857128143310547,1165931963,2022-10-30T00:00:00.000000Z
2022-10-30T00:00:00.000000Z,32.857776641845703,33.479278564453125,32.061622619628906,32.965930938720703,731319297,2022-10-31T00:00:00.000000Z
2022-10-31T00:00:00.000000Z,32.961021423339844,34.307743072509766,32.286266326904297,32.611038208007812,1174404933,2022-11-01T00:00:00.000000Z
2022-11-01T00:00:00.000000Z,32.607608795166016,33.325981140136719,32.201412200927734,32.248424530029297,729292793,2022-11-02T00:00:00.000000Z
2022-11-02T00:00:00.000000Z,32.245979309082031,32.834823608398438,30.294113159179688,30.788076400756836,1166999748,2022-11-03T00:00:00.000000Z
2022-11-03T00:00:00.000000Z,30.792919158935547,32.14349365234375,30.677148818969727,30.843879699707031,832207929,2022-11-04T00:00:00.000000Z
2022-11-04T00:00:00.000000Z,30.841737747192383,34.104263305664062,30.731590270996094,33.780853271484375,1364403572,2022-11-05T00:00:00.000000Z
2022-11-05T00:00:00.000000Z,33.777416229248047,38.54962158203125,33.735134124755859,36.765762329101562,2470595904,2022-11-06T00:00:00.000000Z
2022-11-06T00:00:00.000000Z,36.772167205810547,36.902027130126953,32.546302795410156,32.683582305908203,1650006613,2022-11-07T00:00:00.000000Z
2022-11-07T00:00:00.000000Z,32.678947448730469,33.0675048828125,28.926734924316406,29.601345062255859,2545092967,2022-11-08T00:00:00.000000Z
2022-11-08T00:00:00.000000Z,29.597440719604492,31.060968399047852,21.78398323059082,24.152936935424805,6120104231,2022-11-09T00:00:00.000000Z
2022-11-09T00:00:00.000000Z,24.159435272216797,24.159435272216797,12.505623817443848,13.94085693359375,4647808136,2022-11-10T00:00:00.000000Z
2022-11-10T00:00:00.000000Z,13.985069274902344,18.675638198852539,13.411026954650879,17.681407928466797,4084381465,2022-11-11T00:00:00.000000Z
2022-11-11T00:00:00.000000Z,17.663450241088867,18.136482238769531,15.507472038269043,16.326745986938477,2191908978,2022-11-12T00:00:00.000000Z
2022-11-12T00:00:00.000000Z,16.340282440185547,16.40843391418457,14.538013458251953,14.53900146484375,866923655,2022-11-13T00:00:00.000000Z
2022-11-13T00:00:00.000000Z,14.537562370300293,14.660887718200684,13.122664451599121,13.164528846740723,880792311,2022-11-14T00:00:00.000000Z
2022-11-14T00:00:00.000000Z,13.165713310241699,14.889987945556641,12.254617691040039,14.00135612487793,1365413449,2022-11-15T00:00:00.000000Z
2022-11-15T00:00:00.000000Z,13.999627113342285,14.969862937927246,13.932036399841309,14.301294326782227,833458645,2022-11-16T00:00:00.000000Z
2022-11-16T00:00:00.000000Z,14.299587249755859,14.562107086181641,13.711963653564453,14.285508155822754,487495993,2022-11-17T00:00:00.000000Z
2022-11-17T00:00:00.000000Z,14.286023139953613,14.463689804077148,13.078254699707031,13.638734817504883,673219780,2022-11-18T00:00:00.000000Z
2022-11-18T00:00:00.000000Z,13.638845443725586,13.790632247924805,13.039168357849121,13.247496604919434,357193046,2022-11-19T00:00:00.000000Z
2022-11-19T00:00:00.000000Z,13.247389793395996,13.255352973937988,12.644580841064453,12.851014137268066,314294255,2022-11-20T00:00:00.000000Z
2022-11-20T00:00:00.000000Z,12.852312088012695,13.416733741760254,12.20330810546875,12.252833366394043,508411732,2022-11-21T00:00:00.000000Z
2022-11-21T00:00:00.000000Z,12.254121780395508,12.257597923278809,11.34163761138916,11.846208572387695,504498729,2022-11-22T00:00:00.000000Z
2022-11-22T00:00:00.000000Z,11.842514991760254,12.465627670288086,11.010651588439941,12.435625076293945,529418278,2022-11-23T00:00:00.000000Z
2022-11-23T00:00:00.000000Z,12.437919616699219,14.40245532989502,12.427633285522461,14.35151195526123,859905329,2022-11-24T00:00:00.000000Z
2022-11-24T00:00:00.000000Z,14.353002548217773,14.854009628295898,13.91685676574707,14.582350730895996,620159372,2022-11-25T00:00:00.000000Z
2022-11-25T00:00:00.000000Z,14.580628395080566,14.581172943115234,13.961506843566895,14.063138008117676,323667943,2022-11-26T00:00:00.000000Z
2022-11-26T00:00:00.000000Z,14.062800407409668,14.887808799743652,14.031248092651367,14.159193992614746,333271818,2022-11-27T00:00:00.000000Z
2022-11-27T00:00:00.000000Z,14.159537315368652,14.409465789794922,14.082965850830078,14.115766525268555,225035409,2022-11-28T00:00:00.000000Z
2022-11-28T00:00:00.000000Z,14.113132476806641,14.145076751708984,12.824840545654297,13.404518127441406,447463511,2022-11-29T00:00:00.000000Z
2022-11-29T00:00:00.000000Z,13.403423309326172,13.897473335266113,13.28012752532959,13.369733810424805,265372933,2022-11-30T00:00:00.000000Z
2022-11-30T00:00:00.000000Z,13.371024131774902,14.219449996948242,13.308284759521484,14.115445137023926,331594403,2022-12-01T00:00:00.000000Z
2022-12-01T00:00:00.000000Z,14.133452415466309,14.154323577880859,13.441184997558594,13.480968475341797,232200065,2022-12-02T00:00:00.000000Z
2022-12-02T00:00:00.000000Z,13.482585906982422,13.773052215576172,13.377079010009766,13.715640068054199,245049936,2022-12-03T00:00:00.000000Z
2022-12-03T00:00:00.000000Z,13.716782569885254,13.730709075927734,13.278402328491211,13.302457809448242,161314094,2022-12-04T00:00:00.000000Z
2022-12-04T00:00:00.000000Z,13.301777839660645,13.724018096923828,13.299367904663086,13.718218803405762,141802483,2022-12-05T00:00:00.000000Z
2022-12-05T00:00:00.000000Z,13.716100692749023,14.135319709777832,13.630226135253906,13.831112861633301,335440747,2022-12-06T00:00:00.000000Z
2022-12-06T00:00:00.000000Z,13.830924987792969,14.32291316986084,13.828653335571289,14.288854598999023,279979830,2022-12-07T00:00:00.000000Z
2022-12-07T00:00:00.000000Z,14.292366981506348,14.310629844665527,13.497425079345703,13.5196533203125,223134812,2022-12-08T00:00:00.000000Z
2022-12-08T00:00:00.000000Z,13.519828796386719,13.753017425537109,13.310490608215332,13.68922233581543,195918913,2022-12-09T00:00:00.000000Z
2022-12-09T00:00:00.000000Z,13.68907356262207,13.979891777038574,13.536895751953125,13.580187797546387,211833041,2022-12-10T00:00:00.000000Z
2022-12-10T00:00:00.000000Z,13.581315994262695,13.69578742980957,13.568408012390137,13.576995849609375,109293691,2022-12-11T00:00:00.000000Z
2022-12-11T00:00:00.000000Z,13.576213836669922,13.778305053710938,13.413359642028809,13.427809715270996,117436002,2022-12-12T00:00:00.000000Z
2022-12-12T00:00:00.000000Z,13.426751136779785,13.458085060119629,12.951156616210938,13.318544387817383,205298705,2022-12-13T00:00:00.000000Z
2022-12-13T00:00:00.000000Z,13.318246841430664,14.057649612426758,12.828971862792969,13.833986282348633,315949878,2022-12-14T00:00:00.000000Z
2022-12-14T00:00:00.000000Z,13.836177825927734,14.887666702270508,13.831062316894531,14.140525817871094,441479811,2022-12-15T00:00:00.000000Z
2022-12-15T00:00:00.000000Z,14.140317916870117,14.467164039611816,13.909064292907715,14.021511077880859,272679087,2022-12-16T00:00:00.000000Z
2022-12-16T00:00:00.000000Z,14.021939277648926,14.145011901855469,12.147680282592773,12.266606330871582,358747840,2022-12-17T00:00:00.000000Z
2022-12-17T00:00:00.000000Z,12.265798568725586,12.511940956115723,11.987808227539062,12.504404067993164,222801055,2022-12-18T00:00:00.000000Z
2022-12-18T00:00:00.000000Z,12.504684448242188,12.568931579589844,12.31215763092041,12.413120269775391,110722042,2022-12-19T00:00:00.000000Z
2022-12-19T00:00:00.000000Z,12.415849685668945,12.566923141479492,11.737709999084473,11.932655334472656,206060595,2022-12-20T00:00:00.000000Z
2022-12-20T00:00:00.000000Z,11.934520721435547,12.436450004577637,11.875389099121094,12.280514717102051,177388342,2022-12-21T00:00:00.000000Z
2022-12-21T00:00:00.000000Z,12.279061317443848,12.279061317443848,11.929596900939941,12.128985404968262,167974882,2022-12-22T00:00:00.000000Z
2022-12-22T00:00:00.000000Z,12.129864692687988,12.168594360351562,11.720108985900879,11.794829368591309,181200151,2022-12-23T00:00:00.000000Z
2022-12-23T00:00:00.000000Z,11.794523239135742,12.084675788879395,11.755584716796875,11.786166191101074,157181374,2022-12-24T00:00:00.000000Z
2022-12-24T00:00:00.000000Z,11.7862548828125,11.7862548828125,11.2396240234375,11.444275856018066,202780776,2022-12-25T00:00:00.000000Z
2022-12-25T00:00:00.000000Z,11.444534301757812,11.534026145935059,11.274829864501953,11.387903213500977,105389060,2022-12-26T00:00:00.000000Z
2022-12-26T00:00:00.000000Z,11.387689590454102,11.453410148620605,11.138463973999023,11.306611061096191,132410401,2022-12-27T00:00:00.000000Z
2022-12-27T00:00:00.000000Z,11.309179306030273,11.390707969665527,10.766209602355957,11.085430145263672,223332961,2022-12-28T00:00:00.000000Z
2022-12-28T00:00:00.000000Z,11.08486270904541,11.098109245300293,9.52294921875,9.7559061050415039,468728777,2022-12-29T00:00:00.000000Z
2022-12-29T00:00:00.000000Z,9.7557754516601562,9.8271293640136719,8.1412677764892578,9.6517829895019531,772500177,2022-12-30T00:00:00.000000Z
2022-12-30T00:00:00.000000Z,9.6519145965576172,10.021772384643555,9.0627145767211914,9.8801765441894531,837030648,2022-12-31T00:00:00.000000Z
2022-12-31T00:00:00.000000Z,9.8810052871704102,10.151166915893555,9.6926240921020508,9.9610385894775391,285758573,2023-01-01T00:00:00.000000Z
2023-01-01T00:00:00.000000Z,9.9610357284545898,10.052801132202148,9.7210111618041992,9.982172966003418,194221164,2023-01-02T00:00:00.000000Z
2023-01-02T00:00:00.000000Z,9.9832220077514648,11.372013092041016,9.8452110290527344,11.272967338562012,558570124,2023-01-03T00:00:00.000000Z
2023-01-03T00:00:00.000000Z,11.274726867675781,13.50026798248291,11.053266525268555,13.344045639038086,1149255381,2023-01-04T00:00:00.000000Z
2023-01-04T00:00:00.000000Z,13.351509094238281,14.095339775085449,12.922945976257324,13.435112953186035,1142852070,2023-01-05T00:00:00.000000Z
2023-01-05T00:00:00.000000Z,13.434939384460449,13.769200325012207,12.990192413330078,13.419329643249512,564255825,2023-01-06T00:00:00.000000Z
2023-01-06T00:00:00.000000Z,13.420552253723145,13.541294097900391,12.771324157714844,13.52584171295166,517147909,2023-01-07T00:00:00.000000Z
2023-01-07T00:00:00.000000Z,13.52675724029541,13.52675724029541,13.055072784423828,13.092267990112305,210349250,2023-01-08T00:00:00.000000Z
2023-01-08T00:00:00.000000Z,13.09150505065918,14.333256721496582,12.924285888671875,14.31993293762207,535020165,2023-01-09T00:00:00.000000Z
2023-01-09T00:00:00.000000Z,14.325532913208008,17.361557006835938,14.325532913208008,16.302463531494141,2029272608,2023-01-10T00:00:00.000000Z
2023-01-10T00:00:00.000000Z,16.296197891235352,16.640087127685547,15.711213111877441,16.196723937988281,833408341,2023-01-11T00:00:00.000000Z
2023-01-11T00:00:00.000000Z,16.196577072143555,16.446588516235352,15.368487358093262,16.359415054321289,630606082,2023-01-12T00:00:00.000000Z
2023-01-12T00:00:00.000000Z,16.789260864257812,16.808433532714844,15.744722366333008,16.619043350219727,884719784,2023-01-13T00:00:00.000000Z
2023-01-13T00:00:00.000000Z,16.61872673034668,18.51446533203125,16.381359100341797,18.288444519042969,1037251176,2023-01-14T00:00:00.000000Z
2023-01-14T00:00:00.000000Z,18.287506103515625,24.565017700195312,18.266824722290039,24.249458312988281,3399684035,2023-01-15T00:00:00.000000Z
2023-01-15T00:00:00.000000Z,24.259122848510742,24.651987075805664,22.116847991943359,22.873306274414062,1661787281,2023-01-16T00:00:00.000000Z
2023-01-16T00:00:00.000000Z,22.875085830688477,24.752788543701172,22.585596084594727,23.577564239501953,1596086615,2023-01-17T00:00:00.000000Z
2023-01-17T00:00:00.000000Z,23.580600738525391,23.802801132202148,22.882892608642578,22.884063720703125,926501252,2023-01-18T00:00:00.000000Z
2023-01-18T00:00:00.000000Z,22.886484146118164,23.482633590698242,20.693498611450195,20.85063362121582,1427677518,2023-01-19T00:00:00.000000Z
2023-01-19T00:00:00.000000Z,20.850828170776367,21.765443801879883,20.528949737548828,21.426765441894531,799641392,2023-01-20T00:00:00.000000Z
2023-01-20T00:00:00.000000Z,21.426406860351562,25.678333282470703,21.004543304443359,25.548271179199219,1419157455,2023-01-21T00:00:00.000000Z
2023-01-21T00:00:00.000000Z,25.551525115966797,26.410499572753906,24.614994049072266,24.627838134765625,1948796870,2023-01-22T00:00:00.000000Z
2023-01-22T00:00:00.000000Z,24.624042510986328,25.389249801635742,23.756322860717773,24.232789993286133,1029738787,2023-01-23T00:00:00.000000Z
2023-01-23T00:00:00.000000Z,24.231546401977539,24.885982513427734,23.973735809326172,24.357807159423828,874649827,2023-01-24T00:00:00.000000Z
2023-01-24T00:00:00.000000Z,24.352102279663086,25.167665481567383,22.647783279418945,22.795673370361328,837211317,2023-01-25T00:00:00.000000Z
2023-01-25T00:00:00.000000Z,22.79620361328125,25.216592788696289,22.397006988525391,24.571445465087891,1166026842,2023-01-26T00:00:00.000000Z
2023-01-26T00:00:00.000000Z,24.561397552490234,25.12034797668457,23.95353889465332,24.350696563720703,809826004,2023-01-27T00:00:00.000000Z
2023-01-27T00:00:00.000000Z,24.350980758666992,24.861764907836914,23.49876594543457,24.407857894897461,682926581,2023-01-28T00:00:00.000000Z
2023-01-28T00:00:00.000000Z,24.410602569580078,25.017385482788086,23.841827392578125,23.981801986694336,489857934,2023-01-29T00:00:00.000000Z
2023-01-29T00:00:00.000000Z,23.98078727722168,26.652805328369141,23.827844619750977,26.132387161254883,1131621628,2023-01-30T00:00:00.000000Z
2023-01-30T00:00:00.000000Z,26.13530158996582,26.24931526184082,23.489175796508789,23.946321487426758,1084170329,2023-01-31T00:00:00.000000Z
2023-01-31T00:00:00.000000Z,23.949321746826172,24.341287612915039,23.592248916625977,23.952547073364258,617019880,2023-02-01T00:00:00.000000Z
2023-02-01T00:00:00.000000Z,23.948514938354492,25.126235961914062,22.643121719360352,24.993358612060547,984317489,2023-02-02T00:00:00.000000Z
2023-02-02T00:00:00.000000Z,24.988786697387695,26.037151336669922,24.254306793212891,24.265058517456055,1017290364,2023-02-03T00:00:00.000000Z
2023-02-03T00:00:00.000000Z,24.260810852050781,25.003572463989258,24.118974685668945,24.680896759033203,643813200,2023-02-04T00:00:00.000000Z
2023-02-04T00:00:00.000000Z,24.679983139038086,24.892578125,24.317745208740234,24.317745208740234,321758043,2023-02-05T00:00:00.000000Z
2023-02-05T00:00:00.000000Z,24.319520950317383,24.425666809082031,23.116827011108398,23.493438720703125,578466008,2023-02-06T00:00:00.000000Z
2023-02-06T00:00:00.000000Z,23.493684768676758,23.687356948852539,22.603904724121094,22.706388473510742,449884793,2023-02-07T00:00:00.000000Z
2023-02-07T00:00:00.000000Z,22.697822570800781,23.899799346923828,22.607053756713867,23.861356735229492,625438600,2023-02-08T00:00:00.000000Z
2023-02-08T00:00:00.000000Z,23.860729217529297,24.148073196411133,22.881855010986328,23.192670822143555,534148944,2023-02-09T00:00:00.000000Z
2023-02-09T00:00:00.000000Z,23.198091506958008,23.279087066650391,20.203577041625977,20.452127456665039,797436250,2023-02-10T00:00:00.000000Z
2023-02-10T00:00:00.000000Z,20.453590393066406,21.117727279663086,19.843343734741211,20.130109786987305,654189930,2023-02-11T00:00:00.000000Z
2023-02-11T00:00:00.000000Z,20.128391265869141,20.860679626464844,20.119468688964844,20.830095291137695,267159267,2023-02-12T00:00:00.000000Z
2023-02-12T00:00:00.000000Z,20.828874588012695,22.260618209838867,20.646625518798828,21.489978790283203,532943787,2023-02-13T00:00:00.000000Z
2023-02-13T00:00:00.000000Z,21.486787796020508,21.529655456542969,19.870744705200195,20.79010009765625,693292656,2023-02-14T00:00:00.000000Z
2023-02-14T00:00:00.000000Z,20.781595230102539,22.245664596557617,20.711223602294922,21.824953079223633,865868623,2023-02-15T00:00:00.000000Z
2023-02-15T00:00:00.000000Z,21.824722290039062,23.901153564453125,21.502101898193359,23.883901596069336,747616299,2023-02-16T00:00:00.000000Z
2023-02-16T00:00:00.000000Z,23.884189605712891,24.030553817749023,22.264261245727539,22.285951614379883,885086333,2023-02-17T00:00:00.000000Z
2023-02-17T00:00:00.000000Z,22.282129287719727,23.493309020996094,22.153913497924805,23.166757583618164,580803415,2023-02-18T00:00:00.000000Z
2023-02-18T00:00:00.000000Z,23.167396545410156,23.757635116577148,22.967704772949219,23.478591918945312,370892073,2023-02-19T00:00:00.000000Z
2023-02-19T00:00:00.000000Z,23.476207733154297,25.520730972290039,23.268293380737305,24.840751647949219,993875671,2023-02-20T00:00:00.000000Z
2023-02-20T00:00:00.000000Z,24.84637451171875,26.925580978393555,24.342071533203125,26.181386947631836,1459545676,2023-02-21T00:00:00.000000Z
2023-02-21T00:00:00.000000Z,26.182731628417969,26.424297332763672,24.673828125,24.948558807373047,925847245,2023-02-22T00:00:00.000000Z
2023-02-22T00:00:00.000000Z,24.949750900268555,25.135200500488281,23.377933502197266,24.18134880065918,892548647,2023-02-23T00:00:00.000000Z
2023-02-23T00:00:00.000000Z,24.18242073059082,24.635833740234375,23.68366813659668,23.900800704956055,579213279,2023-02-24T00:00:00.000000Z
2023-02-24T00:00:00.000000Z,23.899637222290039,24.056329727172852,22.636556625366211,23.053035736083984,612377428,2023-02-25T00:00:00.000000Z
2023-02-25T00:00:00.000000Z,23.058849334716797,23.273439407348633,21.641862869262695,22.523399353027344,547286025,2023-02-26T00:00:00.000000Z
2023-02-26T00:00:00.000000Z,22.523857116699219,23.484447479248047,22.324239730834961,23.256088256835938,370371591,2023-02-27T00:00:00.000000Z
2023-02-27T00:00:00.000000Z,23.255739212036133,23.367462158203125,22.400766372680664,22.692588806152344,475987023,2023-02-28T00:00:00.000000Z
2023-02-28T00:00:00.000000Z,22.690984725952148,22.725032806396484,21.825813293457031,21.916387557983398,351065863,2023-03-01T00:00:00.000000Z
2023-03-01T00:00:00.000000Z,21.912136077880859,22.795337677001953,21.738677978515625,22.506431579589844,346532018,2023-03-02T00:00:00.000000Z
2023-03-02T00:00:00.000000Z,22.505313873291016,22.575216293334961,21.732509613037109,21.984878540039062,322545445,2023-03-03T00:00:00.000000Z
2023-03-03T00:00:00.000000Z,21.986516952514648,22.001710891723633,20.541078567504883,21.39935302734375,489228523,2023-03-04T00:00:00.000000Z
2023-03-04T00:00:00.000000Z,21.400026321411133,21.536838531494141,20.3741455078125,20.966838836669922,249364880,2023-03-05T00:00:00.000000Z
2023-03-05T00:00:00.000000Z,20.966392517089844,21.616996765136719,20.895563125610352,20.978584289550781,278729462,2023-03-06T00:00:00.000000Z
2023-03-06T00:00:00.000000Z,20.978412628173828,21.098865509033203,20.522214889526367,20.635011672973633,318022843,2023-03-07T00:00:00.000000Z
2023-03-07T00:00:00.000000Z,20.63469123840332,20.886848449707031,19.820596694946289,20.244731903076172,394901279,2023-03-08T00:00:00.000000Z
2023-03-08T00:00:00.000000Z,20.243930816650391,20.332366943359375,18.286304473876953,18.421194076538086,620543521,2023-03-09T00:00:00.000000Z
2023-03-09T00:00:00.000000Z,18.424707412719727,18.689046859741211,16.943132400512695,17.308147430419922,754162560,2023-03-10T00:00:00.000000Z
2023-03-10T00:00:00.000000Z,17.312250137329102,18.323396682739258,16.117345809936523,18.243642807006836,944032048,2023-03-11T00:00:00.000000Z
2023-03-11T00:00:00.000000Z,18.243104934692383,18.848188400268555,17.171354293823242,18.22584342956543,696894876,2023-03-12T00:00:00.000000Z
2023-03-12T00:00:00.000000Z,18.224798202514648,20.392890930175781,17.942476272583008,20.310531616210938,666940879,2023-03-13T00:00:00.000000Z
2023-03-13T00:00:00.000000Z,20.310792922973633,21.340412139892578,18.964471817016602,20.433712005615234,1161164364,2023-03-14T00:00:00.000000Z
2023-03-14T00:00:00.000000Z,20.434707641601562,22.106672286987305,19.914527893066406,20.928033828735352,1130224251,2023-03-15T00:00:00.000000Z
2023-03-15T00:00:00.000000Z,20.935295104980469,21.488908767700195,18.830358505249023,19.290981292724609,816614774,2023-03-16T00:00:00.000000Z
2023-03-16T00:00:00.000000Z,19.299495697021484,19.883510589599609,19.036310195922852,19.73054313659668,438673097,2023-03-17T00:00:00.000000Z
2023-03-17T00:00:00.000000Z,19.730066299438477,21.676240921020508,19.499818801879883,21.62910270690918,623518286,2023-03-18T00:00:00.000000Z
2023-03-18T00:00:00.000000Z,21.632440567016602,22.861988067626953,21.141870498657227,21.195901870727539,789771840,2023-03-19T00:00:00.000000Z
2023-03-19T00:00:00.000000Z,21.19828987121582,22.453811645507812,21.19828987121582,21.903402328491211,475166077,2023-03-20T00:00:00.000000Z
2023-03-20T00:00:00.000000Z,21.904611587524414,23.831193923950195,21.585559844970703,22.176464080810547,1147250538,2023-03-21T00:00:00.000000Z
2023-03-21T00:00:00.000000Z,22.177589416503906,23.223714828491211,21.639102935791016,22.618267059326172,745081556,2023-03-22T00:00:00.000000Z
2023-03-22T00:00:00.000000Z,22.614276885986328,23.06732177734375,21.149650573730469,21.480485916137695,851680842,2023-03-23T00:00:00.000000Z
2023-03-23T00:00:00.000000Z,21.475513458251953,22.700597763061523,21.216276168823242,22.216777801513672,555730954,2023-03-24T00:00:00.000000Z
2023-03-24T00:00:00.000000Z,22.214151382446289,22.258434295654297,20.355827331542969,20.678855895996094,547225198,2023-03-25T00:00:00.000000Z
2023-03-25T00:00:00.000000Z,20.677745819091797,20.952482223510742,20.184852600097656,20.446645736694336,272949711,2023-03-26T00:00:00.000000Z
2023-03-26T00:00:00.000000Z,20.444177627563477,21.129981994628906,20.34568977355957,20.975519180297852,226663968,2023-03-27T00:00:00.000000Z
2023-03-27T00:00:00.000000Z,20.976085662841797,20.979824066162109,19.508054733276367,19.921674728393555,359607077,2023-03-28T00:00:00.000000Z
2023-03-28T00:00:00.000000Z,19.922195434570312,20.76420783996582,19.665567398071289,20.470697402954102,347656506,2023-03-29T00:00:00.000000Z
2023-03-29T00:00:00.000000Z,20.46544075012207,21.505144119262695,20.458122253417969,21.111467361450195,378726667,2023-03-30T00:00:00.000000Z
2023-03-30T00:00:00.000000Z,21.113840103149414,21.590513229370117,20.232969284057617,20.551046371459961,472449267,2023-03-31T00:00:00.000000Z
2023-03-31T00:00:00.000000Z,20.552515029907227,21.441999435424805,20.155242919921875,21.170495986938477,352864960,2023-04-01T00:00:00.000000Z
2023-04-01T00:00:00.000000Z,21.171352386474609,21.313888549804688,20.858905792236328,20.975641250610352,209186327,2023-04-02T00:00:00.000000Z
2023-04-02T00:00:00.000000Z,21.087991714477539,21.28608512878418,20.315700531005859,20.536975860595703,229561591,2023-04-03T00:00:00.000000Z
2023-04-03T00:00:00.000000Z,20.536037445068359,20.934097290039062,20.02490234375,20.443050384521484,437266506,2023-04-04T00:00:00.000000Z
2023-04-04T00:00:00.000000Z,20.442649841308594,21.236377716064453,20.352720260620117,20.924619674682617,305630170,2023-04-05T00:00:00.000000Z
2023-04-05T00:00:00.000000Z,20.924537658691406,21.319177627563477,20.670976638793945,20.966007232666016,324885702,2023-04-06T00:00:00.000000Z
2023-04-06T00:00:00.000000Z,20.96971321105957,20.970621109008789,20.506414413452148,20.610128402709961,222557225,2023-04-07T00:00:00.000000Z
2023-04-07T00:00:00.000000Z,20.611345291137695,20.771724700927734,20.267675399780273,20.469940185546875,171660856,2023-04-08T00:00:00.000000Z
2023-04-08T00:00:00.000000Z,20.4666748046875,20.713235855102539,19.947696685791016,20.036449432373047,194413927,2023-04-09T00:00:00.000000Z
2023-04-09T00:00:00.000000Z,20.038370132446289,20.420705795288086,19.964378356933594,20.299465179443359,152580905,2023-04-10T00:00:00.000000Z
2023-04-10T00:00:00.000000Z,20.300235748291016,20.936527252197266,20.115707397460938,20.882356643676758,224169192,2023-04-11T00:00:00.000000Z
2023-04-11T00:00:00.000000Z,20.883928298950195,23.635955810546875,20.860193252563477,23.018827438354492,1083533914,2023-04-12T00:00:00.000000Z
2023-04-12T00:00:00.000000Z,23.018800735473633,24.34465217590332,22.423229217529297,23.985305786132812,1204250258,2023-04-13T00:00:00.000000Z
2023-04-13T00:00:00.000000Z,23.810882568359375,25.242456436157227,23.704795837402344,24.432308197021484,792335438,2023-04-14T00:00:00.000000Z
2023-04-14T00:00:00.000000Z,24.43577766418457,25.461393356323242,23.817447662353516,24.772722244262695,859037933,2023-04-15T00:00:00.000000Z
2023-04-15T00:00:00.000000Z,24.77461051940918,24.77461051940918,23.872028350830078,24.079378128051758,379745930,2023-04-16T00:00:00.000000Z
2023-04-16T00:00:00.000000Z,24.07978630065918,25.454143524169922,23.94781494140625,25.361927032470703,466841333,2023-04-17T00:00:00.000000Z
2023-04-17T00:00:00.000000Z,25.362480163574219,25.938335418701172,24.406898498535156,24.558845520019531,789077237,2023-04-18T00:00:00.000000Z
2023-04-18T00:00:00.000000Z,24.564685821533203,25.42329216003418,24.102088928222656,24.852689743041992,487693856,2023-04-19T00:00:00.000000Z
2023-04-19T00:00:00.000000Z,24.850410461425781,24.939508438110352,22.266664505004883,22.712835311889648,836873906,2023-04-20T00:00:00.000000Z
2023-04-20T00:00:00.000000Z,22.704620361328125,23.120536804199219,21.664962768554688,22.181440353393555,658826580,2023-04-21T00:00:00.000000Z
2023-04-21T00:00:00.000000Z,22.183801651000977,22.376489639282227,21.133298873901367,21.278135299682617,489546774,2023-04-22T00:00:00.000000Z
2023-04-22T00:00:00.000000Z,21.277473449707031,21.948162078857422,21.108491897583008,21.816287994384766,246809009,2023-04-23T00:00:00.000000Z
2023-04-23T00:00:00.000000Z,21.816427230834961,22.217382431030273,21.067718505859375,21.480138778686523,314447869,2023-04-24T00:00:00.000000Z
2023-04-24T00:00:00.000000Z,21.479459762573242,21.950172424316406,21.078792572021484,21.391069412231445,358681450,2023-04-25T00:00:00.000000Z
2023-04-25T00:00:00.000000Z,21.389921188354492,21.937141418457031,20.783756256103516,21.927253723144531,367752382,2023-04-26T00:00:00.000000Z
2023-04-26T00:00:00.000000Z,21.92747688293457,22.921377182006836,20.574014663696289,21.283012390136719,690088236,2023-04-27T00:00:00.000000Z
2023-04-27T00:00:00.000000Z,21.284690856933594,22.48358154296875,21.226152420043945,22.340114593505859,509745191,2023-04-28T00:00:00.000000Z
2023-04-28T00:00:00.000000Z,22.339731216430664,23.460052490234375,22.21075439453125,23.366287231445312,511781472,2023-04-29T00:00:00.000000Z
2023-04-29T00:00:00.000000Z,23.366914749145508,23.750762939453125,22.987077713012695,23.18299674987793,369964075,2023-04-30T00:00:00.000000Z
2023-04-30T00:00:00.000000Z,23.183658599853516,23.929723739624023,22.832014083862305,22.832014083862305,368042267,2023-05-01T00:00:00.000000Z
2023-05-01T00:00:00.000000Z,22.82850456237793,22.87849235534668,21.640710830688477,21.98663330078125,438350469,2023-05-02T00:00:00.000000Z
2023-05-02T00:00:00.000000Z,21.986553192138672,22.373878479003906,21.772895812988281,22.264978408813477,296722866,2023-05-03T00:00:00.000000Z
2023-05-03T00:00:00.000000Z,22.265134811401367,22.267185211181641,21.282699584960938,22.218002319335938,445797367,2023-05-04T00:00:00.000000Z
2023-05-04T00:00:00.000000Z,22.218751907348633,22.441139221191406,21.651815414428711,21.730348587036133,291826693,2023-05-05T00:00:00.000000Z
2023-05-05T00:00:00.000000Z,21.730815887451172,23.029722213745117,21.706457138061523,22.82611083984375,423211212,2023-05-06T00:00:00.000000Z
2023-05-06T00:00:00.000000Z,22.828092575073242,23.222301483154297,21.729970932006836,21.974262237548828,351934449,2023-05-07T00:00:00.000000Z
2023-05-07T00:00:00.000000Z,21.971925735473633,22.738605499267578,21.808727264404297,21.844228744506836,303626005,2023-05-08T00:00:00.000000Z
2023-05-08T00:00:00.000000Z,21.807779312133789,21.807779312133789,20.260629653930664,20.657463073730469,553548056,2023-05-09T00:00:00.000000Z
2023-05-09T00:00:00.000000Z,20.658002853393555,20.964788436889648,20.459636688232422,20.683645248413086,272780907,2023-05-10T00:00:00.000000Z
2023-05-10T00:00:00.000000Z,20.682779312133789,21.295009613037109,20.165687561035156,20.953710556030273,490700208,2023-05-11T00:00:00.000000Z
2023-05-11T00:00:00.000000Z,20.955499649047852,20.955499649047852,19.855695724487305,20.234880447387695,376535594,2023-05-12T00:00:00.000000Z
2023-05-12T00:00:00.000000Z,20.232479095458984,20.929597854614258,19.864313125610352,20.911794662475586,362726295,2023-05-13T00:00:00.000000Z
2023-05-13T00:00:00.000000Z,20.915910720825195,21.247978210449219,20.821968078613281,20.86876106262207,224618367,2023-05-14T00:00:00.000000Z
2023-05-14T00:00:00.000000Z,20.868267059326172,21.243988037109375,20.666637420654297,20.953397750854492,184522451,2023-05-15T00:00:00.000000Z
2023-05-15T00:00:00.000000Z,20.953227996826172,21.485639572143555,20.647809982299805,21.00718879699707,307353987,2023-05-16T00:00:00.000000Z
2023-05-16T00:00:00.000000Z,21.008012771606445,21.12025260925293,20.475379943847656,20.679420471191406,279283146,2023-05-17T00:00:00.000000Z
2023-05-17T00:00:00.000000Z,20.679012298583984,21.170768737792969,20.500478744506836,21.068399429321289,279742763,2023-05-18T00:00:00.000000Z
2023-05-18T00:00:00.000000Z,21.068193435668945,21.068193435668945,20.168506622314453,20.348695755004883,293327002,2023-05-19T00:00:00.000000Z
2023-05-19T00:00:00.000000Z,20.348098754882812,20.558099746704102,20.312673568725586,20.349870681762695,149073606,2023-05-20T00:00:00.000000Z
2023-05-20T00:00:00.000000Z,20.350309371948242,20.361488342285156,20.146999359130859,20.285446166992188,121021517,2023-05-21T00:00:00.000000Z
2023-05-21T00:00:00.000000Z,20.285701751708984,20.383838653564453,19.508216857910156,19.609437942504883,210641913,2023-05-22T00:00:00.000000Z
2023-05-22T00:00:00.000000Z,19.612018585205078,19.98162841796875,19.383373260498047,19.542045593261719,216922971,2023-05-23T00:00:00.000000Z
2023-05-23T00:00:00.000000Z,19.542263031005859,20.152935028076172,19.451259613037109,20.043182373046875,258761187,2023-05-24T00:00:00.000000Z
2023-05-24T00:00:00.000000Z,20.044349670410156,20.062013626098633,18.914325714111328,19.223663330078125,297840141,2023-05-25T00:00:00.000000Z
2023-05-25T00:00:00.000000Z,19.222572326660156,19.525495529174805,18.892263412475586,19.260662078857422,194537149,2023-05-26T00:00:00.000000Z
2023-05-26T00:00:00.000000Z,19.260940551757812,19.541164398193359,19.120452880859375,19.36695671081543,140228468,2023-05-27T00:00:00.000000Z
2023-05-27T00:00:00.000000Z,19.366157531738281,20.499244689941406,19.350170135498047,20.425233840942383,179682882,2023-05-28T00:00:00.000000Z
2023-05-28T00:00:00.000000Z,20.426080703735352,21.150989532470703,20.336889266967773,20.798578262329102,291460886,2023-05-29T00:00:00.000000Z
2023-05-29T00:00:00.000000Z,20.800046920776367,20.970685958862305,20.29768180847168,20.586509704589844,228295637,2023-05-30T00:00:00.000000Z
2023-05-30T00:00:00.000000Z,20.587137222290039,21.381717681884766,20.519500732421875,21.254083633422852,367512387,2023-05-31T00:00:00.000000Z
2023-05-31T00:00:00.000000Z,21.255285263061523,21.318878173828125,20.468751907348633,20.824502944946289,246152341,2023-06-01T00:00:00.000000Z
2023-06-01T00:00:00.000000Z,20.824892044067383,20.97260856628418,20.464469909667969,20.502218246459961,209047110,2023-06-02T00:00:00.000000Z
2023-06-02T00:00:00.000000Z,20.502729415893555,21.35614013671875,20.38359260559082,21.257595062255859,237609887,2023-06-03T00:00:00.000000Z
2023-06-03T00:00:00.000000Z,21.258623123168945,21.335468292236328,21.017078399658203,21.15556526184082,144933830,2023-06-04T00:00:00.000000Z
2023-06-04T00:00:00.000000Z,21.15740966796875,22.284591674804688,21.061323165893555,21.818975448608398,317802167,2023-06-05T00:00:00.000000Z
2023-06-05T00:00:00.000000Z,21.821796417236328,22.042024612426758,19.423831939697266,20.07505989074707,594214946,2023-06-06T00:00:00.000000Z
2023-06-06T00:00:00.000000Z,20.062505722045898,20.683780670166016,19.320531845092773,20.398483276367188,441408235,2023-06-07T00:00:00.000000Z
2023-06-07T00:00:00.000000Z,20.399314880371094,20.486583709716797,18.549921035766602,18.634283065795898,390444801,2023-06-08T00:00:00.000000Z
2023-06-08T00:00:00.000000Z,18.635646820068359,19.077764511108398,18.294736862182617,18.909475326538086,258460307,2023-06-09T00:00:00.000000Z
2023-06-09T00:00:00.000000Z,18.908403396606445,19.299476623535156,17.161293029785156,17.37969970703125,463344687,2023-06-10T00:00:00.000000Z
2023-06-10T00:00:00.000000Z,17.381353378295898,17.39295768737793,13.379448890686035,15.656101226806641,1230339924,2023-06-11T00:00:00.000000Z
2023-06-11T00:00:00.000000Z,15.654450416564941,16.115692138671875,15.198493003845215,15.558775901794434,446176848,2023-06-12T00:00:00.000000Z
2023-06-12T00:00:00.000000Z,15.557231903076172,15.606237411499023,14.817190170288086,15.196707725524902,384209938,2023-06-13T00:00:00.000000Z
2023-06-13T00:00:00.000000Z,15.196287155151367,15.873085975646973,14.816584587097168,15.018193244934082,363876713,2023-06-14T00:00:00.000000Z
2023-06-14T00:00:00.000000Z,15.018190383911133,15.305150032043457,14.195953369140625,14.486572265625,296502336,2023-06-15T00:00:00.000000Z
2023-06-15T00:00:00.000000Z,14.486286163330078,15.010393142700195,14.214147567749023,14.759472846984863,329864409,2023-06-16T00:00:00.000000Z
2023-06-16T00:00:00.000000Z,14.760416030883789,15.399171829223633,14.46956729888916,15.308254241943359,232544705,2023-06-17T00:00:00.000000Z
2023-06-17T00:00:00.000000Z,15.308581352233887,16.06578254699707,15.185426712036133,15.650521278381348,206436912,2023-06-18T00:00:00.000000Z
2023-06-18T00:00:00.000000Z,15.64947509765625,15.812690734863281,15.361244201660156,15.438235282897949,141612316,2023-06-19T00:00:00.000000Z
2023-06-19T00:00:00.000000Z,15.438765525817871,16.075370788574219,15.414377212524414,16.073041915893555,163949883,2023-06-20T00:00:00.000000Z
2023-06-20T00:00:00.000000Z,16.078037261962891,16.665105819702148,15.759370803833008,16.635231018066406,265787114,2023-06-21T00:00:00.000000Z
2023-06-21T00:00:00.000000Z,16.635486602783203,17.379573822021484,16.583469390869141,17.257045745849609,357788986,2023-06-22T00:00:00.000000Z
2023-06-22T00:00:00.000000Z,17.257148742675781,17.698505401611328,16.610345840454102,16.642620086669922,299233520,2023-06-23T00:00:00.000000Z
2023-06-23T00:00:00.000000Z,16.642969131469727,17.510692596435547,16.236747741699219,17.149534225463867,386994632,2023-06-24T00:00:00.000000Z
2023-06-24T00:00:00.000000Z,17.149274826049805,17.517597198486328,16.46331787109375,16.652862548828125,260480952,2023-06-25T00:00:00.000000Z
2023-06-25T00:00:00.000000Z,16.651472091674805,17.34068489074707,16.607137680053711,16.971380233764648,252839095,2023-06-26T00:00:00.000000Z
2023-06-26T00:00:00.000000Z,16.969646453857422,17.101676940917969,16.020975112915039,16.270027160644531,275948459,2023-06-27T00:00:00.000000Z
2023-06-27T00:00:00.000000Z,16.269870758056641,16.909896850585938,16.1785888671875,16.619649887084961,259041273,2023-06-28T00:00:00.000000Z
2023-06-28T00:00:00.000000Z,16.621904373168945,16.627328872680664,15.74758243560791,15.986843109130859,327399744,2023-06-29T00:00:00.000000Z
2023-06-29T00:00:00.000000Z,15.98551082611084,18.19975471496582,15.906376838684082,17.970457077026367,737633196,2023-06-30T00:00:00.000000Z
2023-06-30T00:00:00.000000Z,17.971071243286133,19.855125427246094,17.314870834350586,18.897321701049805,1120379648,2023-07-01T00:00:00.000000Z
2023-07-01T00:00:00.000000Z,18.896064758300781,18.971427917480469,17.945798873901367,18.683902740478516,349552752,2023-07-02T00:00:00.000000Z
2023-07-02T00:00:00.000000Z,18.689668655395508,19.704559326171875,18.582004547119141,19.453594207763672,497231250,2023-07-03T00:00:00.000000Z
2023-07-03T00:00:00.000000Z,19.452413558959961,19.6131591796875,18.943145751953125,19.240537643432617,324227812,2023-07-04T00:00:00.000000Z
2023-07-04T00:00:00.000000Z,19.242031097412109,19.87669563293457,19.096738815307617,19.143228530883789,345225951,2023-07-05T00:00:00.000000Z
2023-07-05T00:00:00.000000Z,19.145612716674805,19.355266571044922,18.498628616333008,18.992864608764648,260416081,2023-07-06T00:00:00.000000Z
2023-07-06T00:00:00.000000Z,18.991992950439453,20.922775268554688,18.886260986328125,19.729385375976562,903770571,2023-07-07T00:00:00.000000Z
2023-07-07T00:00:00.000000Z,19.726110458374023,21.601711273193359,19.318931579589844,21.484664916992188,988591308,2023-07-08T00:00:00.000000Z
2023-07-08T00:00:00.000000Z,21.485252380371094,22.40300178527832,21.356882095336914,21.859268188476562,693929963,2023-07-09T00:00:00.000000Z
2023-07-09T00:00:00.000000Z,21.854955673217773,22.322025299072266,21.087577819824219,21.349004745483398,405174806,2023-07-10T00:00:00.000000Z
2023-07-10T00:00:00.000000Z,21.347787857055664,21.777145385742188,20.572586059570312,21.313776016235352,543191863,2023-07-11T00:00:00.000000Z
2023-07-11T00:00:00.000000Z,21.314722061157227,22.285200119018555,21.24249267578125,22.092933654785156,453810523,2023-07-12T00:00:00.000000Z
2023-07-12T00:00:00.000000Z,22.092424392700195,22.712724685668945,21.828254699707031,21.977602005004883,541605988,2023-07-13T00:00:00.000000Z
2023-07-13T00:00:00.000000Z,21.978460311889648,26.624345779418945,21.49482536315918,26.02569580078125,1527996472,2023-07-14T00:00:00.000000Z
2023-07-14T00:00:00.000000Z,26.020759582519531,30.057695388793945,25.434978485107422,26.7357177734375,2184090884,2023-07-15T00:00:00.000000Z
2023-07-15T00:00:00.000000Z,26.729034423828125,29.057395935058594,26.688867568969727,27.391355514526367,1323279744,2023-07-16T00:00:00.000000Z
2023-07-16T00:00:00.000000Z,27.395526885986328,28.551088333129883,26.897699356079102,27.384082794189453,753056132,2023-07-17T00:00:00.000000Z
2023-07-17T00:00:00.000000Z,27.385768890380859,28.380918502807617,25.895729064941406,26.872766494750977,970813262,2023-07-18T00:00:00.000000Z
2023-07-18T00:00:00.000000Z,26.869007110595703,27.045597076416016,24.824853897094727,25.544504165649414,696782373,2023-07-19T00:00:00.000000Z
2023-07-19T00:00:00.000000Z,25.550882339477539,26.922088623046875,25.418062210083008,26.372352600097656,603189951,2023-07-20T00:00:00.000000Z
2023-07-20T00:00:00.000000Z,26.36872673034668,26.896438598632812,25.169425964355469,25.375167846679688,606255421,2023-07-21T00:00:00.000000Z
2023-07-21T00:00:00.000000Z,25.375524520874023,25.947921752929688,25.142337799072266,25.544267654418945,410907584,2023-07-22T00:00:00.000000Z
2023-07-22T00:00:00.000000Z,25.543178558349609,25.950357437133789,24.306474685668945,24.535053253173828,335432006,2023-07-23T00:00:00.000000Z
2023-07-23T00:00:00.000000Z,24.532663345336914,25.213611602783203,24.250967025756836,24.766815185546875,330741258,2023-07-24T00:00:00.000000Z
2023-07-24T00:00:00.000000Z,24.765520095825195,24.810638427734375,23.069425582885742,23.381490707397461,492344649,2023-07-25T00:00:00.000000Z
2023-07-25T00:00:00.000000Z,23.383249282836914,23.525882720947266,22.864362716674805,23.279321670532227,346742173,2023-07-26T00:00:00.000000Z
2023-07-26T00:00:00.000000Z,23.27935791015625,25.518346786499023,23.207731246948242,25.177053451538086,688135176,2023-07-27T00:00:00.000000Z
2023-07-27T00:00:00.000000Z,25.178079605102539,25.586376190185547,24.720161437988281,25.099336624145508,514211484,2023-07-28T00:00:00.000000Z
2023-07-28T00:00:00.000000Z,25.098728179931641,25.473247528076172,24.577672958374023,24.846857070922852,374045446,2023-07-29T00:00:00.000000Z
2023-07-29T00:00:00.000000Z,24.84393310546875,25.367044448852539,24.780374526977539,25.168973922729492,265061245,2023-07-30T00:00:00.000000Z
2023-07-30T00:00:00.000000Z,25.16937255859375,25.193292617797852,23.845407485961914,24.261018753051758,365262222,2023-07-31T00:00:00.000000Z
2023-07-31T00:00:00.000000Z,24.261838912963867,24.75018310546875,23.658819198608398,23.720956802368164,376948332,2023-08-01T00:00:00.000000Z
2023-08-01T00:00:00.000000Z,23.724891662597656,23.998752593994141,23.087238311767578,23.998752593994141,428254164,2023-08-02T00:00:00.000000Z
2023-08-02T00:00:00.000000Z,23.993515014648438,24.219627380371094,22.984315872192383,23.145721435546875,393185796,2023-08-03T00:00:00.000000Z
2023-08-03T00:00:00.000000Z,23.144893646240234,23.353015899658203,22.54010009765625,22.636049270629883,365983702,2023-08-04T00:00:00.000000Z
2023-08-04T00:00:00.000000Z,22.632715225219727,23.521781921386719,22.522666931152344,22.793619155883789,382245804,2023-08-05T00:00:00.000000Z
2023-08-05T00:00:00.000000Z,22.793601989746094,22.895528793334961,22.327997207641602,22.632204055786133,250613466,2023-08-06T00:00:00.000000Z
2023-08-06T00:00:00.000000Z,22.632547378540039,23.416099548339844,22.596603393554688,23.185695648193359,320595154,2023-08-07T00:00:00.000000Z
2023-08-07T00:00:00.000000Z,23.185405731201172,23.503938674926758,22.48735237121582,23.068756103515625,353804981,2023-08-08T00:00:00.000000Z
2023-08-08T00:00:00.000000Z,23.069252014160156,24.727624893188477,23.021738052368164,24.211763381958008,495649796,2023-08-09T00:00:00.000000Z
2023-08-09T00:00:00.000000Z,24.211030960083008,24.95158576965332,24.194208145141602,24.37852668762207,447009018,2023-08-10T00:00:00.000000Z
2023-08-10T00:00:00.000000Z,24.378301620483398,24.809499740600586,24.150667190551758,24.613052368164062,339616018,2023-08-11T00:00:00.000000Z
2023-08-11T00:00:00.000000Z,24.610626220703125,24.865314483642578,24.359615325927734,24.582860946655273,314045619,2023-08-12T00:00:00.000000Z
2023-08-12T00:00:00.000000Z,24.585542678833008,25.11195182800293,24.405805587768555,24.906730651855469,253389584,2023-08-13T00:00:00.000000Z
2023-08-13T00:00:00.000000Z,24.905216217041016,24.91316032409668,24.236482620239258,24.242885589599609,263449955,2023-08-14T00:00:00.000000Z
2023-08-14T00:00:00.000000Z,24.242403030395508,25.227117538452148,24.09539794921875,25.142822265625,359715099,2023-08-15T00:00:00.000000Z
2023-08-15T00:00:00.000000Z,25.147171020507812,25.241121292114258,23.761661529541016,23.896585464477539,424193111,2023-08-16T00:00:00.000000Z
2023-08-16T00:00:00.000000Z,23.900014877319336,23.993120193481445,22.487527847290039,22.811975479125977,441171937,2023-08-17T00:00:00.000000Z
2023-08-17T00:00:00.000000Z,22.811418533325195,23.380619049072266,20.304153442382812,21.70997428894043,620931325,2023-08-18T00:00:00.000000Z
2023-08-18T00:00:00.000000Z,21.712427139282227,22.170013427734375,21.089134216308594,21.335493087768555,411279768,2023-08-19T00:00:00.000000Z
2023-08-19T00:00:00.000000Z,21.335710525512695,22.147785186767578,21.315994262695312,21.879037857055664,244048976,2023-08-20T00:00:00.000000Z
2023-08-20T00:00:00.000000Z,21.879751205444336,22.004703521728516,21.630094528198242,21.773275375366211,198853112,2023-08-21T00:00:00.000000Z
2023-08-21T00:00:00.000000Z,21.773263931274414,21.777425765991211,20.683576583862305,21.208259582519531,339125910,2023-08-22T00:00:00.000000Z
2023-08-22T00:00:00.000000Z,21.207065582275391,21.250513076782227,19.735467910766602,20.546541213989258,381594696,2023-08-23T00:00:00.000000Z
2023-08-23T00:00:00.000000Z,20.54734992980957,21.746028900146484,20.451467514038086,21.703624725341797,404686524,2023-08-24T00:00:00.000000Z
2023-08-24T00:00:00.000000Z,21.707986831665039,21.988443374633789,20.751087188720703,21.033031463623047,328472951,2023-08-25T00:00:00.000000Z
2023-08-25T00:00:00.000000Z,21.035110473632812,21.049627304077148,20.153100967407227,20.392719268798828,278312420,2023-08-26T00:00:00.000000Z
2023-08-26T00:00:00.000000Z,20.392974853515625,20.403776168823242,20.217575073242188,20.280424118041992,144065112,2023-08-27T00:00:00.000000Z
2023-08-27T00:00:00.000000Z,20.28070068359375,20.870126724243164,20.262111663818359,20.786838531494141,177496132,2023-08-28T00:00:00.000000Z
2023-08-28T00:00:00.000000Z,20.786964416503906,20.786964416503906,20.168689727783203,20.557100296020508,200600033,2023-08-29T00:00:00.000000Z
2023-08-29T00:00:00.000000Z,20.556865692138672,21.983257293701172,20.12834358215332,21.780763626098633,469679540,2023-08-30T00:00:00.000000Z
2023-08-30T00:00:00.000000Z,21.782026290893555,21.932714462280273,20.641664505004883,20.834903717041016,292322455,2023-08-31T00:00:00.000000Z
2023-08-31T00:00:00.000000Z,20.833837509155273,21.007213592529297,19.549762725830078,19.735092163085938,343649256,2023-09-01T00:00:00.000000Z
2023-09-01T00:00:00.000000Z,19.734756469726562,19.907936096191406,19.092510223388672,19.327844619750977,286842939,2023-09-02T00:00:00.000000Z
2023-09-02T00:00:00.000000Z,19.328523635864258,19.666084289550781,19.188915252685547,19.493743896484375,200858690,2023-09-03T00:00:00.000000Z
2023-09-03T00:00:00.000000Z,19.494253158569336,19.657276153564453,19.28093147277832,19.578746795654297,164570332,2023-09-04T00:00:00.000000Z
2023-09-04T00:00:00.000000Z,19.577850341796875,19.949865341186523,19.242256164550781,19.499408721923828,220024399,2023-09-05T00:00:00.000000Z
2023-09-05T00:00:00.000000Z,19.500677108764648,20.547443389892578,19.094310760498047,20.272384643554688,387328289,2023-09-06T00:00:00.000000Z
2023-09-06T00:00:00.000000Z,20.272237777709961,20.348989486694336,19.215927124023438,19.620029449462891,313630984,2023-09-07T00:00:00.000000Z
2023-09-07T00:00:00.000000Z,19.62108039855957,19.972978591918945,19.367788314819336,19.890499114990234,242438252,2023-09-08T00:00:00.000000Z
2023-09-08T00:00:00.000000Z,19.893768310546875,20.214828491210938,19.421865463256836,19.599044799804688,219114497,2023-09-09T00:00:00.000000Z
2023-09-09T00:00:00.000000Z,19.600006103515625,19.602888107299805,19.40461540222168,19.446071624755859,101925453,2023-09-10T00:00:00.000000Z
2023-09-10T00:00:00.000000Z,19.446187973022461,19.446187973022461,17.870340347290039,18.248830795288086,520683204,2023-09-11T00:00:00.000000Z
2023-09-11T00:00:00.000000Z,18.246707916259766,18.413116455078125,17.461477279663086,17.739166259765625,380225621,2023-09-12T00:00:00.000000Z
2023-09-12T00:00:00.000000Z,17.738864898681641,18.655071258544922,17.606657028198242,17.929826736450195,361388393,2023-09-13T00:00:00.000000Z
2023-09-13T00:00:00.000000Z,17.930871963500977,18.508787155151367,17.739513397216797,18.402999877929688,356729875,2023-09-14T00:00:00.000000Z
2023-09-14T00:00:00.000000Z,18.403322219848633,19.267307281494141,18.403322219848633,18.838306427001953,349380172,2023-09-15T00:00:00.000000Z
2023-09-15T00:00:00.000000Z,18.839179992675781,19.406581878662109,18.590330123901367,19.168844223022461,205202282,2023-09-16T00:00:00.000000Z
2023-09-16T00:00:00.000000Z,19.169498443603516,19.416814804077148,18.917415618896484,19.140369415283203,146477836,2023-09-17T00:00:00.000000Z
2023-09-17T00:00:00.000000Z,19.139827728271484,19.139827728271484,18.712940216064453,18.831628799438477,112594680,2023-09-18T00:00:00.000000Z
2023-09-18T00:00:00.000000Z,18.832380294799805,20.100101470947266,18.651571273803711,19.657245635986328,316245106,2023-09-19T00:00:00.000000Z
2023-09-19T00:00:00.000000Z,19.657075881958008,20.358543395996094,19.614437103271484,20.036188125610352,253895801,2023-09-20T00:00:00.000000Z
2023-09-20T00:00:00.000000Z,20.036289215087891,20.483039855957031,19.853780746459961,20.304937362670898,233206126,2023-09-21T00:00:00.000000Z
2023-09-21T00:00:00.000000Z,20.304815292358398,20.304815292358398,19.37391471862793,19.479070663452148,253809695,2023-09-22T00:00:00.000000Z
2023-09-22T00:00:00.000000Z,19.478250503540039,19.774112701416016,19.221296310424805,19.438144683837891,170874161,2023-09-23T00:00:00.000000Z
2023-09-23T00:00:00.000000Z,19.438510894775391,19.558160781860352,19.313749313354492,19.473903656005859,97379053,2023-09-24T00:00:00.000000Z
2023-09-24T00:00:00.000000Z,19.473894119262695,19.657695770263672,19.308036804199219,19.374290466308594,115380619,2023-09-25T00:00:00.000000Z
2023-09-25T00:00:00.000000Z,19.3741455078125,19.703439712524414,19.217248916625977,19.404140472412109,163848456,2023-09-26T00:00:00.000000Z
2023-09-26T00:00:00.000000Z,19.402744293212891,19.505365371704102,18.941389083862305,19.023286819458008,170201883,2023-09-27T00:00:00.000000Z
2023-09-27T00:00:00.000000Z,19.022514343261719,19.446525573730469,18.774215698242188,19.130022048950195,210385139,2023-09-28T00:00:00.000000Z
2023-09-28T00:00:00.000000Z,19.129474639892578,19.960865020751953,19.110307693481445,19.957616806030273,225954938,2023-09-29T00:00:00.000000Z
2023-09-29T00:00:00.000000Z,19.95958137512207,20.415977478027344,19.875160217285156,20.300655364990234,219571069,2023-09-30T00:00:00.000000Z
2023-09-30T00:00:00.000000Z,20.299589157104492,21.729970932006836,20.124679565429688,21.395147323608398,328987954,2023-10-01T00:00:00.000000Z
2023-10-01T00:00:00.000000Z,21.392059326171875,24.396018981933594,21.170072555541992,23.83648681640625,637123111,2023-10-02T00:00:00.000000Z
2023-10-02T00:00:00.000000Z,23.837955474853516,24.603424072265625,22.976022720336914,23.371700286865234,658084028,2023-10-03T00:00:00.000000Z
2023-10-03T00:00:00.000000Z,23.36992073059082,24.662073135375977,23.296710968017578,23.552694320678711,653491878,2023-10-04T00:00:00.000000Z
2023-10-04T00:00:00.000000Z,23.556915283203125,23.754377365112305,22.692842483520508,23.144786834716797,429268875,2023-10-05T00:00:00.000000Z
2023-10-05T00:00:00.000000Z,23.146551132202148,23.717647552490234,22.628948211669922,22.694141387939453,361288781,2023-10-06T00:00:00.000000Z
2023-10-06T00:00:00.000000Z,22.692167282104492,23.70509147644043,22.692167282104492,23.424453735351562,402665506,2023-10-07T00:00:00.000000Z
2023-10-07T00:00:00.000000Z,23.4239501953125,24.101722717285156,23.117116928100586,23.287302017211914,278403509,2023-10-08T00:00:00.000000Z
2023-10-08T00:00:00.000000Z,23.289335250854492,23.613706588745117,23.144279479980469,23.246425628662109,190670414,2023-10-09T00:00:00.000000Z
2023-10-09T00:00:00.000000Z,23.244909286499023,23.353511810302734,21.814489364624023,22.118396759033203,356967743,2023-10-10T00:00:00.000000Z
2023-10-10T00:00:00.000000Z,22.117517471313477,22.458488464355469,21.738727569580078,22.10511589050293,241087146,2023-10-11T00:00:00.000000Z
2023-10-11T00:00:00.000000Z,22.105201721191406,22.391181945800781,21.679807662963867,22.007419586181641,278925381,2023-10-12T00:00:00.000000Z
2023-10-12T00:00:00.000000Z,22.007484436035156,22.019926071166992,21.068971633911133,21.300268173217773,283320977,2023-10-13T00:00:00.000000Z
2023-10-13T00:00:00.000000Z,21.299955368041992,22.156654357910156,21.132036209106445,21.834917068481445,269268807,2023-10-14T00:00:00.000000Z
2023-10-14T00:00:00.000000Z,21.834354400634766,22.196813583374023,21.82191276550293,22.01171875,174004594,2023-10-15T00:00:00.000000Z
2023-10-15T00:00:00.000000Z,22.010534286499023,22.135814666748047,21.711383819580078,21.922027587890625,178940996,2023-10-16T00:00:00.000000Z
2023-10-16T00:00:00.000000Z,21.922586441040039,24.414468765258789,21.922586441040039,23.98295783996582,726713710,2023-10-17T00:00:00.000000Z
2023-10-17T00:00:00.000000Z,23.981590270996094,24.485265731811523,23.644390106201172,23.959318161010742,520830665,2023-10-18T00:00:00.000000Z
2023-10-18T00:00:00.000000Z,23.959224700927734,24.302999496459961,23.424077987670898,23.432138442993164,362606644,2023-10-19T00:00:00.000000Z
2023-10-19T00:00:00.000000Z,23.433477401733398,25.389076232910156,23.256446838378906,24.937919616699219,663249208,2023-10-20T00:00:00.000000Z
2023-10-20T00:00:00.000000Z,24.937543869018555,27.316169738769531,24.774505615234375,27.033674240112305,910991447,2023-10-21T00:00:00.000000Z
2023-10-21T00:00:00.000000Z,27.034481048583984,30.142448425292969,26.712612152099609,29.386228561401367,1160814433,2023-10-22T00:00:00.000000Z
2023-10-22T00:00:00.000000Z,29.384227752685547,29.966192245483398,28.208644866943359,29.03668212890625,665340924,2023-10-23T00:00:00.000000Z
2023-10-23T00:00:00.000000Z,29.26222038269043,32.468772888183594,28.901739120483398,31.850984573364258,1581590969,2023-10-24T00:00:00.000000Z
2023-10-24T00:00:00.000000Z,31.84965705871582,32.360317230224609,29.702093124389648,30.15153694152832,1450364573,2023-10-25T00:00:00.000000Z
2023-10-25T00:00:00.000000Z,30.151220321655273,33.693222045898438,30.059873580932617,32.463066101074219,1458706203,2023-10-26T00:00:00.000000Z
2023-10-26T00:00:00.000000Z,32.461856842041016,33.221340179443359,30.797067642211914,32.775493621826172,1015617285,2023-10-27T00:00:00.000000Z
2023-10-27T00:00:00.000000Z,32.776435852050781,33.302402496337891,31.525138854980469,31.73969841003418,870812666,2023-10-28T00:00:00.000000Z
2023-10-28T00:00:00.000000Z,31.739921569824219,32.477668762207031,31.506313323974609,31.653318405151367,380462073,2023-10-29T00:00:00.000000Z
2023-10-29T00:00:00.000000Z,31.652101516723633,33.131328582763672,31.434202194213867,32.822608947753906,507672244,2023-10-30T00:00:00.000000Z
2023-10-30T00:00:00.000000Z,32.819034576416016,35.172893524169922,32.394565582275391,34.962337493896484,1099930941,2023-10-31T00:00:00.000000Z
2023-10-31T00:00:00.000000Z,34.959831237792969,38.546432495117188,34.908435821533203,38.519515991210938,1577034191,2023-11-01T00:00:00.000000Z
2023-11-01T00:00:00.000000Z,38.513057708740234,46.250900268554688,37.961051940917969,41.461544036865234,3630725002,2023-11-02T00:00:00.000000Z
2023-11-02T00:00:00.000000Z,41.385948181152344,44.489124298095703,38.975345611572266,40.207569122314453,2583692673,2023-11-03T00:00:00.000000Z
2023-11-03T00:00:00.000000Z,40.208927154541016,40.225723266601562,38.218376159667969,39.519760131835938,1755955299,2023-11-04T00:00:00.000000Z
2023-11-04T00:00:00.000000Z,39.520210266113281,42.695240020751953,39.168792724609375,42.346595764160156,1454107898,2023-11-05T00:00:00.000000Z
2023-11-05T00:00:00.000000Z,42.373367309570312,42.803539276123047,40.380126953125,41.238601684570312,884855278,2023-11-06T00:00:00.000000Z
2023-11-06T00:00:00.000000Z,41.238563537597656,42.155067443847656,39.825077056884766,42.128589630126953,1010459088,2023-11-07T00:00:00.000000Z
2023-11-07T00:00:00.000000Z,42.137771606445312,44.425849914550781,40.319908142089844,43.092544555664062,1780187159,2023-11-08T00:00:00.000000Z
2023-11-08T00:00:00.000000Z,43.085918426513672,43.805057525634766,42.394229888916016,43.189888000488281,1009177437,2023-11-09T00:00:00.000000Z
2023-11-09T00:00:00.000000Z,43.181869506835938,48.703067779541016,42.608184814453125,45.444828033447266,2830770419,2023-11-10T00:00:00.000000Z
2023-11-10T00:00:00.000000Z,45.442371368408203,57.349102020263672,45.216846466064453,56.643852233886719,3795204638,2023-11-11T00:00:00.000000Z
2023-11-11T00:00:00.000000Z,56.640995025634766,63.415447235107422,54.044868469238281,56.1026611328125,4182963132,2023-11-12T00:00:00.000000Z
2023-11-12T00:00:00.000000Z,56.132030487060547,61.71490478515625,54.942104339599609,56.154098510742188,2987356952,2023-11-13T00:00:00.000000Z
2023-11-13T00:00:00.000000Z,56.180625915527344,59.713657379150391,51.907051086425781,51.907051086425781,2942685126,2023-11-14T00:00:00.000000Z
2023-11-14T00:00:00.000000Z,51.902217864990234,57.730106353759766,51.714462280273438,56.838375091552734,3195616616,2023-11-15T00:00:00.000000Z
2023-11-15T00:00:00.000000Z,56.839939117431641,66.867668151855469,56.308986663818359,65.534400939941406,3793937162,2023-11-16T00:00:00.000000Z
2023-11-16T00:00:00.000000Z,65.539443969726562,67.992149353027344,56.810131072998047,57.871402740478516,3922608772,2023-11-17T00:00:00.000000Z
2023-11-17T00:00:00.000000Z,57.921039581298828,60.416290283203125,54.551647186279297,58.415935516357422,3185454735,2023-11-18T00:00:00.000000Z
2023-11-18T00:00:00.000000Z,58.392673492431641,59.283443450927734,55.062313079833984,58.512725830078125,1942321169,2023-11-19T00:00:00.000000Z
2023-11-19T00:00:00.000000Z,58.524284362792969,62.021152496337891,56.882648468017578,61.393558502197266,1998656461,2023-11-20T00:00:00.000000Z
2023-11-20T00:00:00.000000Z,61.370460510253906,61.370460510253906,56.353431701660156,56.533832550048828,1937313546,2023-11-21T00:00:00.000000Z
2023-11-21T00:00:00.000000Z,56.540367126464844,57.365688323974609,51.555915832519531,52.000473022460938,2440890238,2023-11-22T00:00:00.000000Z
2023-11-22T00:00:00.000000Z,52.002128601074219,58.79156494140625,51.737495422363281,57.588558197021484,1985653842,2023-11-23T00:00:00.000000Z
2023-11-23T00:00:00.000000Z,57.578018188476562,59.473922729492188,56.287563323974609,56.599369049072266,1379316733,2023-11-24T00:00:00.000000Z
2023-11-24T00:00:00.000000Z,56.578891754150391,58.686012268066406,56.349090576171875,56.866439819335938,1146346831,2023-11-25T00:00:00.000000Z
2023-11-25T00:00:00.000000Z,56.866287231445312,59.654144287109375,56.325279235839844,58.846488952636719,1183793273,2023-11-26T00:00:00.000000Z
2023-11-26T00:00:00.000000Z,58.845420837402344,58.957962036132812,56.511455535888672,57.6427001953125,871154750,2023-11-27T00:00:00.000000Z
2023-11-27T00:00:00.000000Z,57.628868103027344,58.021224975585938,53.714469909667969,55.064620971679688,1237763215,2023-11-28T00:00:00.000000Z
2023-11-28T00:00:00.000000Z,55.062629699707031,58.606822967529297,54.085323333740234,58.194370269775391,1412314015,2023-11-29T00:00:00.000000Z
2023-11-29T00:00:00.000000Z,58.193050384521484,61.653358459472656,57.855091094970703,59.250129699707031,1941361674,2023-11-30T00:00:00.000000Z
2023-11-30T00:00:00.000000Z,59.253517150878906,61.437873840332031,58.946922302246094,59.241622924804688,1263841021,2023-12-01T00:00:00.000000Z
2023-12-01T00:00:00.000000Z,59.238178253173828,61.758018493652344,58.778209686279297,59.803997039794922,1376669760,2023-12-02T00:00:00.000000Z
2023-12-02T00:00:00.000000Z,59.803745269775391,63.832859039306641,59.773761749267578,63.832859039306641,1346327049,2023-12-03T00:00:00.000000Z
2023-12-03T00:00:00.000000Z,63.820877075195312,65.396255493164062,62.416622161865234,63.039966583251953,1368876645,2023-12-04T00:00:00.000000Z
2023-12-04T00:00:00.000000Z,63.037769317626953,65.13323974609375,60.280521392822266,61.526615142822266,2211865569,2023-12-05T00:00:00.000000Z
2023-12-05T00:00:00.000000Z,61.5291748046875,62.540004730224609,59.250827789306641,60.994831085205078,1693517649,2023-12-06T00:00:00.000000Z
2023-12-06T00:00:00.000000Z,60.979866027832031,66.383621215820312,60.979866027832031,61.902957916259766,3030993886,2023-12-07T00:00:00.000000Z
2023-12-07T00:00:00.000000Z,61.934043884277344,69.300468444824219,61.873008728027344,67.83782958984375,3002455075,2023-12-08T00:00:00.000000Z
2023-12-08T00:00:00.000000Z,67.846717834472656,75.129791259765625,67.841232299804688,75.002433776855469,3612712432,2023-12-09T00:00:00.000000Z
2023-12-09T00:00:00.000000Z,74.989547729492188,77.502021789550781,72.039688110351562,72.257606506347656,2893248364,2023-12-10T00:00:00.000000Z
2023-12-10T00:00:00.000000Z,72.27294921875,74.724594116210938,70.919227600097656,74.705886840820312,1849363354,2023-12-11T00:00:00.000000Z
2023-12-11T00:00:00.000000Z,74.714225769042969,74.838111877441406,67.215492248535156,70.367172241210938,3729540309,2023-12-12T00:00:00.000000Z
2023-12-12T00:00:00.000000Z,70.344284057617188,72.340927124023438,65.968994140625,68.540679931640625,2366453484,2023-12-13T00:00:00.000000Z
2023-12-13T00:00:00.000000Z,68.532249450683594,72.354759216308594,64.369773864746094,70.767784118652344,2414610075,2023-12-14T00:00:00.000000Z
2023-12-14T00:00:00.000000Z,70.748672485351562,76.179985046386719,69.857322692871094,75.620330810546875,2464938440,2023-12-15T00:00:00.000000Z
2023-12-15T00:00:00.000000Z,75.636688232421875,79.151069641113281,72.36663818359375,72.368988037109375,2821390652,2023-12-16T00:00:00.000000Z
2023-12-16T00:00:00.000000Z,72.433479309082031,77.079200744628906,71.569343566894531,73.473503112792969,1781972898,2023-12-17T00:00:00.000000Z
2023-12-17T00:00:00.000000Z,73.474784851074219,74.720016479492188,70.824455261230469,71.000518798828125,1552380672,2023-12-18T00:00:00.000000Z
2023-12-18T00:00:00.000000Z,70.932632446289062,75.380538940429688,67.334403991699219,74.347160339355469,2281865174,2023-12-19T00:00:00.000000Z
2023-12-19T00:00:00.000000Z,74.349189758300781,76.271408081054688,72.010612487792969,72.989768981933594,1900875405,2023-12-20T00:00:00.000000Z
2023-12-20T00:00:00.000000Z,72.989990234375,83.957450866699219,72.989990234375,82.191230773925781,3745738278,2023-12-21T00:00:00.000000Z
2023-12-21T00:00:00.000000Z,82.185646057128906,95.323440551757812,81.237709045410156,93.854812622070312,4711493441,2023-12-22T00:00:00.000000Z
2023-12-22T00:00:00.000000Z,93.858016967773438,99.124427795410156,90.79840087890625,98.003692626953125,5284203995,2023-12-23T00:00:00.000000Z
2023-12-23T00:00:00.000000Z,98.001686096191406,109.50884246826172,93.106765747070312,107.59423065185547,3957434568,2023-12-24T00:00:00.000000Z
2023-12-24T00:00:00.000000Z,107.72513580322266,117.38066864013672,107.72513580322266,112.48521423339844,6365529251,2023-12-25T00:00:00.000000Z
2023-12-25T00:00:00.000000Z,112.56411743164062,125.19389343261719,108.90338134765625,121.14646148681641,5951791518,2023-12-26T00:00:00.000000Z
2023-12-26T00:00:00.000000Z,121.08433532714844,121.14399719238281,104.72821807861328,112.67673492431641,6117657160,2023-12-27T00:00:00.000000Z
2023-12-27T00:00:00.000000Z,112.65483093261719,115.03387451171875,105.42523193359375,107.02379608154297,4267938569,2023-12-28T00:00:00.000000Z
2023-12-28T00:00:00.000000Z,107.022705078125,109.420654296875,97.668647766113281,102.10456848144531,4492625126,2023-12-29T00:00:00.000000Z
2023-12-29T00:00:00.000000Z,102.06928253173828,109.67111968994141,100.05551147460938,106.31151580810547,4445797973,2023-12-30T00:00:00.000000Z
2023-12-30T00:00:00.000000Z,106.29850006103516,107.32822418212891,101.06812286376953,101.84508514404297,1863177830,2023-12-31T00:00:00.000000Z
2023-12-31T00:00:00.000000Z,101.84417724609375,105.133544921875,99.886428833007812,101.50582122802734,1748630533,2024-01-01T00:00:00.000000Z
2024-01-01T00:00:00.000000Z,101.51280975341797,109.50868225097656,101.51280975341797,109.50868225097656,2157671990,2024-01-02T00:00:00.000000Z
2024-01-02T00:00:00.000000Z,109.54906463623047,116.88249206542969,106.38898468017578,106.61122131347656,3782057553,2024-01-03T00:00:00.000000Z
2024-01-03T00:00:00.000000Z,106.61653137207031,109.84809112548828,92.923667907714844,98.594436645507812,5472216595,2024-01-04T00:00:00.000000Z
2024-01-04T00:00:00.000000Z,98.58697509765625,107.98246765136719,97.108329772949219,105.07753753662109,3272723247,2024-01-05T00:00:00.000000Z
2024-01-05T00:00:00.000000Z,105.05200958251953,105.23542785644531,95.942726135253906,99.978790283203125,3022127826,2024-01-06T00:00:00.000000Z
2024-01-06T00:00:00.000000Z,99.987991333007812,100.03740692138672,92.022789001464844,93.857719421386719,2235902092,2024-01-07T00:00:00.000000Z
2024-01-07T00:00:00.000000Z,93.8603515625,96.692398071289062,88.223457336425781,89.276344299316406,2288061692,2024-01-08T00:00:00.000000Z
2024-01-08T00:00:00.000000Z,89.278175354003906,99.761871337890625,85.646697998046875,97.790443420410156,4152448360,2024-01-09T00:00:00.000000Z
2024-01-09T00:00:00.000000Z,97.816032409667969,103.79616546630859,95.893791198730469,99.409187316894531,4070131683,2024-01-10T00:00:00.000000Z
2024-01-10T00:00:00.000000Z,99.384239196777344,105.08237457275391,92.563262939453125,102.03302001953125,4216429514,2024-01-11T00:00:00.000000Z
2024-01-11T00:00:00.000000Z,102.10365295410156,106.93573760986328,98.412498474121094,99.909439086914062,4174026719,2024-01-12T00:00:00.000000Z
2024-01-12T00:00:00.000000Z,99.911872863769531,100.25449371337891,88.309844970703125,91.720909118652344,2868799888,2024-01-13T00:00:00.000000Z
2024-01-13T00:00:00.000000Z,91.759742736816406,96.917648315429688,89.754493713378906,95.730049133300781,1880329065,2024-01-14T00:00:00.000000Z
2024-01-14T00:00:00.000000Z,95.732650756835938,102.173583984375,93.89056396484375,94.133140563964844,2736734725,2024-01-15T00:00:00.000000Z
2024-01-15T00:00:00.000000Z,94.036544799804688,96.821235656738281,93.241111755371094,94.490226745605469,1755858499,2024-01-16T00:00:00.000000Z
2024-01-16T00:00:00.000000Z,94.438346862792969,98.595306396484375,94.396682739257812,97.626914978027344,1806576879,2024-01-17T00:00:00.000000Z
2024-01-17T00:00:00.000000Z,97.615806579589844,102.43373870849609,97.055160522460938,102.0635986328125,3220344763,2024-01-18T00:00:00.000000Z
2024-01-18T00:00:00.000000Z,102.02949523925781,102.92314147949219,92.140579223632812,94.250953674316406,2684524713,2024-01-19T00:00:00.000000Z
2024-01-19T00:00:00.000000Z,94.25067138671875,95.164726257324219,87.483657836914062,93.38616943359375,2631067383,2024-01-20T00:00:00.000000Z
2024-01-20T00:00:00.000000Z,93.393798828125,94.025314331054688,90.493751525878906,92.569839477539062,1204443546,2024-01-21T00:00:00.000000Z
2024-01-21T00:00:00.000000Z,92.589523315429688,93.713783264160156,90.848434448242188,90.848434448242188,894963197,2024-01-22T00:00:00.000000Z
2024-01-22T00:00:00.000000Z,90.903694152832031,91.636161804199219,82.659767150878906,83.622810363769531,2662287481,2024-01-23T00:00:00.000000Z
2024-01-23T00:00:00.000000Z,83.621841430664062,85.840187072753906,79.066696166992188,84.274505615234375,2990436327,2024-01-24T00:00:00.000000Z
2024-01-24T00:00:00.000000Z,84.287261962890625,89.267723083496094,83.418685913085938,88.732009887695312,2352477736,2024-01-25T00:00:00.000000Z
2024-01-25T00:00:00.000000Z,88.737800598144531,89.376823425292969,85.273681640625,86.889213562011719,1674093024,2024-01-26T00:00:00.000000Z
2024-01-26T00:00:00.000000Z,86.889450073242188,93.528671264648438,86.148391723632812,92.442367553710938,2027305107,2024-01-27T00:00:00.000000Z
2024-01-27T00:00:00.000000Z,92.387626647949219,94.437614440917969,90.844764709472656,94.163215637207031,1256585307,2024-01-28T00:00:00.000000Z
2024-01-28T00:00:00.000000Z,94.181900024414062,99.377372741699219,93.538330078125,95.937980651855469,2425625612,2024-01-29T00:00:00.000000Z
2024-01-29T00:00:00.000000Z,95.937980651855469,101.77191162109375,95.176132202148438,101.56666564941406,2604890575,2024-01-30T00:00:00.000000Z
2024-01-30T00:00:00.000000Z,101.56666564941406,106.21345520019531,101.10939025878906,101.47297668457031,3328090833,2024-01-31T00:00:00.000000Z
2024-01-31T00:00:00.000000Z,101.44925689697266,102.54806518554688,96.103591918945312,97.028709411621094,3814467068,2024-02-01T00:00:00.000000Z
2024-02-01T00:00:00.000000Z,97.02484130859375,97.944190979003906,93.379188537597656,97.846694946289062,2951395444,2024-02-02T00:00:00.000000Z
2024-02-02T00:00:00.000000Z,97.834693908691406,102.41262817382812,97.57415771484375,100.44052124023438,2574044077,2024-02-03T00:00:00.000000Z
2024-02-03T00:00:00.000000Z,100.45113372802734,101.05898284912109,96.812576293945312,97.879981994628906,1349320819,2024-02-04T00:00:00.000000Z
2024-02-04T00:00:00.000000Z,97.885063171386719,98.457588195800781,95.266372680664062,95.476959228515625,1304106726,2024-02-05T00:00:00.000000Z
2024-02-05T00:00:00.000000Z,95.471466064453125,98.544044494628906,94.292526245117188,95.548660278320312,1635327054,2024-02-06T00:00:00.000000Z
2024-02-06T00:00:00.000000Z,95.549613952636719,97.790786743164062,93.280738830566406,96.861076354980469,1699997346,2024-02-07T00:00:00.000000Z
2024-02-07T00:00:00.000000Z,96.861892700195312,101.23660278320312,94.720222473144531,100.97927856445312,1733607189,2024-02-08T00:00:00.000000Z
2024-02-08T00:00:00.000000Z,100.99549865722656,104.79804229736328,100.55369567871094,102.78563690185547,2288429230,2024-02-09T00:00:00.000000Z
2024-02-09T00:00:00.000000Z,102.79017639160156,108.98772430419922,102.79017639160156,106.93333435058594,2852770180,2024-02-10T00:00:00.000000Z
2024-02-10T00:00:00.000000Z,106.93366241455078,110.74279022216797,106.93366241455078,109.1314697265625,1836561570,2024-02-11T00:00:00.000000Z
2024-02-11T00:00:00.000000Z,109.11667633056641,110.55686950683594,107.35765075683594,107.49528503417969,1370383843,2024-02-12T00:00:00.000000Z
2024-02-12T00:00:00.000000Z,107.49263000488281,112.06966400146484,103.60929107666016,111.99275207519531,2650731894,2024-02-13T00:00:00.000000Z
2024-02-13T00:00:00.000000Z,111.97724914550781,114.81064605712891,108.49378204345703,112.57930755615234,2709494768,2024-02-14T00:00:00.000000Z
2024-02-14T00:00:00.000000Z,112.57496643066406,118.32778167724609,110.87847137451172,116.97632598876953,2391239729,2024-02-15T00:00:00.000000Z
2024-02-15T00:00:00.000000Z,116.98538970947266,118.30649566650391,111.77587890625,113.69940948486328,2471486178,2024-02-16T00:00:00.000000Z
2024-02-16T00:00:00.000000Z,113.67307281494141,114.25308990478516,108.34872436523438,110.44591522216797,1921299579,2024-02-17T00:00:00.000000Z
2024-02-17T00:00:00.000000Z,110.44330596923828,111.07304382324219,106.12522125244141,108.98401641845703,1370606631,2024-02-18T00:00:00.000000Z
2024-02-18T00:00:00.000000Z,108.98760223388672,114.00138092041016,107.60671997070312,112.17467498779297,1516321334,2024-02-19T00:00:00.000000Z
2024-02-19T00:00:00.000000Z,112.17882537841797,114.71797943115234,111.08141326904297,111.48532867431641,1898655220,2024-02-20T00:00:00.000000Z
2024-02-20T00:00:00.000000Z,111.48344421386719,112.0367431640625,104.89022827148438,108.45964050292969,2656976089,2024-02-21T00:00:00.000000Z
2024-02-21T00:00:00.000000Z,108.45266723632812,108.45266723632812,100.41201782226562,105.12522125244141,2246861647,2024-02-22T00:00:00.000000Z
2024-02-22T00:00:00.000000Z,105.12030792236328,106.99540710449219,101.64240264892578,101.66979217529297,1830636004,2024-02-23T00:00:00.000000Z
2024-02-23T00:00:00.000000Z,101.67462158203125,103.02283477783203,98.958351135253906,99.954696655273438,1483285120,2024-02-24T00:00:00.000000Z
2024-02-24T00:00:00.000000Z,99.954376220703125,104.64539337158203,98.585205078125,104.13352203369141,1083637514,2024-02-25T00:00:00.000000Z
2024-02-25T00:00:00.000000Z,104.13266754150391,104.32994079589844,102.17102813720703,103.4534912109375,909662462,2024-02-26T00:00:00.000000Z
2024-02-26T00:00:00.000000Z,103.45070648193359,110.58035278320312,100.4552001953125,109.91853332519531,2334408023,2024-02-27T00:00:00.000000Z
2024-02-27T00:00:00.000000Z,109.91878509521484,112.2047119140625,105.89693450927734,108.38808441162109,2723995106,2024-02-28T00:00:00.000000Z
2024-02-28T00:00:00.000000Z,108.39923858642578,118.05220031738281,107.46087646484375,118.05220031738281,5029492553,2024-02-29T00:00:00.000000Z
2024-02-29T00:00:00.000000Z,118.23874664306641,134.4656982421875,117.66751861572266,125.71151733398438,6950123902,2024-03-01T00:00:00.000000Z
2024-03-01T00:00:00.000000Z,125.63670349121094,137.60186767578125,125.63670349121094,129.99040222167969,4743077738,2024-03-02T00:00:00.000000Z
2024-03-02T00:00:00.000000Z,129.98231506347656,131.45486450195312,127.68088531494141,129.70018005371094,2741772676,2024-03-03T00:00:00.000000Z
2024-03-03T00:00:00.000000Z,129.79338073730469,132.062744140625,125.76932525634766,130.45086669921875,2875614168,2024-03-04T00:00:00.000000Z
2024-03-04T00:00:00.000000Z,130.42323303222656,134.87417602539062,127.79814147949219,133.194580078125,4429758300,2024-03-05T00:00:00.000000Z
2024-03-05T00:00:00.000000Z,133.15936279296875,142.65093994140625,109.53875732421875,125.70671081542969,8980294607,2024-03-06T00:00:00.000000Z
2024-03-06T00:00:00.000000Z,125.69921112060547,134.81062316894531,120.31733703613281,130.74201965332031,5146680159,2024-03-07T00:00:00.000000Z
2024-03-07T00:00:00.000000Z,130.74201965332031,149.2247314453125,130.70175170898438,143.97785949707031,7111178325,2024-03-08T00:00:00.000000Z
2024-03-08T00:00:00.000000Z,143.97727966308594,152.41792297363281,142.53614807128906,145.24003601074219,5474659974,2024-03-09T00:00:00.000000Z
2024-03-09T00:00:00.000000Z,145.24032592773438,149.35128784179688,144.29037475585938,144.60725402832031,2946261381,2024-03-10T00:00:00.000000Z
2024-03-10T00:00:00.000000Z,144.60733032226562,148.67192077636719,140.83999633789062,144.51518249511719,3407621981,2024-03-11T00:00:00.000000Z
2024-03-11T00:00:00.000000Z,144.51448059082031,150.01797485351562,137.63298034667969,148.75096130371094,5383624184,2024-03-12T00:00:00.000000Z
2024-03-12T00:00:00.000000Z,148.74967956542969,154.94229125976562,142.87014770507812,151.01544189453125,6413617983,2024-03-13T00:00:00.000000Z
2024-03-13T00:00:00.000000Z,151.01544189453125,166.44876098632812,148.94561767578125,163.83981323242188,5917471836,2024-03-14T00:00:00.000000Z
2024-03-14T00:00:00.000000Z,163.83993530273438,177.89262390136719,160.23355102539062,176.67974853515625,8399967972,2024-03-15T00:00:00.000000Z
2024-03-15T00:00:00.000000Z,176.67974853515625,188.50135803222656,165.4127197265625,182.96469116210938,14093348410,2024-03-16T00:00:00.000000Z
2024-03-16T00:00:00.000000Z,182.96751403808594,197.65599060058594,177.46127319335938,181.88034057617188,11794134069,2024-03-17T00:00:00.000000Z
2024-03-17T00:00:00.000000Z,181.88034057617188,204.29254150390625,179.22560119628906,202.12356567382812,10876218562,2024-03-18T00:00:00.000000Z
2024-03-18T00:00:00.000000Z,202.12260437011719,209.69606018066406,194.84941101074219,195.99275207519531,11137647410,2024-03-19T00:00:00.000000Z
2024-03-19T00:00:00.000000Z,195.99275207519531,198.24107360839844,166.17674255371094,170.01628112792969,11658593922,2024-03-20T00:00:00.000000Z
2024-03-20T00:00:00.000000Z,170.01628112792969,192.91181945800781,163.2962646484375,191.54962158203125,8673957460,2024-03-21T00:00:00.000000Z
2024-03-21T00:00:00.000000Z,191.54962158203125,195.30612182617188,176.2833251953125,179.22074890136719,5613811275,2024-03-22T00:00:00.000000Z
2024-03-22T00:00:00.000000Z,179.23980712890625,181.3232421875,167.87785339355469,174.36370849609375,4150938142,2024-03-23T00:00:00.000000Z
2024-03-23T00:00:00.000000Z,174.36370849609375,178.80010986328125,171.0169677734375,172.90225219726562,2711581881,2024-03-24T00:00:00.000000Z
2024-03-24T00:00:00.000000Z,172.89787292480469,186.62942504882812,171.67372131347656,183.57345581054688,2661231893,2024-03-25T00:00:00.000000Z
2024-03-25T00:00:00.000000Z,183.57345581054688,194.43026733398438,181.25234985351562,189.08354187011719,4066489821,2024-03-26T00:00:00.000000Z
2024-03-26T00:00:00.000000Z,189.08338928222656,196.29304504394531,186.75282287597656,190.69985961914062,3520179571,2024-03-27T00:00:00.000000Z
2024-03-27T00:00:00.000000Z,190.69998168945312,192.49658203125,180.42044067382812,186.36146545410156,3844985014,2024-03-28T00:00:00.000000Z
2024-03-28T00:00:00.000000Z,186.36146545410156,190.88346862792969,180.99761962890625,189.62162780761719,2910414256,2024-03-29T00:00:00.000000Z
2024-03-29T00:00:00.000000Z,189.62162780761719,192.96981811523438,183.64616394042969,192.22795104980469,3031009580,2024-03-30T00:00:00.000000Z
2024-03-30T00:00:00.000000Z,192.22785949707031,199.73094177246094,191.21678161621094,194.38554382324219,2999311846,2024-03-31T00:00:00.000000Z
2024-03-31T00:00:00.000000Z,194.37579345703125,203.02679443359375,194.03532409667969,202.87413024902344,2342185476,2024-04-01T00:00:00.000000Z
2024-04-01T00:00:00.000000Z,202.87443542480469,204.17976379394531,187.4888916015625,192.56782531738281,3872515434,2024-04-02T00:00:00.000000Z
2024-04-02T00:00:00.000000Z,192.56782531738281,192.56942749023438,176.132080078125,181.17225646972656,4553269015,2024-04-03T00:00:00.000000Z
2024-04-03T00:00:00.000000Z,181.1727294921875,191.69267272949219,177.3955078125,185.24861145019531,4160370221,2024-04-04T00:00:00.000000Z
2024-04-04T00:00:00.000000Z,185.24861145019531,190.06968688964844,180.51229858398438,183.95811462402344,4101220964,2024-04-05T00:00:00.000000Z
2024-04-05T00:00:00.000000Z,183.95811462402344,184.977783203125,168.23606872558594,174.50151062011719,7398400404,2024-04-06T00:00:00.000000Z
2024-04-06T00:00:00.000000Z,174.50151062011719,179.69752502441406,173.87431335449219,178.91534423828125,4672922789,2024-04-07T00:00:00.000000Z
2024-04-07T00:00:00.000000Z,178.91534423828125,182.5382080078125,177.0657958984375,179.64985656738281,1854793003,2024-04-08T00:00:00.000000Z
2024-04-08T00:00:00.000000Z,179.65069580078125,184.30287170410156,175.58998107910156,180.78477478027344,2744377905,2024-04-09T00:00:00.000000Z
2024-04-09T00:00:00.000000Z,180.77951049804688,180.82568359375,169.36776733398438,172.41361999511719,2688188866,2024-04-10T00:00:00.000000Z
2024-04-10T00:00:00.000000Z,172.41426086425781,175.32261657714844,163.81312561035156,173.43736267089844,3344074648,2024-04-11T00:00:00.000000Z
2024-04-11T00:00:00.000000Z,173.43736267089844,176.23551940917969,170.3934326171875,172.57637023925781,2712334365,2024-04-12T00:00:00.000000Z
2024-04-12T00:00:00.000000Z,172.57637023925781,175.80863952636719,145.51638793945312,153.63546752929688,4727185451,2024-04-13T00:00:00.000000Z
2024-04-13T00:00:00.000000Z,153.63447570800781,154.94395446777344,119.83334350585938,139.34169006347656,8976793985,2024-04-14T00:00:00.000000Z
2024-04-14T00:00:00.000000Z,139.34169006347656,152.50100708007812,131.28717041015625,151.28494262695312,7110974218,2024-04-15T00:00:00.000000Z
2024-04-15T00:00:00.000000Z,151.2994384765625,155.96116638183594,134.57255554199219,138.50862121582031,5699439234,2024-04-16T00:00:00.000000Z
2024-04-16T00:00:00.000000Z,138.507568359375,140.27830505371094,126.86528015136719,136.27932739257812,5156084639,2024-04-17T00:00:00.000000Z
2024-04-17T00:00:00.000000Z,136.27911376953125,142.60438537597656,127.52895355224609,131.86618041992188,4888546522,2024-04-18T00:00:00.000000Z
2024-04-18T00:00:00.000000Z,131.86717224121094,143.72735595703125,128.07675170898438,142.0823974609375,4193561506,2024-04-19T00:00:00.000000Z
2024-04-19T00:00:00.000000Z,142.0823974609375,147.33378601074219,128.86282348632812,142.68049621582031,5857667913,2024-04-20T00:00:00.000000Z
2024-04-20T00:00:00.000000Z,142.67845153808594,152.09918212890625,140.00570678710938,151.13356018066406,2795892211,2024-04-21T00:00:00.000000Z
2024-04-21T00:00:00.000000Z,151.13407897949219,153.42225646972656,147.16952514648438,148.60931396484375,2211663291,2024-04-22T00:00:00.000000Z
2024-04-22T00:00:00.000000Z,148.60931396484375,158.37271118164062,146.99169921875,157.03121948242188,2959650502,2024-04-23T00:00:00.000000Z
2024-04-23T00:00:00.000000Z,157.03121948242188,159.94459533691406,153.3231201171875,154.70130920410156,2750685937,2024-04-24T00:00:00.000000Z
2024-04-24T00:00:00.000000Z,154.70130920410156,159.58090209960938,145.77056884765625,147.74514770507812,3932336720,2024-04-25T00:00:00.000000Z
2024-04-25T00:00:00.000000Z,147.74961853027344,149.30375671386719,142.26457214355469,144.89212036132812,3674969172,2024-04-26T00:00:00.000000Z
2024-04-26T00:00:00.000000Z,144.88917541503906,145.8546142578125,138.90838623046875,139.10433959960938,2564389027,2024-04-27T00:00:00.000000Z
2024-04-27T00:00:00.000000Z,139.10433959960938,142.87451171875,134.02891540527344,141.28916931152344,2373155947,2024-04-28T00:00:00.000000Z
2024-04-28T00:00:00.000000Z,141.28916931152344,144.51388549804688,137.23301696777344,137.85641479492188,1959005342,2024-04-29T00:00:00.000000Z
2024-04-29T00:00:00.000000Z,137.86018371582031,138.73872375488281,133.70916748046875,137.77665710449219,2464951751,2024-04-30T00:00:00.000000Z
2024-04-30T00:00:00.000000Z,137.77729797363281,139.66764831542969,121.63745880126953,126.96270751953125,3407320371,2024-05-01T00:00:00.000000Z
2024-05-01T00:00:00.000000Z,126.96254730224609,135.11386108398438,119.38481140136719,134.62797546386719,4136407963,2024-05-02T00:00:00.000000Z
2024-05-02T00:00:00.000000Z,134.62797546386719,140.28152465820312,128.26028442382812,137.81448364257812,3380078368,2024-05-03T00:00:00.000000Z
2024-05-03T00:00:00.000000Z,137.81448364257812,144.96003723144531,136.12342834472656,143.77255249023438,3216962298,2024-05-04T00:00:00.000000Z
2024-05-04T00:00:00.000000Z,143.77220153808594,148.93574523925781,142.56625366210938,146.13505554199219,3050187811,2024-05-05T00:00:00.000000Z
2024-05-05T00:00:00.000000Z,146.13505554199219,147.91647338867188,143.47845458984375,145.71302795410156,2034794725,2024-05-06T00:00:00.000000Z
2024-05-06T00:00:00.000000Z,145.71205139160156,156.62669372558594,145.58432006835938,152.80239868164062,2926902880,2024-05-07T00:00:00.000000Z
2024-05-07T00:00:00.000000Z,152.80667114257812,159.05345153808594,148.0836181640625,148.13432312011719,2687619013,2024-05-08T00:00:00.000000Z
2024-05-08T00:00:00.000000Z,148.13432312011719,149.81089782714844,140.16909790039062,142.29473876953125,2502237557,2024-05-09T00:00:00.000000Z
2024-05-09T00:00:00.000000Z,142.29473876953125,153.08624267578125,140.78964233398438,152.84994506835938,2249863780,2024-05-10T00:00:00.000000Z
2024-05-10T00:00:00.000000Z,152.8529052734375,155.41159057617188,144.93879699707031,146.21690368652344,2471594251,2024-05-11T00:00:00.000000Z
2024-05-11T00:00:00.000000Z,146.21696472167969,147.42643737792969,143.33140563964844,145.31437683105469,1243751505,2024-05-12T00:00:00.000000Z
2024-05-12T00:00:00.000000Z,145.31437683105469,147.57147216796875,142.8818359375,143.52081298828125,936690341,2024-05-13T00:00:00.000000Z
2024-05-13T00:00:00.000000Z,143.52081298828125,150.54666137695312,138.03285217285156,147.28233337402344,2556255769,2024-05-14T00:00:00.000000Z
2024-05-14T00:00:00.000000Z,147.27908325195312,148.82868957519531,141.9068603515625,142.0303955078125,2586166419,2024-05-15T00:00:00.000000Z
2024-05-15T00:00:00.000000Z,142.0303955078125,158.64071655273438,141.35032653808594,158.18682861328125,3585715674,2024-05-16T00:00:00.000000Z
2024-05-16T00:00:00.000000Z,158.18775939941406,164.31932067871094,156.77262878417969,159.116455078125,3498272951,2024-05-17T00:00:00.000000Z
2024-05-17T00:00:00.000000Z,159.116455078125,171.6060791015625,159.116455078125,169.53054809570312,3371355809,2024-05-18T00:00:00.000000Z
2024-05-18T00:00:00.000000Z,169.53054809570312,175.77909851074219,168.93305969238281,172.53913879394531,2479657643,2024-05-19T00:00:00.000000Z
2024-05-19T00:00:00.000000Z,172.53919982910156,175.1893310546875,166.73262023925781,170.09135437011719,2300080451,2024-05-20T00:00:00.000000Z
2024-05-20T00:00:00.000000Z,170.09135437011719,187.44712829589844,168.03044128417969,186.52049255371094,4636864705,2024-05-21T00:00:00.000000Z
2024-05-21T00:00:00.000000Z,186.51951599121094,188.49383544921875,174.71170043945312,178.11614990234375,4568414163,2024-05-22T00:00:00.000000Z
2024-05-22T00:00:00.000000Z,178.11567687988281,183.06767272949219,175.44746398925781,176.86077880859375,3833758536,2024-05-23T00:00:00.000000Z
2024-05-23T00:00:00.000000Z,176.86311340332031,180.165283203125,167.4036865234375,175.98577880859375,5117258940,2024-05-24T00:00:00.000000Z
2024-05-24T00:00:00.000000Z,175.98577880859375,176.03147888183594,162.86589050292969,167.79692077636719,4013502065,2024-05-25T00:00:00.000000Z
2024-05-25T00:00:00.000000Z,167.79692077636719,170.35505676269531,166.11300659179688,168.43763732910156,1875205755,2024-05-26T00:00:00.000000Z
2024-05-26T00:00:00.000000Z,168.43763732910156,168.43927001953125,161.26387023925781,163.35090637207031,2543881488,2024-05-27T00:00:00.000000Z
2024-05-27T00:00:00.000000Z,163.35090637207031,171.98854064941406,163.33544921875,169.99613952636719,2745440475,2024-05-28T00:00:00.000000Z
2024-05-28T00:00:00.000000Z,169.99613952636719,173.01713562011719,164.97340393066406,168.65084838867188,3342283019,2024-05-29T00:00:00.000000Z
2024-05-29T00:00:00.000000Z,168.65084838867188,173.64195251464844,167.3238525390625,168.07267761230469,2852496248,2024-05-30T00:00:00.000000Z
2024-05-30T00:00:00.000000Z,168.07267761230469,172.41778564453125,163.6839599609375,166.97653198242188,2932316784,2024-05-31T00:00:00.000000Z
2024-05-31T00:00:00.000000Z,166.97653198242188,170.63156127929688,163.93309020996094,165.63771057128906,2415920333,2024-06-01T00:00:00.000000Z
2024-06-01T00:00:00.000000Z,165.63772583007812,167.73709106445312,165.58561706542969,166.03067016601562,1058869941,2024-06-02T00:00:00.000000Z
2024-06-02T00:00:00.000000Z,166.02961730957031,166.91548156738281,161.65324401855469,163.24990844726562,1562269041,2024-06-03T00:00:00.000000Z
2024-06-03T00:00:00.000000Z,163.25015258789062,167.03875732421875,161.85371398925781,164.9234619140625,2182487608,2024-06-04T00:00:00.000000Z
2024-06-04T00:00:00.000000Z,164.92506408691406,171.81681823730469,164.51553344726562,171.80192565917969,2057558426,2024-06-05T00:00:00.000000Z
2024-06-05T00:00:00.000000Z,171.80192565917969,175.47531127929688,171.38299560546875,173.48291015625,2405906612,2024-06-06T00:00:00.000000Z
2024-06-06T00:00:00.000000Z,173.48291015625,174.30470275878906,167.86421203613281,170.01622009277344,1965442993,2024-06-07T00:00:00.000000Z
2024-06-07T00:00:00.000000Z,170.01583862304688,172.43815612792969,155.79876708984375,162.50704956054688,3298527575,2024-06-08T00:00:00.000000Z
2024-06-08T00:00:00.000000Z,162.49674987792969,163.62017822265625,157.54295349121094,157.96890258789062,1722237785,2024-06-09T00:00:00.000000Z
2024-06-09T00:00:00.000000Z,157.96371459960938,162.91897583007812,156.76876831054688,162.08360290527344,1475878151,2024-06-10T00:00:00.000000Z
2024-06-10T00:00:00.000000Z,162.07888793945312,162.8277587890625,157.77020263671875,158.92802429199219,1815361482,2024-06-11T00:00:00.000000Z
2024-06-11T00:00:00.000000Z,158.93412780761719,159.52310180664062,145.86518859863281,149.42898559570312,2812642453,2024-06-12T00:00:00.000000Z
2024-06-12T00:00:00.000000Z,149.42231750488281,161.51483154296875,145.82144165039062,155.17756652832031,2853692260,2024-06-13T00:00:00.000000Z
2024-06-13T00:00:00.000000Z,155.19235229492188,155.19235229492188,146.1722412109375,147.31442260742188,2085097655,2024-06-14T00:00:00.000000Z
2024-06-14T00:00:00.000000Z,147.28204345703125,148.78933715820312,140.11538696289062,143.09443664550781,2330458883,2024-06-15T00:00:00.000000Z
2024-06-15T00:00:00.000000Z,143.07408142089844,145.54096984863281,143.02365112304688,145.41221618652344,1065293341,2024-06-16T00:00:00.000000Z
2024-06-16T00:00:00.000000Z,145.41796875,151.12550354003906,143.17953491210938,151.12550354003906,1147997523,2024-06-17T00:00:00.000000Z
2024-06-17T00:00:00.000000Z,151.13723754882812,151.58477783203125,140.13880920410156,143.33427429199219,2244770232,2024-06-18T00:00:00.000000Z
2024-06-18T00:00:00.000000Z,143.314697265625,143.61065673828125,130.28907775878906,137.50399780273438,4046511952,2024-06-19T00:00:00.000000Z
2024-06-19T00:00:00.000000Z,137.47981262207031,141.66993713378906,134.73263549804688,135.60960388183594,2241396569,2024-06-20T00:00:00.000000Z
2024-06-20T00:00:00.000000Z,135.60960388183594,141.07524108886719,132.087646484375,133.47296142578125,2343938226,2024-06-21T00:00:00.000000Z
2024-06-21T00:00:00.000000Z,133.47195434570312,135.22915649414062,128.92192077636719,134.58830261230469,2214701928,2024-06-22T00:00:00.000000Z
2024-06-22T00:00:00.000000Z,134.56765747070312,136.46005249023438,133.14248657226562,133.67024230957031,948392979,2024-06-23T00:00:00.000000Z
2024-06-23T00:00:00.000000Z,133.66000366210938,135.005859375,128.26969909667969,128.59042358398438,1063910411,2024-06-24T00:00:00.000000Z
2024-06-24T00:00:00.000000Z,128.59800720214844,132.31123352050781,123.66933441162109,132.24139404296875,3420423301,2024-06-25T00:00:00.000000Z
2024-06-25T00:00:00.000000Z,132.26934814453125,139.72958374023438,131.29635620117188,136.5592041015625,2517391150,2024-06-26T00:00:00.000000Z
2024-06-26T00:00:00.000000Z,136.55497741699219,140.16876220703125,134.92576599121094,136.60914611816406,1670038554,2024-06-27T00:00:00.000000Z
2024-06-27T00:00:00.000000Z,136.61341857910156,150.7672119140625,135.2449951171875,149.44837951660156,2831651846,2024-06-28T00:00:00.000000Z
2024-06-28T00:00:00.000000Z,149.45426940917969,150.05158996582031,139.30589294433594,139.70339965820312,2396070692,2024-06-29T00:00:00.000000Z
2024-06-29T00:00:00.000000Z,139.71931457519531,142.8238525390625,139.66780090332031,140.01014709472656,1139066175,2024-06-30T00:00:00.000000Z
2024-06-30T00:00:00.000000Z,140.01272583007812,147.19932556152344,137.14137268066406,146.49249267578125,1567841881,2024-07-01T00:00:00.000000Z
2024-07-01T00:00:00.000000Z,146.48127746582031,148.79850769042969,145.82279968261719,146.59506225585938,1814659116,2024-07-02T00:00:00.000000Z
2024-07-02T00:00:00.000000Z,146.58854675292969,154.71296691894531,146.12054443359375,153.70048522949219,2024773533,2024-07-03T00:00:00.000000Z
2024-07-03T00:00:00.000000Z,153.71113586425781,154.197998046875,139.51725769042969,140.73141479492188,2813419415,2024-07-04T00:00:00.000000Z
2024-07-04T00:00:00.000000Z,140.71533203125,142.51486206054688,127.55081939697266,127.55081939697266,3243822145,2024-07-05T00:00:00.000000Z
2024-07-05T00:00:00.000000Z,127.60507202148438,135.84579467773438,122.44230651855469,134.36933898925781,4644036182,2024-07-06T00:00:00.000000Z
2024-07-06T00:00:00.000000Z,134.36329650878906,144.00846862792969,132.61329650878906,143.24118041992188,2078535871,2024-07-07T00:00:00.000000Z
2024-07-07T00:00:00.000000Z,143.18705749511719,143.18705749511719,131.77409362792969,131.77409362792969,1842515124,2024-07-08T00:00:00.000000Z
2024-07-08T00:00:00.000000Z,131.79702758789062,141.63410949707031,128.56292724609375,139.46369934082031,3692404575,2024-07-09T00:00:00.000000Z
2024-07-09T00:00:00.000000Z,139.537353515625,143.92938232421875,136.74093627929688,141.34844970703125,2418798702,2024-07-10T00:00:00.000000Z
2024-07-10T00:00:00.000000Z,141.3741455078125,145.85371398925781,138.85604858398438,141.97479248046875,1952272010,2024-07-11T00:00:00.000000Z
2024-07-11T00:00:00.000000Z,141.98280334472656,145.32443237304688,135.84751892089844,135.88322448730469,2286890972,2024-07-12T00:00:00.000000Z
2024-07-12T00:00:00.000000Z,135.86402893066406,140.42477416992188,134.15914916992188,139.52801513671875,1990173458,2024-07-13T00:00:00.000000Z
2024-07-13T00:00:00.000000Z,139.52639770507812,143.367431640625,138.17953491210938,141.92497253417969,1131518484,2024-07-14T00:00:00.000000Z
2024-07-14T00:00:00.000000Z,141.92665100097656,148.54705810546875,141.92665100097656,147.622314453125,2009294488,2024-07-15T00:00:00.000000Z
2024-07-15T00:00:00.000000Z,147.6661376953125,159.94206237792969,147.202880859375,159.93397521972656,2580623500,2024-07-16T00:00:00.000000Z
2024-07-16T00:00:00.000000Z,159.77333068847656,162.46951293945312,153.05372619628906,160.5518798828125,3034234774,2024-07-17T00:00:00.000000Z
2024-07-17T00:00:00.000000Z,160.56329345703125,163.59523010253906,155.06703186035156,155.5841064453125,2255652667,2024-07-18T00:00:00.000000Z
2024-07-18T00:00:00.000000Z,155.59104919433594,161.587158203125,155.5660400390625,159.07241821289062,2044591406,2024-07-19T00:00:00.000000Z
2024-07-19T00:00:00.000000Z,159.09233093261719,171.50674438476562,156.60653686523438,169.18586730957031,3617009839,2024-07-20T00:00:00.000000Z
2024-07-20T00:00:00.000000Z,169.1826171875,174.831298828125,167.55731201171875,173.89178466796875,1908476088,2024-07-21T00:00:00.000000Z
2024-07-21T00:00:00.000000Z,173.89373779296875,184.87031555175781,171.11820983886719,184.54161071777344,3080452915,2024-07-22T00:00:00.000000Z
2024-07-22T00:00:00.000000Z,184.54556274414062,184.79246520996094,177.04412841796875,178.97828674316406,2808509242,2024-07-23T00:00:00.000000Z
2024-07-23T00:00:00.000000Z,178.97828674316406,180.49615478515625,170.98854064941406,172.757568359375,3230351478,2024-07-24T00:00:00.000000Z
2024-07-24T00:00:00.000000Z,172.75851440429688,182.35760498046875,171.21041870117188,178.03230285644531,3112174836,2024-07-25T00:00:00.000000Z
2024-07-25T00:00:00.000000Z,178.02952575683594,179.52093505859375,165.93254089355469,171.96307373046875,4067186719,2024-07-26T00:00:00.000000Z
2024-07-26T00:00:00.000000Z,171.96257019042969,183.53836059570312,171.87789916992188,183.13671875,2816314095,2024-07-27T00:00:00.000000Z
2024-07-27T00:00:00.000000Z,183.13809204101562,188.14059448242188,178.59835815429688,184.08540344238281,3248901126,2024-07-28T00:00:00.000000Z
2024-07-28T00:00:00.000000Z,184.08599853515625,186.51461791992188,181.39533996582031,184.88607788085938,1852374783,2024-07-29T00:00:00.000000Z
2024-07-29T00:00:00.000000Z,184.88719177246094,193.73228454589844,181.88536071777344,182.78059387207031,3654304391,2024-07-30T00:00:00.000000Z
2024-07-30T00:00:00.000000Z,182.77159118652344,184.18013000488281,176.02243041992188,179.10719299316406,2766172800,2024-07-31T00:00:00.000000Z
2024-07-31T00:00:00.000000Z,179.10804748535156,184.179443359375,171.81919860839844,171.82615661621094,3055204208,2024-08-01T00:00:00.000000Z
2024-08-01T00:00:00.000000Z,171.82566833496094,172.68980407714844,157.98838806152344,167.672119140625,4402828194,2024-08-02T00:00:00.000000Z
2024-08-02T00:00:00.000000Z,167.66053771972656,169.04396057128906,150.08499145507812,152.63822937011719,4507521137,2024-08-03T00:00:00.000000Z
2024-08-03T00:00:00.000000Z,152.63822937011719,153.77685546875,140.22140502929688,142.9219970703125,3620526646,2024-08-04T00:00:00.000000Z
2024-08-04T00:00:00.000000Z,142.92195129394531,145.83766174316406,132.13967895507812,138.05508422851562,4333596296,2024-08-05T00:00:00.000000Z
2024-08-05T00:00:00.000000Z,138.05268859863281,139.14146423339844,110.60955810546875,129.86430358886719,14114308949,2024-08-06T00:00:00.000000Z
2024-08-06T00:00:00.000000Z,129.86294555664062,149.35296630859375,129.78857421875,144.09036254882812,5813459735,2024-08-07T00:00:00.000000Z
2024-08-07T00:00:00.000000Z,144.08821105957031,155.00779724121094,142.74690246582031,144.63209533691406,5529725414,2024-08-08T00:00:00.000000Z
2024-08-08T00:00:00.000000Z,144.63247680664062,163.02590942382812,142.01992797851562,162.93074035644531,5385642745,2024-08-09T00:00:00.000000Z
2024-08-09T00:00:00.000000Z,162.93074035644531,163.24948120117188,151.22613525390625,156.45721435546875,3217916997,2024-08-10T00:00:00.000000Z
2024-08-10T00:00:00.000000Z,156.45721435546875,158.5860595703125,152.873046875,153.95916748046875,1662980960,2024-08-11T00:00:00.000000Z
2024-08-11T00:00:00.000000Z,153.961669921875,157.93190002441406,141.34829711914062,141.52685546875,2411765937,2024-08-12T00:00:00.000000Z
2024-08-12T00:00:00.000000Z,141.53207397460938,150.81463623046875,141.4407958984375,146.45423889160156,3380174341,2024-08-13T00:00:00.000000Z
2024-08-13T00:00:00.000000Z,146.45455932617188,149.61012268066406,143.15202331542969,146.71269226074219,2224488388,2024-08-14T00:00:00.000000Z
2024-08-14T00:00:00.000000Z,146.71269226074219,151.72604370117188,142.71792602539062,143.9234619140625,2714536693,2024-08-15T00:00:00.000000Z
2024-08-15T00:00:00.000000Z,143.92266845703125,147.35154724121094,138.16192626953125,142.74581909179688,3032770371,2024-08-16T00:00:00.000000Z
2024-08-16T00:00:00.000000Z,142.74287414550781,144.79545593261719,136.3846435546875,139.33056640625,2707615564,2024-08-17T00:00:00.000000Z
2024-08-17T00:00:00.000000Z,139.33056640625,141.96282958984375,137.86630249023438,141.79850769042969,1199702073,2024-08-18T00:00:00.000000Z
2024-08-18T00:00:00.000000Z,141.79850769042969,146.96298217773438,140.95962524414062,142.58688354492188,1866239536,2024-08-19T00:00:00.000000Z
2024-08-19T00:00:00.000000Z,142.58688354492188,145.92362976074219,140.74871826171875,144.34368896484375,2077549615,2024-08-20T00:00:00.000000Z
2024-08-20T00:00:00.000000Z,144.34684753417969,148.64860534667969,141.36070251464844,143.16773986816406,2124392770,2024-08-21T00:00:00.000000Z
2024-08-21T00:00:00.000000Z,142.33303833007812,144.15629577636719,139.26654052734375,142.70960998535156,1923259439,2024-08-22T00:00:00.000000Z
2024-08-22T00:00:00.000000Z,142.70960998535156,144.81321716308594,140.93440246582031,143.2579345703125,1368400829,2024-08-23T00:00:00.000000Z
2024-08-23T00:00:00.000000Z,143.2579345703125,153.771240234375,143.16477966308594,153.10708618164062,2560976300,2024-08-24T00:00:00.000000Z
2024-08-24T00:00:00.000000Z,153.10833740234375,162.16932678222656,152.15208435058594,160.73175048828125,2749419604,2024-08-25T00:00:00.000000Z
2024-08-25T00:00:00.000000Z,160.73175048828125,161.94796752929688,155.50714111328125,158.90911865234375,2085078554,2024-08-26T00:00:00.000000Z
2024-08-26T00:00:00.000000Z,158.9114990234375,161.91110229492188,155.88449096679688,157.23687744140625,2588808155,2024-08-27T00:00:00.000000Z
2024-08-27T00:00:00.000000Z,157.23658752441406,159.62355041503906,145.65640258789062,146.8970947265625,2783392784,2024-08-28T00:00:00.000000Z
2024-08-28T00:00:00.000000Z,146.8970947265625,148.69497680664062,140.97080993652344,143.89138793945312,2932401182,2024-08-29T00:00:00.000000Z
2024-08-29T00:00:00.000000Z,143.89106750488281,147.2205810546875,138.26606750488281,140.05403137207031,2098251665,2024-08-30T00:00:00.000000Z
2024-08-30T00:00:00.000000Z,140.05403137207031,141.01318359375,132.45133972167969,138.09999084472656,2683385690,2024-08-31T00:00:00.000000Z
2024-08-31T00:00:00.000000Z,138.09999084472656,138.99224853515625,134.63642883300781,135.37425231933594,892155699,2024-09-01T00:00:00.000000Z
2024-09-01T00:00:00.000000Z,135.37425231933594,135.99781799316406,128.24325561523438,128.6905517578125,1974170865,2024-09-02T00:00:00.000000Z
2024-09-02T00:00:00.000000Z,128.6905517578125,135.35238647460938,127.26619720458984,135.00236511230469,2092221241,2024-09-03T00:00:00.000000Z
2024-09-03T00:00:00.000000Z,135.00236511230469,137.14476013183594,127.57423400878906,127.57758331298828,1787700523,2024-09-04T00:00:00.000000Z
2024-09-04T00:00:00.000000Z,127.57758331298828,134.86917114257812,123.61295318603516,133.60391235351562,2663812153,2024-09-05T00:00:00.000000Z
2024-09-05T00:00:00.000000Z,133.6043701171875,135.085205078125,128.14137268066406,129.32894897460938,1926178088,2024-09-06T00:00:00.000000Z
2024-09-06T00:00:00.000000Z,129.32894897460938,134.16807556152344,121.05538177490234,124.99007415771484,3520537699,2024-09-07T00:00:00.000000Z
2024-09-07T00:00:00.000000Z,124.99007415771484,129.2908935546875,124.26908111572266,127.72156524658203,1321261949,2024-09-08T00:00:00.000000Z
2024-09-08T00:00:00.000000Z,127.72156524658203,131.51524353027344,126.81302642822266,129.98951721191406,1317794291,2024-09-09T00:00:00.000000Z
2024-09-09T00:00:00.000000Z,129.98951721191406,136.18653869628906,127.21979522705078,135.02561950683594,2443769044,2024-09-10T00:00:00.000000Z
2024-09-10T00:00:00.000000Z,135.0263671875,137.80635070800781,132.63108825683594,135.63522338867188,1642358500,2024-09-11T00:00:00.000000Z
2024-09-11T00:00:00.000000Z,135.63494873046875,135.80387878417969,128.43400573730469,132.49739074707031,2122617674,2024-09-12T00:00:00.000000Z
2024-09-12T00:00:00.000000Z,132.49708557128906,136.61480712890625,132.44332885742188,136.14190673828125,1597055803,2024-09-13T00:00:00.000000Z
2024-09-13T00:00:00.000000Z,136.14190673828125,139.83250427246094,131.86395263671875,139.10054016113281,1668690414,2024-09-14T00:00:00.000000Z
2024-09-14T00:00:00.000000Z,139.1025390625,139.73457336425781,135.94355773925781,137.17977905273438,952465288,2024-09-15T00:00:00.000000Z
2024-09-15T00:00:00.000000Z,137.17977905273438,137.92349243164062,130.96980285644531,131.4993896484375,1358403273,2024-09-16T00:00:00.000000Z
2024-09-16T00:00:00.000000Z,131.4993896484375,132.29637145996094,129.13807678222656,131.47259521484375,1623218789,2024-09-17T00:00:00.000000Z
2024-09-17T00:00:00.000000Z,131.47244262695312,135.48713684082031,130.47569274902344,131.53707885742188,1726861492,2024-09-18T00:00:00.000000Z
2024-09-18T00:00:00.000000Z,131.53707885742188,133.99185180664062,127.25076293945312,133.99185180664062,2260675347,2024-09-19T00:00:00.000000Z
2024-09-19T00:00:00.000000Z,133.99185180664062,143.90437316894531,133.99185180664062,142.83627319335938,2884543933,2024-09-20T00:00:00.000000Z
2024-09-20T00:00:00.000000Z,142.8365478515625,151.76094055175781,141.316162109375,146.56680297851562,3241123621,2024-09-21T00:00:00.000000Z
2024-09-21T00:00:00.000000Z,146.56680297851562,149.83645629882812,144.79803466796875,149.52703857421875,1385610390,2024-09-22T00:00:00.000000Z
2024-09-22T00:00:00.000000Z,149.52703857421875,149.86582946777344,141.38461303710938,144.80364990234375,1597826979,2024-09-23T00:00:00.000000Z
2024-09-23T00:00:00.000000Z,144.80364990234375,148.97042846679688,142.64384460449219,144.81498718261719,2344229720,2024-09-24T00:00:00.000000Z
2024-09-24T00:00:00.000000Z,144.81498718261719,153.53628540039062,143.30413818359375,152.89215087890625,2927238360,2024-09-25T00:00:00.000000Z
2024-09-25T00:00:00.000000Z,152.89096069335938,153.54763793945312,147.45013427734375,148.02342224121094,2138602628,2024-09-26T00:00:00.000000Z
2024-09-26T00:00:00.000000Z,148.02110290527344,157.858154296875,146.87075805664062,155.57609558105469,3009969111,2024-09-27T00:00:00.000000Z
2024-09-27T00:00:00.000000Z,155.57609558105469,160.98139953613281,154.13027954101562,157.74993896484375,2765830721,2024-09-28T00:00:00.000000Z
2024-09-28T00:00:00.000000Z,157.75190734863281,159.34521484375,155.29931640625,156.91242980957031,1300870644,2024-09-29T00:00:00.000000Z
2024-09-29T00:00:00.000000Z,156.91242980957031,161.62306213378906,155.24308776855469,158.62916564941406,1773980028,2024-09-30T00:00:00.000000Z
2024-09-30T00:00:00.000000Z,158.63241577148438,159.50892639160156,152.01983642578125,152.61846923828125,2376780676,2024-10-01T00:00:00.000000Z
2024-10-01T00:00:00.000000Z,152.61846923828125,157.25819396972656,142.84233093261719,145.28988647460938,3656164855,2024-10-02T00:00:00.000000Z
2024-10-02T00:00:00.000000Z,145.28988647460938,148.82568359375,138.91874694824219,140.38555908203125,2892264150,2024-10-03T00:00:00.000000Z
2024-10-03T00:00:00.000000Z,140.38490295410156,142.80543518066406,133.55316162109375,136.78518676757812,2914986844,2024-10-04T00:00:00.000000Z
2024-10-04T00:00:00.000000Z,136.78518676757812,144.42678833007812,136.07563781738281,143.17227172851562,2361841303,2024-10-05T00:00:00.000000Z
2024-10-05T00:00:00.000000Z,143.17227172851562,144.83428955078125,141.16966247558594,142.71174621582031,1113937760,2024-10-06T00:00:00.000000Z
2024-10-06T00:00:00.000000Z,142.71171569824219,146.62001037597656,142.11424255371094,146.44236755371094,1168715645,2024-10-07T00:00:00.000000Z
2024-10-07T00:00:00.000000Z,146.44354248046875,152.10383605957031,143.60458374023438,143.99179077148438,2678803498,2024-10-08T00:00:00.000000Z
2024-10-08T00:00:00.000000Z,143.99179077148438,145.44879150390625,141.23637390136719,143.39442443847656,1710617951,2024-10-09T00:00:00.000000Z
2024-10-09T00:00:00.000000Z,143.39533996582031,145.1295166015625,138.79743957519531,139.31553649902344,1697499287,2024-10-10T00:00:00.000000Z
2024-10-10T00:00:00.000000Z,139.31376647949219,140.58058166503906,135.58270263671875,138.88841247558594,1770157917,2024-10-11T00:00:00.000000Z
2024-10-11T00:00:00.000000Z,138.88674926757812,146.43063354492188,138.755859375,145.38114929199219,1797846253,2024-10-12T00:00:00.000000Z
2024-10-12T00:00:00.000000Z,145.38114929199219,147.13690185546875,144.76176452636719,146.50028991699219,1118630507,2024-10-13T00:00:00.000000Z
2024-10-13T00:00:00.000000Z,146.50033569335938,148.71333312988281,144.62364196777344,147.57243347167969,1294444111,2024-10-14T00:00:00.000000Z
2024-10-14T00:00:00.000000Z,147.57025146484375,157.75410461425781,147.00582885742188,157.44512939453125,2929339176,2024-10-15T00:00:00.000000Z
2024-10-15T00:00:00.000000Z,157.44512939453125,158.71575927734375,150.90951538085938,154.72062683105469,3451652506,2024-10-16T00:00:00.000000Z
2024-10-16T00:00:00.000000Z,154.72062683105469,158.13703918457031,153.08169555664062,154.23422241210938,2397546608,2024-10-17T00:00:00.000000Z
2024-10-17T00:00:00.000000Z,154.23817443847656,155.5516357421875,147.94349670410156,150.31602478027344,2157747733,2024-10-18T00:00:00.000000Z
2024-10-18T00:00:00.000000Z,150.32270812988281,156.53741455078125,149.70101928710938,154.97593688964844,1754226839,2024-10-19T00:00:00.000000Z
2024-10-19T00:00:00.000000Z,154.97593688964844,159.71041870117188,153.91282653808594,159.63935852050781,1440375026,2024-10-20T00:00:00.000000Z
2024-10-20T00:00:00.000000Z,159.64122009277344,167.58564758300781,157.76573181152344,166.9398193359375,2579198899,2024-10-21T00:00:00.000000Z
2024-10-21T00:00:00.000000Z,166.93861389160156,171.4306640625,161.81050109863281,166.21687316894531,3924173188,2024-10-22T00:00:00.000000Z
2024-10-22T00:00:00.000000Z,166.21760559082031,170.76008605957031,163.28536987304688,167.26014709472656,3470792372,2024-10-23T00:00:00.000000Z
2024-10-23T00:00:00.000000Z,167.26063537597656,173.81501770019531,164.19381713867188,170.9324951171875,3861697575,2024-10-24T00:00:00.000000Z
2024-10-24T00:00:00.000000Z,171.11087036132812,178.99530029296875,170.51737976074219,177.15693664550781,3529481044,2024-10-25T00:00:00.000000Z
2024-10-25T00:00:00.000000Z,177.15713500976562,177.19194030761719,160.0352783203125,164.75689697265625,4869966180,2024-10-26T00:00:00.000000Z
2024-10-26T00:00:00.000000Z,164.75599670410156,172.82283020019531,162.443359375,170.70596313476562,2755373492,2024-10-27T00:00:00.000000Z
2024-10-27T00:00:00.000000Z,170.70596313476562,177.89515686035156,170.19244384765625,176.5491943359375,2427933420,2024-10-28T00:00:00.000000Z
2024-10-28T00:00:00.000000Z,176.55368041992188,179.40797424316406,172.87225341796875,178.10490417480469,3623055701,2024-10-29T00:00:00.000000Z
2024-10-29T00:00:00.000000Z,178.1036376953125,183.03944396972656,176.85548400878906,179.36074829101562,3919545873,2024-10-30T00:00:00.000000Z
2024-10-30T00:00:00.000000Z,179.36074829101562,181.15266418457031,173.39939880371094,174.92497253417969,2772422773,2024-10-31T00:00:00.000000Z
2024-10-31T00:00:00.000000Z,174.92507934570312,176.27984619140625,167.5767822265625,168.42999267578125,2652620406,2024-11-01T00:00:00.000000Z
2024-11-01T00:00:00.000000Z,168.43022155761719,173.85002136230469,164.03254699707031,166.26213073730469,3157093060,2024-11-02T00:00:00.000000Z
2024-11-02T00:00:00.000000Z,166.26213073730469,168.4605712890625,162.38702392578125,166.01034545898438,1618170398,2024-11-03T00:00:00.000000Z
2024-11-03T00:00:00.000000Z,166.01034545898438,166.37632751464844,158.13676452636719,162.55130004882812,2645801646,2024-11-04T00:00:00.000000Z
2024-11-04T00:00:00.000000Z,162.55169677734375,164.71389770507812,155.16552734375,157.74710083007812,2809006700,2024-11-05T00:00:00.000000Z
2024-11-05T00:00:00.000000Z,157.74710083007812,169.12664794921875,156.98818969726562,166.72239685058594,3243848057,2024-11-06T00:00:00.000000Z
2024-11-06T00:00:00.000000Z,166.72239685058594,189.91548156738281,166.6982421875,186.95478820800781,9822932731,2024-11-07T00:00:00.000000Z
2024-11-07T00:00:00.000000Z,186.95478820800781,197.90093994140625,186.13604736328125,196.3345947265625,4700842780,2024-11-08T00:00:00.000000Z
2024-11-08T00:00:00.000000Z,196.3345947265625,204.96975708007812,196.02374267578125,199.93901062011719,5673142495,2024-11-09T00:00:00.000000Z
2024-11-09T00:00:00.000000Z,199.93960571289062,203.3472900390625,195.47410583496094,200.19491577148438,3363617004,2024-11-10T00:00:00.000000Z
2024-11-10T00:00:00.000000Z,200.19595336914062,215.1790771484375,198.98310852050781,210.61372375488281,8564655765,2024-11-11T00:00:00.000000Z
2024-11-11T00:00:00.000000Z,210.61372375488281,223.21980285644531,204.56230163574219,222.64167785644531,10290809023,2024-11-12T00:00:00.000000Z
2024-11-12T00:00:00.000000Z,222.64167785644531,225.01152038574219,205.44786071777344,212.2318115234375,11308516682,2024-11-13T00:00:00.000000Z
2024-11-13T00:00:00.000000Z,212.2080078125,220.33918762207031,201.4705810546875,215.18455505371094,11296665808,2024-11-14T00:00:00.000000Z
2024-11-14T00:00:00.000000Z,215.18446350097656,222.63914489746094,207.49681091308594,209.21907043457031,8094554275,2024-11-15T00:00:00.000000Z
2024-11-15T00:00:00.000000Z,209.23623657226562,219.53878784179688,204.82801818847656,218.09490966796875,6109860311,2024-11-16T00:00:00.000000Z
2024-11-16T00:00:00.000000Z,218.56936645507812,221.66236877441406,213.80477905273438,215.84883117675781,4698955745,2024-11-17T00:00:00.000000Z
2024-11-17T00:00:00.000000Z,215.84779357910156,241.23533630371094,212.72816467285156,237.57553100585938,9981076722,2024-11-18T00:00:00.000000Z
2024-11-18T00:00:00.000000Z,237.57553100585938,248.19281005859375,234.40104675292969,239.79425048828125,8798714213,2024-11-19T00:00:00.000000Z
2024-11-19T00:00:00.000000Z,239.80088806152344,247.09056091308594,234.15306091308594,238.09754943847656,6711919414,2024-11-20T00:00:00.000000Z
2024-11-20T00:00:00.000000Z,238.09257507324219,242.10787963867188,230.91055297851562,235.42366027832031,6454141445,2024-11-21T00:00:00.000000Z
2024-11-21T00:00:00.000000Z,235.42739868164062,259.05355834960938,230.34156799316406,257.06588745117188,10735314060,2024-11-22T00:00:00.000000Z
2024-11-22T00:00:00.000000Z,257.0814208984375,263.70086669921875,252.13542175292969,256.5186767578125,7249493783,2024-11-23T00:00:00.000000Z
2024-11-23T00:00:00.000000Z,256.51815795898438,263.83154296875,253.18743896484375,255.17851257324219,6234742858,2024-11-24T00:00:00.000000Z
2024-11-24T00:00:00.000000Z,255.17851257324219,259.62564086914062,243.12216186523438,252.91952514648438,5330146683,2024-11-25T00:00:00.000000Z
2024-11-25T00:00:00.000000Z,252.91606140136719,256.42269897460938,231.55198669433594,234.44660949707031,6616015635,2024-11-26T00:00:00.000000Z
2024-11-26T00:00:00.000000Z,234.4456787109375,239.63780212402344,222.95719909667969,230.97819519042969,6996936265,2024-11-27T00:00:00.000000Z
2024-11-27T00:00:00.000000Z,230.97221374511719,243.12480163574219,228.13005065917969,242.30221557617188,5381404312,2024-11-28T00:00:00.000000Z
2024-11-28T00:00:00.000000Z,242.30046081542969,245.20445251464844,233.20286560058594,237.76400756835938,4047310070,2024-11-29T00:00:00.000000Z
2024-11-29T00:00:00.000000Z,237.76397705078125,246.77629089355469,236.82124328613281,243.54949951171875,4152396835,2024-11-30T00:00:00.000000Z
2024-11-30T00:00:00.000000Z,243.54884338378906,245.23687744140625,237.7225341796875,237.74374389648438,3549156564,2024-12-01T00:00:00.000000Z
2024-12-01T00:00:00.000000Z,237.74383544921875,239.80657958984375,234.5303955078125,237.06993103027344,3726118866,2024-12-02T00:00:00.000000Z
2024-12-02T00:00:00.000000Z,237.0654296875,237.87661743164062,220.55119323730469,225.75619506835938,7374176295,2024-12-03T00:00:00.000000Z
2024-12-03T00:00:00.000000Z,225.76856994628906,239.27252197265625,216.4730224609375,234.2003173828125,8404095315,2024-12-04T00:00:00.000000Z
2024-12-04T00:00:00.000000Z,234.2003173828125,240.71958923339844,225.25491333007812,229.11929321289062,6569129896,2024-12-05T00:00:00.000000Z
2024-12-05T00:00:00.000000Z,229.119384765625,244.68095397949219,223.46054077148438,233.99870300292969,8820663279,2024-12-06T00:00:00.000000Z
2024-12-06T00:00:00.000000Z,236.54147338867188,246.41865539550781,231.42596435546875,237.05107116699219,6726557034,2024-12-07T00:00:00.000000Z
2024-12-07T00:00:00.000000Z,237.05107116699219,243.1240234375,234.6590576171875,238.54795837402344,4003422914,2024-12-08T00:00:00.000000Z
2024-12-08T00:00:00.000000Z,239.48516845703125,241.44071960449219,233.71337890625,236.67233276367188,3204778349,2024-12-09T00:00:00.000000Z
2024-12-09T00:00:00.000000Z,237.45744323730469,237.45744323730469,209.70613098144531,217.34146118164062,8610208198,2024-12-10T00:00:00.000000Z
2024-12-10T00:00:00.000000Z,217.32894897460938,220.74098205566406,203.72383117675781,213.82461547851562,8419973004,2024-12-11T00:00:00.000000Z
2024-12-11T00:00:00.000000Z,213.83522033691406,230.50736999511719,211.99317932128906,227.44683837890625,5615074058,2024-12-12T00:00:00.000000Z
2024-12-12T00:00:00.000000Z,227.44511413574219,234.33322143554688,225.95188903808594,227.02671813964844,4935392005,2024-12-13T00:00:00.000000Z
2024-12-13T00:00:00.000000Z,227.02671813964844,228.27305603027344,220.82472229003906,224.83729553222656,4029626623,2024-12-14T00:00:00.000000Z
2024-12-14T00:00:00.000000Z,224.83729553222656,227.241943359375,215.34423828125,219.84075927734375,2925240730,2024-12-15T00:00:00.000000Z
2024-12-15T00:00:00.000000Z,219.84075927734375,225.066650390625,215.91073608398438,223.65766906738281,2969473030,2024-12-16T00:00:00.000000Z
2024-12-16T00:00:00.000000Z,223.6561279296875,227.04476928710938,213.48239135742188,216.3349609375,5071129914,2024-12-17T00:00:00.000000Z
2024-12-17T00:00:00.000000Z,216.33377075195312,228.68629455566406,211.90963745117188,222.81672668457031,6445051900,2024-12-18T00:00:00.000000Z
2024-12-18T00:00:00.000000Z,222.82318115234375,225.89439392089844,205.00486755371094,206.38174438476562,6888988933,2024-12-19T00:00:00.000000Z
2024-12-19T00:00:00.000000Z,206.3828125,211.99520874023438,188.02752685546875,194.28451538085938,8043974299,2024-12-20T00:00:00.000000Z
2024-12-20T00:00:00.000000Z,194.28227233886719,199.36219787597656,175.90516662597656,194.20817565917969,9600073165,2024-12-21T00:00:00.000000Z
2024-12-21T00:00:00.000000Z,194.2073974609375,201.63169860839844,178.74005126953125,181.30145263671875,5368845730,2024-12-22T00:00:00.000000Z
2024-12-22T00:00:00.000000Z,181.28681945800781,187.53346252441406,177.13406372070312,180.16891479492188,4001292417,2024-12-23T00:00:00.000000Z
2024-12-23T00:00:00.000000Z,180.17428588867188,193.04814147949219,176.71888732910156,189.75369262695312,4922594345,2024-12-24T00:00:00.000000Z
2024-12-24T00:00:00.000000Z,189.75369262695312,198.69613647460938,186.11529541015625,196.98902893066406,3412375255,2024-12-25T00:00:00.000000Z
2024-12-25T00:00:00.000000Z,196.99136352539062,201.6346435546875,195.35304260253906,197.47908020019531,2688415733,2024-12-26T00:00:00.000000Z
2024-12-26T00:00:00.000000Z,197.47515869140625,199.39797973632812,186.8555908203125,188.21810913085938,2864701219,2024-12-27T00:00:00.000000Z
2024-12-27T00:00:00.000000Z,188.216552734375,193.75335693359375,182.94712829589844,183.82847595214844,2788285851,2024-12-28T00:00:00.000000Z
2024-12-28T00:00:00.000000Z,183.83338928222656,195.43544006347656,183.83332824707031,195.01353454589844,2158687217,2024-12-29T00:00:00.000000Z
2024-12-29T00:00:00.000000Z,195.02244567871094,197.18107604980469,188.34100341796875,189.7442626953125,2165753102,2024-12-30T00:00:00.000000Z
2024-12-30T00:00:00.000000Z,189.74420166015625,196.12290954589844,185.93760681152344,191.02804565429688,3246300054,2024-12-31T00:00:00.000000Z
2024-12-31T00:00:00.000000Z,191.04530334472656,198.67839050292969,187.97987365722656,189.26448059082031,3276526561,2025-01-01T00:00:00.000000Z
2025-01-01T00:00:00.000000Z,189.26692199707031,194.81849670410156,187.87945556640625,193.87373352050781,2324231668,2025-01-02T00:00:00.000000Z
2025-01-02T00:00:00.000000Z,193.87213134765625,209.06672668457031,193.25852966308594,207.76704406738281,4230329837,2025-01-03T00:00:00.000000Z
2025-01-03T00:00:00.000000Z,207.76760864257812,219.55952453613281,205.65240478515625,217.74732971191406,4064420852,2025-01-04T00:00:00.000000Z
2025-01-04T00:00:00.000000Z,217.748046875,217.90504455566406,213.83145141601562,216.6229248046875,2432220391,2025-01-05T00:00:00.000000Z
2025-01-05T00:00:00.000000Z,216.62275695800781,218.87840270996094,211.76522827148438,213.39363098144531,2403765299,2025-01-06T00:00:00.000000Z
2025-01-06T00:00:00.000000Z,213.39483642578125,222.95297241210938,211.65313720703125,218.72312927246094,3408034919,2025-01-07T00:00:00.000000Z
2025-01-07T00:00:00.000000Z,218.41293334960938,219.14230346679688,202.12490844726562,202.23025512695312,4360983978,2025-01-08T00:00:00.000000Z
2025-01-08T00:00:00.000000Z,202.22787475585938,203.06031799316406,188.9578857421875,197.55905151367188,5028291858,2025-01-09T00:00:00.000000Z
2025-01-09T00:00:00.000000Z,197.55905151367188,198.9010009765625,182.32232666015625,185.02528381347656,3815664216,2025-01-10T00:00:00.000000Z
2025-01-10T00:00:00.000000Z,185.01313781738281,192.75631713867188,183.86676025390625,187.57917785644531,3739014100,2025-01-11T00:00:00.000000Z
2025-01-11T00:00:00.000000Z,187.57118225097656,191.71881103515625,184.27743530273438,187.99551391601562,2174290937,2025-01-12T00:00:00.000000Z
2025-01-12T00:00:00.000000Z,187.99533081054688,190.74917602539062,185.25227355957031,188.56037902832031,1544086708,2025-01-13T00:00:00.000000Z
2025-01-13T00:00:00.000000Z,188.55091857910156,191.77517700195312,170.62898254394531,182.83535766601562,5225490858,2025-01-14T00:00:00.000000Z
2025-01-14T00:00:00.000000Z,182.83299255371094,189.93731689453125,181.9566650390625,187.49859619140625,2748310371,2025-01-15T00:00:00.000000Z
2025-01-15T00:00:00.000000Z,187.49818420410156,205.93495178222656,186.00299072265625,205.91134643554688,4071481523,2025-01-16T00:00:00.000000Z
2025-01-16T00:00:00.000000Z,205.92196655273438,216.83995056152344,198.66252136230469,211.22784423828125,6099125467,2025-01-17T00:00:00.000000Z
2025-01-17T00:00:00.000000Z,211.22840881347656,221.8524169921875,209.96925354003906,219.62161254882812,5118230275,2025-01-18T00:00:00.000000Z
2025-01-18T00:00:00.000000Z,219.62069702148438,268.74658203125,217.57504272460938,261.8697509765625,23186958912,2025-01-19T00:00:00.000000Z
2025-01-19T00:00:00.000000Z,261.8724365234375,294.3349609375,239.61058044433594,250.58636474609375,33172955667,2025-01-20T00:00:00.000000Z
2025-01-20T00:00:00.000000Z,250.62496948242188,272.15304565429688,231.63455200195312,242.25022888183594,22690757561,2025-01-21T00:00:00.000000Z
2025-01-21T00:00:00.000000Z,242.23652648925781,259.829345703125,231.67591857910156,250.41378784179688,10694802909,2025-01-22T00:00:00.000000Z
2025-01-22T00:00:00.000000Z,250.41378784179688,271.530029296875,248.75160217285156,257.23736572265625,8880832578,2025-01-23T00:00:00.000000Z
2025-01-23T00:00:00.000000Z,257.23623657226562,258.129150390625,242.49618530273438,253.4552001953125,9264528949,2025-01-24T00:00:00.000000Z
2025-01-24T00:00:00.000000Z,253.4552001953125,269.8057861328125,247.6314697265625,253.36122131347656,7483041553,2025-01-25T00:00:00.000000Z
2025-01-25T00:00:00.000000Z,253.36631774902344,260.58248901367188,246.65911865234375,256.07357788085938,5035419721,2025-01-26T00:00:00.000000Z
2025-01-26T00:00:00.000000Z,256.07388305664062,259.63449096679688,240.85243225097656,240.88345336914062,4178231600,2025-01-27T00:00:00.000000Z
2025-01-27T00:00:00.000000Z,240.88533020019531,242.42901611328125,221.97532653808594,235.07444763183594,10736630238,2025-01-28T00:00:00.000000Z
2025-01-28T00:00:00.000000Z,235.07296752929688,243.894775390625,225.25985717773438,227.20396423339844,5105320114,2025-01-29T00:00:00.000000Z
2025-01-29T00:00:00.000000Z,227.20278930664062,237.70976257324219,222.92350769042969,227.94493103027344,5385638692,2025-01-30T00:00:00.000000Z
2025-01-30T00:00:00.000000Z,227.95304870605469,244.32595825195312,227.13761901855469,239.02314758300781,4636567306,2025-01-31T00:00:00.000000Z
2025-01-31T00:00:00.000000Z,239.01669311523438,241.66659545898438,228.47883605957031,231.63790893554688,4043216055,2025-02-01T00:00:00.000000Z
2025-02-01T00:00:00.000000Z,231.64060974121094,233.86383056640625,213.4364013671875,213.78501892089844,3546350864,2025-02-02T00:00:00.000000Z
2025-02-02T00:00:00.000000Z,213.78094482421875,218.38438415527344,195.44923400878906,203.11962890625,8432593480,2025-02-03T00:00:00.000000Z
2025-02-03T00:00:00.000000Z,203.12150573730469,218.64768981933594,180.4093017578125,216.14958190917969,15260840772,2025-02-04T00:00:00.000000Z
2025-02-04T00:00:00.000000Z,216.1505126953125,219.99588012695312,202.84884643554688,207.09197998046875,7328632702,2025-02-05T00:00:00.000000Z
2025-02-05T00:00:00.000000Z,207.07710266113281,209.31875610351562,195.39057922363281,195.98814392089844,3826498437,2025-02-06T00:00:00.000000Z
2025-02-06T00:00:00.000000Z,195.98638916015625,203.8878173828125,188.16552734375,189.77249145507812,3936545265,2025-02-07T00:00:00.000000Z
2025-02-07T00:00:00.000000Z,189.75770568847656,203.15052795410156,188.48074340820312,192.20465087890625,4593806344,2025-02-08T00:00:00.000000Z
2025-02-08T00:00:00.000000Z,192.20254516601562,200.83197021484375,190.12876892089844,199.59989929199219,2387525186,2025-02-09T00:00:00.000000Z
2025-02-09T00:00:00.000000Z,199.58979797363281,207.27464294433594,194.24131774902344,200.49755859375,3380872965,2025-02-10T00:00:00.000000Z
2025-02-10T00:00:00.000000Z,200.49824523925781,208.82749938964844,196.38076782226562,200.35635375976562,4106376694,2025-02-11T00:00:00.000000Z
2025-02-11T00:00:00.000000Z,200.35891723632812,205.9241943359375,195.32150268554688,197.98236083984375,3907611299,2025-02-12T00:00:00.000000Z
2025-02-12T00:00:00.000000Z,197.98385620117188,198.44981384277344,189.60842895507812,196.7738037109375,4290836657,2025-02-13T00:00:00.000000Z
2025-02-13T00:00:00.000000Z,196.7738037109375,198.26075744628906,189.42771911621094,194.46095275878906,2755407329,2025-02-14T00:00:00.000000Z
2025-02-14T00:00:00.000000Z,194.45455932617188,205.12501525878906,194.35404968261719,199.9356689453125,3732334277,2025-02-15T00:00:00.000000Z
2025-02-15T00:00:00.000000Z,199.88677978515625,200.05339050292969,192.81378173828125,194.48208618164062,1869221857,2025-02-16T00:00:00.000000Z
2025-02-16T00:00:00.000000Z,194.48115539550781,196.0703125,186.97987365722656,188.48640441894531,2160799161,2025-02-17T00:00:00.000000Z
2025-02-17T00:00:00.000000Z,188.48521423339844,189.50650024414062,175.2635498046875,177.68974304199219,4345262539,2025-02-18T00:00:00.000000Z
2025-02-18T00:00:00.000000Z,177.68861389160156,178.94607543945312,161.30545043945312,169.08428955078125,6684824301,2025-02-19T00:00:00.000000Z
2025-02-19T00:00:00.000000Z,169.08543395996094,174.12147521972656,163.95939636230469,169.01080322265625,3717681436,2025-02-20T00:00:00.000000Z
2025-02-20T00:00:00.000000Z,169.00534057617188,176.588134765625,167.87345886230469,176.04888916015625,3347070717,2025-02-21T00:00:00.000000Z
2025-02-21T00:00:00.000000Z,176.03500366210938,180.4339599609375,167.30506896972656,168.89163208007812,4684370707,2025-02-22T00:00:00.000000Z
2025-02-22T00:00:00.000000Z,168.89163208007812,174.46559143066406,168.367431640625,172.16285705566406,2026581266,2025-02-23T00:00:00.000000Z
2025-02-23T00:00:00.000000Z,172.16346740722656,173.03605651855469,166.62765502929688,168.03811645507812,1621130854,2025-02-24T00:00:00.000000Z
2025-02-24T00:00:00.000000Z,168.03811645507812,169.56248474121094,140.56651306152344,141.98948669433594,7062261489,2025-02-25T00:00:00.000000Z
2025-02-25T00:00:00.000000Z,141.99234008789062,146.7398681640625,132.48583984375,144.10775756835938,9341433919,2025-02-26T00:00:00.000000Z
2025-02-26T00:00:00.000000Z,144.09996032714844,144.87467956542969,130.69107055664062,134.83132934570312,4916419994,2025-02-27T00:00:00.000000Z
2025-02-27T00:00:00.000000Z,134.83160400390625,142.18147277832031,134.729736328125,137.62080383300781,3723520943,2025-02-28T00:00:00.000000Z
2025-02-28T00:00:00.000000Z,137.62077331542969,148.183837890625,125.74221801757812,148.03001403808594,7544673033,2025-03-01T00:00:00.000000Z
2025-03-01T00:00:00.000000Z,148.03021240234375,150.78715515136719,138.68467712402344,143.67570495605469,3305410077,2025-03-02T00:00:00.000000Z
2025-03-02T00:00:00.000000Z,143.67672729492188,178.50856018066406,140.29757690429688,178.49549865722656,11540413390,2025-03-03T00:00:00.000000Z
2025-03-03T00:00:00.000000Z,178.4952392578125,178.6346435546875,139.79010009765625,142.02108764648438,9241009702,2025-03-04T00:00:00.000000Z
2025-03-04T00:00:00.000000Z,142.03318786621094,146.39646911621094,131.57347106933594,144.91658020019531,8035056091,2025-03-05T00:00:00.000000Z
2025-03-05T00:00:00.000000Z,144.91880798339844,149.4854736328125,140.59686279296875,146.26730346679688,4501939048,2025-03-06T00:00:00.000000Z
2025-03-06T00:00:00.000000Z,146.27066040039062,152.77925109863281,142.7803955078125,143.355224609375,4204376336,2025-03-07T00:00:00.000000Z
2025-03-07T00:00:00.000000Z,143.355224609375,150.02325439453125,135.7171630859375,139.20913696289062,6090751623,2025-03-08T00:00:00.000000Z
2025-03-08T00:00:00.000000Z,139.20913696289062,140.90457153320312,135.48297119140625,136.94207763671875,2270939562,2025-03-09T00:00:00.000000Z
2025-03-09T00:00:00.000000Z,136.94282531738281,139.72576904296875,125.93571472167969,126.43543243408203,3429886567,2025-03-10T00:00:00.000000Z
2025-03-10T00:00:00.000000Z,126.43543243408203,131.24095153808594,115.91789245605469,118.291748046875,5519806938,2025-03-11T00:00:00.000000Z
2025-03-11T00:00:00.000000Z,118.29167175292969,128.14886474609375,113.189208984375,125.26394653320312,5259428587,2025-03-12T00:00:00.000000Z
2025-03-12T00:00:00.000000Z,125.26190185546875,130.65510559082031,121.36756134033203,126.58324432373047,4112201839,2025-03-13T00:00:00.000000Z
2025-03-13T00:00:00.000000Z,126.58324432373047,128.15863037109375,120.90947723388672,123.28614807128906,2871050068,2025-03-14T00:00:00.000000Z
2025-03-14T00:00:00.000000Z,123.28659820556641,135.64347839355469,123.11714935302734,133.31448364257812,3161542602,2025-03-15T00:00:00.000000Z
2025-03-15T00:00:00.000000Z,133.31324768066406,136.48133850097656,132.55995178222656,135.91253662109375,1844463215,2025-03-16T00:00:00.000000Z
2025-03-16T00:00:00.000000Z,135.91679382324219,136.468994140625,125.38740539550781,125.98810577392578,2456569508,2025-03-17T00:00:00.000000Z
2025-03-17T00:00:00.000000Z,125.98741912841797,130.52687072753906,125.86190032958984,128.16371154785156,2487364373,2025-03-18T00:00:00.000000Z
2025-03-18T00:00:00.000000Z,128.16134643554688,128.16134643554688,121.94453430175781,125.31269836425781,2534317858,2025-03-19T00:00:00.000000Z
2025-03-19T00:00:00.000000Z,125.31228637695312,135.92552185058594,124.29732513427734,135.572509765625,3539287974,2025-03-20T00:00:00.000000Z
2025-03-20T00:00:00.000000Z,135.57415771484375,135.77261352539062,126.85357666015625,127.49718475341797,2469659459,2025-03-21T00:00:00.000000Z
2025-03-21T00:00:00.000000Z,127.49885559082031,129.95623779296875,124.97737121582031,128.43031311035156,2370317364,2025-03-22T00:00:00.000000Z
2025-03-22T00:00:00.000000Z,128.429931640625,131.57618713378906,127.93255615234375,128.4849853515625,1442831196,2025-03-23T00:00:00.000000Z
2025-03-23T00:00:00.000000Z,128.48448181152344,133.96195983886719,128.34225463867188,132.59931945800781,1711242607,2025-03-24T00:00:00.000000Z
2025-03-24T00:00:00.000000Z,132.59931945800781,144.88308715820312,132.16180419921875,140.86927795410156,4207560020,2025-03-25T00:00:00.000000Z
2025-03-25T00:00:00.000000Z,140.87472534179688,147.05799865722656,138.3466796875,143.81707763671875,3585353324,2025-03-26T00:00:00.000000Z
2025-03-26T00:00:00.000000Z,143.81707763671875,145.36848449707031,136.1363525390625,137.28857421875,3083070981,2025-03-27T00:00:00.000000Z
2025-03-27T00:00:00.000000Z,137.29095458984375,140.17451477050781,135.92221069335938,138.34738159179688,2660348034,2025-03-28T00:00:00.000000Z
2025-03-28T00:00:00.000000Z,138.34724426269531,138.95281982421875,127.98094177246094,129.42315673828125,3532896573,2025-03-29T00:00:00.000000Z
2025-03-29T00:00:00.000000Z,129.42451477050781,130.38050842285156,123.07389068603516,124.587646484375,2253256988,2025-03-30T00:00:00.000000Z
2025-03-30T00:00:00.000000Z,124.58648681640625,126.62339019775391,123.30075836181641,124.64263153076172,1639017444,2025-03-31T00:00:00.000000Z
2025-03-31T00:00:00.000000Z,124.64402770996094,127.6968994140625,123.07923889160156,124.69412994384766,3206702485,2025-04-01T00:00:00.000000Z
2025-04-01T00:00:00.000000Z,124.69533538818359,130.03242492675781,123.94904327392578,126.68238067626953,2993289339,2025-04-02T00:00:00.000000Z
2025-04-02T00:00:00.000000Z,126.67960357666016,135.69578552246094,117.74427795410156,117.75762939453125,5399672438,2025-04-03T00:00:00.000000Z
2025-04-03T00:00:00.000000Z,117.74919891357422,120.78982543945312,112.47826385498047,117.06145477294922,4633002432,2025-04-04T00:00:00.000000Z
2025-04-04T00:00:00.000000Z,117.06481170654297,123.90060424804688,113.60323333740234,122.78688049316406,5182517335,2025-04-05T00:00:00.000000Z
2025-04-05T00:00:00.000000Z,122.78643035888672,122.78691101074219,117.18880462646484,120.25899505615234,1667996329,2025-04-06T00:00:00.000000Z
2025-04-06T00:00:00.000000Z,120.25850677490234,120.93267822265625,104.00412750244141,105.71201324462891,3822458629,2025-04-07T00:00:00.000000Z
2025-04-07T00:00:00.000000Z,105.71201324462891,111.47198486328125,96.588066101074219,106.90277862548828,8644174246,2025-04-08T00:00:00.000000Z
2025-04-08T00:00:00.000000Z,106.90526580810547,112.29893493652344,103.14452362060547,105.51219177246094,5353641480,2025-04-09T00:00:00.000000Z
2025-04-09T00:00:00.000000Z,105.50959014892578,120.47077178955078,101.43473815917969,119.05754089355469,7096350476,2025-04-10T00:00:00.000000Z
2025-04-10T00:00:00.000000Z,119.06228637695312,119.08255767822266,108.60169219970703,112.80392456054688,4310698523,2025-04-11T00:00:00.000000Z
2025-04-11T00:00:00.000000Z,112.80731964111328,122.39859008789062,112.18642425537109,121.53237915039062,3953610468,2025-04-12T00:00:00.000000Z
2025-04-12T00:00:00.000000Z,121.53269958496094,133.75885009765625,119.65934753417969,132.26055908203125,4089397536,2025-04-13T00:00:00.000000Z
2025-04-13T00:00:00.000000Z,132.26258850097656,133.5068359375,125.52386474609375,128.58079528808594,3818650340,2025-04-14T00:00:00.000000Z
2025-04-14T00:00:00.000000Z,128.57817077636719,135.18695068359375,128.23287963867188,129.31037902832031,4425565001,2025-04-15T00:00:00.000000Z
2025-04-15T00:00:00.000000Z,129.31101989746094,134.19319152832031,126.13686370849609,126.26313018798828,3272094237,2025-04-16T00:00:00.000000Z
2025-04-16T00:00:00.000000Z,126.26312255859375,133.59011840820312,123.72075653076172,131.44969177246094,4448562334,2025-04-17T00:00:00.000000Z
2025-04-17T00:00:00.000000Z,131.45022583007812,135.90934753417969,129.73309326171875,134.69874572753906,3504448606,2025-04-18T00:00:00.000000Z
2025-04-18T00:00:00.000000Z,134.70419311523438,135.868896484375,132.58799743652344,134.07350158691406,2142264993,2025-04-19T00:00:00.000000Z
2025-04-19T00:00:00.000000Z,134.07350158691406,140.09260559082031,133.69476318359375,139.75025939941406,2522912658,2025-04-20T00:00:00.000000Z
2025-04-20T00:00:00.000000Z,139.75289916992188,141.83036804199219,135.77146911621094,137.77459716796875,2796023398,2025-04-21T00:00:00.000000Z
2025-04-21T00:00:00.000000Z,137.77459716796875,142.66159057617188,134.12236022949219,136.70439147949219,4162691832,2025-04-22T00:00:00.000000Z
2025-04-22T00:00:00.000000Z,136.70184326171875,149.94924926757812,135.37776184082031,148.73941040039062,4659792312,2025-04-23T00:00:00.000000Z
2025-04-23T00:00:00.000000Z,148.74000549316406,153.86874389648438,147.45079040527344,151.15272521972656,4699152180,2025-04-24T00:00:00.000000Z
2025-04-24T00:00:00.000000Z,151.15394592285156,152.75404357910156,145.66134643554688,152.30363464355469,3903057847,2025-04-25T00:00:00.000000Z
2025-04-25T00:00:00.000000Z,152.32135009765625,156.04518127441406,150.12779235839844,150.91500854492188,4411923686,2025-04-26T00:00:00.000000Z
2025-04-26T00:00:00.000000Z,150.91726684570312,153.01953125,148.03741455078125,149.28936767578125,2128235815,2025-04-27T00:00:00.000000Z
2025-04-27T00:00:00.000000Z,149.28970336914062,150.20872497558594,145.7666015625,148.24583435058594,2015737709,2025-04-28T00:00:00.000000Z
2025-04-28T00:00:00.000000Z,148.24516296386719,153.20770263671875,144.89144897460938,147.8099365234375,3819502747,2025-04-29T00:00:00.000000Z
2025-04-29T00:00:00.000000Z,147.8099365234375,150.044189453125,145.16932678222656,146.42787170410156,2872743502,2025-04-30T00:00:00.000000Z
2025-04-30T00:00:00.000000Z,146.427490234375,148.20928955078125,140.71209716796875,147.64320373535156,3017472875,2025-05-01T00:00:00.000000Z
2025-05-01T00:00:00.000000Z,147.64497375488281,153.86590576171875,147.61297607421875,150.84658813476562,3224541533,2025-05-02T00:00:00.000000Z
2025-05-02T00:00:00.000000Z,150.8431396484375,151.73170471191406,147.45223999023438,148.05003356933594,2823970426,2025-05-03T00:00:00.000000Z
2025-05-03T00:00:00.000000Z,148.04985046386719,148.95945739746094,146.1094970703125,146.79605102539062,1567415096,2025-05-04T00:00:00.000000Z
2025-05-04T00:00:00.000000Z,146.79595947265625,147.68251037597656,143.82241821289062,143.98306274414062,1636835620,2025-05-05T00:00:00.000000Z
2025-05-05T00:00:00.000000Z,143.98593139648438,147.61659240722656,142.89988708496094,146.69664001464844,2238980623,2025-05-06T00:00:00.000000Z
2025-05-06T00:00:00.000000Z,146.69577026367188,147.08964538574219,141.6705322265625,146.76640319824219,2728680947,2025-05-07T00:00:00.000000Z
2025-05-07T00:00:00.000000Z,146.76689147949219,149.33984375,144.88270568847656,147.2137451171875,4316881378,2025-05-08T00:00:00.000000Z
2025-05-08T00:00:00.000000Z,147.21726989746094,163.97505187988281,147.21418762207031,163.96078491210938,6372889923,2025-05-09T00:00:00.000000Z
2025-05-09T00:00:00.000000Z,163.96023559570312,175.86207580566406,161.24777221679688,172.82827758789062,7452318987,2025-05-10T00:00:00.000000Z
2025-05-10T00:00:00.000000Z,172.82769775390625,178.57185363769531,168.92941284179688,177.62181091308594,4012477696,2025-05-11T00:00:00.000000Z
2025-05-11T00:00:00.000000Z,177.62289428710938,179.62252807617188,169.71772766113281,173.02645874023438,4025374577,2025-05-12T00:00:00.000000Z
2025-05-12T00:00:00.000000Z,173.03668212890625,180.95149230957031,169.07826232910156,174.24789428710938,6940951587,2025-05-13T00:00:00.000000Z
2025-05-13T00:00:00.000000Z,174.24620056152344,184.70140075683594,166.80731201171875,184.00625610351562,5170161208,2025-05-14T00:00:00.000000Z
2025-05-14T00:00:00.000000Z,184.00630187988281,184.71818542480469,173.73173522949219,176.709228515625,4610872279,2025-05-15T00:00:00.000000Z
2025-05-15T00:00:00.000000Z,176.70866394042969,178.10504150390625,167.28016662597656,169.00999450683594,4347587992,2025-05-16T00:00:00.000000Z
2025-05-16T00:00:00.000000Z,169.01469421386719,173.95809936523438,166.75723266601562,167.33395385742188,3495576096,2025-05-17T00:00:00.000000Z
2025-05-17T00:00:00.000000Z,167.33395385742188,169.76828002929688,164.22494506835938,165.93083190917969,2783616834,2025-05-18T00:00:00.000000Z
2025-05-18T00:00:00.000000Z,165.93197631835938,176.49247741699219,165.51353454589844,173.89871215820312,3866092629,2025-05-19T00:00:00.000000Z
2025-05-19T00:00:00.000000Z,173.83578491210938,173.83853149414062,159.64749145507812,166.86422729492188,4498613127,2025-05-20T00:00:00.000000Z
2025-05-20T00:00:00.000000Z,166.86421203613281,172.86056518554688,164.77964782714844,168.48368835449219,3787047019,2025-05-21T00:00:00.000000Z
2025-05-21T00:00:00.000000Z,168.48411560058594,175.52241516113281,166.30487060546875,173.68173217773438,5254974027,2025-05-22T00:00:00.000000Z
2025-05-22T00:00:00.000000Z,173.68220520019531,180.54624938964844,172.7552490234375,179.69094848632812,4913432701,2025-05-23T00:00:00.000000Z
2025-05-23T00:00:00.000000Z,179.69146728515625,187.27975463867188,173.57063293457031,173.82542419433594,7488253558,2025-05-24T00:00:00.000000Z
2025-05-24T00:00:00.000000Z,173.84040832519531,178.14274597167969,172.79171752929688,176.04240417480469,3002798120,2025-05-25T00:00:00.000000Z
2025-05-25T00:00:00.000000Z,176.03448486328125,176.72129821777344,169.3577880859375,175.72547912597656,3395309315,2025-05-26T00:00:00.000000Z
2025-05-26T00:00:00.000000Z,175.72566223144531,178.97799682617188,173.70024108886719,174.90789794921875,2872898398,2025-05-27T00:00:00.000000Z
2025-05-27T00:00:00.000000Z,174.90769958496094,179.22126770019531,171.57545471191406,176.815185546875,3737068836,2025-05-28T00:00:00.000000Z
2025-05-28T00:00:00.000000Z,176.81465148925781,177.37599182128906,169.10569763183594,172.18955993652344,3454599629,2025-05-29T00:00:00.000000Z
2025-05-29T00:00:00.000000Z,172.19059753417969,175.18428039550781,166.25851440429688,166.58818054199219,3480369993,2025-05-30T00:00:00.000000Z
2025-05-30T00:00:00.000000Z,166.59342956542969,167.34712219238281,156.03465270996094,156.23471069335938,4458908034,2025-05-31T00:00:00.000000Z
2025-05-31T00:00:00.000000Z,156.23594665527344,157.93669128417969,152.441650390625,156.63894653320312,2817151487,2025-06-01T00:00:00.000000Z
2025-06-01T00:00:00.000000Z,156.63789367675781,157.82785034179688,150.84341430664062,157.7845458984375,2554572841,2025-06-02T00:00:00.000000Z
2025-06-02T00:00:00.000000Z,157.78373718261719,158.89463806152344,151.99745178222656,156.99806213378906,3070599881,2025-06-03T00:00:00.000000Z
2025-06-03T00:00:00.000000Z,156.99809265136719,163.39369201660156,154.70765686035156,155.34317016601562,3739800274,2025-06-04T00:00:00.000000Z
2025-06-04T00:00:00.000000Z,155.34172058105469,157.85304260253906,153.17564392089844,153.35964965820312,2694510572,2025-06-05T00:00:00.000000Z
2025-06-05T00:00:00.000000Z,153.35932922363281,154.5604248046875,141.90293884277344,144.54295349121094,4691163987,2025-06-06T00:00:00.000000Z
2025-06-06T00:00:00.000000Z,144.54290771484375,152.02252197265625,144.44039916992188,147.91313171386719,2780168622,2025-06-07T00:00:00.000000Z
2025-06-07T00:00:00.000000Z,147.90805053710938,152.82553100585938,147.18727111816406,150.13406372070312,1895979261,2025-06-08T00:00:00.000000Z
2025-06-08T00:00:00.000000Z,150.13389587402344,155.04188537597656,148.22442626953125,152.43009948730469,1928262265,2025-06-09T00:00:00.000000Z
2025-06-09T00:00:00.000000Z,152.43009948730469,161.49909973144531,149.83992004394531,161.08865356445312,3689102023,2025-06-10T00:00:00.000000Z
2025-06-10T00:00:00.000000Z,161.09471130371094,165.53392028808594,156.84259033203125,165.02816772460938,4891108456,2025-06-11T00:00:00.000000Z
2025-06-11T00:00:00.000000Z,165.02816772460938,168.01811218261719,159.42578125,161.05586242675781,5292694830,2025-06-12T00:00:00.000000Z
2025-06-12T00:00:00.000000Z,161.05586242675781,161.20278930664062,152.23741149902344,152.7896728515625,3655760294,2025-06-13T00:00:00.000000Z
2025-06-13T00:00:00.000000Z,152.78704833984375,152.78704833984375,141.43714904785156,148.62835693359375,6346327306,2025-06-14T00:00:00.000000Z
2025-06-14T00:00:00.000000Z,148.63223266601562,148.64666748046875,142.22569274902344,144.76374816894531,2159011897,2025-06-15T00:00:00.000000Z
2025-06-15T00:00:00.000000Z,144.76339721679688,153.21786499023438,144.36363220214844,152.81439208984375,3600058127,2025-06-16T00:00:00.000000Z
2025-06-16T00:00:00.000000Z,152.81439208984375,158.60787963867188,150.8699951171875,150.8699951171875,4629439778,2025-06-17T00:00:00.000000Z
2025-06-17T00:00:00.000000Z,150.8648681640625,154.14801025390625,145.87115478515625,147.74980163574219,4505742897,2025-06-18T00:00:00.000000Z
2025-06-18T00:00:00.000000Z,147.74905395507812,149.15914916992188,143.96722412109375,146.35311889648438,3507323344,2025-06-19T00:00:00.000000Z
2025-06-19T00:00:00.000000Z,146.35527038574219,147.78707885742188,143.11187744140625,147.07147216796875,2754965137,2025-06-20T00:00:00.000000Z
2025-06-20T00:00:00.000000Z,147.07290649414062,148.71890258789062,136.51240539550781,140.16859436035156,4112242022,2025-06-21T00:00:00.000000Z
2025-06-21T00:00:00.000000Z,140.16804504394531,142.49974060058594,132.41424560546875,135.1610107421875,3335622844,2025-06-22T00:00:00.000000Z
2025-06-22T00:00:00.000000Z,135.19635009765625,137.55213928222656,126.82627868652344,131.61569213867188,4990284543,2025-06-23T00:00:00.000000Z
2025-06-23T00:00:00.000000Z,131.61585998535156,146.59849548339844,131.16085815429688,144.84672546386719,5742740781,2025-06-24T00:00:00.000000Z
2025-06-24T00:00:00.000000Z,144.84672546386719,146.5894775390625,142.56668090820312,145.95452880859375,3709899362,2025-06-25T00:00:00.000000Z
2025-06-25T00:00:00.000000Z,145.95350646972656,147.77401733398438,142.55795288085938,143.505126953125,3095794422,2025-06-26T00:00:00.000000Z
2025-06-26T00:00:00.000000Z,143.50529479980469,147.73014831542969,138.8082275390625,139.05986022949219,3480832173,2025-06-27T00:00:00.000000Z
2025-06-27T00:00:00.000000Z,139.05978393554688,144.40373229980469,137.79420471191406,142.19148254394531,3327165986,2025-06-28T00:00:00.000000Z
2025-06-28T00:00:00.000000Z,142.19203186035156,152.43739318847656,141.34931945800781,150.82756042480469,2847495210,2025-06-29T00:00:00.000000Z
2025-06-29T00:00:00.000000Z,150.82598876953125,154.42337036132812,149.532470703125,153.35308837890625,2462940245,2025-06-30T00:00:00.000000Z
2025-06-30T00:00:00.000000Z,153.35308837890625,159.63160705566406,149.61244201660156,154.73530578613281,4752163067,2025-07-01T00:00:00.000000Z
2025-07-01T00:00:00.000000Z,154.73503112792969,155.34742736816406,145.212890625,146.9266357421875,3599415509,2025-07-02T00:00:00.000000Z
2025-07-02T00:00:00.000000Z,146.92874145507812,154.40983581542969,146.232177734375,152.22763061523438,3941952132,2025-07-03T00:00:00.000000Z
2025-07-03T00:00:00.000000Z,152.22856140136719,156.1884765625,150.15145874023438,152.40179443359375,3748228101,2025-07-04T00:00:00.000000Z
2025-07-04T00:00:00.000000Z,152.40202331542969,153.55760192871094,145.45196533203125,147.76364135742188,3575641174,2025-07-05T00:00:00.000000Z
2025-07-05T00:00:00.000000Z,147.76290893554688,148.59071350097656,146.07684326171875,147.64144897460938,1579874806,2025-07-06T00:00:00.000000Z
2025-07-06T00:00:00.000000Z,147.64146423339844,153.38705444335938,146.89973449707031,151.87294006347656,2921512526,2025-07-07T00:00:00.000000Z
2025-07-07T00:00:00.000000Z,151.87333679199219,153.27696228027344,147.78939819335938,148.87234497070312,3661294298,2025-07-08T00:00:00.000000Z
2025-07-08T00:00:00.000000Z,148.87196350097656,152.79660034179688,147.94987487792969,151.81039428710938,3885408944,2025-07-09T00:00:00.000000Z
2025-07-09T00:00:00.000000Z,151.81039428710938,157.88002014160156,150.69989013671875,157.28150939941406,4759358090,2025-07-10T00:00:00.000000Z
2025-07-10T00:00:00.000000Z,157.28150939941406,165.07658386230469,156.04606628417969,164.06277465820312,5703252463,2025-07-11T00:00:00.000000Z
2025-07-11T00:00:00.000000Z,164.06253051757812,167.92196655273438,160.06564331054688,162.88337707519531,7095844188,2025-07-12T00:00:00.000000Z
2025-07-12T00:00:00.000000Z,162.88337707519531,163.84532165527344,157.99803161621094,160.68484497070312,3795297694,2025-07-13T00:00:00.000000Z
2025-07-13T00:00:00.000000Z,160.68484497070312,163.95759582519531,159.91584777832031,161.19401550292969,3865898680,2025-07-14T00:00:00.000000Z
2025-07-14T00:00:00.000000Z,161.19401550292969,168.33612060546875,160.77778625488281,162.27522277832031,7130680773,2025-07-15T00:00:00.000000Z
2025-07-15T00:00:00.000000Z,162.27561950683594,164.12208557128906,157.60275268554688,163.950439453125,6533486768,2025-07-16T00:00:00.000000Z
2025-07-16T00:00:00.000000Z,163.950439453125,175.83580017089844,161.69142150878906,173.70848083496094,8415349750,2025-07-17T00:00:00.000000Z
2025-07-17T00:00:00.000000Z,173.70848083496094,178.06843566894531,169.03152465820312,175.79304504394531,7913250794,2025-07-18T00:00:00.000000Z
2025-07-18T00:00:00.000000Z,175.79193115234375,184.36900329589844,173.91468811035156,177.38197326660156,8439352014,2025-07-19T00:00:00.000000Z
2025-07-19T00:00:00.000000Z,177.38191223144531,178.369384765625,174.31314086914062,177.07012939453125,4074891432,2025-07-20T00:00:00.000000Z
2025-07-20T00:00:00.000000Z,177.07049560546875,183.31976318359375,176.52830505371094,181.54603576660156,6503778374,2025-07-21T00:00:00.000000Z
2025-07-21T00:00:00.000000Z,181.54525756835938,198.91555786132812,178.56219482421875,195.9942626953125,11211509986,2025-07-22T00:00:00.000000Z
2025-07-22T00:00:00.000000Z,195.98789978027344,205.87147521972656,194.28230285644531,205.70054626464844,14508715185,2025-07-23T00:00:00.000000Z
2025-07-23T00:00:00.000000Z,205.71124267578125,205.75608825683594,184.32736206054688,189.54293823242188,10671351702,2025-07-24T00:00:00.000000Z
2025-07-24T00:00:00.000000Z,189.539306640625,191.88336181640625,179.94815063476562,182.60606384277344,8921891799,2025-07-25T00:00:00.000000Z
2025-07-25T00:00:00.000000Z,182.60394287109375,186.78858947753906,176.41354370117188,186.7796630859375,8613557362,2025-07-26T00:00:00.000000Z
2025-07-26T00:00:00.000000Z,186.77980041503906,189.64695739746094,184.53266906738281,184.91387939453125,3756183776,2025-07-27T00:00:00.000000Z
2025-07-27T00:00:00.000000Z,184.91197204589844,190.44314575195312,184.74012756347656,188.73348999023438,4713357652,2025-07-28T00:00:00.000000Z
2025-07-28T00:00:00.000000Z,188.73210144042969,194.65802001953125,182.36875915527344,182.54156494140625,7456216270,2025-07-29T00:00:00.000000Z
2025-07-29T00:00:00.000000Z,182.55848693847656,186.48844909667969,178.57058715820312,181.33531188964844,5430304723,2025-07-30T00:00:00.000000Z
2025-07-30T00:00:00.000000Z,181.33531188964844,182.3795166015625,172.34226989746094,177.69401550292969,6074764559,2025-07-31T00:00:00.000000Z
2025-07-31T00:00:00.000000Z,177.69378662109375,182.48248291015625,171.85279846191406,172.42434692382812,5443530167,2025-08-01T00:00:00.000000Z
2025-08-01T00:00:00.000000Z,172.4171142578125,172.4171142578125,159.78857421875,162.87709045410156,8200357157,2025-08-02T00:00:00.000000Z
2025-08-02T00:00:00.000000Z,162.87709045410156,165.10700988769531,156.0843505859375,158.48301696777344,4455060056,2025-08-03T00:00:00.000000Z
2025-08-03T00:00:00.000000Z,158.48341369628906,162.82405090332031,156.87167358398438,161.95497131347656,3702562222,2025-08-04T00:00:00.000000Z
2025-08-04T00:00:00.000000Z,161.96296691894531,169.71173095703125,161.43699645996094,169.42568969726562,4977909460,2025-08-05T00:00:00.000000Z
2025-08-05T00:00:00.000000Z,169.42778015136719,171.56015014648438,161.64089965820312,164.096435546875,4979304041,2025-08-06T00:00:00.000000Z
2025-08-06T00:00:00.000000Z,164.09857177734375,169.86183166503906,161.40118408203125,168.17573547363281,3851544154,2025-08-07T00:00:00.000000Z
2025-08-07T00:00:00.000000Z,168.17543029785156,175.48870849609375,166.89454650878906,175.48542785644531,5177005321,2025-08-08T00:00:00.000000Z
2025-08-08T00:00:00.000000Z,175.48545837402344,179.35963439941406,173.70159912109375,176.76329040527344,6565011386,2025-08-09T00:00:00.000000Z
2025-08-09T00:00:00.000000Z,176.76312255859375,183.14248657226562,176.75984191894531,180.18234252929688,5297615193,2025-08-10T00:00:00.000000Z
2025-08-10T00:00:00.000000Z,180.18289184570312,185.916748046875,177.99513244628906,182.90301513671875,6719478867,2025-08-11T00:00:00.000000Z
2025-08-11T00:00:00.000000Z,182.90303039550781,186.65730285644531,173.68667602539062,174.97781372070312,7353962794,2025-08-12T00:00:00.000000Z
2025-08-12T00:00:00.000000Z,174.97782897949219,193.44084167480469,173.83561706542969,191.85682678222656,8611505118,2025-08-13T00:00:00.000000Z
2025-08-13T00:00:00.000000Z,191.85682678222656,204.47001647949219,191.49545288085938,201.59042358398438,11831412257,2025-08-14T00:00:00.000000Z
2025-08-14T00:00:00.000000Z,201.58673095703125,209.66685485839844,187.78337097167969,192.58595275878906,14664456934,2025-08-15T00:00:00.000000Z
2025-08-15T00:00:00.000000Z,192.5877685546875,198.13832092285156,183.76400756835938,185.74125671386719,7685764515,2025-08-16T00:00:00.000000Z
2025-08-16T00:00:00.000000Z,185.73954772949219,189.98114013671875,185.45777893066406,189.76699829101562,3716008732,2025-08-17T00:00:00.000000Z
2025-08-17T00:00:00.000000Z,189.76585388183594,195.4407958984375,187.72367858886719,191.16482543945312,4221788171,2025-08-18T00:00:00.000000Z
2025-08-18T00:00:00.000000Z,191.16448974609375,191.35415649414062,180.41410827636719,183.06986999511719,6328028844,2025-08-19T00:00:00.000000Z
2025-08-19T00:00:00.000000Z,183.06968688964844,185.78373718261719,175.99241638183594,176.11227416992188,5990636025,2025-08-20T00:00:00.000000Z
2025-08-20T00:00:00.000000Z,176.11387634277344,187.68954467773438,176.10101318359375,187.5863037109375,6283111574,2025-08-21T00:00:00.000000Z
2025-08-21T00:00:00.000000Z,187.5863037109375,189.40052795410156,179.71333312988281,180.28062438964844,5379108039,2025-08-22T00:00:00.000000Z
2025-08-22T00:00:00.000000Z,180.27969360351562,201.93734741210938,177.47476196289062,200.64744567871094,10256417346,2025-08-23T00:00:00.000000Z
2025-08-23T00:00:00.000000Z,200.64616394042969,207.83900451660156,195.37184143066406,203.93673706054688,7845395369,2025-08-24T00:00:00.000000Z
2025-08-24T00:00:00.000000Z,203.93714904785156,211.76023864746094,201.70719909667969,205.85237121582031,11456987571,2025-08-25T00:00:00.000000Z
2025-08-25T00:00:00.000000Z,205.85543823242188,213.00613403320312,186.02505493164062,187.2784423828125,13048248034,2025-08-26T00:00:00.000000Z
2025-08-26T00:00:00.000000Z,187.26841735839844,197.84652709960938,186.17344665527344,195.90509033203125,8032115173,2025-08-27T00:00:00.000000Z
2025-08-27T00:00:00.000000Z,195.906005859375,211.85757446289062,194.0631103515625,202.92337036132812,12883119559,2025-08-28T00:00:00.000000Z
2025-08-28T00:00:00.000000Z,202.92570495605469,216.08740234375,202.00714111328125,214.4056396484375,12079041801,2025-08-29T00:00:00.000000Z
2025-08-29T00:00:00.000000Z,214.40133666992188,217.83670043945312,200.43594360351562,205.22000122070312,14055051455,2025-08-30T00:00:00.000000Z
2025-08-30T00:00:00.000000Z,205.2144775390625,206.80039978027344,197.89419555664062,202.86013793945312,5828701739,2025-08-31T00:00:00.000000Z
2025-08-31T00:00:00.000000Z,202.85719299316406,206.5069580078125,200.65669250488281,200.86354064941406,5028997406,2025-09-01T00:00:00.000000Z
2025-09-01T00:00:00.000000Z,200.86186218261719,204.21784973144531,194.37802124023438,197.10833740234375,7253329838,2025-09-02T00:00:00.000000Z
2025-09-02T00:00:00.000000Z,197.10958862304688,209.48153686523438,197.09365844726562,209.48153686523438,8625200488,2025-09-03T00:00:00.000000Z
2025-09-03T00:00:00.000000Z,209.4827880859375,212.82351684570312,207.58407592773438,210.74630737304688,6966454259,2025-09-04T00:00:00.000000Z
2025-09-04T00:00:00.000000Z,210.74630737304688,211.79501342773438,202.12701416015625,202.5601806640625,5241887525,2025-09-05T00:00:00.000000Z
2025-09-05T00:00:00.000000Z,202.54673767089844,209.86006164550781,201.18000793457031,203.49851989746094,7780086538,2025-09-06T00:00:00.000000Z
2025-09-06T00:00:00.000000Z,203.49851989746094,204.55754089355469,199.64039611816406,200.24630737304688,3057210360,2025-09-07T00:00:00.000000Z
2025-09-07T00:00:00.000000Z,200.24736022949219,207.86734008789062,200.22850036621094,206.46818542480469,4153166545,2025-09-08T00:00:00.000000Z
2025-09-08T00:00:00.000000Z,206.46453857421875,216.8997802734375,205.71736145019531,214.1864013671875,10019366594,2025-09-09T00:00:00.000000Z
2025-09-09T00:00:00.000000Z,214.18653869628906,219.52349853515625,211.15824890136719,217.25068664550781,8798692220,2025-09-10T00:00:00.000000Z
2025-09-10T00:00:00.000000Z,217.25039672851562,225.51246643066406,215.27252197265625,223.98690795898438,9070263027,2025-09-11T00:00:00.000000Z
2025-09-11T00:00:00.000000Z,223.98568725585938,228.90882873535156,222.025146484375,228.75617980957031,9580815361,2025-09-12T00:00:00.000000Z
2025-09-12T00:00:00.000000Z,228.75624084472656,243.78890991210938,228.2635498046875,242.30328369140625,13008621197,2025-09-13T00:00:00.000000Z
2025-09-13T00:00:00.000000Z,242.30097961425781,244.14328002929688,236.47329711914062,242.59590148925781,7478581447,2025-09-14T00:00:00.000000Z
2025-09-14T00:00:00.000000Z,242.59559631347656,249.12413024902344,240.21392822265625,240.55769348144531,9358190854,2025-09-15T00:00:00.000000Z
2025-09-15T00:00:00.000000Z,240.548095703125,244.00041198730469,230.4840087890625,234.35755920410156,10017744936,2025-09-16T00:00:00.000000Z
2025-09-16T00:00:00.000000Z,234.35922241210938,240.68351745605469,231.87297058105469,236.98957824707031,7521208086,2025-09-17T00:00:00.000000Z
2025-09-17T00:00:00.000000Z,236.97752380371094,246.46394348144531,232.77397155761719,244.85745239257812,10420751509,2025-09-18T00:00:00.000000Z
2025-09-18T00:00:00.000000Z,244.85130310058594,253.20989990234375,242.90658569335938,247.63713073730469,9258651570,2025-09-19T00:00:00.000000Z
2025-09-19T00:00:00.000000Z,247.63824462890625,248.50660705566406,235.87193298339844,238.55270385742188,7513642552,2025-09-20T00:00:00.000000Z
2025-09-20T00:00:00.000000Z,238.54975891113281,240.99896240234375,237.17776489257812,239.59248352050781,3518711912,2025-09-21T00:00:00.000000Z
2025-09-21T00:00:00.000000Z,239.59330749511719,241.80892944335938,235.71669006347656,236.57545471191406,3513052984,2025-09-22T00:00:00.000000Z
2025-09-22T00:00:00.000000Z,236.57421875,236.8692626953125,216.91777038574219,220.49644470214844,12102727916,2025-09-23T00:00:00.000000Z
2025-09-23T00:00:00.000000Z,220.50390625,221.35005187988281,212.8028564453125,213.71730041503906,7373425460,2025-09-24T00:00:00.000000Z
2025-09-24T00:00:00.000000Z,213.71072387695312,216.38018798828125,206.04060363769531,211.75625610351562,8377116522,2025-09-25T00:00:00.000000Z
2025-09-25T00:00:00.000000Z,211.75344848632812,212.4007568359375,192.08314514160156,192.38076782226562,12314273479,2025-09-26T00:00:00.000000Z
2025-09-26T00:00:00.000000Z,192.39796447753906,205.415283203125,191.12664794921875,205.35255432128906,10334548744,2025-09-27T00:00:00.000000Z
2025-09-27T00:00:00.000000Z,205.34518432617188,205.39913940429688,200.26908874511719,203.58332824707031,4016294139,2025-09-28T00:00:00.000000Z
2025-09-28T00:00:00.000000Z,203.58323669433594,210.89622497558594,198.3204345703125,210.73774719238281,4467879569,2025-09-29T00:00:00.000000Z
2025-09-29T00:00:00.000000Z,210.73973083496094,214.6881103515625,205.13081359863281,213.05340576171875,6886600486,2025-09-30T00:00:00.000000Z
2025-09-30T00:00:00.000000Z,213.04496765136719,213.50680541992188,204.56564331054688,208.74311828613281,6873718512,2025-10-01T00:00:00.000000Z
2025-10-01T00:00:00.000000Z,208.74223327636719,221.67587280273438,206.62066650390625,221.67587280273438,8264703260,2025-10-02T00:00:00.000000Z
2025-10-02T00:00:00.000000Z,221.69473266601562,234.86058044433594,219.85984802246094,234.85687255859375,9665302715,2025-10-03T00:00:00.000000Z
2025-10-03T00:00:00.000000Z,234.85398864746094,236.79118347167969,227.67674255371094,233.00196838378906,9289248668,2025-10-04T00:00:00.000000Z
2025-10-04T00:00:00.000000Z,233.0009765625,233.90084838867188,224.47383117675781,228.00320434570312,4553115834,2025-10-05T00:00:00.000000Z
2025-10-05T00:00:00.000000Z,228.00250244140625,236.77723693847656,226.89816284179688,228.6011962890625,7132874650,2025-10-06T00:00:00.000000Z
2025-10-06T00:00:00.000000Z,228.60110473632812,237.32254028320312,227.998046875,232.51603698730469,7521265450,2025-10-07T00:00:00.000000Z
2025-10-07T00:00:00.000000Z,232.5147705078125,235.08648681640625,220.45469665527344,220.48271179199219,9339230314,2025-10-08T00:00:00.000000Z
2025-10-08T00:00:00.000000Z,220.48554992675781,229.5643310546875,218.18418884277344,229.10121154785156,7198664384,2025-10-09T00:00:00.000000Z
2025-10-09T00:00:00.000000Z,229.09687805175781,229.31578063964844,217.19894409179688,220.99107360839844,7901186012,2025-10-10T00:00:00.000000Z
2025-10-10T00:00:00.000000Z,220.99305725097656,224.25440979003906,174.06973266601562,188.66386413574219,16784427014,2025-10-11T00:00:00.000000Z
2025-10-11T00:00:00.000000Z,188.63890075683594,190.87913513183594,173.75479125976562,178.05416870117188,12850012618,2025-10-12T00:00:00.000000Z
2025-10-12T00:00:00.000000Z,178.05619812011719,198.87397766113281,173.52139282226562,197.508544921875,11797041281,2025-10-13T00:00:00.000000Z
2025-10-13T00:00:00.000000Z,197.51219177246094,209.24919128417969,191.94416809082031,208.36729431152344,11469454798,2025-10-14T00:00:00.000000Z
2025-10-14T00:00:00.000000Z,208.36355590820312,211.10504150390625,191.6710205078125,202.46034240722656,13600198608,2025-10-15T00:00:00.000000Z
2025-10-15T00:00:00.000000Z,202.46186828613281,208.33116149902344,192.70005798339844,194.02186584472656,9867608882,2025-10-16T00:00:00.000000Z
2025-10-16T00:00:00.000000Z,194.02186584472656,197.95574951171875,182.2513427734375,184.68894958496094,10042886154,2025-10-17T00:00:00.000000Z
2025-10-17T00:00:00.000000Z,184.68620300292969,187.42857360839844,174.74417114257812,182.0347900390625,10401735741,2025-10-18T00:00:00.000000Z
2025-10-18T00:00:00.000000Z,182.03616333007812,188.26788330078125,182.02398681640625,187.66029357910156,4108902789,2025-10-19T00:00:00.000000Z
2025-10-19T00:00:00.000000Z,187.66029357910156,192.20060729980469,183.458251953125,187.79820251464844,4863227045,2025-10-20T00:00:00.000000Z
2025-10-20T00:00:00.000000Z,187.79830932617188,194.34115600585938,184.046630859375,189.75067138671875,6103945646,2025-10-21T00:00:00.000000Z
2025-10-21T00:00:00.000000Z,189.76203918457031,197.37448120117188,183.31324768066406,185.66627502441406,8186574439,2025-10-22T00:00:00.000000Z
2025-10-22T00:00:00.000000Z,185.66732788085938,187.32662963867188,177.67314147949219,180.14813232421875,7337365275,2025-10-23T00:00:00.000000Z
2025-10-23T00:00:00.000000Z,180.14813232421875,193.17556762695312,179.80087280273438,191.38827514648438,6358339771,2025-10-24T00:00:00.000000Z
2025-10-24T00:00:00.000000Z,191.38859558105469,195.31233215332031,189.10888671875,193.56022644042969,5855077941,2025-10-25T00:00:00.000000Z
2025-10-25T00:00:00.000000Z,193.56082153320312,195.08335876464844,191.60333251953125,194.04037475585938,3170047006,2025-10-26T00:00:00.000000Z
2025-10-26T00:00:00.000000Z,194.03758239746094,200.6212158203125,192.1607666015625,200.02862548828125,4753310567,2025-10-27T00:00:00.000000Z
2025-10-27T00:00:00.000000Z,200.02748107910156,205.02005004882812,197.59854125976562,198.74171447753906,6714497027,2025-10-28T00:00:00.000000Z
2025-10-28T00:00:00.000000Z,198.74099731445312,203.83175659179688,191.38519287109375,194.44279479980469,8093133805,2025-10-29T00:00:00.000000Z
2025-10-29T00:00:00.000000Z,194.43362426757812,201.67744445800781,190.60920715332031,194.41087341308594,8057327834,2025-10-30T00:00:00.000000Z
2025-10-30T00:00:00.000000Z,194.40017700195312,198.03947448730469,179.22172546386719,184.62442016601562,8688393422,2025-10-31T00:00:00.000000Z
2025-10-31T00:00:00.000000Z,184.62895202636719,189.85353088378906,184.02078247070312,187.20947265625,5699604751,2025-11-01T00:00:00.000000Z
2025-11-01T00:00:00.000000Z,187.20925903320312,187.34556579589844,184.06208801269531,186.38005065917969,2742470897,2025-11-02T00:00:00.000000Z
2025-11-02T00:00:00.000000Z,186.37965393066406,188.14152526855469,182.82925415039062,187.82597351074219,3213989849,2025-11-03T00:00:00.000000Z
2025-11-03T00:00:00.000000Z,187.8260498046875,188.7412109375,163.5452880859375,166.0906982421875,10083921329,2025-11-04T00:00:00.000000Z
2025-11-04T00:00:00.000000Z,166.09553527832031,168.20030212402344,146.74955749511719,155.40318298339844,11720472283,2025-11-05T00:00:00.000000Z
2025-11-05T00:00:00.000000Z,155.39945983886719,163.65786743164062,147.89247131347656,162.56607055664062,7278004532,2025-11-06T00:00:00.000000Z
2025-11-06T00:00:00.000000Z,162.56338500976562,162.779296875,153.79432678222656,155.06591796875,5543550041,2025-11-07T00:00:00.000000Z
2025-11-07T00:00:00.000000Z,155.06640625,164.09254455566406,150.44387817382812,161.70817565917969,6565811742,2025-11-08T00:00:00.000000Z
2025-11-08T00:00:00.000000Z,161.70852661132812,164.70510864257812,156.08547973632812,158.10250854492188,3777278818,2025-11-09T00:00:00.000000Z
2025-11-09T00:00:00.000000Z,158.10298156738281,166.23103332519531,155.38453674316406,164.45384216308594,4538025398,2025-11-10T00:00:00.000000Z
2025-11-10T00:00:00.000000Z,164.45126342773438,170.15528869628906,163.85639953613281,167.36700439453125,5424364139,2025-11-11T00:00:00.000000Z
2025-11-11T00:00:00.000000Z,167.36734008789062,171.60734558105469,154.26486206054688,154.56832885742188,6202061657,2025-11-12T00:00:00.000000Z
2025-11-12T00:00:00.000000Z,154.56333923339844,161.01406860351562,151.46876525878906,153.26203918457031,5979682267,2025-11-13T00:00:00.000000Z
2025-11-13T00:00:00.000000Z,153.26005554199219,156.98609924316406,141.39765930175781,145.10847473144531,7354986019,2025-11-14T00:00:00.000000Z
2025-11-14T00:00:00.000000Z,145.10847473144531,145.46722412109375,136.04133605957031,138.67660522460938,8170562276,2025-11-15T00:00:00.000000Z
2025-11-15T00:00:00.000000Z,138.67660522460938,143.59059143066406,138.67660522460938,139.53520202636719,3449336899,2025-11-16T00:00:00.000000Z
2025-11-16T00:00:00.000000Z,139.53266906738281,143.15945434570312,134.96566772460938,137.26573181152344,4722106857,2025-11-17T00:00:00.000000Z
2025-11-17T00:00:00.000000Z,137.26535034179688,142.46754455566406,129.01918029785156,130.8482666015625,7330608944,2025-11-18T00:00:00.000000Z
2025-11-18T00:00:00.000000Z,130.84869384765625,141.83172607421875,129.30940246582031,140.71438598632812,7400753648,2025-11-19T00:00:00.000000Z
2025-11-19T00:00:00.000000Z,140.71438598632812,142.47825622558594,130.64390563964844,136.76695251464844,6005404886,2025-11-20T00:00:00.000000Z
2025-11-20T00:00:00.000000Z,136.76776123046875,144.33061218261719,131.38912963867188,133.51715087890625,8497498957,2025-11-21T00:00:00.000000Z
2025-11-21T00:00:00.000000Z,133.51396179199219,134.78764343261719,122.27206420898438,128.50050354003906,10081815694,2025-11-22T00:00:00.000000Z
2025-11-22T00:00:00.000000Z,128.49856567382812,129.64389038085938,125.40487670898438,127.55120086669922,3490973210,2025-11-23T00:00:00.000000Z
2025-11-23T00:00:00.000000Z,127.55113220214844,133.32691955566406,127.55113220214844,130.70506286621094,3820042054,2025-11-24T00:00:00.000000Z
2025-11-24T00:00:00.000000Z,130.70603942871094,139.48390197753906,128.54151916503906,138.37135314941406,6046925667,2025-11-25T00:00:00.000000Z
2025-11-25T00:00:00.000000Z,138.37889099121094,140.34663391113281,133.50813293457031,138.89114379882812,4512057787,2025-11-26T00:00:00.000000Z
2025-11-26T00:00:00.000000Z,138.88987731933594,144.47103881835938,135.63246154785156,143.01219177246094,5361639551,2025-11-27T00:00:00.000000Z
2025-11-27T00:00:00.000000Z,143.01252746582031,144.1732177734375,140.69575500488281,140.84640502929688,3419017564,2025-11-28T00:00:00.000000Z
2025-11-28T00:00:00.000000Z,140.84648132324219,143.30421447753906,136.28543090820312,137.39019775390625,4865188881,2025-11-29T00:00:00.000000Z
2025-11-29T00:00:00.000000Z,137.39064025878906,137.88578796386719,135.12068176269531,136.08171081542969,2428334173,2025-11-30T00:00:00.000000Z
2025-11-30T00:00:00.000000Z,136.08210754394531,139.93711853027344,133.5648193359375,133.5648193359375,3123775023,2025-12-01T00:00:00.000000Z
2025-12-01T00:00:00.000000Z,133.5648193359375,133.60720825195312,123.31387329101562,126.70902252197266,6212210725,2025-12-02T00:00:00.000000Z
2025-12-02T00:00:00.000000Z,126.7086181640625,140.66482543945312,126.14125823974609,138.67420959472656,6173683503,2025-12-03T00:00:00.000000Z
2025-12-03T00:00:00.000000Z,138.673095703125,145.73007202148438,137.94105529785156,144.89849853515625,5809364566,2025-12-04T00:00:00.000000Z
2025-12-04T00:00:00.000000Z,144.89154052734375,146.72038269042969,138.0679931640625,139.0145263671875,4304817495,2025-12-05T00:00:00.000000Z
2025-12-05T00:00:00.000000Z,139.01397705078125,140.3798828125,131.13529968261719,133.322998046875,4557254539,2025-12-06T00:00:00.000000Z
2025-12-06T00:00:00.000000Z,133.32437133789062,134.06983947753906,131.50657653808594,132.34844970703125,2061286212,2025-12-07T00:00:00.000000Z
2025-12-07T00:00:00.000000Z,132.34986877441406,136.23268127441406,128.28511047363281,132.09356689453125,3824892147,2025-12-08T00:00:00.000000Z
2025-12-08T00:00:00.000000Z,132.09599304199219,139.20735168457031,131.67465209960938,133.27822875976562,4710407082,2025-12-09T00:00:00.000000Z
2025-12-09T00:00:00.000000Z,133.27833557128906,144.74278259277344,131.8707275390625,137.901611328125,5869893316,2025-12-10T00:00:00.000000Z
2025-12-10T00:00:00.000000Z,137.90609741210938,142.44235229492188,135.86286926269531,136.46902465820312,5949930252,2025-12-11T00:00:00.000000Z
2025-12-11T00:00:00.000000Z,136.46376037597656,137.67807006835938,129.38401794433594,136.37156677246094,5833676784,2025-12-12T00:00:00.000000Z
2025-12-12T00:00:00.000000Z,136.36993408203125,139.98731994628906,130.67987060546875,132.32429504394531,5282060650,2025-12-13T00:00:00.000000Z
2025-12-13T00:00:00.000000Z,132.32403564453125,134.24513244628906,131.98580932617188,133.24746704101562,2024059188,2025-12-14T00:00:00.000000Z
2025-12-14T00:00:00.000000Z,133.24761962890625,133.59098815917969,128.90165710449219,129.48109436035156,2489001258,2025-12-15T00:00:00.000000Z
2025-12-15T00:00:00.000000Z,129.48333740234375,134.71762084960938,123.998046875,127.75711822509766,5120043768,2025-12-16T00:00:00.000000Z
2025-12-16T00:00:00.000000Z,127.75730895996094,129.94526672363281,125.45384979248047,129.25120544433594,3918682307,2025-12-17T00:00:00.000000Z
2025-12-17T00:00:00.000000Z,129.25282287597656,133.4417724609375,121.55805206298828,123.11980438232422,5452646038,2025-12-18T00:00:00.000000Z
2025-12-18T00:00:00.000000Z,123.12610626220703,128.76417541503906,117.31623077392578,119.57015228271484,5835673225,2025-12-19T00:00:00.000000Z
2025-12-19T00:00:00.000000Z,119.57015228271484,127.50522613525391,117.79812622070312,126.1927490234375,5045203467,2025-12-20T00:00:00.000000Z
2025-12-20T00:00:00.000000Z,126.19405364990234,126.76323699951172,125.39103698730469,125.80903625488281,1703857955,2025-12-21T00:00:00.000000Z
2025-12-21T00:00:00.000000Z,125.81024169921875,126.45636749267578,123.60157775878906,125.99150085449219,2335972346,2025-12-22T00:00:00.000000Z
2025-12-22T00:00:00.000000Z,125.99151611328125,128.38507080078125,124.4066162109375,125.80123138427734,3657779407,2025-12-23T00:00:00.000000Z
2025-12-23T00:00:00.000000Z,125.80123138427734,126.73116302490234,122.32801818847656,123.85721588134766,3084149409,2025-12-24T00:00:00.000000Z
2025-12-24T00:00:00.000000Z,123.85684204101562,124.10684204101562,120.78385925292969,122.45860290527344,2313559221,2025-12-25T00:00:00.000000Z
2025-12-25T00:00:00.000000Z,122.45835876464844,124.19391632080078,119.90099334716797,119.94712066650391,2194207451,2025-12-26T00:00:00.000000Z
2025-12-26T00:00:00.000000Z,119.94737243652344,124.92918395996094,119.57316589355469,122.19595336914062,3779508002,2025-12-27T00:00:00.000000Z
2025-12-27T00:00:00.000000Z,122.19612121582031,124.74816131591797,121.86039733886719,124.64771270751953,1711358748,2025-12-28T00:00:00.000000Z
2025-12-28T00:00:00.000000Z,124.64841461181641,125.21761322021484,123.07058715820312,125.19935607910156,2003713687,2025-12-29T00:00:00.000000Z
2025-12-29T00:00:00.000000Z,125.19874572753906,129.30441284179688,122.42872619628906,123.12522888183594,4871847248,2025-12-30T00:00:00.000000Z
2025-12-30T00:00:00.000000Z,123.12448883056641,126.19066619873047,122.53900146484375,124.93132019042969,3096711898,2025-12-31T00:00:00.000000Z
2025-12-31T00:00:00.000000Z,124.93132019042969,127.11942291259766,123.46351623535156,124.48446655273438,3627228070,2026-01-01T00:00:00.000000Z
2026-01-01T00:00:00.000000Z,124.4847412109375,126.98711395263672,124.05153656005859,126.76112365722656,2461653813,2026-01-02T00:00:00.000000Z
2026-01-02T00:00:00.000000Z,126.76112365722656,132.98789978027344,125.79122161865234,132.1336669921875,4508641946,2026-01-03T00:00:00.000000Z
2026-01-03T00:00:00.000000Z,132.13339233398438,133.60838317871094,129.93521118164062,133.29847717285156,2477037555,2026-01-04T00:00:00.000000Z
2026-01-04T00:00:00.000000Z,133.2982177734375,135.35447692871094,133.22732543945312,133.89961242675781,2982580991,2026-01-05T00:00:00.000000Z
2026-01-05T00:00:00.000000Z,133.90263366699219,139.63558959960938,133.34866333007812,137.98997497558594,5200675282,2026-01-06T00:00:00.000000Z
2026-01-06T00:00:00.000000Z,137.98982238769531,143.03657531738281,136.36613464355469,141.09841918945312,5874437271,2026-01-07T00:00:00.000000Z
2026-01-07T00:00:00.000000Z,141.09611511230469,141.09892272949219,134.69160461425781,136.31301879882812,3910044770,2026-01-08T00:00:00.000000Z
2026-01-08T00:00:00.000000Z,136.31301879882812,139.83444213867188,132.82118225097656,138.29342651367188,4776764584,2026-01-09T00:00:00.000000Z
2026-01-09T00:00:00.000000Z,138.29727172851562,140.89506530761719,135.04872131347656,135.75639343261719,5002612595,2026-01-10T00:00:00.000000Z
2026-01-10T00:00:00.000000Z,135.75704956054688,136.81883239746094,135.29322814941406,135.72700500488281,1631651535,2026-01-11T00:00:00.000000Z
2026-01-11T00:00:00.000000Z,135.72767639160156,141.04338073730469,135.6405029296875,139.49046325683594,3148787073,2026-01-12T00:00:00.000000Z
2026-01-12T00:00:00.000000Z,139.49087524414062,143.91157531738281,138.42050170898438,139.13618469238281,6095296933,2026-01-13T00:00:00.000000Z
2026-01-13T00:00:00.000000Z,139.13543701171875,147.30531311035156,137.80845642089844,145.36087036132812,6784244711,2026-01-14T00:00:00.000000Z
2026-01-14T00:00:00.000000Z,145.36163330078125,148.21600341796875,143.52069091796875,146.7528076171875,6358680886,2026-01-15T00:00:00.000000Z
2026-01-15T00:00:00.000000Z,146.75563049316406,146.76199340820312,141.03555297851562,142.33244323730469,4616638822,2026-01-16T00:00:00.000000Z
2026-01-16T00:00:00.000000Z,142.3328857421875,145.3809814453125,140.43679809570312,144.8604736328125,3652609587,2026-01-17T00:00:00.000000Z
2026-01-17T00:00:00.000000Z,144.86015319824219,144.86576843261719,143.57345581054688,143.72567749023438,1900249993,2026-01-18T00:00:00.000000Z
2026-01-18T00:00:00.000000Z,143.72593688964844,143.82252502441406,137.96003723144531,137.99542236328125,2984193864,2026-01-19T00:00:00.000000Z
2026-01-19T00:00:00.000000Z,137.99720764160156,137.99765014648438,132.81777954101562,133.33869934082031,5018545520,2026-01-20T00:00:00.000000Z
2026-01-20T00:00:00.000000Z,133.33859252929688,134.38629150390625,125.67015838623047,125.70572662353516,5647782627,2026-01-21T00:00:00.000000Z
2026-01-21T00:00:00.000000Z,125.70572662353516,131.83930969238281,125.58707427978516,129.37907409667969,5435243612,2026-01-22T00:00:00.000000Z
2026-01-22T00:00:00.000000Z,129.37895202636719,130.49163818359375,126.85424041748047,128.28834533691406,3212054901,2026-01-23T00:00:00.000000Z
2026-01-23T00:00:00.000000Z,128.28851318359375,129.72862243652344,125.37660980224609,127.36157989501953,3766000022,2026-01-24T00:00:00.000000Z
2026-01-24T00:00:00.000000Z,127.363037109375,127.90245056152344,126.56280517578125,127.05381774902344,1620566908,2026-01-25T00:00:00.000000Z
2026-01-25T00:00:00.000000Z,127.05250549316406,127.22686004638672,117.57979583740234,118.77285766601562,5349293195,2026-01-26T00:00:00.000000Z
2026-01-26T00:00:00.000000Z,118.77265167236328,125.06038665771484,118.66184234619141,124.13972473144531,4273720547,2026-01-27T00:00:00.000000Z
2026-01-27T00:00:00.000000Z,124.13898468017578,127.62338256835938,123.04519653320312,127.05479431152344,3683537052,2026-01-28T00:00:00.000000Z
2026-01-28T00:00:00.000000Z,127.05332183837891,127.96628570556641,124.89337921142578,125.11844635009766,3544660044,2026-01-29T00:00:00.000000Z
2026-01-29T00:00:00.000000Z,125.11925506591797,125.18667602539062,115.41664123535156,117.60576629638672,6044075471,2026-01-30T00:00:00.000000Z
2026-01-30T00:00:00.000000Z,117.60324096679688,118.86773681640625,112.96723175048828,117.363037109375,6818716389,2026-01-31T00:00:00.000000Z
2026-01-31T00:00:00.000000Z,117.36463165283203,118.61029052734375,99.980453491210938,105.441650390625,9542017060,2026-02-01T00:00:00.000000Z
2026-02-01T00:00:00.000000Z,105.44039916992188,106.20301818847656,98.529464721679688,100.85052490234375,5440089988,2026-02-02T00:00:00.000000Z
2026-02-02T00:00:00.000000Z,100.84494781494141,105.69131469726562,96.429046630859375,104.47115325927734,6949524331,2026-02-03T00:00:00.000000Z
2026-02-03T00:00:00.000000Z,104.47044372558594,104.91223907470703,96.813133239746094,97.56390380859375,5824450887,2026-02-04T00:00:00.000000Z
2026-02-04T00:00:00.000000Z,97.564033508300781,99.451858520507812,89.661613464355469,92.029304504394531,7163239530,2026-02-05T00:00:00.000000Z
2026-02-05T00:00:00.000000Z,92.029304504394531,92.902664184570312,77.774940490722656,78.187416076660156,10561367080,2026-02-06T00:00:00.000000Z
2026-02-06T00:00:00.000000Z,78.185531616210938,89.507438659667969,68.691818237304688,87.464775085449219,11668451362,2026-02-07T00:00:00.000000Z
2026-02-07T00:00:00.000000Z,87.467308044433594,89.059181213378906,84.328208923339844,87.63983154296875,5200795827,2026-02-08T00:00:00.000000Z
2026-02-08T00:00:00.000000Z,87.63983154296875,88.67376708984375,85.871246337890625,87.044105529785156,3068974562,2026-02-09T00:00:00.000000Z
2026-02-09T00:00:00.000000Z,87.042243957519531,88.4691162109375,82.9388427734375,86.7017822265625,4074999909,2026-02-10T00:00:00.000000Z
2026-02-10T00:00:00.000000Z,86.703605651855469,87.344390869140625,81.989990234375,82.915481567382812,2879051689,2026-02-11T00:00:00.000000Z
2026-02-11T00:00:00.000000Z,82.916152954101562,84.226875305175781,78.399734497070312,79.254249572753906,4305057649,2026-02-12T00:00:00.000000Z
2026-02-12T00:00:00.000000Z,79.253898620605469,82.106559753417969,76.668991088867188,78.348442077636719,3687924145,2026-02-13T00:00:00.000000Z
2026-02-13T00:00:00.000000Z,78.34674072265625,85.464141845703125,77.616569519042969,84.322540283203125,3663739655,2026-02-14T00:00:00.000000Z
2026-02-14T00:00:00.000000Z,84.322311401367188,88.803543090820312,84.235809326171875,88.160835266113281,2954230209,2026-02-15T00:00:00.000000Z
2026-02-15T00:00:00.000000Z,88.161216735839844,91.075790405273438,85.008201599121094,86.005096435546875,4172988583,2026-02-16T00:00:00.000000Z
2026-02-16T00:00:00.000000Z,86.007598876953125,86.670333862304688,82.731910705566406,86.428787231445312,3523436883,2026-02-17T00:00:00.000000Z
2026-02-17T00:00:00.000000Z,86.4288330078125,87.5501708984375,83.131660461425781,85.197608947753906,3175385366,2026-02-18T00:00:00.000000Z
2026-02-18T00:00:00.000000Z,85.196929931640625,85.851188659667969,80.571311950683594,81.566947937011719,3282222779,2026-02-19T00:00:00.000000Z
2026-02-19T00:00:00.000000Z,81.567054748535156,82.574333190917969,79.753700256347656,82.39324951171875,2887552822,2026-02-20T00:00:00.000000Z
2026-02-20T00:00:00.000000Z,82.393386840820312,85.261917114257812,81.851646423339844,84.635108947753906,3866512374,2026-02-21T00:00:00.000000Z
2026-02-21T00:00:00.000000Z,84.635169982910156,86.640647888183594,84.028633117675781,85.211135864257812,2020472698,2026-02-22T00:00:00.000000Z
2026-02-22T00:00:00.000000Z,85.211219787597656,85.482345581054688,82.550178527832031,82.790977478027344,2030721314,2026-02-23T00:00:00.000000Z
2026-02-23T00:00:00.000000Z,82.787155151367188,82.787155151367188,77.276695251464844,77.753318786621094,4967335032,2026-02-24T00:00:00.000000Z
2026-02-24T00:00:00.000000Z,77.754417419433594,79.578948974609375,76.023269653320312,79.036521911621094,3622232562,2026-02-25T00:00:00.000000Z
2026-02-25T00:00:00.000000Z,79.036521911621094,91.047569274902344,78.80804443359375,87.915603637695312,5782225888,2026-02-26T00:00:00.000000Z
2026-02-26T00:00:00.000000Z,87.909568786621094,89.119407653808594,84.5010986328125,85.90911865234375,4154129610,2026-02-27T00:00:00.000000Z
2026-02-27T00:00:00.000000Z,85.909133911132812,88.040733337402344,80.933128356933594,81.951484680175781,3859172094,2026-02-28T00:00:00.000000Z
2026-02-28T00:00:00.000000Z,81.950660705566406,85.258842468261719,77.446357727050781,84.366180419921875,4761528427,2026-03-01T00:00:00.000000Z
2026-03-01T00:00:00.000000Z,84.366348266601562,88.654350280761719,81.844490051269531,83.577659606933594,4665364489,2026-03-02T00:00:00.000000Z
2026-03-02T00:00:00.000000Z,83.576454162597656,89.889122009277344,82.490974426269531,86.634521484375,5455789912,2026-03-03T00:00:00.000000Z
2026-03-03T00:00:00.000000Z,86.636245727539062,87.32257080078125,82.876556396484375,87.019752502441406,4835947541,2026-03-04T00:00:00.000000Z
2026-03-04T00:00:00.000000Z,87.019569396972656,93.826530456542969,84.942863464355469,90.834266662597656,6907739136,2026-03-05T00:00:00.000000Z
2026-03-05T00:00:00.000000Z,90.834266662597656,92.788787841796875,88.009368896484375,88.691108703613281,4462211662,2026-03-06T00:00:00.000000Z
2026-03-06T00:00:00.000000Z,88.693473815917969,89.24493408203125,83.743309020996094,84.681800842285156,3739561333,2026-03-07T00:00:00.000000Z
2026-03-07T00:00:00.000000Z,84.680557250976562,85.002601623535156,82.494537353515625,83.179954528808594,1916017174,2026-03-08T00:00:00.000000Z
2026-03-08T00:00:00.000000Z,83.180038452148438,84.05389404296875,80.710952758789062,81.624588012695312,2686950610,2026-03-09T00:00:00.000000Z
2026-03-09T00:00:00.000000Z,81.624557495117188,86.915435791015625,81.59979248046875,84.936172485351562,4216355210,2026-03-10T00:00:00.000000Z
2026-03-10T00:00:00.000000Z,84.937492370605469,88.630691528320312,84.926033020019531,85.838226318359375,4341777505,2026-03-11T00:00:00.000000Z
2026-03-11T00:00:00.000000Z,85.838157653808594,87.832138061523438,84.451583862304688,86.564933776855469,3960189193,2026-03-12T00:00:00.000000Z
2026-03-12T00:00:00.000000Z,86.566680908203125,87.590599060058594,84.816452026367188,86.867790222167969,3741395035,2026-03-13T00:00:00.000000Z
2026-03-13T00:00:00.000000Z,86.867706298828125,92.880531311035156,86.813285827636719,88.153289794921875,5722483290,2026-03-14T00:00:00.000000Z
2026-03-14T00:00:00.000000Z,88.154129028320312,88.671195983886719,86.630233764648438,88.070686340332031,2167169768,2026-03-15T00:00:00.000000Z
2026-03-15T00:00:00.000000Z,88.0704345703125,92.997764587402344,87.498703002929688,92.251823425292969,3277177955,2026-03-16T00:00:00.000000Z
2026-03-16T00:00:00.000000Z,92.258132934570312,97.417716979980469,91.245918273925781,96.223724365234375,6507301442,2026-03-17T00:00:00.000000Z
2026-03-17T00:00:00.000000Z,96.224235534667969,96.747718811035156,93.322860717773438,94.705970764160156,4239635773,2026-03-18T00:00:00.000000Z
2026-03-18T00:00:00.000000Z,94.704643249511719,95.539375305175781,88.812065124511719,90.065719604492188,4331839385,2026-03-19T00:00:00.000000Z
2026-03-19T00:00:00.000000Z,90.064422607421875,91.227554321289062,87.194137573242188,88.9178466796875,3654219084,2026-03-20T00:00:00.000000Z
2026-03-20T00:00:00.000000Z,88.917251586914062,90.236907958984375,88.241943359375,89.853569030761719,3090719128,2026-03-21T00:00:00.000000Z
2026-03-21T00:00:00.000000Z,89.8543701171875,90.76116943359375,87.441238403320312,87.465370178222656,1903136993,2026-03-22T00:00:00.000000Z
2026-03-22T00:00:00.000000Z,87.466636657714844,89.047119140625,85.293449401855469,86.128349304199219,2979255573,2026-03-23T00:00:00.000000Z
2026-03-23T00:00:00.000000Z,86.128692626953125,92.164352416992188,85.250335693359375,91.424079895019531,5416789599,2026-03-24T00:00:00.000000Z
2026-03-24T00:00:00.000000Z,91.425209045410156,92.150390625,88.488998413085938,90.822425842285156,4147126404,2026-03-25T00:00:00.000000Z
2026-03-25T00:00:00.000000Z,90.822425842285156,93.263008117675781,90.802619934082031,91.708221435546875,3750957246,2026-03-26T00:00:00.000000Z
2026-03-26T00:00:00.000000Z,91.708221435546875,91.895797729492188,85.51251220703125,86.443931579589844,4280339140,2026-03-27T00:00:00.000000Z
2026-03-27T00:00:00.000000Z,86.445701599121094,86.914375305175781,82.04327392578125,83.018829345703125,3694287477,2026-03-28T00:00:00.000000Z
2026-03-28T00:00:00.000000Z,83.018455505371094,84.055404663085938,81.869537353515625,82.015602111816406,2278504599,2026-03-29T00:00:00.000000Z
2026-03-29T00:00:00.000000Z,82.01568603515625,83.071739196777344,79.575035095214844,81.422401428222656,2398386905,2026-03-30T00:00:00.000000Z
2026-03-30T00:00:00.000000Z,81.422012329101562,84.721412658691406,81.198493957519531,82.444053649902344,3987544544,2026-03-31T00:00:00.000000Z
2026-03-31T00:00:00.000000Z,82.443817138671875,84.229179382324219,80.212913513183594,83.106460571289062,4833199759,2026-04-01T00:00:00.000000Z
2026-04-01T00:00:00.000000Z,83.109199523925781,86.390975952148438,80.934410095214844,81.195259094238281,5093477642,2026-04-02T00:00:00.000000Z
2026-04-02T00:00:00.000000Z,81.195404052734375,81.701820373535156,76.816940307617188,78.951316833496094,4928225665,2026-04-03T00:00:00.000000Z
2026-04-03T00:00:00.000000Z,78.951316833496094,80.560554504394531,78.918060302734375,80.368545532226562,2994787677,2026-04-04T00:00:00.000000Z
2026-04-04T00:00:00.000000Z,80.368751525878906,81.29010009765625,79.743759155273438,80.808380126953125,2127989928,2026-04-05T00:00:00.000000Z
2026-04-05T00:00:00.000000Z,80.808952331542969,81.969718933105469,78.602920532226562,81.8544921875,2423711503,2026-04-06T00:00:00.000000Z
2026-04-06T00:00:00.000000Z,81.854637145996094,82.873336791992188,79.731414794921875,80.151573181152344,3541988994,2026-04-07T00:00:00.000000Z
2026-04-07T00:00:00.000000Z,80.143753051757812,86.814895629882812,78.431015014648438,85.64801025390625,5460070540,2026-04-08T00:00:00.000000Z
2026-04-08T00:00:00.000000Z,85.649223327636719,85.806808471679688,82.348602294921875,82.581695556640625,4682919248,2026-04-09T00:00:00.000000Z
2026-04-09T00:00:00.000000Z,82.581916809082031,85.608390808105469,81.548599243164062,83.2977294921875,4470806838,2026-04-10T00:00:00.000000Z
2026-04-10T00:00:00.000000Z,83.2974853515625,85.482627868652344,82.765876770019531,84.828475952148438,12723244529,2026-04-11T00:00:00.000000Z
2026-04-11T00:00:00.000000Z,84.828582763671875,86.181831359863281,83.987213134765625,84.948768615722656,11558630681,2026-04-12T00:00:00.000000Z
2026-04-12T00:00:00.000000Z,84.949417114257812,84.993919372558594,81.406509399414062,81.535232543945312,3897286488,2026-04-13T00:00:00.000000Z
2026-04-13T00:00:00.000000Z,81.535232543945312,86.678001403808594,81.507659912109375,86.656562805175781,4977932541,2026-04-14T00:00:00.000000Z
2026-04-14T00:00:00.000000Z,86.654121398925781,87.5316162109375,83.396217346191406,83.774627685546875,5728418790,2026-04-15T00:00:00.000000Z
2026-04-15T00:00:00.000000Z,83.774223327636719,85.577842712402344,82.746719360351562,84.919334411621094,4650021670,2026-04-16T00:00:00.000000Z
2026-04-16T00:00:00.000000Z,84.91986083984375,90.377655029296875,84.204010009765625,88.994209289550781,6215173056,2026-04-17T00:00:00.000000Z
2026-04-17T00:00:00.000000Z,88.995223999023438,90.669723510742188,87.438240051269531,88.874160766601562,6454981141,2026-04-18T00:00:00.000000Z
2026-04-18T00:00:00.000000Z,88.87432861328125,89.151107788085938,85.942153930664062,86.202713012695312,3619028688,2026-04-19T00:00:00.000000Z
2026-04-19T00:00:00.000000Z,86.202613830566406,87.075584411621094,83.172981262207031,83.580947875976562,4429065589,2026-04-20T00:00:00.000000Z
2026-04-20T00:00:00.000000Z,83.5799560546875,86.168464660644531,83.481910705566406,85.332954406738281,4326731566,2026-04-21T00:00:00.000000Z
2026-04-21T00:00:00.000000Z,85.331985473632812,86.704978942871094,84.420585632324219,86.029464721679688,4083758344,2026-04-22T00:00:00.000000Z
2026-04-22T00:00:00.000000Z,86.029548645019531,89.263694763183594,86.027297973632812,86.915824890136719,5098022834,2026-04-23T00:00:00.000000Z
2026-04-23T00:00:00.000000Z,86.916519165039062,87.046653747558594,84.626884460449219,86.141059875488281,4738760145,2026-04-24T00:00:00.000000Z
2026-04-24T00:00:00.000000Z,86.140190124511719,86.92535400390625,85.076263427734375,86.231880187988281,3681485520,2026-04-25T00:00:00.000000Z
2026-04-25T00:00:00.000000Z,86.231651306152344,86.775245666503906,85.614356994628906,86.151176452636719,2482382785,2026-04-26T00:00:00.000000Z
2026-04-26T00:00:00.000000Z,86.151176452636719,87.120437622070312,85.905380249023438,86.970382690429688,2965743271,2026-04-27T00:00:00.000000Z
2026-04-27T00:00:00.000000Z,86.970718383789062,88.046180725097656,83.849021911621094,84.817787170410156,4759031980,2026-04-28T00:00:00.000000Z
2026-04-28T00:00:00.000000Z,84.818077087402344,84.901641845703125,83.045013427734375,84.038978576660156,3290032033,2026-04-29T00:00:00.000000Z
2026-04-29T00:00:00.000000Z,84.038063049316406,85.510009765625,81.626457214355469,83.026870727539062,4529973017,2026-04-30T00:00:00.000000Z
2026-04-30T00:00:00.000000Z,83.027122497558594,83.931182861328125,82.274131774902344,83.023757934570312,3355884138,2026-05-01T00:00:00.000000Z
2026-05-01T00:00:00.000000Z,83.023666381835938,84.722297668457031,83.018531799316406,83.723503112792969,3514127644,2026-05-02T00:00:00.000000Z
2026-05-02T00:00:00.000000Z,83.723274230957031,84.819664001464844,83.511405944824219,84.276611328125,2492556942,2026-05-03T00:00:00.000000Z
2026-05-03T00:00:00.000000Z,84.276779174804688,84.765571594238281,83.593391418457031,83.899574279785156,2703436374,2026-05-04T00:00:00.000000Z
2026-05-04T00:00:00.000000Z,83.899574279785156,85.802619934082031,83.365570068359375,84.089859008789062,5375059086,2026-05-05T00:00:00.000000Z
2026-05-05T00:00:00.000000Z,84.089019775390625,86.894287109375,84.05145263671875,86.319190979003906,4431996628,2026-05-06T00:00:00.000000Z
2026-05-06T00:00:00.000000Z,86.318901062011719,89.892326354980469,86.138687133789062,89.14501953125,5689603384,2026-05-07T00:00:00.000000Z
2026-05-07T00:00:00.000000Z,89.145668029785156,90.314964294433594,87.682586669921875,88.40478515625,4791004890,2026-05-08T00:00:00.000000Z
2026-05-08T00:00:00.000000Z,88.40478515625,92.725105285644531,87.691986083984375,91.949821472167969,4607631630,2026-05-09T00:00:00.000000Z
2026-05-09T00:00:00.000000Z,91.949821472167969,94.030120849609375,91.896011352539062,93.145515441894531,3739835286,2026-05-10T00:00:00.000000Z
2026-05-10T00:00:00.000000Z,93.145576477050781,96.811408996582031,92.642570495605469,96.426986694335938,4711429504,2026-05-11T00:00:00.000000Z
2026-05-11T00:00:00.000000Z,96.426986694335938,98.266677856445312,94.432518005371094,97.350151062011719,5304012390,2026-05-12T00:00:00.000000Z
2026-05-12T00:00:00.000000Z,97.349891662597656,97.618362426757812,93.642822265625,94.284294128417969,4206766577,2026-05-13T00:00:00.000000Z
2026-05-13T00:00:00.000000Z,94.283950805664062,95.864448547363281,90.419586181640625,91.085472106933594,4567512131,2026-05-14T00:00:00.000000Z
2026-05-14T00:00:00.000000Z,91.085746765136719,93.579109191894531,89.896507263183594,92.148727416992188,4117442304,2026-05-15T00:00:00.000000Z
2026-05-15T00:00:00.000000Z,92.147628784179688,92.563102722167969,88.761940002441406,89.200355529785156,3954608210,2026-05-16T00:00:00.000000Z
2026-05-16T00:00:00.000000Z,89.200508117675781,89.347946166992188,85.694801330566406,86.536483764648438,3093543960,2026-05-17T00:00:00.000000Z
2026-05-17T00:00:00.000000Z,86.536483764648438,87.172080993652344,83.802322387695312,85.172950744628906,2900109291,2026-05-18T00:00:00.000000Z
2026-05-18T00:00:00.000000Z,85.172187805175781,85.668106079101562,83.518104553222656,85.296897888183594,3814216398,2026-05-19T00:00:00.000000Z
2026-05-19T00:00:00.000000Z,85.297019958496094,85.777725219726562,83.85479736328125,84.208602905273438,2746890424,2026-05-20T00:00:00.000000Z
2026-05-20T00:00:00.000000Z,84.208518981933594,86.900138854980469,83.862442016601562,86.041938781738281,3466596442,2026-05-21T00:00:00.000000Z
2026-05-21T00:00:00.000000Z,86.042060852050781,87.786758422851562,85.356788635253906,87.156204223632812,3835849177,2026-05-22T00:00:00.000000Z
2026-05-22T00:00:00.000000Z,87.156806945800781,87.661460876464844,84.03662109375,84.307090759277344,3382830764,2026-05-23T00:00:00.000000Z
2026-05-23T00:00:00.000000Z,84.307121276855469,87.143623352050781,81.691619873046875,85.658485412597656,4032785357,2026-05-24T00:00:00.000000Z
2026-05-24T00:00:00.000000Z,85.658485412597656,86.76220703125,83.820297241210938,85.24969482421875,3092213910,2026-05-25T00:00:00.000000Z
2026-05-25T00:00:00.000000Z,85.249031066894531,86.366973876953125,84.723052978515625,85.010505676269531,2786627394,2026-05-26T00:00:00.000000Z
2026-05-26T00:00:00.000000Z,85.009696960449219,85.984237670898438,83.191917419433594,83.586517333984375,3652722719,2026-05-27T00:00:00.000000Z
2026-05-27T00:00:00.000000Z,83.586570739746094,84.562812805175781,82.062721252441406,82.368125915527344,3313099113,2026-05-28T00:00:00.000000Z
2026-05-28T00:00:00.000000Z,82.368110656738281,82.8121337890625,80.041854858398438,81.985427856445312,3669754717,2026-05-29T00:00:00.000000Z
2026-05-29T00:00:00.000000Z,81.985450744628906,83.049850463867188,80.356620788574219,81.932487487792969,3340907091,2026-05-30T00:00:00.000000Z
2026-05-30T00:00:00.000000Z,81.932907104492188,82.988815307617188,81.824150085449219,82.547294616699219,2257737109,2026-05-31T00:00:00.000000Z
2026-05-31T00:00:00.000000Z,82.548149108886719,83.217926025390625,81.341819763183594,82.298301696777344,2207975455,2026-06-01T00:00:00.000000Z
2026-06-01T00:00:00.000000Z,82.298057556152344,82.880722045898438,79.100318908691406,81.087020874023438,3764320653,2026-06-02T00:00:00.000000Z
2026-06-02T00:00:00.000000Z,81.087020874023438,81.142379760742188,72.870407104492188,74.142860412597656,4479904038,2026-06-03T00:00:00.000000Z
2026-06-03T00:00:00.000000Z,74.142562866210938,75.543373107910156,70.971115112304688,71.612380981445312,4320073081,2026-06-04T00:00:00.000000Z
2026-06-04T00:00:00.000000Z,71.612075805664062,71.960212707519531,67.524406433105469,68.718925476074219,5532042136,2026-06-05T00:00:00.000000Z
2026-06-05T00:00:00.000000Z,68.718940734863281,68.929977416992188,61.588035583496094,63.486942291259766,6580342268,2026-06-06T00:00:00.000000Z
2026-06-06T00:00:00.000000Z,63.487560272216797,64.791633605957031,60.414718627929688,62.189804077148438,3098233389,2026-06-07T00:00:00.000000Z
2026-06-07T00:00:00.000000Z,62.189266204833984,67.444984436035156,62.002479553222656,66.310630798339844,2721563824,2026-06-08T00:00:00.000000Z
2026-06-08T00:00:00.000000Z,66.310813903808594,67.967315673828125,65.023826599121094,66.794952392578125,2829739169,2026-06-09T00:00:00.000000Z
2026-06-09T00:00:00.000000Z,66.795257568359375,67.389335632324219,63.633232116699219,64.962059020996094,2794618813,2026-06-10T00:00:00.000000Z
2026-06-10T00:00:00.000000Z,64.962150573730469,65.407951354980469,62.375930786132812,63.160953521728516,2771122697,2026-06-11T00:00:00.000000Z
2026-06-11T00:00:00.000000Z,63.160652160644531,67.207809448242188,63.158786773681641,66.822006225585938,2584434257,2026-06-12T00:00:00.000000Z
2026-06-12T00:00:00.000000Z,66.822586059570312,68.687591552734375,65.940963745117188,66.749275207519531,2496073408,2026-06-13T00:00:00.000000Z
2026-06-13T00:00:00.000000Z,66.750076293945312,69.453758239746094,66.645332336425781,68.872787475585938,1473600629,2026-06-14T00:00:00.000000Z
2026-06-14T00:00:00.000000Z,68.872871398925781,71.182060241699219,66.979179382324219,71.166183471679688,1618939393,2026-06-15T00:00:00.000000Z
2026-06-15T00:00:00.000000Z,71.166229248046875,75.938789367675781,70.768218994140625,73.979331970214844,2855926507,2026-06-16T00:00:00.000000Z
2026-06-16T00:00:00.000000Z,73.979248046875,75.446800231933594,72.475082397460938,73.413787841796875,2180655774,2026-06-17T00:00:00.000000Z
2026-06-17T00:00:00.000000Z,73.413787841796875,74.37615966796875,71.050140380859375,71.930984497070312,2589799897,2026-06-18T00:00:00.000000Z
2026-06-18T00:00:00.000000Z,71.930007934570312,72.545303344726562,68.305534362792969,69.626495361328125,2261568852,2026-06-19T00:00:00.000000Z
2026-06-19T00:00:00.000000Z,69.62493896484375,69.982452392578125,67.918533325195312,69.720603942871094,1724372055,2026-06-20T00:00:00.000000Z
2026-06-20T00:00:00.000000Z,69.721794128417969,74.118499755859375,69.474983215332031,73.172653198242188,2008492615,2026-06-21T00:00:00.000000Z
2026-06-21T00:00:00.000000Z,73.172691345214844,74.507926940917969,72.380073547363281,72.418159484863281,1920143205,2026-06-22T00:00:00.000000Z
2026-06-22T00:00:00.000000Z,72.417648315429688,74.89154052734375,71.635177612304688,71.908164978027344,2409081243,2026-06-23T00:00:00.000000Z
2026-06-23T00:00:00.000000Z,71.907524108886719,71.9219970703125,68.339401245117188,69.643684387207031,2072312842,2026-06-24T00:00:00.000000Z
2026-06-24T00:00:00.000000Z,69.6436767578125,70.226425170898438,64.830978393554688,67.982498168945312,3271251788,2026-06-25T00:00:00.000000Z
2026-06-25T00:00:00.000000Z,67.982254028320312,69.4368896484375,64.418365478515625,67.574089050292969,3473874338,2026-06-26T00:00:00.000000Z
2026-06-26T00:00:00.000000Z,67.574089050292969,73.703346252441406,65.920654296875,71.835380554199219,4463148306,2026-06-27T00:00:00.000000Z
2026-06-27T00:00:00.000000Z,71.834907531738281,73.016410827636719,70.388374328613281,70.410697937011719,1872823921,2026-06-28T00:00:00.000000Z
2026-06-28T00:00:00.000000Z,70.410774230957031,72.047988891601562,69.838836669921875,71.312942504882812,1793569190,2026-06-29T00:00:00.000000Z
2026-06-29T00:00:00.000000Z,71.313095092773438,75.920204162597656,70.509063720703125,74.946815490722656,4009589866,2026-06-30T00:00:00.000000Z
2026-06-30T00:00:00.000000Z,74.946647644042969,75.057937622070312,71.918785095214844,73.523307800292969,2808926983,2026-07-01T00:00:00.000000Z
2026-07-01T00:00:00.000000Z,73.526275634765625,78.61175537109375,72.593727111816406,77.383705139160156,3886778163,2026-07-02T00:00:00.000000Z
2026-07-02T00:00:00.000000Z,77.383590698242188,82.598655700683594,76.9002685546875,80.64398193359375,4145904986,2026-07-03T00:00:00.000000Z
2026-07-03T00:00:00.000000Z,80.64398193359375,82.954338073730469,80.348594665527344,82.280059814453125,2166541336,2026-07-04T00:00:00.000000Z
2026-07-04T00:00:00.000000Z,82.280220031738281,83.808868408203125,81.364677429199219,81.649635314941406,2119524835,2026-07-05T00:00:00.000000Z
2026-07-05T00:00:00.000000Z,81.649238586425781,82.210968017578125,79.73486328125,81.423042297363281,1773256119,2026-07-06T00:00:00.000000Z
2026-07-06T00:00:00.000000Z,81.424995422363281,83.059417724609375,79.220481872558594,81.915176391601562,2786913228,2026-07-07T00:00:00.000000Z
2026-07-07T00:00:00.000000Z,81.915672302246094,82.673439025878906,80.462509155273438,80.648704528808594,2279589175,2026-07-08T00:00:00.000000Z
2026-07-08T00:00:00.000000Z,80.648216247558594,80.68988037109375,76.256629943847656,77.787025451660156,2467047352,2026-07-09T00:00:00.000000Z
2026-07-09T00:00:00.000000Z,77.787010192871094,78.586929321289062,76.843231201171875,78.045463562011719,1792200591,2026-07-10T00:00:00.000000Z
2026-07-10T00:00:00.000000Z,78.044273376464844,79.552490234375,77.296539306640625,78.066612243652344,2145859531,2026-07-11T00:00:00.000000Z
2026-07-11T00:00:00.000000Z,78.067329406738281,78.716552734375,76.814353942871094,76.824165344238281,1454994477,2026-07-12T00:00:00.000000Z
2026-07-12T00:00:00.000000Z,76.824188232421875,77.657936096191406,75.7974853515625,76.87384033203125,1385994112,2026-07-13T00:00:00.000000Z
2026-07-13T00:00:00.000000Z,76.874061584472656,78.021003723144531,74.161781311035156,74.86138916015625,1940829057,2026-07-14T00:00:00.000000Z
2026-07-14T00:00:00.000000Z,74.861701965332031,77.817268371582031,74.550888061523438,77.762443542480469,2122308075,2026-07-15T00:00:00.000000Z
2026-07-15T00:00:00.000000Z,77.762908935546875,78.877342224121094,77.059783935546875,77.264068603515625,2085836919,2026-07-16T00:00:00.000000Z
2026-07-16T00:00:00.000000Z,77.263626098632812,77.433845520019531,75.035476684570312,75.27197265625,1794252183,2026-07-17T00:00:00.000000Z
2026-07-17T00:00:00.000000Z,75.272392272949219,75.639732360839844,73.401695251464844,75.0115966796875,1654645230,2026-07-18T00:00:00.000000Z
2026-07-18T00:00:00.000000Z,75.009880065917969,75.559989929199219,74.531463623046875,75.460906982421875,889545169,2026-07-19T00:00:00.000000Z
2026-07-19T00:00:00.000000Z,75.461006164550781,76.586166381835938,75.432807922363281,76.355262756347656,1306988109,2026-07-20T00:00:00.000000Z
2026-07-20T00:00:00.000000Z,76.354095458984375,78.191612243652344,75.556732177734375,77.791915893554688,2188464392,2026-07-21T00:00:00.000000Z
2026-07-21T00:00:00.000000Z,77.792381286621094,78.7259521484375,77.563385009765625,78.108604431152344,1592514558,2026-07-22T00:00:00.000000Z
2026-07-22T00:00:00.000000Z,78.108757019042969,78.707969665527344,76.993820190429688,77.906265258789062,1695110149,2026-07-23T00:00:00.000000Z
2026-07-23T00:00:00.000000Z,77.905891418457031,78.454696655273438,75.469612121582031,75.85980224609375,1579075500,2026-07-24T00:00:00.000000Z
2026-07-24T00:00:00.000000Z,75.859909057617188,76.276695251464844,73.469230651855469,73.879913330078125,1659258809,2026-07-25T00:00:00.000000Z
2026-07-25T00:00:00.000000Z,73.880340576171875,74.64422607421875,73.616340637207031,74.428565979003906,879280475,2026-07-26T00:00:00.000000Z
2026-07-26T00:00:00.000000Z,74.428878784179688,76.916160583496094,74.428863525390625,76.602165222167969,1070329957,2026-07-27T00:00:00.000000Z
2026-07-27T00:00:00.000000Z,76.603126525878906,77.370887756347656,73.825363159179688,74.141845703125,1866082368,2026-07-28T00:00:00.000000Z
