open_time,open,high,low,close,volume,close_time
2020-01-01T00:00:00.000000Z,0.67857980728149414,0.67857980728149414,0.67230010032653809,0.67857980728149414,0,2020-01-02T00:00:00.000000Z
2020-01-02T00:00:00.000000Z,0.67370915412902832,0.67403155565261841,0.6686592698097229,0.67371821403503418,0,2020-01-03T00:00:00.000000Z
2020-01-03T00:00:00.000000Z,0.66994041204452515,0.67004013061523438,0.66461968421936035,0.67002123594284058,0,2020-01-04T00:00:00.000000Z
2020-01-06T00:00:00.000000Z,0.66584986448287964,0.66809999942779541,0.6645578145980835,0.66553080081939697,0,2020-01-07T00:00:00.000000Z
2020-01-07T00:00:00.000000Z,0.66692012548446655,0.6679999828338623,0.66265100240707397,0.66695123910903931,0,2020-01-08T00:00:00.000000Z
2020-01-08T00:00:00.000000Z,0.66309040784835815,0.66723161935806274,0.66193163394927979,0.66312116384506226,0,2020-01-09T00:00:00.000000Z
2020-01-09T00:00:00.000000Z,0.66561055183410645,0.66592973470687866,0.6601099967956543,0.66542899608612061,0,2020-01-10T00:00:00.000000Z
2020-01-10T00:00:00.000000Z,0.66079002618789673,0.66412967443466187,0.66034060716629028,0.66079878807067871,0,2020-01-11T00:00:00.000000Z
2020-01-13T00:00:00.000000Z,0.66357886791229248,0.66540020704269409,0.6622384786605835,0.6637682318687439,0,2020-01-14T00:00:00.000000Z
2020-01-14T00:00:00.000000Z,0.66265976428985596,0.66345113515853882,0.66050195693969727,0.66268175840377808,0,2020-01-15T00:00:00.000000Z
2020-01-15T00:00:00.000000Z,0.66068965196609497,0.66215956211090088,0.65866172313690186,0.660969078540802,0,2020-01-16T00:00:00.000000Z
2020-01-17T00:00:00.000000Z,0.66375058889389038,0.66520011425018311,0.66082936525344849,0.66382110118865967,0,2020-01-18T00:00:00.000000Z
2020-01-20T00:00:00.000000Z,0.66201049089431763,0.66270017623901367,0.65936094522476196,0.66197109222412109,0,2020-01-21T00:00:00.000000Z
2020-01-21T00:00:00.000000Z,0.66076821088790894,0.66155064105987549,0.65900033712387085,0.66089046001434326,0,2020-01-22T00:00:00.000000Z
2020-01-22T00:00:00.000000Z,0.65957844257354736,0.6611483097076416,0.65832781791687012,0.65953058004379272,0,2020-01-23T00:00:00.000000Z
2020-01-23T00:00:00.000000Z,0.65957844257354736,0.66102153062820435,0.65824121236801147,0.65963929891586304,0,2020-01-24T00:00:00.000000Z
2020-01-24T00:00:00.000000Z,0.66194039583206177,0.66295856237411499,0.66004854440689087,0.6614719033241272,0,2020-01-25T00:00:00.000000Z
2020-01-27T00:00:00.000000Z,0.65750974416732788,0.65902197360992432,0.65474164485931396,0.65727204084396362,0,2020-01-28T00:00:00.000000Z
2020-01-28T00:00:00.000000Z,0.65451878309249878,0.6552998423576355,0.65220934152603149,0.6545788049697876,0,2020-01-29T00:00:00.000000Z
2020-01-29T00:00:00.000000Z,0.65403079986572266,0.65440016984939575,0.65088063478469849,0.65400940179824829,0,2020-01-30T00:00:00.000000Z
2020-01-30T00:00:00.000000Z,0.65277987718582153,0.65295886993408203,0.64865148067474365,0.65272021293640137,0,2020-01-31T00:00:00.000000Z
2020-01-31T00:00:00.000000Z,0.64850002527236938,0.64961010217666626,0.64549857378005981,0.64854210615158081,0,2020-02-01T00:00:00.000000Z
2020-02-03T00:00:00.000000Z,0.64584046602249146,0.64760130643844604,0.64554864168167114,0.64594894647598267,0,2020-02-04T00:00:00.000000Z
2020-02-04T00:00:00.000000Z,0.6459614634513855,0.64802098274230957,0.64514881372451782,0.64611172676086426,0,2020-02-05T00:00:00.000000Z
2020-02-05T00:00:00.000000Z,0.64935904741287231,0.65032190084457397,0.64740008115768433,0.6493801474571228,0,2020-02-06T00:00:00.000000Z
2020-02-06T00:00:00.000000Z,0.64810079336166382,0.64850002527236938,0.64554864168167114,0.64818894863128662,0,2020-02-07T00:00:00.000000Z
2020-02-07T00:00:00.000000Z,0.64604073762893677,0.64639991521835327,0.64043039083480835,0.64630001783370972,0,2020-02-08T00:00:00.000000Z
2020-02-10T00:00:00.000000Z,0.63972163200378418,0.64174962043762207,0.63834947347640991,0.63995903730392456,0,2020-02-11T00:00:00.000000Z
2020-02-11T00:00:00.000000Z,0.63876134157180786,0.64225995540618896,0.63797074556350708,0.63885927200317383,0,2020-02-12T00:00:00.000000Z
2020-02-12T00:00:00.000000Z,0.64066833257675171,0.64881134033203125,0.64047139883041382,0.64065194129943848,0,2020-02-13T00:00:00.000000Z
2020-02-13T00:00:00.000000Z,0.64484924077987671,0.64670085906982422,0.64415973424911499,0.64471209049224854,0,2020-02-14T00:00:00.000000Z
2020-02-14T00:00:00.000000Z,0.6442800760269165,0.64470005035400391,0.64240926504135132,0.64430916309356689,0,2020-02-15T00:00:00.000000Z
2020-02-19T00:00:00.000000Z,0.63954979181289673,0.64116948843002319,0.63742989301681519,0.63945162296295166,0,2020-02-20T00:00:00.000000Z
2020-02-20T00:00:00.000000Z,0.63887965679168701,0.63956201076507568,0.63267111778259277,0.63898169994354248,0,2020-02-21T00:00:00.000000Z
2020-02-21T00:00:00.000000Z,0.63334029912948608,0.63567131757736206,0.63046133518218994,0.63324809074401855,0,2020-02-22T00:00:00.000000Z
2020-02-24T00:00:00.000000Z,0.63223117589950562,0.63521099090576172,0.63046932220458984,0.63233107328414917,0,2020-02-25T00:00:00.000000Z
2020-02-25T00:00:00.000000Z,0.63436079025268555,0.63600003719329834,0.63122940063476562,0.6344292163848877,0,2020-02-26T00:00:00.000000Z
2020-02-26T00:00:00.000000Z,0.63213127851486206,0.63219118118286133,0.62944942712783813,0.63215923309326172,0,2020-02-27T00:00:00.000000Z
2020-02-27T00:00:00.000000Z,0.62919992208480835,0.63338041305541992,0.62853157520294189,0.6286817193031311,0,2020-02-28T00:00:00.000000Z
2020-02-28T00:00:00.000000Z,0.6311417818069458,0.63144987821578979,0.61995130777359009,0.63116967678070068,0,2020-02-29T00:00:00.000000Z
2020-03-02T00:00:00.000000Z,0.62306070327758789,0.62793165445327759,0.62052834033966064,0.62294036149978638,0,2020-03-03T00:00:00.000000Z
2020-03-03T00:00:00.000000Z,0.62646043300628662,0.63259905576705933,0.62482815980911255,0.62655854225158691,0,2020-03-04T00:00:00.000000Z
2020-03-05T00:00:00.000000Z,0.63004827499389648,0.63340044021606445,0.62825912237167358,0.63002842664718628,0,2020-03-06T00:00:00.000000Z
2020-03-06T00:00:00.000000Z,0.63148856163024902,0.63732832670211792,0.62956035137176514,0.6313091516494751,0,2020-03-07T00:00:00.000000Z
2020-03-09T00:00:00.000000Z,0.63285934925079346,0.64467883110046387,0.60447430610656738,0.63293945789337158,0,2020-03-10T00:00:00.000000Z
2020-03-10T00:00:00.000000Z,0.63391846418380737,0.63444936275482178,0.62633877992630005,0.63415157794952393,0,2020-03-11T00:00:00.000000Z
2020-03-11T00:00:00.000000Z,0.62664884328842163,0.6341395378112793,0.62600946426391602,0.62680995464324951,0,2020-03-12T00:00:00.000000Z
2020-03-12T00:00:00.000000Z,0.62660956382751465,0.62765181064605713,0.60948848724365234,0.62642908096313477,0,2020-03-13T00:00:00.000000Z
2020-03-13T00:00:00.000000Z,0.61202883720397949,0.61615055799484253,0.60486918687820435,0.61144876480102539,0,2020-03-14T00:00:00.000000Z
2020-03-16T00:00:00.000000Z,0.60537815093994141,0.61178171634674072,0.59890997409820557,0.60509979724884033,0,2020-03-17T00:00:00.000000Z
2020-03-17T00:00:00.000000Z,0.60460954904556274,0.6095888614654541,0.5933908224105835,0.60447067022323608,0,2020-03-18T00:00:00.000000Z
2020-03-18T00:00:00.000000Z,0.59461164474487305,0.59676909446716309,0.57698076963424683,0.59492999315261841,0,2020-03-19T00:00:00.000000Z
2020-03-19T00:00:00.000000Z,0.57172918319702148,0.59117025136947632,0.54786115884780884,0.57306921482086182,0,2020-03-20T00:00:00.000000Z
2020-03-20T00:00:00.000000Z,0.56866002082824707,0.58766835927963257,0.56500047445297241,0.56847578287124634,0,2020-03-21T00:00:00.000000Z
2020-03-23T00:00:00.000000Z,0.56318038702011108,0.57338136434555054,0.55984145402908325,0.56261003017425537,0,2020-03-24T00:00:00.000000Z
2020-03-24T00:00:00.000000Z,0.5742308497428894,0.5839688777923584,0.57383871078491211,0.57441884279251099,0,2020-03-25T00:00:00.000000Z
2020-03-25T00:00:00.000000Z,0.58242136240005493,0.59106898307800293,0.57921993732452393,0.58297139406204224,0,2020-03-26T00:00:00.000000Z
2020-03-26T00:00:00.000000Z,0.58082127571105957,0.59661954641342163,0.57801127433776855,0.58121961355209351,0,2020-03-27T00:00:00.000000Z
2020-03-27T00:00:00.000000Z,0.59745007753372192,0.60272914171218872,0.59143948554992676,0.5979001522064209,0,2020-03-28T00:00:00.000000Z
2020-03-30T00:00:00.000000Z,0.60516935586929321,0.60636931657791138,0.59880954027175903,0.60582929849624634,0,2020-03-31T00:00:00.000000Z
2020-03-31T00:00:00.000000Z,0.60021847486495972,0.60367155075073242,0.59224164485931396,0.60097962617874146,0,2020-04-01T00:00:00.000000Z
2020-04-01T00:00:00.000000Z,0.59533023834228516,0.59612160921096802,0.58828026056289673,0.59513890743255615,0,2020-04-02T00:00:00.000000Z
2020-04-02T00:00:00.000000Z,0.5934295654296875,0.59747147560119629,0.58824914693832397,0.59369021654129028,0,2020-04-03T00:00:00.000000Z
2020-04-03T00:00:00.000000Z,0.59164947271347046,0.591838538646698,0.58453893661499023,0.59143948554992676,0,2020-04-04T00:00:00.000000Z
2020-04-06T00:00:00.000000Z,0.58545953035354614,0.59638828039169312,0.58521968126296997,0.58540123701095581,0,2020-04-07T00:00:00.000000Z
2020-04-07T00:00:00.000000Z,0.59485924243927002,0.60160148143768311,0.59365850687026978,0.59506100416183472,0,2020-04-08T00:00:00.000000Z
2020-04-08T00:00:00.000000Z,0.5965803861618042,0.60307085514068604,0.59425121545791626,0.59629935026168823,0,2020-04-09T00:00:00.000000Z
2020-04-09T00:00:00.000000Z,0.60152906179428101,0.60720878839492798,0.59874862432479858,0.60167026519775391,0,2020-04-10T00:00:00.000000Z
2020-04-10T00:00:00.000000Z,0.60744112730026245,0.61076986789703369,0.60607898235321045,0.60772168636322021,0,2020-04-11T00:00:00.000000Z
2020-04-13T00:00:00.000000Z,0.60796928405761719,0.60942167043685913,0.60614877939224243,0.6075407862663269,0,2020-04-14T00:00:00.000000Z
2020-04-14T00:00:00.000000Z,0.60999041795730591,0.61315083503723145,0.60671144723892212,0.61026960611343384,0,2020-04-15T00:00:00.000000Z
2020-04-15T00:00:00.000000Z,0.6100202202796936,0.61013185977935791,0.59569907188415527,0.61011993885040283,0,2020-04-16T00:00:00.000000Z
2020-04-16T00:00:00.000000Z,0.59989982843399048,0.59989982843399048,0.59408175945281982,0.59959948062896729,0,2020-04-17T00:00:00.000000Z
2020-04-17T00:00:00.000000Z,0.60012125968933105,0.60503023862838745,0.59687954187393188,0.5998692512512207,0,2020-04-18T00:00:00.000000Z
2020-04-20T00:00:00.000000Z,0.60150015354156494,0.60890954732894897,0.60105907917022705,0.60155081748962402,0,2020-04-21T00:00:00.000000Z
2020-04-21T00:00:00.000000Z,0.6045912504196167,0.6045912504196167,0.59358102083206177,0.6045108437538147,0,2020-04-22T00:00:00.000000Z
2020-04-22T00:00:00.000000Z,0.59648078680038452,0.60059988498687744,0.59430068731307983,0.59640961885452271,0,2020-04-23T00:00:00.000000Z
2020-04-23T00:00:00.000000Z,0.5924416184425354,0.60426980257034302,0.59147095680236816,0.59242057800292969,0,2020-04-24T00:00:00.000000Z
2020-04-24T00:00:00.000000Z,0.60067993402481079,0.60143864154815674,0.59782153367996216,0.60057175159454346,0,2020-04-25T00:00:00.000000Z
2020-04-27T00:00:00.000000Z,0.60213029384613037,0.60780000686645508,0.60190922021865845,0.60217022895812988,0,2020-04-28T00:00:00.000000Z
2020-04-28T00:00:00.000000Z,0.60240966081619263,0.6072198748588562,0.59932994842529297,0.60246044397354126,0,2020-04-29T00:00:00.000000Z
2020-04-29T00:00:00.000000Z,0.60782885551452637,0.61125069856643677,0.60765892267227173,0.607810378074646,0,2020-04-30T00:00:00.000000Z
2020-04-30T00:00:00.000000Z,0.61389994621276855,0.61742877960205078,0.61095941066741943,0.61420005559921265,0,2020-05-01T00:00:00.000000Z
2020-05-01T00:00:00.000000Z,0.61236989498138428,0.61236989498138428,0.60493874549865723,0.61202883720397949,0,2020-05-02T00:00:00.000000Z
2020-05-04T00:00:00.000000Z,0.60164129734039307,0.60552847385406494,0.60096877813339233,0.60164129734039307,0,2020-05-05T00:00:00.000000Z
2020-05-05T00:00:00.000000Z,0.60537081956863403,0.60771065950393677,0.60343837738037109,0.60502982139587402,0,2020-05-06T00:00:00.000000Z
2020-05-06T00:00:00.000000Z,0.60541850328445435,0.60737842321395874,0.60134822130203247,0.60531002283096313,0,2020-05-07T00:00:00.000000Z
2020-05-08T00:00:00.000000Z,0.60967987775802612,0.61485868692398071,0.60910987854003906,0.60956984758377075,0,2020-05-09T00:00:00.000000Z
2020-05-11T00:00:00.000000Z,0.61402052640914917,0.61566877365112305,0.60621857643127441,0.61431854963302612,0,2020-05-12T00:00:00.000000Z
2020-05-12T00:00:00.000000Z,0.60795074701309204,0.61223113536834717,0.60426980257034302,0.60776972770690918,0,2020-05-13T00:00:00.000000Z
2020-05-13T00:00:00.000000Z,0.60723090171813965,0.60958141088485718,0.60021847486495972,0.60699868202209473,0,2020-05-14T00:00:00.000000Z
2020-05-14T00:00:00.000000Z,0.59962821006774902,0.60009962320327759,0.59600085020065308,0.59990882873535156,0,2020-05-15T00:00:00.000000Z
2020-05-15T00:00:00.000000Z,0.60146033763885498,0.6014711856842041,0.59229075908660889,0.60130125284194946,0,2020-05-16T00:00:00.000000Z
2020-05-18T00:00:00.000000Z,0.59390008449554443,0.60414928197860718,0.59307056665420532,0.59366911649703979,0,2020-05-19T00:00:00.000000Z
2020-05-19T00:00:00.000000Z,0.60403984785079956,0.61039996147155762,0.60354036092758179,0.60405987501144409,0,2020-05-20T00:00:00.000000Z
2020-05-21T00:00:00.000000Z,0.61454123258590698,0.61500990390777588,0.61076909303665161,0.61480951309204102,0,2020-05-22T00:00:00.000000Z
2020-05-22T00:00:00.000000Z,0.61271882057189941,0.61271882057189941,0.60827988386154175,0.61233985424041748,0,2020-05-23T00:00:00.000000Z
2020-05-25T00:00:00.000000Z,0.61072057485580444,0.61088848114013672,0.60849088430404663,0.61050063371658325,0,2020-05-26T00:00:00.000000Z
2020-05-26T00:00:00.000000Z,0.61100047826766968,0.62206077575683594,0.61015045642852783,0.61066091060638428,0,2020-05-27T00:00:00.000000Z
2020-05-27T00:00:00.000000Z,0.61992818117141724,0.623371422290802,0.61544144153594971,0.61983984708786011,0,2020-05-28T00:00:00.000000Z
2020-05-28T00:00:00.000000Z,0.61873912811279297,0.62283951044082642,0.61710870265960693,0.61873912811279297,0,2020-05-29T00:00:00.000000Z
2020-05-29T00:00:00.000000Z,0.61995130777359009,0.62404835224151611,0.61763852834701538,0.61997818946838379,0,2020-05-30T00:00:00.000000Z
2020-06-01T00:00:00.000000Z,0.61986976861953735,0.6289980411529541,0.61981987953186035,0.61990129947662354,0,2020-06-02T00:00:00.000000Z
2020-06-02T00:00:00.000000Z,0.62853157520294189,0.63663852214813232,0.62657034397125244,0.62818014621734619,0,2020-06-03T00:00:00.000000Z
2020-06-03T00:00:00.000000Z,0.63849985599517822,0.64439010620117188,0.63679015636444092,0.63854920864105225,0,2020-06-04T00:00:00.000000Z
2020-06-04T00:00:00.000000Z,0.64295989274978638,0.64784044027328491,0.64058011770248413,0.64283877611160278,0,2020-06-05T00:00:00.000000Z
2020-06-05T00:00:00.000000Z,0.64629960060119629,0.65272021293640137,0.64601987600326538,0.64637899398803711,0,2020-06-06T00:00:00.000000Z
2020-06-08T00:00:00.000000Z,0.65286934375762939,0.65472018718719482,0.6510501503944397,0.65376138687133789,0,2020-06-09T00:00:00.000000Z
2020-06-09T00:00:00.000000Z,0.65662896633148193,0.65806788206100464,0.64713191986083984,0.65674972534179688,0,2020-06-10T00:00:00.000000Z
2020-06-10T00:00:00.000000Z,0.65003865957260132,0.65619981288909912,0.64960795640945435,0.64973032474517822,0,2020-06-11T00:00:00.000000Z
2020-06-11T00:00:00.000000Z,0.65132999420166016,0.65395808219909668,0.64519041776657104,0.6510586142539978,0,2020-06-12T00:00:00.000000Z
2020-06-12T00:00:00.000000Z,0.64137923717498779,0.64779007434844971,0.63959884643554688,0.64130109548568726,0,2020-06-13T00:00:00.000000Z
2020-06-15T00:00:00.000000Z,0.64217829704284668,0.64594054222106934,0.63836175203323364,0.64172083139419556,0,2020-06-16T00:00:00.000000Z
2020-06-16T00:00:00.000000Z,0.65013164281845093,0.65066039562225342,0.64151090383529663,0.64992034435272217,0,2020-06-17T00:00:00.000000Z
2020-06-17T00:00:00.000000Z,0.64604073762893677,0.64742100238800049,0.64314055442810059,0.64601987600326538,0,2020-06-18T00:00:00.000000Z
2020-06-18T00:00:00.000000Z,0.64471209049224854,0.64665907621383667,0.64247125387191772,0.64464020729064941,0,2020-06-19T00:00:00.000000Z
2020-06-19T00:00:00.000000Z,0.64273959398269653,0.64571952819824219,0.64084082841873169,0.64293795824050903,0,2020-06-20T00:00:00.000000Z
2020-06-22T00:00:00.000000Z,0.64000821113586426,0.64908933639526367,0.63970112800598145,0.64020073413848877,0,2020-06-23T00:00:00.000000Z
2020-06-23T00:00:00.000000Z,0.6494603157043457,0.65332150459289551,0.64396888017654419,0.64959955215454102,0,2020-06-24T00:00:00.000000Z
2020-06-24T00:00:00.000000Z,0.65025848150253296,0.6515001654624939,0.64109957218170166,0.65003019571304321,0,2020-06-25T00:00:00.000000Z
2020-06-25T00:00:00.000000Z,0.64052063226699829,0.6442800760269165,0.64013105630874634,0.64040166139602661,0,2020-06-26T00:00:00.000000Z
2020-06-26T00:00:00.000000Z,0.64309090375900269,0.64529991149902344,0.64045906066894531,0.64307856559753418,0,2020-06-27T00:00:00.000000Z
2020-06-29T00:00:00.000000Z,0.64193916320800781,0.64433819055557251,0.64066833257675171,0.64193916320800781,0,2020-06-30T00:00:00.000000Z
2020-06-30T00:00:00.000000Z,0.64270985126495361,0.6460908055305481,0.63869196176528931,0.64273959398269653,0,2020-07-01T00:00:00.000000Z
2020-07-01T00:00:00.000000Z,0.64514046907424927,0.64898818731307983,0.64416801929473877,0.6451113224029541,0,2020-07-02T00:00:00.000000Z
2020-07-02T00:00:00.000000Z,0.64812177419662476,0.65367168188095093,0.64763063192367554,0.64792013168334961,0,2020-07-03T00:00:00.000000Z
2020-07-03T00:00:00.000000Z,0.65110015869140625,0.65371865034103394,0.65052920579910278,0.65091872215270996,0,2020-07-04T00:00:00.000000Z
2020-07-06T00:00:00.000000Z,0.65380841493606567,0.65664196014404297,0.65335988998413086,0.65383833646774292,0,2020-07-07T00:00:00.000000Z
2020-07-07T00:00:00.000000Z,0.65572911500930786,0.65820002555847168,0.65208178758621216,0.65588825941085815,0,2020-07-08T00:00:00.000000Z
2020-07-08T00:00:00.000000Z,0.65475881099700928,0.65703880786895752,0.65310817956924438,0.65493887662887573,0,2020-07-09T00:00:00.000000Z
2020-07-09T00:00:00.000000Z,0.6574016809463501,0.66006165742874146,0.65542823076248169,0.6574016809463501,0,2020-07-10T00:00:00.000000Z
2020-07-10T00:00:00.000000Z,0.65700864791870117,0.65892213582992554,0.65474981069564819,0.65693956613540649,0,2020-07-11T00:00:00.000000Z
2020-07-13T00:00:00.000000Z,0.65727204084396362,0.65936094522476196,0.65547984838485718,0.65749979019165039,0,2020-07-14T00:00:00.000000Z
2020-07-14T00:00:00.000000Z,0.65361183881759644,0.65429997444152832,0.65065199136734009,0.65383833646774292,0,2020-07-15T00:00:00.000000Z
2020-07-15T00:00:00.000000Z,0.65447163581848145,0.65847092866897583,0.65418052673339844,0.65436029434204102,0,2020-07-16T00:00:00.000000Z
2020-07-17T00:00:00.000000Z,0.65415912866592407,0.65542823076248169,0.65338122844696045,0.65421050786972046,0,2020-07-18T00:00:00.000000Z
2020-07-20T00:00:00.000000Z,0.65625840425491333,0.65741032361984253,0.65400087833404541,0.6562497615814209,0,2020-07-21T00:00:00.000000Z
2020-07-21T00:00:00.000000Z,0.65824979543685913,0.66338074207305908,0.65603882074356079,0.65814149379730225,0,2020-07-22T00:00:00.000000Z
2020-07-22T00:00:00.000000Z,0.6649201512336731,0.6689186692237854,0.6634291410446167,0.66469031572341919,0,2020-07-23T00:00:00.000000Z
2020-07-23T00:00:00.000000Z,0.66578787565231323,0.66906189918518066,0.66330152750015259,0.66573905944824219,0,2020-07-24T00:00:00.000000Z
2020-07-24T00:00:00.000000Z,0.6634291410446167,0.66541123390197754,0.66158127784729004,0.66356122493743896,0,2020-07-25T00:00:00.000000Z
2020-07-28T00:00:00.000000Z,0.66878896951675415,0.67026823759078979,0.66343790292739868,0.66883820295333862,0,2020-07-29T00:00:00.000000Z
2020-07-29T00:00:00.000000Z,0.666218101978302,0.6679491400718689,0.66427963972091675,0.66606009006500244,0,2020-07-30T00:00:00.000000Z
2020-07-30T00:00:00.000000Z,0.66578787565231323,0.66676002740859985,0.66216832399368286,0.66565930843353271,0,2020-07-31T00:00:00.000000Z
2020-07-31T00:00:00.000000Z,0.66985070705413818,0.67152851819992065,0.66413849592208862,0.66968917846679688,0,2020-08-01T00:00:00.000000Z
2020-08-03T00:00:00.000000Z,0.66375941038131714,0.66435033082962036,0.65767842531204224,0.66371095180511475,0,2020-08-04T00:00:00.000000Z
2020-08-04T00:00:00.000000Z,0.66149818897247314,0.66260004043579102,0.65907979011535645,0.66154021024703979,0,2020-08-05T00:00:00.000000Z
2020-08-05T00:00:00.000000Z,0.66464173793792725,0.66745871305465698,0.663138747215271,0.66454893350601196,0,2020-08-06T00:00:00.000000Z
2020-08-06T00:00:00.000000Z,0.66477870941162109,0.66683113574981689,0.66301125288009644,0.66481852531433105,0,2020-08-07T00:00:00.000000Z
2020-08-07T00:00:00.000000Z,0.66814017295837402,0.66909998655319214,0.66055870056152344,0.66844916343688965,0,2020-08-08T00:00:00.000000Z
2020-08-10T00:00:00.000000Z,0.66006165742874146,0.6612999439239502,0.65789002180099487,0.66010957956314087,0,2020-08-11T00:00:00.000000Z
2020-08-11T00:00:00.000000Z,0.65927833318710327,0.66275203227996826,0.65725910663604736,0.65934795141220093,0,2020-08-12T00:00:00.000000Z
2020-08-12T00:00:00.000000Z,0.65699136257171631,0.65990918874740601,0.65336847305297852,0.65693956613540649,0,2020-08-13T00:00:00.000000Z
2020-08-13T00:00:00.000000Z,0.65804195404052734,0.65974807739257812,0.65550988912582397,0.65764808654785156,0,2020-08-14T00:00:00.000000Z
2020-08-14T00:00:00.000000Z,0.65463876724243164,0.65599149465560913,0.65274155139923096,0.65472882986068726,0,2020-08-15T00:00:00.000000Z
2020-08-17T00:00:00.000000Z,0.65443998575210571,0.65541106462478638,0.65206050872802734,0.65438175201416016,0,2020-08-18T00:00:00.000000Z
2020-08-18T00:00:00.000000Z,0.65542823076248169,0.66050195693969727,0.6535990834236145,0.65547120571136475,0,2020-08-19T00:00:00.000000Z
2020-08-19T00:00:00.000000Z,0.66086864471435547,0.66519880294799805,0.66011834144592285,0.66103899478912354,0,2020-08-20T00:00:00.000000Z
2020-08-20T00:00:00.000000Z,0.65596997737884521,0.65730017423629761,0.64911037683486938,0.65615940093994141,0,2020-08-21T00:00:00.000000Z
2020-08-21T00:00:00.000000Z,0.65418052673339844,0.65499895811080933,0.65186071395874023,0.65421050786972046,0,2020-08-22T00:00:00.000000Z
2020-08-24T00:00:00.000000Z,0.65377849340438843,0.65649104118347168,0.65266907215118408,0.65388113260269165,0,2020-08-25T00:00:00.000000Z
2020-08-25T00:00:00.000000Z,0.65269041061401367,0.65585815906524658,0.65164834260940552,0.65299981832504272,0,2020-08-26T00:00:00.000000Z
2020-08-26T00:00:00.000000Z,0.6552092432975769,0.66045838594436646,0.65451878309249878,0.65529936552047729,0,2020-08-27T00:00:00.000000Z
2020-08-27T00:00:00.000000Z,0.663138747215271,0.66743195056915283,0.66027957201004028,0.66334110498428345,0,2020-08-28T00:00:00.000000Z
2020-08-28T00:00:00.000000Z,0.66454893350601196,0.67434066534042358,0.66375982761383057,0.66453129053115845,0,2020-08-29T00:00:00.000000Z
2020-08-31T00:00:00.000000Z,0.67453169822692871,0.67624223232269287,0.67219209671020508,0.67453169822692871,0,2020-09-01T00:00:00.000000Z
2020-09-01T00:00:00.000000Z,0.67374098300933838,0.67791098356246948,0.67313778400421143,0.6732601523399353,0,2020-09-02T00:00:00.000000Z
2020-09-02T00:00:00.000000Z,0.67679142951965332,0.67883133888244629,0.67432022094726562,0.67686021327972412,0,2020-09-03T00:00:00.000000Z
2020-09-03T00:00:00.000000Z,0.67654877901077271,0.67749989032745361,0.67065030336380005,0.67675024271011353,0,2020-09-04T00:00:00.000000Z
2020-09-04T00:00:00.000000Z,0.66933059692382812,0.67326915264129639,0.66695123910903931,0.66891020536422729,0,2020-09-05T00:00:00.000000Z
2020-09-07T00:00:00.000000Z,0.67128962278366089,0.67166835069656372,0.66940993070602417,0.67128962278366089,0,2020-09-08T00:00:00.000000Z
2020-09-08T00:00:00.000000Z,0.66924101114273071,0.67078077793121338,0.66279155015945435,0.66910219192504883,0,2020-09-09T00:00:00.000000Z
2020-09-09T00:00:00.000000Z,0.66127943992614746,0.66840004920959473,0.66123133897781372,0.66126197576522827,0,2020-09-10T00:00:00.000000Z
2020-09-10T00:00:00.000000Z,0.66810977458953857,0.67075830698013306,0.66648894548416138,0.66820800304412842,0,2020-09-11T00:00:00.000000Z
2020-09-11T00:00:00.000000Z,0.66495108604431152,0.66956812143325806,0.66465944051742554,0.66469919681549072,0,2020-09-12T00:00:00.000000Z
2020-09-14T00:00:00.000000Z,0.66882026195526123,0.67209988832473755,0.66778856515884399,0.66852962970733643,0,2020-09-15T00:00:00.000000Z
2020-09-15T00:00:00.000000Z,0.66977894306182861,0.67364108562469482,0.66874873638153076,0.66997188329696655,0,2020-09-16T00:00:00.000000Z
2020-09-16T00:00:00.000000Z,0.67097878456115723,0.67594057321548462,0.67037159204483032,0.67109137773513794,0,2020-09-17T00:00:00.000000Z
2020-09-17T00:00:00.000000Z,0.6724090576171875,0.67384994029998779,0.66766816377639771,0.67216950654983521,0,2020-09-18T00:00:00.000000Z
2020-09-18T00:00:00.000000Z,0.67673194408416748,0.67986047267913818,0.67594969272613525,0.67626965045928955,0,2020-09-19T00:00:00.000000Z
2020-09-21T00:00:00.000000Z,0.67585837841033936,0.6777997612953186,0.66526961326599121,0.67589950561523438,0,2020-09-22T00:00:00.000000Z
2020-09-22T00:00:00.000000Z,0.66648006439208984,0.66882026195526123,0.66331028938293457,0.66660004854202271,0,2020-09-23T00:00:00.000000Z
2020-09-23T00:00:00.000000Z,0.66312998533248901,0.6643415093421936,0.65643930435180664,0.66323989629745483,0,2020-09-24T00:00:00.000000Z
2020-09-24T00:00:00.000000Z,0.65472018718719482,0.65560871362686157,0.6512494683265686,0.65451878309249878,0,2020-09-25T00:00:00.000000Z
2020-09-25T00:00:00.000000Z,0.65493029356002808,0.65916967391967773,0.65310817956924438,0.65499037504196167,0,2020-09-26T00:00:00.000000Z
2020-09-28T00:00:00.000000Z,0.65531998872756958,0.65674108266830444,0.65412920713424683,0.65517920255661011,0,2020-09-29T00:00:00.000000Z
2020-09-29T00:00:00.000000Z,0.6566506028175354,0.65977853536605835,0.65539819002151489,0.65680152177810669,0,2020-09-30T00:00:00.000000Z
2020-09-30T00:00:00.000000Z,0.66028827428817749,0.66155064105987549,0.65706044435501099,0.66009211540222168,0,2020-10-01T00:00:00.000000Z
2020-10-01T00:00:00.000000Z,0.66237890720367432,0.66574794054031372,0.6617695689201355,0.6622779369354248,0,2020-10-02T00:00:00.000000Z
2020-10-02T00:00:00.000000Z,0.66511029005050659,0.66549098491668701,0.66158127784729004,0.66514128446578979,0,2020-10-03T00:00:00.000000Z
2020-10-05T00:00:00.000000Z,0.66386955976486206,0.66548210382461548,0.6632799506187439,0.66397976875305176,0,2020-10-06T00:00:00.000000Z
2020-10-06T00:00:00.000000Z,0.66522979736328125,0.66579979658126831,0.66252809762954712,0.66538023948669434,0,2020-10-07T00:00:00.000000Z
2020-10-07T00:00:00.000000Z,0.65909147262573242,0.66014009714126587,0.6576697826385498,0.65900033712387085,0,2020-10-08T00:00:00.000000Z
2020-10-08T00:00:00.000000Z,0.65725994110107422,0.65963059663772583,0.65481877326965332,0.65741032361984253,0,2020-10-09T00:00:00.000000Z
2020-10-09T00:00:00.000000Z,0.65903937816619873,0.66687119007110596,0.65893948078155518,0.65893948078155518,0,2020-10-10T00:00:00.000000Z
2020-10-12T00:00:00.000000Z,0.66623139381408691,0.66711145639419556,0.66432821750640869,0.66644006967544556,0,2020-10-13T00:00:00.000000Z
2020-10-13T00:00:00.000000Z,0.66492903232574463,0.66721999645233154,0.66296994686126709,0.66492903232574463,0,2020-10-14T00:00:00.000000Z
2020-10-14T00:00:00.000000Z,0.66554856300354004,0.66831070184707642,0.66462844610214233,0.66553968191146851,0,2020-10-15T00:00:00.000000Z
2020-10-15T00:00:00.000000Z,0.66595184803009033,0.66625797748565674,0.65776926279067993,0.66561943292617798,0,2020-10-16T00:00:00.000000Z
2020-10-16T00:00:00.000000Z,0.65983951091766357,0.66209989786148071,0.65881794691085815,0.65989178419113159,0,2020-10-17T00:00:00.000000Z
2020-10-19T00:00:00.000000Z,0.66187030076980591,0.66469919681549072,0.66121995449066162,0.66177833080291748,0,2020-10-20T00:00:00.000000Z
2020-10-20T00:00:00.000000Z,0.65940004587173462,0.65963929891586304,0.65544968843460083,0.6593087911605835,0,2020-10-21T00:00:00.000000Z
2020-10-21T00:00:00.000000Z,0.65811991691589355,0.66758793592453003,0.6579207181930542,0.65808093547821045,0,2020-10-22T00:00:00.000000Z
2020-10-22T00:00:00.000000Z,0.66453129053115845,0.66790002584457397,0.66337192058563232,0.66461968421936035,0,2020-10-23T00:00:00.000000Z
2020-10-23T00:00:00.000000Z,0.66719156503677368,0.67052894830703735,0.66575992107391357,0.66715991497039795,0,2020-10-24T00:00:00.000000Z
2020-10-26T00:00:00.000000Z,0.66832858324050903,0.6698417067527771,0.66733849048614502,0.66844028234481812,0,2020-10-27T00:00:00.000000Z
2020-10-28T00:00:00.000000Z,0.66990005970001221,0.67230010032653809,0.66304200887680054,0.67007958889007568,0,2020-10-29T00:00:00.000000Z
2020-10-29T00:00:00.000000Z,0.66492903232574463,0.66600066423416138,0.65991789102554321,0.66496878862380981,0,2020-10-30T00:00:00.000000Z
2020-10-30T00:00:00.000000Z,0.66295856237411499,0.66712027788162231,0.66048014163970947,0.66297167539596558,0,2020-10-31T00:00:00.000000Z
2020-11-02T00:00:00.000000Z,0.65989178419113159,0.66353923082351685,0.65903937816619873,0.65984827280044556,0,2020-11-03T00:00:00.000000Z
2020-11-03T00:00:00.000000Z,0.66323989629745483,0.6717991828918457,0.66229110956192017,0.66323989629745483,0,2020-11-04T00:00:00.000000Z
2020-11-04T00:00:00.000000Z,0.67324197292327881,0.67420881986618042,0.66190975904464722,0.67290222644805908,0,2020-11-05T00:00:00.000000Z
2020-11-05T00:00:00.000000Z,0.66971158981323242,0.67690145969390869,0.66811871528625488,0.67000776529312134,0,2020-11-06T00:00:00.000000Z
2020-11-06T00:00:00.000000Z,0.67635202407836914,0.68022119998931885,0.67617005109786987,0.67648929357528687,0,2020-11-07T00:00:00.000000Z
2020-11-09T00:00:00.000000Z,0.68015182018280029,0.68541038036346436,0.67913097143173218,0.67974954843521118,0,2020-11-10T00:00:00.000000Z
2020-11-10T00:00:00.000000Z,0.68233770132064819,0.68406939506530762,0.68048965930938721,0.68251931667327881,0,2020-11-11T00:00:00.000000Z
2020-11-11T00:00:00.000000Z,0.68292015790939331,0.69036930799484253,0.68137061595916748,0.68282228708267212,0,2020-11-12T00:00:00.000000Z
2020-11-12T00:00:00.000000Z,0.68995970487594604,0.69147205352783203,0.68565946817398071,0.6902502179145813,0,2020-11-13T00:00:00.000000Z
2020-11-13T00:00:00.000000Z,0.68397116661071777,0.68430811166763306,0.68122214078903198,0.68390095233917236,0,2020-11-14T00:00:00.000000Z
2020-11-16T00:00:00.000000Z,0.68688869476318359,0.6900787353515625,0.68636065721511841,0.68714827299118042,0,2020-11-17T00:00:00.000000Z
2020-11-17T00:00:00.000000Z,0.69081765413284302,0.69198888540267944,0.68768227100372314,0.69080811738967896,0,2020-11-18T00:00:00.000000Z
2020-11-18T00:00:00.000000Z,0.6891893744468689,0.69389992952346802,0.68768227100372314,0.6893000602722168,0,2020-11-19T00:00:00.000000Z
2020-11-23T00:00:00.000000Z,0.69444924592971802,0.69679129123687744,0.68997877836227417,0.6946905255317688,0,2020-11-24T00:00:00.000000Z
2020-11-24T00:00:00.000000Z,0.69301027059555054,0.70048123598098755,0.69257837533950806,0.69311118125915527,0,2020-11-25T00:00:00.000000Z
2020-11-25T00:00:00.000000Z,0.69776850938796997,0.70076102018356323,0.69615095853805542,0.69790977239608765,0,2020-11-26T00:00:00.000000Z
2020-11-26T00:00:00.000000Z,0.70040762424468994,0.70149844884872437,0.69943761825561523,0.70040762424468994,0,2020-11-27T00:00:00.000000Z
2020-11-27T00:00:00.000000Z,0.70027029514312744,0.7040022611618042,0.70027029514312744,0.70033895969390869,0,2020-11-28T00:00:00.000000Z
2020-11-30T00:00:00.000000Z,0.70349216461181641,0.70515894889831543,0.7013704776763916,0.70350199937820435,0,2020-12-01T00:00:00.000000Z
2020-12-02T00:00:00.000000Z,0.70699858665466309,0.70844107866287231,0.70331895351409912,0.70699858665466309,0,2020-12-03T00:00:00.000000Z
2020-12-03T00:00:00.000000Z,0.70709854364395142,0.71049976348876953,0.70528823137283325,0.70715004205703735,0,2020-12-04T00:00:00.000000Z
2020-12-04T00:00:00.000000Z,0.70728862285614014,0.70800971984863281,0.70294815301895142,0.70733863115310669,0,2020-12-05T00:00:00.000000Z
2020-12-07T00:00:00.000000Z,0.70412123203277588,0.70641922950744629,0.70069229602813721,0.7041400671005249,0,2020-12-08T00:00:00.000000Z
2020-12-08T00:00:00.000000Z,0.7040022611618042,0.70543003082275391,0.70249974727630615,0.70405185222625732,0,2020-12-09T00:00:00.000000Z
2020-12-09T00:00:00.000000Z,0.70407164096832275,0.70951169729232788,0.70370006561279297,0.70407164096832275,0,2020-12-10T00:00:00.000000Z
2020-12-10T00:00:00.000000Z,0.7017396092414856,0.70842099189758301,0.70153778791427612,0.70164114236831665,0,2020-12-11T00:00:00.000000Z
2020-12-11T00:00:00.000000Z,0.70928019285202026,0.7111009955406189,0.70755881071090698,0.70940101146697998,0,2020-12-12T00:00:00.000000Z
2020-12-14T00:00:00.000000Z,0.70990008115768433,0.7120782732963562,0.70776921510696411,0.70984911918640137,0,2020-12-15T00:00:00.000000Z
2020-12-15T00:00:00.000000Z,0.70854145288467407,0.70930033922195435,0.70603018999099731,0.70858162641525269,0,2020-12-16T00:00:00.000000Z
2020-12-16T00:00:00.000000Z,0.70872223377227783,0.71212899684906006,0.70718860626220703,0.70868206024169922,0,2020-12-17T00:00:00.000000Z
2020-12-17T00:00:00.000000Z,0.71105039119720459,0.71719032526016235,0.71043920516967773,0.71104031801223755,0,2020-12-18T00:00:00.000000Z
2020-12-18T00:00:00.000000Z,0.71471965312957764,0.71524101495742798,0.71119201183319092,0.71479117870330811,0,2020-12-19T00:00:00.000000Z
2020-12-21T00:00:00.000000Z,0.71033823490142822,0.71089982986450195,0.70039784908294678,0.71048969030380249,0,2020-12-22T00:00:00.000000Z
2020-12-22T00:00:00.000000Z,0.70965772867202759,0.71003055572509766,0.70326954126358032,0.70966780185699463,0,2020-12-23T00:00:00.000000Z
2020-12-23T00:00:00.000000Z,0.7053678035736084,0.71041899919509888,0.70315080881118774,0.70542752742767334,0,2020-12-24T00:00:00.000000Z
2020-12-24T00:00:00.000000Z,0.70991969108581543,0.71181976795196533,0.70920979976654053,0.70967990159988403,0,2020-12-25T00:00:00.000000Z
2020-12-25T00:00:00.000000Z,0.71284985542297363,0.71992993354797363,0.71049976348876953,0.71374988555908203,0,2020-12-26T00:00:00.000000Z
2020-12-28T00:00:00.000000Z,0.71199208498001099,0.71392875909805298,0.70865195989608765,0.71156144142150879,0,2020-12-29T00:00:00.000000Z
2020-12-29T00:00:00.000000Z,0.71080785989761353,0.71651202440261841,0.71075224876403809,0.71079975366592407,0,2020-12-30T00:00:00.000000Z
2020-12-30T00:00:00.000000Z,0.71505182981491089,0.72103255987167358,0.71481162309646606,0.71486014127731323,0,2020-12-31T00:00:00.000000Z
2020-12-31T00:00:00.000000Z,0.72156840562820435,0.72414970397949219,0.71921747922897339,0.72153973579406738,0,2021-01-01T00:00:00.000000Z
2021-01-04T00:00:00.000000Z,0.71967816352844238,0.72308146953582764,0.71641957759857178,0.71983879804611206,0,2021-01-05T00:00:00.000000Z
2021-01-05T00:00:00.000000Z,0.71791112422943115,0.72431224584579468,0.7174115777015686,0.71782869100570679,0,2021-01-06T00:00:00.000000Z
2021-01-06T00:00:00.000000Z,0.72553145885467529,0.73165196180343628,0.72374081611633301,0.72568941116333008,0,2021-01-07T00:00:00.000000Z
2021-01-08T00:00:00.000000Z,0.72643798589706421,0.72821015119552612,0.72305005788803101,0.72654885053634644,0,2021-01-09T00:00:00.000000Z
2021-01-11T00:00:00.000000Z,0.72034174203872681,0.72095972299575806,0.71488821506500244,0.71993207931518555,0,2021-01-12T00:00:00.000000Z
2021-01-12T00:00:00.000000Z,0.71752017736434937,0.7196885347366333,0.71589136123657227,0.71740132570266724,0,2021-01-13T00:00:00.000000Z
2021-01-13T00:00:00.000000Z,0.72292989492416382,0.72392946481704712,0.71680992841720581,0.72292989492416382,0,2021-01-14T00:00:00.000000Z
2021-01-14T00:00:00.000000Z,0.71903133392333984,0.7228776216506958,0.7172006368637085,0.71903133392333984,0,2021-01-15T00:00:00.000000Z
2021-01-15T00:00:00.000000Z,0.72180801630020142,0.72298216819763184,0.71205997467041016,0.7217714786529541,0,2021-01-16T00:00:00.000000Z
2021-01-18T00:00:00.000000Z,0.71204787492752075,0.7136383056640625,0.70976853370666504,0.71225070953369141,0,2021-01-19T00:00:00.000000Z
2021-01-19T00:00:00.000000Z,0.71164244413375854,0.71412754058837891,0.71043920516967773,0.71158170700073242,0,2021-01-20T00:00:00.000000Z
2021-01-20T00:00:00.000000Z,0.71282947063446045,0.71746820211410522,0.7117387056350708,0.71288031339645386,0,2021-01-21T00:00:00.000000Z
2021-01-21T00:00:00.000000Z,0.71825152635574341,0.72239202260971069,0.71784007549285889,0.71863859891891479,0,2021-01-22T00:00:00.000000Z
2021-01-22T00:00:00.000000Z,0.7215423583984375,0.72252249717712402,0.71682018041610718,0.72160017490386963,0,2021-01-23T00:00:00.000000Z
2021-01-25T00:00:00.000000Z,0.71822053194046021,0.7217402458190918,0.71723145246505737,0.71837013959884644,0,2021-01-26T00:00:00.000000Z
2021-01-26T00:00:00.000000Z,0.71982836723327637,0.72482150793075562,0.71688187122344971,0.719990074634552,0,2021-01-27T00:00:00.000000Z
2021-01-27T00:00:00.000000Z,0.72389805316925049,0.72446972131729126,0.71522063016891479,0.72369009256362915,0,2021-01-28T00:00:00.000000Z
2021-01-28T00:00:00.000000Z,0.71455115079879761,0.71742188930511475,0.71067142486572266,0.71427041292190552,0,2021-01-29T00:00:00.000000Z
2021-01-29T00:00:00.000000Z,0.7175300121307373,0.72252768278121948,0.71522063016891479,0.71744251251220703,0,2021-01-30T00:00:00.000000Z
2021-02-01T00:00:00.000000Z,0.71642988920211792,0.72035205364227295,0.71545088291168213,0.71633750200271606,0,2021-02-02T00:00:00.000000Z
2021-02-02T00:00:00.000000Z,0.71638882160186768,0.71937787532806396,0.71373003721237183,0.71654790639877319,0,2021-02-03T00:00:00.000000Z
2021-02-03T00:00:00.000000Z,0.71965748071670532,0.72259038686752319,0.71858179569244385,0.71966785192489624,0,2021-02-04T00:00:00.000000Z
2021-02-04T00:00:00.000000Z,0.72224068641662598,0.72269999980926514,0.71547132730484009,0.72196954488754272,0,2021-02-05T00:00:00.000000Z
2021-02-05T00:00:00.000000Z,0.71592205762863159,0.71994757652282715,0.71373003721237183,0.71602976322174072,0,2021-02-06T00:00:00.000000Z
2021-02-08T00:00:00.000000Z,0.7211989164352417,0.72322791814804077,0.71793180704116821,0.72116255760192871,0,2021-02-09T00:00:00.000000Z
2021-02-09T00:00:00.000000Z,0.72255897521972656,0.72559988498687744,0.72180801630020142,0.72267025709152222,0,2021-02-10T00:00:00.000000Z
2021-02-10T00:00:00.000000Z,0.72424930334091187,0.72456938028335571,0.72020167112350464,0.72437995672225952,0,2021-02-11T00:00:00.000000Z
2021-02-11T00:00:00.000000Z,0.72188091278076172,0.72516840696334839,0.72054934501647949,0.72181999683380127,0,2021-02-12T00:00:00.000000Z
2021-02-12T00:00:00.000000Z,0.72314941883087158,0.72334825992584229,0.71771025657653809,0.72311806678771973,0,2021-02-13T00:00:00.000000Z
2021-02-15T00:00:00.000000Z,0.72187048196792603,0.72500020265579224,0.7216985821723938,0.72194874286651611,0,2021-02-16T00:00:00.000000Z
2021-02-16T00:00:00.000000Z,0.7232697606086731,0.7268604040145874,0.72044038772583008,0.72335869073867798,0,2021-02-17T00:00:00.000000Z
2021-02-17T00:00:00.000000Z,0.71877807378768921,0.72139143943786621,0.71604001522064209,0.71898990869522095,0,2021-02-18T00:00:00.000000Z
2021-02-18T00:00:00.000000Z,0.7193416953086853,0.72229808568954468,0.71776175498962402,0.71939855813980103,0,2021-02-19T00:00:00.000000Z
2021-02-19T00:00:00.000000Z,0.72187000513076782,0.7315288782119751,0.72049224376678467,0.72187048196792603,0,2021-02-20T00:00:00.000000Z
2021-02-22T00:00:00.000000Z,0.7308925986289978,0.73374032974243164,0.72821015119552612,0.73127210140228271,0,2021-02-23T00:00:00.000000Z
2021-02-23T00:00:00.000000Z,0.73284232616424561,0.73419821262359619,0.73082858324050903,0.73298197984695435,0,2021-02-24T00:00:00.000000Z
2021-02-24T00:00:00.000000Z,0.73397189378738403,0.74047201871871948,0.7322198748588562,0.73387008905410767,0,2021-02-25T00:00:00.000000Z
2021-02-25T00:00:00.000000Z,0.74414175748825073,0.74654167890548706,0.74209022521972656,0.74452954530715942,0,2021-02-26T00:00:00.000000Z
2021-02-26T00:00:00.000000Z,0.73646920919418335,0.73745769262313843,0.72442775964736938,0.73655062913894653,0,2021-02-27T00:00:00.000000Z
2021-03-01T00:00:00.000000Z,0.72725152969360352,0.72929883003234863,0.72265821695327759,0.7271193265914917,0,2021-03-02T00:00:00.000000Z
2021-03-02T00:00:00.000000Z,0.72732031345367432,0.72916054725646973,0.7211000919342041,0.72741979360580444,0,2021-03-03T00:00:00.000000Z
2021-03-03T00:00:00.000000Z,0.72922968864440918,0.73047083616256714,0.72380900382995605,0.72929883003234863,0,2021-03-04T00:00:00.000000Z
2021-03-04T00:00:00.000000Z,0.72286200523376465,0.72732031345367432,0.72286200523376465,0.72319126129150391,0,2021-03-05T00:00:00.000000Z
2021-03-05T00:00:00.000000Z,0.71793180704116821,0.71846824884414673,0.71038872003555298,0.71782869100570679,0,2021-03-06T00:00:00.000000Z
2021-03-08T00:00:00.000000Z,0.71778231859207153,0.71891242265701294,0.710590660572052,0.71785962581634521,0,2021-03-09T00:00:00.000000Z
2021-03-09T00:00:00.000000Z,0.71336853504180908,0.71800911426544189,0.71043920516967773,0.71326166391372681,0,2021-03-10T00:00:00.000000Z
2021-03-10T00:00:00.000000Z,0.71785962581634521,0.71999943256378174,0.71327179670333862,0.71795755624771118,0,2021-03-11T00:00:00.000000Z
2021-03-11T00:00:00.000000Z,0.71936750411987305,0.72414970397949219,0.71869027614593506,0.71921747922897339,0,2021-03-12T00:00:00.000000Z
2021-03-12T00:00:00.000000Z,0.72256946563720703,0.72334825992584229,0.71523088216781616,0.72275221347808838,0,2021-03-13T00:00:00.000000Z
2021-03-15T00:00:00.000000Z,0.71877807378768921,0.72156840562820435,0.71691781282424927,0.7187315821647644,0,2021-03-16T00:00:00.000000Z
2021-03-16T00:00:00.000000Z,0.72034174203872681,0.72063761949539185,0.71705144643783569,0.72035205364227295,0,2021-03-17T00:00:00.000000Z
2021-03-17T00:00:00.000000Z,0.7193416953086853,0.71950006484985352,0.71569150686264038,0.71930027008056641,0,2021-03-18T00:00:00.000000Z
2021-03-18T00:00:00.000000Z,0.72485828399658203,0.7269100546836853,0.71761751174926758,0.72512108087539673,0,2021-03-19T00:00:00.000000Z
2021-03-19T00:00:00.000000Z,0.71669173240661621,0.71880906820297241,0.71437758207321167,0.71680992841720581,0,2021-03-20T00:00:00.000000Z
2021-03-22T00:00:00.000000Z,0.71529221534729004,0.71833920478820801,0.71402055025100708,0.71520012617111206,0,2021-03-23T00:00:00.000000Z
2021-03-23T00:00:00.000000Z,0.71325153112411499,0.71360015869140625,0.70207023620605469,0.7133176326751709,0,2021-03-24T00:00:00.000000Z
2021-03-24T00:00:00.000000Z,0.69935935735702515,0.70019185543060303,0.69571030139923096,0.69902205467224121,0,2021-03-25T00:00:00.000000Z
2021-03-25T00:00:00.000000Z,0.69704866409301758,0.69870948791503906,0.69456022977828979,0.69695150852203369,0,2021-03-26T00:00:00.000000Z
2021-03-26T00:00:00.000000Z,0.69666022062301636,0.70018202066421509,0.69623821973800659,0.69678151607513428,0,2021-03-27T00:00:00.000000Z
2021-03-29T00:00:00.000000Z,0.699290931224823,0.70179873704910278,0.69736951589584351,0.69940829277038574,0,2021-03-30T00:00:00.000000Z
2021-03-30T00:00:00.000000Z,0.70107048749923706,0.70340007543563843,0.69766145944595337,0.70097225904464722,0,2021-03-31T00:00:00.000000Z
2021-03-31T00:00:00.000000Z,0.69916868209838867,0.70246917009353638,0.69654858112335205,0.69924205541610718,0,2021-04-01T00:00:00.000000Z
2021-04-01T00:00:00.000000Z,0.69837766885757446,0.70176917314529419,0.69473010301589966,0.69835817813873291,0,2021-04-02T00:00:00.000000Z
2021-04-02T00:00:00.000000Z,0.70235079526901245,0.70481103658676147,0.70145899057388306,0.70249974727630615,0,2021-04-03T00:00:00.000000Z
2021-04-05T00:00:00.000000Z,0.703022301197052,0.70720010995864868,0.70172977447509766,0.70311123132705688,0,2021-04-06T00:00:00.000000Z
2021-04-06T00:00:00.000000Z,0.70667880773544312,0.70699858665466309,0.70092803239822388,0.70666885375976562,0,2021-04-07T00:00:00.000000Z
2021-04-07T00:00:00.000000Z,0.70630949735641479,0.70689857006072998,0.70209932327270508,0.70636934041976929,0,2021-04-08T00:00:00.000000Z
2021-04-08T00:00:00.000000Z,0.70118850469589233,0.70600032806396484,0.70061862468719482,0.70134097337722778,0,2021-04-09T00:00:00.000000Z
2021-04-09T00:00:00.000000Z,0.70608001947402954,0.7065889835357666,0.70109021663665771,0.7061498761177063,0,2021-04-10T00:00:00.000000Z
2021-04-12T00:00:00.000000Z,0.7037397027015686,0.70499986410140991,0.70154756307601929,0.70398241281509399,0,2021-04-13T00:00:00.000000Z
2021-04-13T00:00:00.000000Z,0.70322006940841675,0.70596987009048462,0.70057940483093262,0.7032397985458374,0,2021-04-14T00:00:00.000000Z
2021-04-14T00:00:00.000000Z,0.70617979764938354,0.7150416374206543,0.70511913299560547,0.70611995458602905,0,2021-04-15T00:00:00.000000Z
2021-04-15T00:00:00.000000Z,0.71411228179931641,0.71812254190444946,0.71393895149230957,0.71400010585784912,0,2021-04-16T00:00:00.000000Z
2021-04-16T00:00:00.000000Z,0.71796995401382446,0.71796995401382446,0.7133176326751709,0.7175711989402771,0,2021-04-17T00:00:00.000000Z
2021-04-19T00:00:00.000000Z,0.71270245313644409,0.71984916925430298,0.71230143308639526,0.71271777153015137,0,2021-04-20T00:00:00.000000Z
2021-04-20T00:00:00.000000Z,0.7190210223197937,0.72298216819763184,0.71766901016235352,0.71908819675445557,0,2021-04-21T00:00:00.000000Z
2021-04-21T00:00:00.000000Z,0.71651202440261841,0.72190183401107788,0.71644014120101929,0.71654790639877319,0,2021-04-22T00:00:00.000000Z
2021-04-22T00:00:00.000000Z,0.72046005725860596,0.72143828868865967,0.71606051921844482,0.72044038772583008,0,2021-04-23T00:00:00.000000Z
2021-04-26T00:00:00.000000Z,0.71915024518966675,0.72392946481704712,0.71915024518966675,0.71917092800140381,0,2021-04-27T00:00:00.000000Z
2021-04-27T00:00:00.000000Z,0.72300827503204346,0.72390013933181763,0.72030025720596313,0.72300827503204346,0,2021-04-28T00:00:00.000000Z
2021-04-28T00:00:00.000000Z,0.72026908397674561,0.72450011968612671,0.7189486026763916,0.72041958570480347,0,2021-04-29T00:00:00.000000Z
2021-04-29T00:00:00.000000Z,0.72705066204071045,0.72869831323623657,0.72242850065231323,0.72730022668838501,0,2021-04-30T00:00:00.000000Z
2021-04-30T00:00:00.000000Z,0.72470074892044067,0.72548937797546387,0.71621954441070557,0.72473746538162231,0,2021-05-01T00:00:00.000000Z
2021-05-03T00:00:00.000000Z,0.71688187122344971,0.72063243389129639,0.71573251485824585,0.71698981523513794,0,2021-05-04T00:00:00.000000Z
2021-05-04T00:00:00.000000Z,0.71975070238113403,0.71993207931518555,0.71182990074157715,0.71980762481689453,0,2021-05-05T00:00:00.000000Z
2021-05-05T00:00:00.000000Z,0.71619898080825806,0.72162050008773804,0.71505182981491089,0.71626979112625122,0,2021-05-06T00:00:00.000000Z
2021-05-06T00:00:00.000000Z,0.72192782163619995,0.72309976816177368,0.71864897012710571,0.72192782163619995,0,2021-05-07T00:00:00.000000Z
2021-05-07T00:00:00.000000Z,0.72330117225646973,0.72992169857025146,0.72068953514099121,0.72329068183898926,0,2021-05-08T00:00:00.000000Z
2021-05-10T00:00:00.000000Z,0.72925102710723877,0.73043882846832275,0.72723996639251709,0.72960746288299561,0,2021-05-11T00:00:00.000000Z
2021-05-11T00:00:00.000000Z,0.72729915380477905,0.72894799709320068,0.72536832094192505,0.72712993621826172,0,2021-05-12T00:00:00.000000Z
2021-05-12T00:00:00.000000Z,0.72641164064407349,0.72689002752304077,0.71641957759857178,0.7262691855430603,0,2021-05-13T00:00:00.000000Z
2021-05-13T00:00:00.000000Z,0.71622979640960693,0.71936750411987305,0.71360015869140625,0.71640938520431519,0,2021-05-14T00:00:00.000000Z
2021-05-14T00:00:00.000000Z,0.71819990873336792,0.72514736652374268,0.71705144643783569,0.71829795837402344,0,2021-05-15T00:00:00.000000Z
2021-05-17T00:00:00.000000Z,0.72431749105453491,0.72450011968612671,0.71832889318466187,0.72439092397689819,0,2021-05-18T00:00:00.000000Z
2021-05-18T00:00:00.000000Z,0.72188091278076172,0.72709822654724121,0.72158920764923096,0.7219122052192688,0,2021-05-19T00:00:00.000000Z
2021-05-19T00:00:00.000000Z,0.72420001029968262,0.7247999906539917,0.71744251251220703,0.72379845380783081,0,2021-05-20T00:00:00.000000Z
2021-05-20T00:00:00.000000Z,0.71614974737167358,0.72154754400253296,0.71582984924316406,0.71631187200546265,0,2021-05-21T00:00:00.000000Z
2021-05-21T00:00:00.000000Z,0.71974033117294312,0.72219997644424438,0.71650171279907227,0.71965748071670532,0,2021-05-22T00:00:00.000000Z
2021-05-24T00:00:00.000000Z,0.7172006368637085,0.72178190946578979,0.71611177921295166,0.71731895208358765,0,2021-05-25T00:00:00.000000Z
2021-05-25T00:00:00.000000Z,0.72147989273071289,0.72510004043579102,0.72104811668395996,0.72147989273071289,0,2021-05-26T00:00:00.000000Z
2021-05-26T00:00:00.000000Z,0.7224389910697937,0.73166805505752563,0.7224389910697937,0.7224389910697937,0,2021-05-27T00:00:00.000000Z
2021-05-27T00:00:00.000000Z,0.727791428565979,0.73113846778869629,0.72671991586685181,0.7278285026550293,0,2021-05-28T00:00:00.000000Z
2021-05-28T00:00:00.000000Z,0.72843825817108154,0.72857087850570679,0.72143828868865967,0.72842758893966675,0,2021-05-29T00:00:00.000000Z
2021-05-31T00:00:00.000000Z,0.72429126501083374,0.72849977016448975,0.72324883937835693,0.72429126501083374,0,2021-06-01T00:00:00.000000Z
2021-06-01T00:00:00.000000Z,0.72781258821487427,0.72885233163833618,0.72475844621658325,0.72772789001464844,0,2021-06-02T00:00:00.000000Z
2021-06-02T00:00:00.000000Z,0.72535246610641479,0.72740024328231812,0.72106891870498657,0.72533148527145386,0,2021-06-03T00:00:00.000000Z
2021-06-03T00:00:00.000000Z,0.72335869073867798,0.72423887252807617,0.71396952867507935,0.72334825992584229,0,2021-06-04T00:00:00.000000Z
2021-06-04T00:00:00.000000Z,0.71470940113067627,0.72091817855834961,0.71337872743606567,0.71486014127731323,0,2021-06-05T00:00:00.000000Z
2021-06-07T00:00:00.000000Z,0.72076743841171265,0.7243998646736145,0.71924853324890137,0.72097015380859375,0,2021-06-08T00:00:00.000000Z
2021-06-08T00:00:00.000000Z,0.7224389910697937,0.72336918115615845,0.71903133392333984,0.72254854440689087,0,2021-06-09T00:00:00.000000Z
2021-06-09T00:00:00.000000Z,0.7190520167350769,0.72145909070968628,0.71712863445281982,0.71903133392333984,0,2021-06-10T00:00:00.000000Z
2021-06-10T00:00:00.000000Z,0.71722120046615601,0.72128212451934814,0.71663016080856323,0.71718001365661621,0,2021-06-11T00:00:00.000000Z
2021-06-11T00:00:00.000000Z,0.7190210223197937,0.72104811668395996,0.71171844005584717,0.7189486026763916,0,2021-06-12T00:00:00.000000Z
2021-06-14T00:00:00.000000Z,0.7145000696182251,0.71531784534454346,0.71277874708175659,0.71389812231063843,0,2021-06-15T00:00:00.000000Z
2021-06-15T00:00:00.000000Z,0.7145613431930542,0.71610152721405029,0.7106209397315979,0.71437758207321167,0,2021-06-16T00:00:00.000000Z
2021-06-17T00:00:00.000000Z,0.70702862739562988,0.71025246381759644,0.70014774799346924,0.70711851119995117,0,2021-06-18T00:00:00.000000Z
2021-06-18T00:00:00.000000Z,0.70145899057388306,0.70170021057128906,0.69242966175079346,0.70153778791427612,0,2021-06-19T00:00:00.000000Z
2021-06-21T00:00:00.000000Z,0.69479185342788696,0.69921755790710449,0.69445890188217163,0.69490772485733032,0,2021-06-22T00:00:00.000000Z
2021-06-22T00:00:00.000000Z,0.69842153787612915,0.70078068971633911,0.6964612603187561,0.69863134622573853,0,2021-06-23T00:00:00.000000Z
2021-06-23T00:00:00.000000Z,0.7017396092414856,0.70699858665466309,0.69973134994506836,0.70179873704910278,0,2021-06-24T00:00:00.000000Z
2021-06-24T00:00:00.000000Z,0.70467996597290039,0.7074286937713623,0.70432949066162109,0.70455777645111084,0,2021-06-25T00:00:00.000000Z
2021-06-25T00:00:00.000000Z,0.70602023601531982,0.70961242914199829,0.70602023601531982,0.70631945133209229,0,2021-06-26T00:00:00.000000Z
2021-06-28T00:00:00.000000Z,0.7069200873374939,0.70864188671112061,0.7034376859664917,0.70689857006072998,0,2021-06-29T00:00:00.000000Z
2021-06-29T00:00:00.000000Z,0.70493024587631226,0.70512014627456665,0.69810950756072998,0.70489048957824707,0,2021-06-30T00:00:00.000000Z
2021-06-30T00:00:00.000000Z,0.69897806644439697,0.70074135065078735,0.69670873880386353,0.69898009300231934,0,2021-07-01T00:00:00.000000Z
2021-07-01T00:00:00.000000Z,0.69949144124984741,0.70100170373916626,0.69729167222976685,0.69966763257980347,0,2021-07-02T00:00:00.000000Z
2021-07-02T00:00:00.000000Z,0.69650006294250488,0.70082980394363403,0.69527006149291992,0.69636911153793335,0,2021-07-03T00:00:00.000000Z
2021-07-05T00:00:00.000000Z,0.70241981744766235,0.70324969291687012,0.70147871971130371,0.70258760452270508,0,2021-07-06T00:00:00.000000Z
2021-07-06T00:00:00.000000Z,0.70522856712341309,0.71061080694198608,0.699188232421875,0.70520865917205811,0,2021-07-07T00:00:00.000000Z
2021-07-07T00:00:00.000000Z,0.70153778791427612,0.70617979764938354,0.69911003112792969,0.70176917314529419,0,2021-07-08T00:00:00.000000Z
2021-07-08T00:00:00.000000Z,0.70134097337722778,0.70149987936019897,0.6937795877456665,0.70134097337722778,0,2021-07-09T00:00:00.000000Z
2021-07-09T00:00:00.000000Z,0.69512027502059937,0.69934958219528198,0.69242966175079346,0.69490772485733032,0,2021-07-10T00:00:00.000000Z
2021-07-13T00:00:00.000000Z,0.69888037443161011,0.70130014419555664,0.69196969270706177,0.69866061210632324,0,2021-07-14T00:00:00.000000Z
2021-07-14T00:00:00.000000Z,0.69410222768783569,0.70441877841949463,0.69410222768783569,0.69441068172454834,0,2021-07-15T00:00:00.000000Z
2021-07-15T00:00:00.000000Z,0.70384860038757324,0.70407164096832275,0.69846057891845703,0.70387840270996094,0,2021-07-16T00:00:00.000000Z
2021-07-16T00:00:00.000000Z,0.70159190893173218,0.70294815301895142,0.69914913177490234,0.70114922523498535,0,2021-07-17T00:00:00.000000Z
2021-07-19T00:00:00.000000Z,0.69934958219528198,0.70000022649765015,0.69247758388519287,0.69948166608810425,0,2021-07-20T00:00:00.000000Z
2021-07-20T00:00:00.000000Z,0.69290947914123535,0.69548767805099487,0.68839234113693237,0.69360005855560303,0,2021-07-21T00:00:00.000000Z
2021-07-21T00:00:00.000000Z,0.6922379732131958,0.69751054048538208,0.68955057859420776,0.69238168001174927,0,2021-07-22T00:00:00.000000Z
2021-07-22T00:00:00.000000Z,0.69602984189987183,0.69865089654922485,0.69485944509506226,0.696097731590271,0,2021-07-23T00:00:00.000000Z
2021-07-23T00:00:00.000000Z,0.69834840297698975,0.69927132129669189,0.6961703896522522,0.69810950756072998,0,2021-07-24T00:00:00.000000Z
2021-07-26T00:00:00.000000Z,0.69825088977813721,0.70107048749923706,0.69509124755859375,0.6983678936958313,0,2021-07-27T00:00:00.000000Z
2021-07-27T00:00:00.000000Z,0.70014774799346924,0.70067757368087769,0.69412147998809814,0.70047974586486816,0,2021-07-28T00:00:00.000000Z
2021-07-28T00:00:00.000000Z,0.69654858112335205,0.69703894853591919,0.69183081388473511,0.69634974002838135,0,2021-07-29T00:00:00.000000Z
2021-07-29T00:00:00.000000Z,0.69602012634277344,0.70197117328643799,0.69506227970123291,0.69605886936187744,0,2021-07-30T00:00:00.000000Z
2021-07-30T00:00:00.000000Z,0.70121800899505615,0.70213872194290161,0.69755923748016357,0.70110988616943359,0,2021-07-31T00:00:00.000000Z
2021-08-02T00:00:00.000000Z,0.69754946231842041,0.69936919212341309,0.69541031122207642,0.6974901556968689,0,2021-08-03T00:00:00.000000Z
2021-08-03T00:00:00.000000Z,0.69872903823852539,0.70193171501159668,0.69848012924194336,0.69871926307678223,0,2021-08-04T00:00:00.000000Z
2021-08-04T00:00:00.000000Z,0.70457768440246582,0.70892822742462158,0.70367032289505005,0.70457768440246582,0,2021-08-05T00:00:00.000000Z
2021-08-05T00:00:00.000000Z,0.70441877841949463,0.70749980211257935,0.70392787456512451,0.70440888404846191,0,2021-08-06T00:00:00.000000Z
2021-08-06T00:00:00.000000Z,0.70492035150527954,0.70578104257583618,0.70030951499938965,0.70485079288482666,0,2021-08-07T00:00:00.000000Z
2021-08-09T00:00:00.000000Z,0.699188232421875,0.70268142223358154,0.69861185550689697,0.69933003187179565,0,2021-08-10T00:00:00.000000Z
2021-08-10T00:00:00.000000Z,0.69924205541610718,0.70100170373916626,0.69698071479797363,0.69919800758361816,0,2021-08-11T00:00:00.000000Z
2021-08-11T00:00:00.000000Z,0.70078068971633911,0.70565158128738403,0.69936919212341309,0.70064806938171387,0,2021-08-12T00:00:00.000000Z
2021-08-12T00:00:00.000000Z,0.70420056581497192,0.70499986410140991,0.69981014728546143,0.70418071746826172,0,2021-08-13T00:00:00.000000Z
2021-08-13T00:00:00.000000Z,0.70040762424468994,0.70465213060379028,0.69956976175308228,0.70052045583724976,0,2021-08-14T00:00:00.000000Z
2021-08-16T00:00:00.000000Z,0.70409989356994629,0.70439994335174561,0.70130163431167603,0.70398241281509399,0,2021-08-17T00:00:00.000000Z
2021-08-17T00:00:00.000000Z,0.70284932851791382,0.70294815301895142,0.69062203168869019,0.70284932851791382,0,2021-08-18T00:00:00.000000Z
2021-08-18T00:00:00.000000Z,0.69275104999542236,0.69509994983673096,0.68766802549362183,0.69278949499130249,0,2021-08-19T00:00:00.000000Z
2021-08-19T00:00:00.000000Z,0.68736082315444946,0.68751204013824463,0.68100869655609131,0.6874505877494812,0,2021-08-20T00:00:00.000000Z
2021-08-20T00:00:00.000000Z,0.68210959434509277,0.6843409538269043,0.68072128295898438,0.68203055858612061,0,2021-08-21T00:00:00.000000Z
2021-08-24T00:00:00.000000Z,0.68942219018936157,0.69666993618011475,0.6880418062210083,0.68940794467926025,0,2021-08-25T00:00:00.000000Z
2021-08-25T00:00:00.000000Z,0.69406849145889282,0.69670873880386353,0.69316881895065308,0.69380849599838257,0,2021-08-26T00:00:00.000000Z
2021-08-26T00:00:00.000000Z,0.69727230072021484,0.69775885343551636,0.69486904144287109,0.69728201627731323,0,2021-08-27T00:00:00.000000Z
2021-08-27T00:00:00.000000Z,0.69415038824081421,0.70120817422866821,0.69340914487838745,0.69453126192092896,0,2021-08-28T00:00:00.000000Z
2021-08-30T00:00:00.000000Z,0.70147871971130371,0.70180022716522217,0.69891941547393799,0.70123773813247681,0,2021-08-31T00:00:00.000000Z
2021-08-31T00:00:00.000000Z,0.70006930828094482,0.70689857006072998,0.69978022575378418,0.69981944561004639,0,2021-09-01T00:00:00.000000Z
2021-09-01T00:00:00.000000Z,0.70524990558624268,0.7074286937713623,0.70368021726608276,0.70516890287399292,0,2021-09-02T00:00:00.000000Z
2021-09-02T00:00:00.000000Z,0.70684868097305298,0.71204787492752075,0.70587074756622314,0.7065889835357666,0,2021-09-03T00:00:00.000000Z
2021-09-03T00:00:00.000000Z,0.7109493613243103,0.71657878160476685,0.71075224876403809,0.71107065677642822,0,2021-09-04T00:00:00.000000Z
2021-09-06T00:00:00.000000Z,0.71508252620697021,0.71540015935897827,0.71288031339645386,0.71518993377685547,0,2021-09-07T00:00:00.000000Z
2021-09-07T00:00:00.000000Z,0.7136383056640625,0.7153894305229187,0.70894837379455566,0.71365875005722046,0,2021-09-08T00:00:00.000000Z
2021-09-08T00:00:00.000000Z,0.70990961790084839,0.71159183979034424,0.7077791690826416,0.70975852012634277,0,2021-09-09T00:00:00.000000Z
2021-09-09T00:00:00.000000Z,0.70958220958709717,0.71342962980270386,0.70837080478668213,0.70982903242111206,0,2021-09-10T00:00:00.000000Z
2021-09-10T00:00:00.000000Z,0.71046942472457886,0.71566081047058105,0.70911926031112671,0.71050989627838135,0,2021-09-11T00:00:00.000000Z
2021-09-13T00:00:00.000000Z,0.71170836687088013,0.71238768100738525,0.70985919237136841,0.71165770292282104,0,2021-09-14T00:00:00.000000Z
2021-09-14T00:00:00.000000Z,0.71164244413375854,0.71514904499053955,0.71031808853149414,0.7114601731300354,0,2021-09-15T00:00:00.000000Z
2021-09-15T00:00:00.000000Z,0.70950162410736084,0.71172857284545898,0.70754885673522949,0.70957213640213013,0,2021-09-16T00:00:00.000000Z
2021-09-17T00:00:00.000000Z,0.70721858739852905,0.70878756046295166,0.702750563621521,0.70709002017974854,0,2021-09-18T00:00:00.000000Z
2021-09-20T00:00:00.000000Z,0.70349216461181641,0.70450019836425781,0.70073157548904419,0.70335859060287476,0,2021-09-21T00:00:00.000000Z
2021-09-21T00:00:00.000000Z,0.70165097713470459,0.70563161373138428,0.69953060150146484,0.70176917314529419,0,2021-09-22T00:00:00.000000Z
2021-09-22T00:00:00.000000Z,0.69979983568191528,0.70317059755325317,0.69960892200469971,0.69973134994506836,0,2021-09-23T00:00:00.000000Z
2021-09-23T00:00:00.000000Z,0.69933986663818359,0.70936077833175659,0.69833862781524658,0.69910025596618652,0,2021-09-24T00:00:00.000000Z
2021-09-24T00:00:00.000000Z,0.70678871870040894,0.70812004804611206,0.69987821578979492,0.70653903484344482,0,2021-09-25T00:00:00.000000Z
2021-09-27T00:00:00.000000Z,0.70168048143386841,0.70337831974029541,0.69932025671005249,0.7016608715057373,0,2021-09-28T00:00:00.000000Z
2021-09-28T00:00:00.000000Z,0.70074135065078735,0.70279991626739502,0.69507193565368652,0.70079052448272705,0,2021-09-29T00:00:00.000000Z
2021-09-29T00:00:00.000000Z,0.69599980115890503,0.696097731590271,0.6868320107460022,0.69600081443786621,0,2021-09-30T00:00:00.000000Z
2021-09-30T00:00:00.000000Z,0.68706804513931274,0.69220918416976929,0.68612045049667358,0.68723797798156738,0,2021-10-01T00:00:00.000000Z
2021-10-01T00:00:00.000000Z,0.68971222639083862,0.69456988573074341,0.68782883882522583,0.68967992067337036,0,2021-10-02T00:00:00.000000Z
2021-10-04T00:00:00.000000Z,0.69415038824081421,0.69827038049697876,0.69283980131149292,0.69418895244598389,0,2021-10-05T00:00:00.000000Z
2021-10-05T00:00:00.000000Z,0.69634002447128296,0.6977003812789917,0.69301986694335938,0.69618010520935059,0,2021-10-06T00:00:00.000000Z
2021-10-06T00:00:00.000000Z,0.69551181793212891,0.69789022207260132,0.68780046701431274,0.69567006826400757,0,2021-10-07T00:00:00.000000Z
2021-10-07T00:00:00.000000Z,0.69173038005828857,0.69443964958190918,0.69101816415786743,0.69158202409744263,0,2021-10-08T00:00:00.000000Z
2021-10-08T00:00:00.000000Z,0.69369775056838989,0.69596207141876221,0.69097995758056641,0.69381809234619141,0,2021-10-09T00:00:00.000000Z
2021-10-11T00:00:00.000000Z,0.69208937883377075,0.69653886556625366,0.69208937883377075,0.69216132164001465,0,2021-10-12T00:00:00.000000Z
2021-10-12T00:00:00.000000Z,0.69399142265319824,0.69700980186462402,0.69249200820922852,0.69432872533798218,0,2021-10-13T00:00:00.000000Z
2021-10-13T00:00:00.000000Z,0.69241052865982056,0.69615095853805542,0.69152945280075073,0.69255912303924561,0,2021-10-14T00:00:00.000000Z
2021-10-14T00:00:00.000000Z,0.69738894701004028,0.70413112640380859,0.69693213701248169,0.69722849130630493,0,2021-10-15T00:00:00.000000Z
2021-10-15T00:00:00.000000Z,0.70370990037918091,0.70776921510696411,0.70301240682601929,0.70357131958007812,0,2021-10-16T00:00:00.000000Z
2021-10-18T00:00:00.000000Z,0.70861178636550903,0.70890015363693237,0.70506942272186279,0.70846116542816162,0,2021-10-19T00:00:00.000000Z
2021-10-20T00:00:00.000000Z,0.715778648853302,0.72049742937088013,0.71515923738479614,0.71556860208511353,0,2021-10-21T00:00:00.000000Z
2021-10-21T00:00:00.000000Z,0.71999943256378174,0.72187048196792603,0.71649152040481567,0.71986985206604004,0,2021-10-22T00:00:00.000000Z
2021-10-22T00:00:00.000000Z,0.71556860208511353,0.71891242265701294,0.71336853504180908,0.71559935808181763,0,2021-10-23T00:00:00.000000Z
2021-10-25T00:00:00.000000Z,0.71513879299163818,0.7178802490234375,0.71315991878509521,0.71507227420806885,0,2021-10-26T00:00:00.000000Z
2021-10-26T00:00:00.000000Z,0.71660959720611572,0.71937787532806396,0.71539968252182007,0.71661984920501709,0,2021-10-27T00:00:00.000000Z
2021-10-27T00:00:00.000000Z,0.71680992841720581,0.71814835071563721,0.71332782506942749,0.71680992841720581,0,2021-10-28T00:00:00.000000Z
2021-10-28T00:00:00.000000Z,0.71636825799942017,0.72176110744476318,0.71530246734619141,0.71638882160186768,0,2021-10-29T00:00:00.000000Z
2021-10-29T00:00:00.000000Z,0.71942967176437378,0.7197299599647522,0.71368980407714844,0.7195124626159668,0,2021-10-30T00:00:00.000000Z
2021-11-01T00:00:00.000000Z,0.71800911426544189,0.71985948085784912,0.71619898080825806,0.71764838695526123,0,2021-11-02T00:00:00.000000Z
2021-11-02T00:00:00.000000Z,0.71803998947143555,0.71847856044769287,0.71017175912857056,0.71792149543762207,0,2021-11-03T00:00:00.000000Z
2021-11-03T00:00:00.000000Z,0.71262121200561523,0.71481162309646606,0.71147030591964722,0.71258062124252319,0,2021-11-04T00:00:00.000000Z
2021-11-04T00:00:00.000000Z,0.71782869100570679,0.71795237064361572,0.70963758230209351,0.71762782335281372,0,2021-11-05T00:00:00.000000Z
2021-11-05T00:00:00.000000Z,0.7109493613243103,0.71245878934860229,0.70739865303039551,0.71096956729888916,0,2021-11-06T00:00:00.000000Z
2021-11-08T00:00:00.000000Z,0.71081793308258057,0.7177308201789856,0.71054017543792725,0.71091896295547485,0,2021-11-09T00:00:00.000000Z
2021-11-09T00:00:00.000000Z,0.71647095680236816,0.71750938892364502,0.71112126111984253,0.71624982357025146,0,2021-11-10T00:00:00.000000Z
2021-11-10T00:00:00.000000Z,0.7124902606010437,0.7133176326751709,0.70781928300857544,0.71252018213272095,0,2021-11-11T00:00:00.000000Z
2021-11-11T00:00:00.000000Z,0.70657896995544434,0.70716851949691772,0.70146888494491577,0.70667880773544312,0,2021-11-12T00:00:00.000000Z
2021-11-12T00:00:00.000000Z,0.70206969976425171,0.70430022478103638,0.69984883069992065,0.70240014791488647,0,2021-11-13T00:00:00.000000Z
2021-11-15T00:00:00.000000Z,0.70418071746826172,0.70814007520675659,0.70330905914306641,0.7043195366859436,0,2021-11-16T00:00:00.000000Z
2021-11-16T00:00:00.000000Z,0.70438903570175171,0.7065090537071228,0.69927132129669189,0.704170823097229,0,2021-11-17T00:00:00.000000Z
2021-11-17T00:00:00.000000Z,0.69896829128265381,0.70207953453063965,0.69816797971725464,0.69919997453689575,0,2021-11-18T00:00:00.000000Z
2021-11-18T00:00:00.000000Z,0.70038801431655884,0.7053380012512207,0.69959914684295654,0.7003781795501709,0,2021-11-19T00:00:00.000000Z
2021-11-19T00:00:00.000000Z,0.704170823097229,0.70467197895050049,0.69940829277038574,0.70421046018600464,0,2021-11-20T00:00:00.000000Z
2021-11-22T00:00:00.000000Z,0.69910025596618652,0.70142948627471924,0.69650977849960327,0.69913935661315918,0,2021-11-23T00:00:00.000000Z
2021-11-23T00:00:00.000000Z,0.69498014450073242,0.69602012634277344,0.6917494535446167,0.6949608325958252,0,2021-11-24T00:00:00.000000Z
2021-11-24T00:00:00.000000Z,0.69528943300247192,0.69566184282302856,0.68668115139007568,0.69528943300247192,0,2021-11-25T00:00:00.000000Z
2021-11-25T00:00:00.000000Z,0.68766802549362183,0.68950015306472778,0.68413960933685303,0.68753093481063843,0,2021-11-26T00:00:00.000000Z
2021-11-26T00:00:00.000000Z,0.68467825651168823,0.68517088890075684,0.68061935901641846,0.68443924188613892,0,2021-11-27T00:00:00.000000Z
2021-11-29T00:00:00.000000Z,0.68297147750854492,0.68397116661071777,0.67890042066574097,0.68263113498687744,0,2021-11-30T00:00:00.000000Z
2021-11-30T00:00:00.000000Z,0.68294817209243774,0.68566882610321045,0.67739021778106689,0.68306946754455566,0,2021-12-01T00:00:00.000000Z
2021-12-01T00:00:00.000000Z,0.6826590895652771,0.68684148788452148,0.68195146322250366,0.68249136209487915,0,2021-12-02T00:00:00.000000Z
2021-12-02T00:00:00.000000Z,0.68144029378890991,0.68306946754455566,0.68004077672958374,0.68141007423400879,0,2021-12-03T00:00:00.000000Z
2021-12-06T00:00:00.000000Z,0.67567110061645508,0.67648011445999146,0.67419970035552979,0.67573964595794678,0,2021-12-07T00:00:00.000000Z
2021-12-07T00:00:00.000000Z,0.67495054006576538,0.67872995138168335,0.6737591028213501,0.67496877908706665,0,2021-12-08T00:00:00.000000Z
2021-12-08T00:00:00.000000Z,0.67868846654891968,0.68119889497756958,0.67691010236740112,0.6786198616027832,0,2021-12-09T00:00:00.000000Z
2021-12-09T00:00:00.000000Z,0.6808510422706604,0.68240010738372803,0.67822819948196411,0.68082791566848755,0,2021-12-10T00:00:00.000000Z
2021-12-10T00:00:00.000000Z,0.67955094575881958,0.68079078197479248,0.67706185579299927,0.67956942319869995,0,2021-12-11T00:00:00.000000Z
2021-12-13T00:00:00.000000Z,0.67962020635604858,0.68019992113113403,0.67473196983337402,0.67958790063858032,0,2021-12-14T00:00:00.000000Z
2021-12-14T00:00:00.000000Z,0.67542016506195068,0.67712140083312988,0.6736910343170166,0.67520123720169067,0,2021-12-15T00:00:00.000000Z
2021-12-15T00:00:00.000000Z,0.67368191480636597,0.6760411262512207,0.67278903722763062,0.67363202571868896,0,2021-12-16T00:00:00.000000Z
2021-12-16T00:00:00.000000Z,0.67780983448028564,0.68342888355255127,0.67587202787399292,0.67780983448028564,0,2021-12-17T00:00:00.000000Z
2021-12-17T00:00:00.000000Z,0.67976808547973633,0.68010002374649048,0.67459994554519653,0.67962944507598877,0,2021-12-18T00:00:00.000000Z
2021-12-20T00:00:00.000000Z,0.67330998182296753,0.6740679144859314,0.67034912109375,0.67316043376922607,0,2021-12-21T00:00:00.000000Z
2021-12-21T00:00:00.000000Z,0.67131215333938599,0.67595887184143066,0.67056941986083984,0.67131215333938599,0,2021-12-22T00:00:00.000000Z
2021-12-22T00:00:00.000000Z,0.67662203311920166,0.68183058500289917,0.6740679144859314,0.67659914493560791,0,2021-12-23T00:00:00.000000Z
2021-12-23T00:00:00.000000Z,0.68054062128067017,0.68419104814529419,0.67974954843521118,0.68058234453201294,0,2021-12-24T00:00:00.000000Z
2021-12-24T00:00:00.000000Z,0.68157964944839478,0.68580001592636108,0.68118035793304443,0.68222129344940186,0,2021-12-25T00:00:00.000000Z
2021-12-27T00:00:00.000000Z,0.68150067329406738,0.68274992704391479,0.67902028560638428,0.6815192699432373,0,2021-12-28T00:00:00.000000Z
2021-12-28T00:00:00.000000Z,0.68157964944839478,0.68294817209243774,0.67909866571426392,0.68179988861083984,0,2021-12-29T00:00:00.000000Z
2021-12-29T00:00:00.000000Z,0.68058234453201294,0.68429875373840332,0.67896038293838501,0.68056005239486694,0,2021-12-30T00:00:00.000000Z
2021-12-30T00:00:00.000000Z,0.68401795625686646,0.68578171730041504,0.68176084756851196,0.68397116661071777,0,2021-12-31T00:00:00.000000Z
2021-12-31T00:00:00.000000Z,0.68306946754455566,0.68512862920761108,0.68215149641036987,0.68304145336151123,0,2022-01-01T00:00:00.000000Z
2022-01-03T00:00:00.000000Z,0.68405067920684814,0.68572998046875,0.67758941650390625,0.68406939506530762,0,2022-01-04T00:00:00.000000Z
2022-01-04T00:00:00.000000Z,0.67907100915908813,0.68248206377029419,0.67658084630966187,0.67896956205368042,0,2022-01-05T00:00:00.000000Z
2022-01-05T00:00:00.000000Z,0.68148213624954224,0.68375134468078613,0.67964798212051392,0.68136131763458252,0,2022-01-06T00:00:00.000000Z
2022-01-06T00:00:00.000000Z,0.6793893575668335,0.67949092388153076,0.67347776889801025,0.67932015657424927,0,2022-01-07T00:00:00.000000Z
2022-01-07T00:00:00.000000Z,0.6741679310798645,0.6780998706817627,0.67368191480636597,0.67404067516326904,0,2022-01-08T00:00:00.000000Z
2022-01-10T00:00:00.000000Z,0.67754989862442017,0.67839843034744263,0.67378997802734375,0.67759859561920166,0,2022-01-11T00:00:00.000000Z
2022-01-11T00:00:00.000000Z,0.67699992656707764,0.6779293417930603,0.67423152923583984,0.67664951086044312,0,2022-01-12T00:00:00.000000Z
2022-01-12T00:00:00.000000Z,0.67844903469085693,0.68480956554412842,0.67751133441925049,0.67838001251220703,0,2022-01-13T00:00:00.000000Z
2022-01-13T00:00:00.000000Z,0.68467825651168823,0.68907064199447632,0.6843409538269043,0.68469232320785522,0,2022-01-14T00:00:00.000000Z
2022-01-14T00:00:00.000000Z,0.68618166446685791,0.68746000528335571,0.68086963891983032,0.68619108200073242,0,2022-01-15T00:00:00.000000Z
2022-01-17T00:00:00.000000Z,0.68079078197479248,0.68190962076187134,0.67886817455291748,0.68082791566848755,0,2022-01-18T00:00:00.000000Z
2022-01-18T00:00:00.000000Z,0.67968952655792236,0.6809002161026001,0.67591774463653564,0.67979991436004639,0,2022-01-19T00:00:00.000000Z
2022-01-19T00:00:00.000000Z,0.67732781171798706,0.68111079931259155,0.67657166719436646,0.67717188596725464,0,2022-01-20T00:00:00.000000Z
2022-01-20T00:00:00.000000Z,0.67804884910583496,0.6805998682975769,0.67568022012710571,0.67803001403808594,0,2022-01-21T00:00:00.000000Z
2022-01-21T00:00:00.000000Z,0.67528784275054932,0.67528784275054932,0.67092031240463257,0.67507815361022949,0,2022-01-22T00:00:00.000000Z
2022-01-24T00:00:00.000000Z,0.67213785648345947,0.67281168699264526,0.66617816686630249,0.6722598671913147,0,2022-01-25T00:00:00.000000Z
2022-01-25T00:00:00.000000Z,0.6704704761505127,0.67065930366516113,0.66623139381408691,0.67046147584915161,0,2022-01-26T00:00:00.000000Z
2022-01-26T00:00:00.000000Z,0.66916978359222412,0.66986864805221558,0.66786879301071167,0.66908878087997437,0,2022-01-27T00:00:00.000000Z
2022-01-27T00:00:00.000000Z,0.66606986522674561,0.66606986522674561,0.65879189968109131,0.66605836153030396,0,2022-01-28T00:00:00.000000Z
2022-01-28T00:00:00.000000Z,0.65844923257827759,0.65894818305969238,0.65341967344284058,0.65844053030014038,0,2022-01-29T00:00:00.000000Z
2022-01-31T00:00:00.000000Z,0.65496033430099487,0.65976119041442871,0.65438175201416016,0.65519207715988159,0,2022-02-01T00:00:00.000000Z
2022-02-01T00:00:00.000000Z,0.6576610803604126,0.66255003213882446,0.65674108266830444,0.65779948234558105,0,2022-02-02T00:00:00.000000Z
2022-02-02T00:00:00.000000Z,0.6637682318687439,0.66620033979415894,0.66251927614212036,0.66372859477996826,0,2022-02-03T00:00:00.000000Z
2022-02-04T00:00:00.000000Z,0.66655111312866211,0.6683509349822998,0.65910887718200684,0.66664004325866699,0,2022-02-05T00:00:00.000000Z
2022-02-07T00:00:00.000000Z,0.66194915771484375,0.66389155387878418,0.66044092178344727,0.66198861598968506,0,2022-02-08T00:00:00.000000Z
2022-02-08T00:00:00.000000Z,0.66382110118865967,0.66530942916870117,0.66291016340255737,0.66379022598266602,0,2022-02-09T00:00:00.000000Z
2022-02-09T00:00:00.000000Z,0.66488921642303467,0.66981929540634155,0.66423994302749634,0.66495019197463989,0,2022-02-10T00:00:00.000000Z
2022-02-10T00:00:00.000000Z,0.66793131828308105,0.67331904172897339,0.66560167074203491,0.66793131828308105,0,2022-02-11T00:00:00.000000Z
2022-02-11T00:00:00.000000Z,0.66664004325866699,0.66932165622711182,0.66293215751647949,0.66671109199523926,0,2022-02-12T00:00:00.000000Z
2022-02-14T00:00:00.000000Z,0.66477870941162109,0.66484057903289795,0.65939140319824219,0.66466820240020752,0,2022-02-15T00:00:00.000000Z
2022-02-15T00:00:00.000000Z,0.6617695689201355,0.66485822200775146,0.66033190488815308,0.66180026531219482,0,2022-02-16T00:00:00.000000Z
2022-02-16T00:00:00.000000Z,0.66400182247161865,0.66730016469955444,0.6634291410446167,0.66408121585845947,0,2022-02-17T00:00:00.000000Z
2022-02-17T00:00:00.000000Z,0.66806066036224365,0.6717301607131958,0.66616040468215942,0.66810977458953857,0,2022-02-18T00:00:00.000000Z
2022-02-18T00:00:00.000000Z,0.66900819540023804,0.67300182580947876,0.66881132125854492,0.66910219192504883,0,2022-02-19T00:00:00.000000Z
2022-02-21T00:00:00.000000Z,0.66898137331008911,0.67337799072265625,0.6684715747833252,0.66895896196365356,0,2022-02-22T00:00:00.000000Z
2022-02-22T00:00:00.000000Z,0.66978788375854492,0.67547941207885742,0.66933059692382812,0.66959953308105469,0,2022-02-23T00:00:00.000000Z
2022-02-23T00:00:00.000000Z,0.67418158054351807,0.68095767498016357,0.6735503077507019,0.67418158054351807,0,2022-02-24T00:00:00.000000Z
2022-02-24T00:00:00.000000Z,0.67724061012268066,0.67724061012268066,0.66320914030075073,0.67708015441894531,0,2022-02-25T00:00:00.000000Z
2022-02-25T00:00:00.000000Z,0.66887837648391724,0.67496877908706665,0.66874873638153076,0.66878896951675415,0,2022-02-26T00:00:00.000000Z
2022-02-28T00:00:00.000000Z,0.66869056224822998,0.67762982845306396,0.66777074337005615,0.66932165622711182,0,2022-03-01T00:00:00.000000Z
2022-03-01T00:00:00.000000Z,0.67669987678527832,0.67912179231643677,0.67497789859771729,0.67691975831985474,0,2022-03-02T00:00:00.000000Z
2022-03-02T00:00:00.000000Z,0.67674016952514648,0.67838001251220703,0.67458176612854004,0.67675024271011353,0,2022-03-03T00:00:00.000000Z
2022-03-03T00:00:00.000000Z,0.67824983596801758,0.68097162246704102,0.67626059055328369,0.67830181121826172,0,2022-03-04T00:00:00.000000Z
2022-03-04T00:00:00.000000Z,0.68097162246704102,0.68488925695419312,0.67697018384933472,0.68097162246704102,0,2022-03-05T00:00:00.000000Z
2022-03-07T00:00:00.000000Z,0.68740803003311157,0.69253039360046387,0.68237960338592529,0.6874505877494812,0,2022-03-08T00:00:00.000000Z
2022-03-08T00:00:00.000000Z,0.68375134468078613,0.6850394606590271,0.68013793230056763,0.68382143974304199,0,2022-03-09T00:00:00.000000Z
2022-03-09T00:00:00.000000Z,0.68065178394317627,0.68527883291244507,0.68002229928970337,0.68042945861816406,0,2022-03-10T00:00:00.000000Z
2022-03-10T00:00:00.000000Z,0.68401795625686646,0.68697834014892578,0.68131953477859497,0.68384015560150146,0,2022-03-11T00:00:00.000000Z
2022-03-11T00:00:00.000000Z,0.68728995323181152,0.68752002716064453,0.68163073062896729,0.68744117021560669,0,2022-03-12T00:00:00.000000Z
2022-03-14T00:00:00.000000Z,0.68126851320266724,0.68137061595916748,0.6775205135345459,0.68126851320266724,0,2022-03-15T00:00:00.000000Z
2022-03-15T00:00:00.000000Z,0.67494148015975952,0.67927861213684082,0.67302000522613525,0.67490047216415405,0,2022-03-16T00:00:00.000000Z
2022-03-16T00:00:00.000000Z,0.67603015899658203,0.68266838788986206,0.67425018548965454,0.6762194037437439,0,2022-03-17T00:00:00.000000Z
2022-03-17T00:00:00.000000Z,0.68304145336151123,0.68936991691589355,0.68253797292709351,0.68306946754455566,0,2022-03-18T00:00:00.000000Z
2022-03-18T00:00:00.000000Z,0.6891893744468689,0.69100856781005859,0.6867707371711731,0.68923217058181763,0,2022-03-19T00:00:00.000000Z
2022-03-21T00:00:00.000000Z,0.69002163410186768,0.69241052865982056,0.6878477931022644,0.689869225025177,0,2022-03-22T00:00:00.000000Z
2022-03-22T00:00:00.000000Z,0.68779098987579346,0.69561833143234253,0.68650197982788086,0.68797081708908081,0,2022-03-23T00:00:00.000000Z
2022-03-23T00:00:00.000000Z,0.6966019868850708,0.69751054048538208,0.69369775056838989,0.69643217325210571,0,2022-03-24T00:00:00.000000Z
2022-03-24T00:00:00.000000Z,0.69777828454971313,0.6978415846824646,0.69430947303771973,0.69763225317001343,0,2022-03-25T00:00:00.000000Z
2022-03-25T00:00:00.000000Z,0.6964612603187561,0.69873881340026855,0.69455057382583618,0.69654858112335205,0,2022-03-26T00:00:00.000000Z
2022-03-28T00:00:00.000000Z,0.69574898481369019,0.69638854265213013,0.68891870975494385,0.69574898481369019,0,2022-03-29T00:00:00.000000Z
2022-03-29T00:00:00.000000Z,0.69077950716018677,0.69303911924362183,0.6878477931022644,0.69077950716018677,0,2022-03-30T00:00:00.000000Z
2022-03-30T00:00:00.000000Z,0.69431906938552856,0.69982922077178955,0.69400107860565186,0.69431906938552856,0,2022-03-31T00:00:00.000000Z
2022-03-31T00:00:00.000000Z,0.69706815481185913,0.6977003812789917,0.69297188520431519,0.69706815481185913,0,2022-04-01T00:00:00.000000Z
2022-04-01T00:00:00.000000Z,0.69340002536773682,0.69489997625350952,0.68977880477905273,0.69340002536773682,0,2022-04-02T00:00:00.000000Z
2022-04-04T00:00:00.000000Z,0.69076997041702271,0.69690781831741333,0.69069832563400269,0.69076997041702271,0,2022-04-05T00:00:00.000000Z
2022-04-05T00:00:00.000000Z,0.69484978914260864,0.70344763994216919,0.69442033767700195,0.69484978914260864,0,2022-04-06T00:00:00.000000Z
2022-04-06T00:00:00.000000Z,0.69476771354675293,0.6967475414276123,0.6926119327545166,0.69476771354675293,0,2022-04-07T00:00:00.000000Z
2022-04-07T00:00:00.000000Z,0.69115191698074341,0.69204151630401611,0.68831980228424072,0.69115191698074341,0,2022-04-08T00:00:00.000000Z
2022-04-08T00:00:00.000000Z,0.6884918212890625,0.68921786546707153,0.68241220712661743,0.6884918212890625,0,2022-04-09T00:00:00.000000Z
2022-04-11T00:00:00.000000Z,0.68321877717971802,0.68533986806869507,0.68143099546432495,0.68354099988937378,0,2022-04-12T00:00:00.000000Z
2022-04-12T00:00:00.000000Z,0.68183058500289917,0.68901842832565308,0.68071198463439941,0.68177944421768188,0,2022-04-13T00:00:00.000000Z
2022-04-13T00:00:00.000000Z,0.68560773134231567,0.68956953287124634,0.67584007978439331,0.6856500506401062,0,2022-04-14T00:00:00.000000Z
2022-04-14T00:00:00.000000Z,0.68028134107589722,0.68335884809494019,0.67691975831985474,0.68007779121398926,0,2022-04-15T00:00:00.000000Z
2022-04-15T00:00:00.000000Z,0.67834323644638062,0.67914021015167236,0.67685103416442871,0.67834323644638062,0,2022-04-16T00:00:00.000000Z
2022-04-18T00:00:00.000000Z,0.6760411262512207,0.67612797021865845,0.67212885618209839,0.6760411262512207,0,2022-04-19T00:00:00.000000Z
2022-04-19T00:00:00.000000Z,0.67363202571868896,0.67642980813980103,0.67212885618209839,0.67363202571868896,0,2022-04-20T00:00:00.000000Z
2022-04-20T00:00:00.000000Z,0.6746591329574585,0.68133813142776489,0.67368191480636597,0.6746591329574585,0,2022-04-21T00:00:00.000000Z
2022-04-21T00:00:00.000000Z,0.67834782600402832,0.68047112226486206,0.67345058917999268,0.67834782600402832,0,2022-04-22T00:00:00.000000Z
2022-04-22T00:00:00.000000Z,0.67244970798492432,0.67274832725524902,0.66277837753295898,0.67244970798492432,0,2022-04-23T00:00:00.000000Z
2022-04-25T00:00:00.000000Z,0.66251051425933838,0.66327071189880371,0.65841889381408691,0.66251051425933838,0,2022-04-26T00:00:00.000000Z
2022-04-26T00:00:00.000000Z,0.66186153888702393,0.66460198163986206,0.65804195404052734,0.66186153888702393,0,2022-04-27T00:00:00.000000Z
2022-04-27T00:00:00.000000Z,0.65756165981292725,0.65906107425689697,0.65286082029342651,0.65756165981292725,0,2022-04-28T00:00:00.000000Z
2022-04-29T00:00:00.000000Z,0.64930850267410278,0.65436029434204102,0.64740842580795288,0.64930850267410278,0,2022-04-30T00:00:00.000000Z
2022-05-02T00:00:00.000000Z,0.64561945199966431,0.64747130870819092,0.64203804731369019,0.64561945199966431,0,2022-05-03T00:00:00.000000Z
2022-05-03T00:00:00.000000Z,0.64413070678710938,0.64750063419342041,0.64121884107589722,0.64413070678710938,0,2022-05-04T00:00:00.000000Z
2022-05-04T00:00:00.000000Z,0.64343023300170898,0.64630001783370972,0.64238041639328003,0.64343023300170898,0,2022-05-05T00:00:00.000000Z
2022-05-05T00:00:00.000000Z,0.6551019549369812,0.65642213821411133,0.64054113626480103,0.6551019549369812,0,2022-05-06T00:00:00.000000Z
2022-05-06T00:00:00.000000Z,0.64302891492843628,0.64534860849380493,0.63970929384231567,0.64302891492843628,0,2022-05-07T00:00:00.000000Z
2022-05-09T00:00:00.000000Z,0.63892048597335815,0.63901031017303467,0.63324809074401855,0.63892048597335815,0,2022-05-10T00:00:00.000000Z
2022-05-10T00:00:00.000000Z,0.6323590874671936,0.63488036394119263,0.62806177139282227,0.6323590874671936,0,2022-05-11T00:00:00.000000Z
2022-05-11T00:00:00.000000Z,0.6289980411529541,0.63786089420318604,0.6283499002456665,0.6289980411529541,0,2022-05-12T00:00:00.000000Z
2022-05-12T00:00:00.000000Z,0.62848019599914551,0.62979036569595337,0.62257969379425049,0.62848019599914551,0,2022-05-13T00:00:00.000000Z
2022-05-13T00:00:00.000000Z,0.62471884489059448,0.62668812274932861,0.62263011932373047,0.62471884489059448,0,2022-05-14T00:00:00.000000Z
2022-05-16T00:00:00.000000Z,0.6288912296295166,0.6296999454498291,0.62313061952590942,0.6288912296295166,0,2022-05-17T00:00:00.000000Z
2022-05-17T00:00:00.000000Z,0.6311417818069458,0.6376006007194519,0.63075965642929077,0.6311417818069458,0,2022-05-18T00:00:00.000000Z
2022-05-18T00:00:00.000000Z,0.6359097957611084,0.6371999979019165,0.63265913724899292,0.6359097957611084,0,2022-05-19T00:00:00.000000Z
2022-05-19T00:00:00.000000Z,0.62956035137176514,0.64153146743774414,0.6295207142829895,0.62956035137176514,0,2022-05-20T00:00:00.000000Z
2022-05-20T00:00:00.000000Z,0.6381499171257019,0.64126819372177124,0.63656967878341675,0.6381499171257019,0,2022-05-21T00:00:00.000000Z
2022-05-23T00:00:00.000000Z,0.64214938879013062,0.64911037683486938,0.6420091986656189,0.64214938879013062,0,2022-05-24T00:00:00.000000Z
2022-05-24T00:00:00.000000Z,0.64474946260452271,0.64591139554977417,0.64250010251998901,0.64474946260452271,0,2022-05-25T00:00:00.000000Z
2022-05-25T00:00:00.000000Z,0.64489084482192993,0.65144878625869751,0.64271897077560425,0.64489084482192993,0,2022-05-26T00:00:00.000000Z
2022-05-26T00:00:00.000000Z,0.64797896146774292,0.65010201930999756,0.6448701024055481,0.64797896146774292,0,2022-05-27T00:00:00.000000Z
2022-05-27T00:00:00.000000Z,0.6482393741607666,0.65501183271408081,0.64745873212814331,0.6482393741607666,0,2022-05-28T00:00:00.000000Z
2022-05-30T00:00:00.000000Z,0.65340983867645264,0.65612918138504028,0.65327876806259155,0.65340983867645264,0,2022-05-31T00:00:00.000000Z
2022-05-31T00:00:00.000000Z,0.65582799911499023,0.65644794702529907,0.64844954013824463,0.65582799911499023,0,2022-06-01T00:00:00.000000Z
2022-06-01T00:00:00.000000Z,0.65186071395874023,0.6540992259979248,0.64663809537887573,0.65186071395874023,0,2022-06-02T00:00:00.000000Z
2022-06-02T00:00:00.000000Z,0.64805877208709717,0.65560013055801392,0.64614927768707275,0.64805877208709717,0,2022-06-03T00:00:00.000000Z
2022-06-03T00:00:00.000000Z,0.65603882074356079,0.6575702428817749,0.65054190158843994,0.65603882074356079,0,2022-06-04T00:00:00.000000Z
2022-06-06T00:00:00.000000Z,0.65091031789779663,0.65376138687133789,0.64863884449005127,0.65091031789779663,0,2022-06-07T00:00:00.000000Z
2022-06-07T00:00:00.000000Z,0.64855891466140747,0.64908933639526367,0.64240103960037231,0.64855891466140747,0,2022-06-08T00:00:00.000000Z
2022-06-08T00:00:00.000000Z,0.64807134866714478,0.64860010147094727,0.64362907409667969,0.64807134866714478,0,2022-06-09T00:00:00.000000Z
2022-06-09T00:00:00.000000Z,0.6443713903427124,0.64612841606140137,0.6399385929107666,0.6443713903427124,0,2022-06-10T00:00:00.000000Z
2022-06-10T00:00:00.000000Z,0.63856959342956543,0.64348822832107544,0.63517874479293823,0.63856959342956543,0,2022-06-11T00:00:00.000000Z
2022-06-13T00:00:00.000000Z,0.63372963666915894,0.63484805822372437,0.62591928243637085,0.63372963666915894,0,2022-06-14T00:00:00.000000Z
2022-06-14T00:00:00.000000Z,0.62754154205322266,0.62919992208480835,0.62146925926208496,0.62754154205322266,0,2022-06-15T00:00:00.000000Z
2022-06-15T00:00:00.000000Z,0.62268048524856567,0.62638193368911743,0.62185186147689819,0.62268048524856567,0,2022-06-16T00:00:00.000000Z
2022-06-16T00:00:00.000000Z,0.62925928831100464,0.63387024402618408,0.62344139814376831,0.62925928831100464,0,2022-06-17T00:00:00.000000Z
2022-06-17T00:00:00.000000Z,0.63607162237167358,0.63607972860336304,0.62703001499176025,0.63607162237167358,0,2022-06-18T00:00:00.000000Z
2022-06-20T00:00:00.000000Z,0.63255906105041504,0.63641166687011719,0.63066017627716064,0.63255906105041504,0,2022-06-21T00:00:00.000000Z
2022-06-21T00:00:00.000000Z,0.63374167680740356,0.63635092973709106,0.63189154863357544,0.63374167680740356,0,2022-06-22T00:00:00.000000Z
2022-06-23T00:00:00.000000Z,0.62710076570510864,0.63112187385559082,0.62494921684265137,0.62710076570510864,0,2022-06-24T00:00:00.000000Z
2022-06-24T00:00:00.000000Z,0.62861847877502441,0.6326911449432373,0.62784886360168457,0.62861847877502441,0,2022-06-25T00:00:00.000000Z
2022-06-27T00:00:00.000000Z,0.63142877817153931,0.63247907161712646,0.62836962938308716,0.63142877817153931,0,2022-06-28T00:00:00.000000Z
2022-06-28T00:00:00.000000Z,0.6294097900390625,0.63138091564178467,0.62467008829116821,0.6294097900390625,0,2022-06-29T00:00:00.000000Z
2022-06-29T00:00:00.000000Z,0.62370967864990234,0.62597024440765381,0.6205783486366272,0.62370967864990234,0,2022-06-30T00:00:00.000000Z
2022-06-30T00:00:00.000000Z,0.62250995635986328,0.62485164403915405,0.61995893716812134,0.62250995635986328,0,2022-07-01T00:00:00.000000Z
2022-07-01T00:00:00.000000Z,0.62402886152267456,0.62473058700561523,0.61491918563842773,0.62402886152267456,0,2022-07-02T00:00:00.000000Z
2022-07-04T00:00:00.000000Z,0.62087893486022949,0.62523055076599121,0.61977839469909668,0.62087893486022949,0,2022-07-05T00:00:00.000000Z
2022-07-05T00:00:00.000000Z,0.62156969308853149,0.62269991636276245,0.61257994174957275,0.62156969308853149,0,2022-07-06T00:00:00.000000Z
2022-07-06T00:00:00.000000Z,0.61659127473831177,0.61914902925491333,0.61339157819747925,0.61659127473831177,0,2022-07-07T00:00:00.000000Z
2022-07-07T00:00:00.000000Z,0.61550015211105347,0.61949038505554199,0.61412990093231201,0.61550015211105347,0,2022-07-08T00:00:00.000000Z
2022-07-08T00:00:00.000000Z,0.61790949106216431,0.62069010734558105,0.61350071430206299,0.61790949106216431,0,2022-07-09T00:00:00.000000Z
2022-07-12T00:00:00.000000Z,0.61223113536834717,0.61462056636810303,0.61013931035995483,0.61223113536834717,0,2022-07-13T00:00:00.000000Z
2022-07-13T00:00:00.000000Z,0.61232113838195801,0.61723822355270386,0.60823917388916016,0.61232113838195801,0,2022-07-14T00:00:00.000000Z
2022-07-14T00:00:00.000000Z,0.61085861921310425,0.61349993944168091,0.60621857643127441,0.61085861921310425,0,2022-07-15T00:00:00.000000Z
2022-07-15T00:00:00.000000Z,0.61303055286407471,0.61776059865951538,0.61190146207809448,0.61303055286407471,0,2022-07-16T00:00:00.000000Z
2022-07-18T00:00:00.000000Z,0.6189689040184021,0.61980909109115601,0.61502885818481445,0.6189689040184021,0,2022-07-19T00:00:00.000000Z
2022-07-19T00:00:00.000000Z,0.61532026529312134,0.62402886152267456,0.61425060033798218,0.61532026529312134,0,2022-07-20T00:00:00.000000Z
2022-07-20T00:00:00.000000Z,0.6233597993850708,0.62725812196731567,0.62313061952590942,0.6233597993850708,0,2022-07-21T00:00:00.000000Z
2022-07-21T00:00:00.000000Z,0.62252157926559448,0.62423145771026611,0.61862045526504517,0.62252157926559448,0,2022-07-22T00:00:00.000000Z
2022-07-22T00:00:00.000000Z,0.62439900636672974,0.63017928600311279,0.62126076221466064,0.62439900636672974,0,2022-07-23T00:00:00.000000Z
2022-07-25T00:00:00.000000Z,0.62339085340499878,0.6279711127281189,0.62189054489135742,0.62339085340499878,0,2022-07-26T00:00:00.000000Z
2022-07-26T00:00:00.000000Z,0.62584096193313599,0.62801051139831543,0.62261074781417847,0.62584096193313599,0,2022-07-27T00:00:00.000000Z
2022-07-27T00:00:00.000000Z,0.62413012981414795,0.62473058700561523,0.6197284460067749,0.62413012981414795,0,2022-07-28T00:00:00.000000Z
2022-07-28T00:00:00.000000Z,0.62602901458740234,0.62927907705307007,0.62525010108947754,0.62602901458740234,0,2022-07-29T00:00:00.000000Z
2022-07-29T00:00:00.000000Z,0.62956827878952026,0.6329314112663269,0.62211108207702637,0.62956827878952026,0,2022-07-30T00:00:00.000000Z
2022-08-02T00:00:00.000000Z,0.63317990303039551,0.63430041074752808,0.62721878290176392,0.63317990303039551,0,2022-08-03T00:00:00.000000Z
2022-08-03T00:00:00.000000Z,0.62213039398193359,0.62730139493942261,0.62139976024627686,0.62213039398193359,0,2022-08-04T00:00:00.000000Z
2022-08-04T00:00:00.000000Z,0.62673920392990112,0.6315997838973999,0.62673133611679077,0.62673920392990112,0,2022-08-05T00:00:00.000000Z
2022-08-05T00:00:00.000000Z,0.62971103191375732,0.63103026151657104,0.62146925926208496,0.62971103191375732,0,2022-08-06T00:00:00.000000Z
2022-08-08T00:00:00.000000Z,0.62397044897079468,0.63031035661697388,0.6231616735458374,0.62397044897079468,0,2022-08-09T00:00:00.000000Z
2022-08-09T00:00:00.000000Z,0.62893873453140259,0.63035005331039429,0.62721878290176392,0.62893873453140259,0,2022-08-10T00:00:00.000000Z
2022-08-10T00:00:00.000000Z,0.62857896089553833,0.64306199550628662,0.62760847806930542,0.62857896089553833,0,2022-08-11T00:00:00.000000Z
2022-08-11T00:00:00.000000Z,0.64063960313796997,0.64619100093841553,0.63853001594543457,0.64063960313796997,0,2022-08-12T00:00:00.000000Z
2022-08-12T00:00:00.000000Z,0.64342194795608521,0.64678865671157837,0.64233911037445068,0.64342194795608521,0,2022-08-13T00:00:00.000000Z
2022-08-15T00:00:00.000000Z,0.64494907855987549,0.64534860849380493,0.63565921783447266,0.64494907855987549,0,2022-08-16T00:00:00.000000Z
2022-08-16T00:00:00.000000Z,0.63629019260406494,0.63708871603012085,0.63187962770462036,0.63629019260406494,0,2022-08-17T00:00:00.000000Z
2022-08-17T00:00:00.000000Z,0.63434070348739624,0.63810104131698608,0.62595850229263306,0.63434070348739624,0,2022-08-18T00:00:00.000000Z
2022-08-18T00:00:00.000000Z,0.62760847806930542,0.63105815649032593,0.62496089935302734,0.62760847806930542,0,2022-08-19T00:00:00.000000Z
2022-08-19T00:00:00.000000Z,0.62450039386749268,0.62489062547683716,0.61721920967102051,0.62450039386749268,0,2022-08-20T00:00:00.000000Z
2022-08-22T00:00:00.000000Z,0.61761981248855591,0.62120985984802246,0.6157301664352417,0.61761981248855591,0,2022-08-23T00:00:00.000000Z
2022-08-23T00:00:00.000000Z,0.61766904592514038,0.62437176704406738,0.61610877513885498,0.61766904592514038,0,2022-08-24T00:00:00.000000Z
2022-08-24T00:00:00.000000Z,0.62072861194610596,0.62397044897079468,0.61645060777664185,0.62072861194610596,0,2022-08-25T00:00:00.000000Z
2022-08-25T00:00:00.000000Z,0.61816924810409546,0.62516021728515625,0.61779117584228516,0.61816924810409546,0,2022-08-26T00:00:00.000000Z
2022-08-26T00:00:00.000000Z,0.6216701865196228,0.6231694221496582,0.61575978994369507,0.6216701865196228,0,2022-08-27T00:00:00.000000Z
2022-08-29T00:00:00.000000Z,0.61129927635192871,0.61670911312103271,0.61029940843582153,0.61129927635192871,0,2022-08-30T00:00:00.000000Z
2022-08-30T00:00:00.000000Z,0.61607080698013306,0.61940985918045044,0.61244112253189087,0.61607080698013306,0,2022-08-31T00:00:00.000000Z
2022-08-31T00:00:00.000000Z,0.61321854591369629,0.61543005704879761,0.61117970943450928,0.61321854591369629,0,2022-09-01T00:00:00.000000Z
2022-09-01T00:00:00.000000Z,0.61111992597579956,0.61148989200592041,0.60618919134140015,0.61111992597579956,0,2022-09-02T00:00:00.000000Z
2022-09-02T00:00:00.000000Z,0.60849088430404663,0.61403942108154297,0.60519868135452271,0.60849088430404663,0,2022-09-03T00:00:00.000000Z
2022-09-05T00:00:00.000000Z,0.60863161087036133,0.61054164171218872,0.60789906978607178,0.60863161087036133,0,2022-09-06T00:00:00.000000Z
2022-09-06T00:00:00.000000Z,0.61054909229278564,0.6128615140914917,0.60374075174331665,0.61054909229278564,0,2022-09-07T00:00:00.000000Z
2022-09-07T00:00:00.000000Z,0.60330003499984741,0.60402888059616089,0.59975987672805786,0.60330003499984741,0,2022-09-08T00:00:00.000000Z
2022-09-08T00:00:00.000000Z,0.60625165700912476,0.60778820514678955,0.60326004028320312,0.60625165700912476,0,2022-09-09T00:00:00.000000Z
2022-09-09T00:00:00.000000Z,0.6070399284362793,0.61522179841995239,0.60688817501068115,0.6070399284362793,0,2022-09-10T00:00:00.000000Z
2022-09-12T00:00:00.000000Z,0.61129176616668701,0.61574840545654297,0.60980814695358276,0.61129176616668701,0,2022-09-13T00:00:00.000000Z
2022-09-13T00:00:00.000000Z,0.61466974020004272,0.61621129512786865,0.60117107629776001,0.61466974020004272,0,2022-09-14T00:00:00.000000Z
2022-09-14T00:00:00.000000Z,0.60051047801971436,0.60239148139953613,0.59786087274551392,0.60051047801971436,0,2022-09-15T00:00:00.000000Z
2022-09-15T00:00:00.000000Z,0.60168832540512085,0.60203969478607178,0.59736084938049316,0.60168832540512085,0,2022-09-16T00:00:00.000000Z
2022-09-16T00:00:00.000000Z,0.59577000141143799,0.59889990091323853,0.59441018104553223,0.59577000141143799,0,2022-09-17T00:00:00.000000Z
2022-09-19T00:00:00.000000Z,0.5995599627494812,0.60008162260055542,0.59309166669845581,0.5995599627494812,0,2022-09-20T00:00:00.000000Z
2022-09-20T00:00:00.000000Z,0.59668004512786865,0.59757149219512939,0.58881020545959473,0.59668004512786865,0,2022-09-21T00:00:00.000000Z
2022-09-21T00:00:00.000000Z,0.59018987417221069,0.59067094326019287,0.58733010292053223,0.59018987417221069,0,2022-09-22T00:00:00.000000Z
2022-09-22T00:00:00.000000Z,0.58294081687927246,0.58872008323669434,0.5805785059928894,0.58294081687927246,0,2022-09-23T00:00:00.000000Z
2022-09-23T00:00:00.000000Z,0.58482950925827026,0.58569955825805664,0.57562905550003052,0.58482950925827026,0,2022-09-24T00:00:00.000000Z
2022-09-26T00:00:00.000000Z,0.57419127225875854,0.5752713680267334,0.56603986024856567,0.57419127225875854,0,2022-09-27T00:00:00.000000Z
2022-09-27T00:00:00.000000Z,0.56654977798461914,0.57223951816558838,0.56405079364776611,0.56654977798461914,0,2022-09-28T00:00:00.000000Z
2022-09-28T00:00:00.000000Z,0.56313914060592651,0.57031077146530151,0.55686110258102417,0.56313914060592651,0,2022-09-29T00:00:00.000000Z
2022-09-29T00:00:00.000000Z,0.57185012102127075,0.57203984260559082,0.56490153074264526,0.57185012102127075,0,2022-09-30T00:00:00.000000Z
2022-10-03T00:00:00.000000Z,0.56186085939407349,0.57310861349105835,0.56153905391693115,0.56186085939407349,0,2022-10-04T00:00:00.000000Z
2022-10-04T00:00:00.000000Z,0.57196128368377686,0.57581132650375366,0.56822055578231812,0.57196128368377686,0,2022-10-05T00:00:00.000000Z
2022-10-05T00:00:00.000000Z,0.57373005151748657,0.58002954721450806,0.56618088483810425,0.57373005151748657,0,2022-10-06T00:00:00.000000Z
2022-10-06T00:00:00.000000Z,0.57760065793991089,0.581429123878479,0.56427997350692749,0.57760065793991089,0,2022-10-07T00:00:00.000000Z
2022-10-07T00:00:00.000000Z,0.56606870889663696,0.56736946105957031,0.56119871139526367,0.56606870889663696,0,2022-10-08T00:00:00.000000Z
2022-10-10T00:00:00.000000Z,0.56067955493927002,0.56293946504592896,0.55472040176391602,0.56067955493927002,0,2022-10-11T00:00:00.000000Z
2022-10-11T00:00:00.000000Z,0.55723965167999268,0.56418126821517944,0.55367916822433472,0.55723965167999268,0,2022-10-12T00:00:00.000000Z
2022-10-12T00:00:00.000000Z,0.55848139524459839,0.56157058477401733,0.55613952875137329,0.55848139524459839,0,2022-10-13T00:00:00.000000Z
2022-10-13T00:00:00.000000Z,0.56113892793655396,0.56379985809326172,0.55169981718063354,0.56113892793655396,0,2022-10-14T00:00:00.000000Z
2022-10-14T00:00:00.000000Z,0.5639108419418335,0.56813985109329224,0.55644899606704712,0.5639108419418335,0,2022-10-15T00:00:00.000000Z
2022-10-17T00:00:00.000000Z,0.55760008096694946,0.56476116180419922,0.55534881353378296,0.55760008096694946,0,2022-10-18T00:00:00.000000Z
2022-10-18T00:00:00.000000Z,0.56566846370697021,0.57185012102127075,0.56468141078948975,0.56566846370697021,0,2022-10-19T00:00:00.000000Z
2022-10-19T00:00:00.000000Z,0.56947928667068481,0.57075017690658569,0.56574010848999023,0.56947928667068481,0,2022-10-20T00:00:00.000000Z
2022-10-20T00:00:00.000000Z,0.56627064943313599,0.57398033142089844,0.56258159875869751,0.56627064943313599,0,2022-10-21T00:00:00.000000Z
2022-10-21T00:00:00.000000Z,0.56691914796829224,0.57552963495254517,0.56017076969146729,0.56691914796829224,0,2022-10-22T00:00:00.000000Z
2022-10-24T00:00:00.000000Z,0.57639878988265991,0.57650840282440186,0.5658797025680542,0.57639878988265991,0,2022-10-25T00:00:00.000000Z
2022-10-25T00:00:00.000000Z,0.5704994797706604,0.57797122001647949,0.56739842891693115,0.5704994797706604,0,2022-10-26T00:00:00.000000Z
2022-10-26T00:00:00.000000Z,0.57431989908218384,0.58426916599273682,0.5727803111076355,0.57431989908218384,0,2022-10-27T00:00:00.000000Z
2022-10-27T00:00:00.000000Z,0.58399957418441772,0.58701980113983154,0.57919979095458984,0.58399957418441772,0,2022-10-28T00:00:00.000000Z
2022-10-28T00:00:00.000000Z,0.58280152082443237,0.58730942010879517,0.57847940921783447,0.58280152082443237,0,2022-10-29T00:00:00.000000Z
2022-10-31T00:00:00.000000Z,0.58019113540649414,0.58361101150512695,0.57760065793991089,0.58019113540649414,0,2022-11-01T00:00:00.000000Z
2022-11-01T00:00:00.000000Z,0.58251971006393433,0.59023165702819824,0.5820891261100769,0.58251971006393433,0,2022-11-02T00:00:00.000000Z
2022-11-02T00:00:00.000000Z,0.58478850126266479,0.58910161256790161,0.58400982618331909,0.58478850126266479,0,2022-11-03T00:00:00.000000Z
2022-11-03T00:00:00.000000Z,0.58134126663208008,0.58386999368667603,0.5742802619934082,0.58134126663208008,0,2022-11-04T00:00:00.000000Z
2022-11-04T00:00:00.000000Z,0.57692086696624756,0.59164947271347046,0.57579141855239868,0.57692086696624756,0,2022-11-05T00:00:00.000000Z
2022-11-07T00:00:00.000000Z,0.58942103385925293,0.59454095363616943,0.58753025531768799,0.58942103385925293,0,2022-11-08T00:00:00.000000Z
2022-11-08T00:00:00.000000Z,0.59401822090148926,0.59997004270553589,0.59012025594711304,0.59401822090148926,0,2022-11-09T00:00:00.000000Z
2022-11-09T00:00:00.000000Z,0.59632068872451782,0.59632068872451782,0.58840835094451904,0.59632068872451782,0,2022-11-10T00:00:00.000000Z
2022-11-10T00:00:00.000000Z,0.58863002061843872,0.60173177719116211,0.58422130346298218,0.58863002061843872,0,2022-11-11T00:00:00.000000Z
2022-11-11T00:00:00.000000Z,0.60177886486053467,0.61113113164901733,0.5985909104347229,0.60177886486053467,0,2022-11-12T00:00:00.000000Z
2022-11-14T00:00:00.000000Z,0.61053043603897095,0.61210000514984131,0.60628843307495117,0.61053043603897095,0,2022-11-15T00:00:00.000000Z
2022-11-15T00:00:00.000000Z,0.60899853706359863,0.61995130777359009,0.6086612343788147,0.60899853706359863,0,2022-11-16T00:00:00.000000Z
2022-11-16T00:00:00.000000Z,0.61656081676483154,0.61947125196456909,0.61319971084594727,0.61656081676483154,0,2022-11-17T00:00:00.000000Z
2022-11-17T00:00:00.000000Z,0.61502885818481445,0.61686885356903076,0.60664886236190796,0.61502885818481445,0,2022-11-18T00:00:00.000000Z
2022-11-18T00:00:00.000000Z,0.6128915548324585,0.62053984403610229,0.61277139186859131,0.6128915548324585,0,2022-11-19T00:00:00.000000Z
2022-11-22T00:00:00.000000Z,0.60984903573989868,0.61619991064071655,0.60967063903808594,0.60984903573989868,0,2022-11-23T00:00:00.000000Z
2022-11-23T00:00:00.000000Z,0.61564981937408447,0.62365913391113281,0.61406958103179932,0.61564981937408447,0,2022-11-24T00:00:00.000000Z
2022-11-24T00:00:00.000000Z,0.62528139352798462,0.62893080711364746,0.62393152713775635,0.62528139352798462,0,2022-11-25T00:00:00.000000Z
2022-11-25T00:00:00.000000Z,0.62597024440765381,0.6277306079864502,0.62197953462600708,0.62597024440765381,0,2022-11-26T00:00:00.000000Z
2022-11-28T00:00:00.000000Z,0.6216701865196228,0.62444186210632324,0.61927175521850586,0.6216701865196228,0,2022-11-29T00:00:00.000000Z
2022-11-29T00:00:00.000000Z,0.61640119552612305,0.62532049417495728,0.61629867553710938,0.61640119552612305,0,2022-11-30T00:00:00.000000Z
2022-11-30T00:00:00.000000Z,0.61969000101089478,0.62492185831069946,0.6192399263381958,0.61969000101089478,0,2022-12-01T00:00:00.000000Z
2022-12-01T00:00:00.000000Z,0.63144069910049438,0.63995903730392456,0.63087105751037598,0.63144069910049438,0,2022-12-02T00:00:00.000000Z
2022-12-02T00:00:00.000000Z,0.63697916269302368,0.6411818265914917,0.63303160667419434,0.63697916269302368,0,2022-12-03T00:00:00.000000Z
2022-12-05T00:00:00.000000Z,0.64045906066894531,0.64450019598007202,0.63060051202774048,0.64045906066894531,0,2022-12-06T00:00:00.000000Z
2022-12-06T00:00:00.000000Z,0.63225996494293213,0.63546937704086304,0.63054084777832031,0.63225996494293213,0,2022-12-07T00:00:00.000000Z
2022-12-07T00:00:00.000000Z,0.63243907690048218,0.63836175203323364,0.63112986087799072,0.63243907690048218,0,2022-12-08T00:00:00.000000Z
2022-12-08T00:00:00.000000Z,0.63540881872177124,0.63881027698516846,0.63287931680679321,0.63540881872177124,0,2022-12-09T00:00:00.000000Z
2022-12-09T00:00:00.000000Z,0.63786089420318604,0.64264047145843506,0.63680881261825562,0.63786089420318604,0,2022-12-10T00:00:00.000000Z
2022-12-12T00:00:00.000000Z,0.63932079076766968,0.64221948385238647,0.63673990964889526,0.63932079076766968,0,2022-12-13T00:00:00.000000Z
2022-12-13T00:00:00.000000Z,0.63878172636032104,0.65130883455276489,0.63751929998397827,0.63878172636032104,0,2022-12-14T00:00:00.000000Z
2022-12-14T00:00:00.000000Z,0.64539027214050293,0.64619934558868408,0.6433681845664978,0.64539027214050293,0,2022-12-15T00:00:00.000000Z
2022-12-15T00:00:00.000000Z,0.64539027214050293,0.64644169807434082,0.63403099775314331,0.64539027214050293,0,2022-12-16T00:00:00.000000Z
2022-12-16T00:00:00.000000Z,0.63430041074752808,0.63867974281311035,0.63426822423934937,0.63430041074752808,0,2022-12-17T00:00:00.000000Z
2022-12-19T00:00:00.000000Z,0.63714969158172607,0.64091062545776367,0.63440102338790894,0.63714969158172607,0,2022-12-20T00:00:00.000000Z
2022-12-20T00:00:00.000000Z,0.63616061210632324,0.6391981840133667,0.63023889064788818,0.63616061210632324,0,2022-12-21T00:00:00.000000Z
2022-12-21T00:00:00.000000Z,0.6344292163848877,0.63475137948989868,0.62791198492050171,0.6344292163848877,0,2022-12-22T00:00:00.000000Z
2022-12-22T00:00:00.000000Z,0.62895059585571289,0.63309973478317261,0.62459009885787964,0.62895059585571289,0,2022-12-23T00:00:00.000000Z
2022-12-23T00:00:00.000000Z,0.62519925832748413,0.63048124313354492,0.62346082925796509,0.62519925832748413,0,2022-12-24T00:00:00.000000Z
2022-12-26T00:00:00.000000Z,0.62929016351699829,0.64468008279800415,0.62569999694824219,0.62929016351699829,0,2022-12-27T00:00:00.000000Z
2022-12-27T00:00:00.000000Z,0.63069993257522583,0.63187962770462036,0.62708115577697754,0.63069993257522583,0,2022-12-28T00:00:00.000000Z
2022-12-28T00:00:00.000000Z,0.62732899188995361,0.63546127080917358,0.62591147422790527,0.62732899188995361,0,2022-12-29T00:00:00.000000Z
2022-12-29T00:00:00.000000Z,0.63183969259262085,0.63531190156936646,0.63000065088272095,0.63183969259262085,0,2022-12-30T00:00:00.000000Z
2022-12-30T00:00:00.000000Z,0.6345902681350708,0.63719832897186279,0.63120156526565552,0.6345902681350708,0,2022-12-31T00:00:00.000000Z
2023-01-03T00:00:00.000000Z,0.63263911008834839,0.63626188039779663,0.6200900673866272,0.63263911008834839,0,2023-01-04T00:00:00.000000Z
2023-01-04T00:00:00.000000Z,0.62471109628677368,0.63509804010391235,0.62471109628677368,0.62471109628677368,0,2023-01-05T00:00:00.000000Z
2023-01-05T00:00:00.000000Z,0.62851178646087646,0.630851149559021,0.62121832370758057,0.62851178646087646,0,2023-01-06T00:00:00.000000Z
2023-01-06T00:00:00.000000Z,0.62308013439178467,0.6339988112449646,0.61932158470153809,0.62308013439178467,0,2023-01-07T00:00:00.000000Z
2023-01-09T00:00:00.000000Z,0.6359097957611084,0.64121061563491821,0.63463854789733887,0.6359097957611084,0,2023-01-10T00:00:00.000000Z
2023-01-10T00:00:00.000000Z,0.6369507908821106,0.63898986577987671,0.63444125652313232,0.6369507908821106,0,2023-01-11T00:00:00.000000Z
2023-01-11T00:00:00.000000Z,0.63719022274017334,0.63890010118484497,0.63364130258560181,0.63719022274017334,0,2023-01-12T00:00:00.000000Z
2023-01-12T00:00:00.000000Z,0.63676828145980835,0.64158910512924194,0.63285934925079346,0.63676828145980835,0,2023-01-13T00:00:00.000000Z
2023-01-13T00:00:00.000000Z,0.63878172636032104,0.64156031608581543,0.6336212158203125,0.63878172636032104,0,2023-01-14T00:00:00.000000Z
2023-01-16T00:00:00.000000Z,0.63850843906402588,0.64271068572998047,0.63624972105026245,0.63850843906402588,0,2023-01-17T00:00:00.000000Z
2023-01-17T00:00:00.000000Z,0.63898986577987671,0.64372020959854126,0.63682913780212402,0.63898986577987671,0,2023-01-18T00:00:00.000000Z
2023-01-18T00:00:00.000000Z,0.64328950643539429,0.65277135372161865,0.64257031679153442,0.64328950643539429,0,2023-01-19T00:00:00.000000Z
2023-01-19T00:00:00.000000Z,0.64454996585845947,0.64492827653884888,0.63669127225875854,0.64454996585845947,0,2023-01-20T00:00:00.000000Z
2023-01-20T00:00:00.000000Z,0.63954979181289673,0.64672178030014038,0.63925129175186157,0.63954979181289673,0,2023-01-21T00:00:00.000000Z
2023-01-23T00:00:00.000000Z,0.64894193410873413,0.64995837211608887,0.64391088485717773,0.64890825748443604,0,2023-01-24T00:00:00.000000Z
2023-01-24T00:00:00.000000Z,0.64902192354202271,0.65223062038421631,0.64667153358459473,0.64902192354202271,0,2023-01-25T00:00:00.000000Z
2023-01-25T00:00:00.000000Z,0.6493295431137085,0.64983171224594116,0.6451113224029541,0.6493295431137085,0,2023-01-26T00:00:00.000000Z
2023-01-26T00:00:00.000000Z,0.64841169118881226,0.65118157863616943,0.64589881896972656,0.64841169118881226,0,2023-01-27T00:00:00.000000Z
2023-01-27T00:00:00.000000Z,0.64908933639526367,0.65121972560882568,0.64637064933776855,0.64908933639526367,0,2023-01-28T00:00:00.000000Z
2023-01-30T00:00:00.000000Z,0.64921993017196655,0.65082979202270508,0.64735811948776245,0.64921993017196655,0,2023-01-31T00:00:00.000000Z
2023-01-31T00:00:00.000000Z,0.6468890905380249,0.64789921045303345,0.64142036437988281,0.6468890905380249,0,2023-02-01T00:00:00.000000Z
2023-02-01T00:00:00.000000Z,0.64382010698318481,0.64584046602249146,0.64189791679382324,0.64382010698318481,0,2023-02-02T00:00:00.000000Z
2023-02-02T00:00:00.000000Z,0.65163987874984741,0.65383833646774292,0.64647930860519409,0.65163987874984741,0,2023-02-03T00:00:00.000000Z
2023-02-03T00:00:00.000000Z,0.64771872758865356,0.64818054437637329,0.63440907001495361,0.64771872758865356,0,2023-02-04T00:00:00.000000Z
2023-02-06T00:00:00.000000Z,0.63277119398117065,0.6334807276725769,0.62719911336898804,0.63277119398117065,0,2023-02-07T00:00:00.000000Z
2023-02-07T00:00:00.000000Z,0.63088023662567139,0.6341596245765686,0.62747067213058472,0.63088023662567139,0,2023-02-08T00:00:00.000000Z
2023-02-08T00:00:00.000000Z,0.63219916820526123,0.63477152585983276,0.62978994846343994,0.63219916820526123,0,2023-02-09T00:00:00.000000Z
2023-02-09T00:00:00.000000Z,0.63146066665649414,0.63890820741653442,0.63046133518218994,0.63146066665649414,0,2023-02-10T00:00:00.000000Z
2023-02-10T00:00:00.000000Z,0.6327512264251709,0.63469094038009644,0.63035005331039429,0.6327512264251709,0,2023-02-11T00:00:00.000000Z
2023-02-13T00:00:00.000000Z,0.63122987747192383,0.63646835088729858,0.62906140089035034,0.63122987747192383,0,2023-02-14T00:00:00.000000Z
2023-02-14T00:00:00.000000Z,0.63614040613174438,0.63856959342956543,0.62986177206039429,0.63614040613174438,0,2023-02-15T00:00:00.000000Z
2023-02-16T00:00:00.000000Z,0.62797898054122925,0.63097852468490601,0.62360858917236328,0.62797898054122925,0,2023-02-17T00:00:00.000000Z
2023-02-17T00:00:00.000000Z,0.62453943490982056,0.62498050928115845,0.61947125196456909,0.62453943490982056,0,2023-02-18T00:00:00.000000Z
2023-02-20T00:00:00.000000Z,0.62362027168273926,0.62629956007003784,0.62238985300064087,0.62362027168273926,0,2023-02-21T00:00:00.000000Z
2023-02-21T00:00:00.000000Z,0.62577050924301147,0.62618976831436157,0.6209290623664856,0.62577050924301147,0,2023-02-22T00:00:00.000000Z
2023-02-22T00:00:00.000000Z,0.62161993980407715,0.62512111663818359,0.62075173854827881,0.62161993980407715,0,2023-02-23T00:00:00.000000Z
2023-02-23T00:00:00.000000Z,0.62240147590637207,0.62516021728515625,0.62063997983932495,0.62240147590637207,0,2023-02-24T00:00:00.000000Z
2023-02-24T00:00:00.000000Z,0.62308013439178467,0.62449997663497925,0.61527860164642334,0.62308013439178467,0,2023-02-25T00:00:00.000000Z
2023-02-27T00:00:00.000000Z,0.61656081676483154,0.61803168058395386,0.61325991153717041,0.61656081676483154,0,2023-02-28T00:00:00.000000Z
2023-02-28T00:00:00.000000Z,0.6164202094078064,0.62070935964584351,0.61345928907394409,0.6164202094078064,0,2023-03-01T00:00:00.000000Z
2023-03-01T00:00:00.000000Z,0.61868935823440552,0.62758094072341919,0.61669009923934937,0.61868935823440552,0,2023-03-02T00:00:00.000000Z
2023-03-03T00:00:00.000000Z,0.62213039398193359,0.62418073415756226,0.61942899227142334,0.62213039398193359,0,2023-03-04T00:00:00.000000Z
2023-03-06T00:00:00.000000Z,0.62095987796783447,0.62261849641799927,0.61742115020751953,0.62095987796783447,0,2023-03-07T00:00:00.000000Z
2023-03-07T00:00:00.000000Z,0.61983984708786011,0.62223106622695923,0.6123998761177063,0.61983984708786011,0,2023-03-08T00:00:00.000000Z
2023-03-08T00:00:00.000000Z,0.61111992597579956,0.61379063129425049,0.60859090089797974,0.61111992597579956,0,2023-03-09T00:00:00.000000Z
2023-03-09T00:00:00.000000Z,0.61147117614746094,0.61505156755447388,0.60991972684860229,0.61147117614746094,0,2023-03-10T00:00:00.000000Z
2023-03-10T00:00:00.000000Z,0.61012071371078491,0.61766141653060913,0.60958141088485718,0.61012071371078491,0,2023-03-11T00:00:00.000000Z
2023-03-13T00:00:00.000000Z,0.61607992649078369,0.62642121315002441,0.61434870958328247,0.61607992649078369,0,2023-03-14T00:00:00.000000Z
2023-03-14T00:00:00.000000Z,0.62163156270980835,0.62473839521408081,0.62020117044448853,0.62163156270980835,0,2023-03-15T00:00:00.000000Z
2023-03-15T00:00:00.000000Z,0.62306851148605347,0.62651145458221436,0.61755841970443726,0.62306851148605347,0,2023-03-16T00:00:00.000000Z
2023-03-16T00:00:00.000000Z,0.6164582371711731,0.61828005313873291,0.61468100547790527,0.6164582371711731,0,2023-03-17T00:00:00.000000Z
2023-03-17T00:00:00.000000Z,0.62033969163894653,0.62591928243637085,0.61942130327224731,0.62033969163894653,0,2023-03-18T00:00:00.000000Z
2023-03-20T00:00:00.000000Z,0.62732112407684326,0.6279987096786499,0.62304133176803589,0.62732112407684326,0,2023-03-21T00:00:00.000000Z
2023-03-21T00:00:00.000000Z,0.62425869703292847,0.62453943490982056,0.61686128377914429,0.62425869703292847,0,2023-03-22T00:00:00.000000Z
2023-03-22T00:00:00.000000Z,0.61929857730865479,0.62250995635986328,0.61737155914306641,0.61929857730865479,0,2023-03-23T00:00:00.000000Z
2023-03-23T00:00:00.000000Z,0.62325096130371094,0.62946921586990356,0.62283176183700562,0.62325096130371094,0,2023-03-24T00:00:00.000000Z
2023-03-24T00:00:00.000000Z,0.62469154596328735,0.62489843368530273,0.61932158470153809,0.62469154596328735,0,2023-03-25T00:00:00.000000Z
2023-03-27T00:00:00.000000Z,0.62111026048660278,0.62119907140731812,0.61824184656143188,0.62111026048660278,0,2023-03-28T00:00:00.000000Z
2023-03-28T00:00:00.000000Z,0.62035125494003296,0.62532049417495728,0.62020885944366455,0.62035125494003296,0,2023-03-29T00:00:00.000000Z
2023-03-29T00:00:00.000000Z,0.62537127733230591,0.6271401047706604,0.62158900499343872,0.62537127733230591,0,2023-03-30T00:00:00.000000Z
2023-03-30T00:00:00.000000Z,0.62213039398193359,0.62597024440765381,0.62045133113861084,0.62213039398193359,0,2023-03-31T00:00:00.000000Z
2023-03-31T00:00:00.000000Z,0.62697893381118774,0.6298101544380188,0.62416905164718628,0.62697893381118774,0,2023-04-01T00:00:00.000000Z
2023-04-03T00:00:00.000000Z,0.62249058485031128,0.629830002784729,0.62097913026809692,0.62249058485031128,0,2023-04-04T00:00:00.000000Z
2023-04-04T00:00:00.000000Z,0.63027065992355347,0.63146859407424927,0.62758880853652954,0.63027065992355347,0,2023-04-05T00:00:00.000000Z
2023-04-05T00:00:00.000000Z,0.63152843713760376,0.63680881261825562,0.6286698579788208,0.63152843713760376,0,2023-04-06T00:00:00.000000Z
2023-04-06T00:00:00.000000Z,0.6318516731262207,0.63209128379821777,0.62402886152267456,0.6318516731262207,0,2023-04-07T00:00:00.000000Z
2023-04-07T00:00:00.000000Z,0.62457060813903809,0.63186997175216675,0.6213611364364624,0.62457060813903809,0,2023-04-08T00:00:00.000000Z
2023-04-10T00:00:00.000000Z,0.62550044059753418,0.62568825483322144,0.61952877044677734,0.62550044059753418,0,2023-04-11T00:00:00.000000Z
2023-04-11T00:00:00.000000Z,0.62273865938186646,0.62339866161346436,0.61940985918045044,0.62273865938186646,0,2023-04-12T00:00:00.000000Z
2023-04-12T00:00:00.000000Z,0.61950963735580444,0.62397825717926025,0.61834889650344849,0.61950963735580444,0,2023-04-13T00:00:00.000000Z
2023-04-13T00:00:00.000000Z,0.62182867527008057,0.63073182106018066,0.62047052383422852,0.62182867527008057,0,2023-04-14T00:00:00.000000Z
2023-04-14T00:00:00.000000Z,0.63035005331039429,0.63150054216384888,0.62055140733718872,0.63035005331039429,0,2023-04-15T00:00:00.000000Z
2023-04-17T00:00:00.000000Z,0.62015122175216675,0.62107169628143311,0.61624926328659058,0.62015122175216675,0,2023-04-18T00:00:00.000000Z
2023-04-18T00:00:00.000000Z,0.61826860904693604,0.62247896194458008,0.61806988716125488,0.61826860904693604,0,2023-04-19T00:00:00.000000Z
2023-04-19T00:00:00.000000Z,0.62151181697845459,0.62256038188934326,0.61737918853759766,0.62151181697845459,0,2023-04-20T00:00:00.000000Z
2023-04-20T00:00:00.000000Z,0.61619991064071655,0.62027043104171753,0.61507046222686768,0.61619991064071655,0,2023-04-21T00:00:00.000000Z
2023-04-24T00:00:00.000000Z,0.614341139793396,0.61553990840911865,0.61268126964569092,0.614341139793396,0,2023-04-25T00:00:00.000000Z
2023-04-25T00:00:00.000000Z,0.61758893728256226,0.61870855093002319,0.61431097984313965,0.61758893728256226,0,2023-04-26T00:00:00.000000Z
2023-04-26T00:00:00.000000Z,0.61474150419235229,0.61500006914138794,0.6121411919593811,0.61474150419235229,0,2023-04-27T00:00:00.000000Z
2023-04-27T00:00:00.000000Z,0.61208873987197876,0.6155892014503479,0.61159837245941162,0.61208873987197876,0,2023-04-28T00:00:00.000000Z
2023-04-28T00:00:00.000000Z,0.61463946104049683,0.61855924129486084,0.6125912070274353,0.61463946104049683,0,2023-04-29T00:00:00.000000Z
2023-05-01T00:00:00.000000Z,0.61721158027648926,0.62002009153366089,0.61662167310714722,0.61721158027648926,0,2023-05-02T00:00:00.000000Z
2023-05-03T00:00:00.000000Z,0.62266117334365845,0.62491017580032349,0.6213688850402832,0.62266117334365845,0,2023-05-04T00:00:00.000000Z
2023-05-04T00:00:00.000000Z,0.62089049816131592,0.62851971387863159,0.62084037065505981,0.62089049816131592,0,2023-05-05T00:00:00.000000Z
2023-05-05T00:00:00.000000Z,0.62902182340621948,0.63152045011520386,0.62675094604492188,0.62902182340621948,0,2023-05-06T00:00:00.000000Z
2023-05-08T00:00:00.000000Z,0.62992125749588013,0.6359785795211792,0.62956827878952026,0.62992125749588013,0,2023-05-09T00:00:00.000000Z
2023-05-09T00:00:00.000000Z,0.63385814428329468,0.63450163602828979,0.63203132152557373,0.63385814428329468,0,2023-05-10T00:00:00.000000Z
2023-05-10T00:00:00.000000Z,0.63387829065322876,0.63803178071975708,0.63251107931137085,0.63387829065322876,0,2023-05-11T00:00:00.000000Z
2023-05-11T00:00:00.000000Z,0.63712120056152344,0.63841873407363892,0.62904953956604004,0.63712120056152344,0,2023-05-12T00:00:00.000000Z
2023-05-12T00:00:00.000000Z,0.6294216513633728,0.63009989261627197,0.61868166923522949,0.6294216513633728,0,2023-05-13T00:00:00.000000Z
2023-05-15T00:00:00.000000Z,0.61955946683883667,0.62304908037185669,0.61885017156600952,0.61955946683883667,0,2023-05-16T00:00:00.000000Z
2023-05-16T00:00:00.000000Z,0.6243288516998291,0.62610000371932983,0.62249833345413208,0.6243288516998291,0,2023-05-17T00:00:00.000000Z
2023-05-17T00:00:00.000000Z,0.62374085187911987,0.62730139493942261,0.62299084663391113,0.62374085187911987,0,2023-05-18T00:00:00.000000Z
2023-05-18T00:00:00.000000Z,0.62460964918136597,0.62686097621917725,0.6204601526260376,0.62460964918136597,0,2023-05-19T00:00:00.000000Z
2023-05-19T00:00:00.000000Z,0.62358134984970093,0.63025075197219849,0.62306851148605347,0.62358134984970093,0,2023-05-20T00:00:00.000000Z
2023-05-22T00:00:00.000000Z,0.62842094898223877,0.62925136089324951,0.62633877992630005,0.62842094898223877,0,2023-05-23T00:00:00.000000Z
2023-05-23T00:00:00.000000Z,0.62863034009933472,0.63031035661697388,0.62349969148635864,0.62863034009933472,0,2023-05-24T00:00:00.000000Z
2023-05-24T00:00:00.000000Z,0.62501955032348633,0.62566083669662476,0.61041116714477539,0.62501955032348633,0,2023-05-25T00:00:00.000000Z
2023-05-26T00:00:00.000000Z,0.60534006357192993,0.60965943336486816,0.60340923070907593,0.60534006357192993,0,2023-05-27T00:00:00.000000Z
2023-05-29T00:00:00.000000Z,0.60578155517578125,0.60729986429214478,0.60459858179092407,0.60578155517578125,0,2023-05-30T00:00:00.000000Z
2023-05-30T00:00:00.000000Z,0.60444873571395874,0.60660839080810547,0.60262018442153931,0.60444873571395874,0,2023-05-31T00:00:00.000000Z
2023-05-31T00:00:00.000000Z,0.60467898845672607,0.60480004549026489,0.59888845682144165,0.60467898845672607,0,2023-06-01T00:00:00.000000Z
2023-06-01T00:00:00.000000Z,0.60251128673553467,0.60772168636322021,0.59922939538955688,0.60251128673553467,0,2023-06-02T00:00:00.000000Z
2023-06-02T00:00:00.000000Z,0.60657894611358643,0.61110126972198486,0.60593944787979126,0.60657894611358643,0,2023-06-03T00:00:00.000000Z
2023-06-05T00:00:00.000000Z,0.60581827163696289,0.60833907127380371,0.60429900884628296,0.60581827163696289,0,2023-06-06T00:00:00.000000Z
2023-06-06T00:00:00.000000Z,0.60706132650375366,0.60997927188873291,0.60468995571136475,0.60706132650375366,0,2023-06-07T00:00:00.000000Z
2023-06-07T00:00:00.000000Z,0.60783994197845459,0.60977095365524292,0.60474848747253418,0.60783994197845459,0,2023-06-08T00:00:00.000000Z
2023-06-09T00:00:00.000000Z,0.60944026708602905,0.61394888162612915,0.60857975482940674,0.60944026708602905,0,2023-06-10T00:00:00.000000Z
2023-06-12T00:00:00.000000Z,0.61306065320968628,0.61560016870498657,0.61078029870986938,0.61306065320968628,0,2023-06-13T00:00:00.000000Z
2023-06-13T00:00:00.000000Z,0.61291033029556274,0.61779880523681641,0.61075043678283691,0.61291033029556274,0,2023-06-14T00:00:00.000000Z
2023-06-14T00:00:00.000000Z,0.61594182252883911,0.62365913391113281,0.61434870958328247,0.61594182252883911,0,2023-06-15T00:00:00.000000Z
2023-06-15T00:00:00.000000Z,0.61969000101089478,0.62275034189224243,0.616100013256073,0.61969000101089478,0,2023-06-16T00:00:00.000000Z
2023-06-16T00:00:00.000000Z,0.62353861331939697,0.62473839521408081,0.62114113569259644,0.62353861331939697,0,2023-06-17T00:00:00.000000Z
2023-06-19T00:00:00.000000Z,0.62320011854171753,0.62369996309280396,0.61929088830947876,0.62320011854171753,0,2023-06-20T00:00:00.000000Z
2023-06-20T00:00:00.000000Z,0.62023967504501343,0.6206284761428833,0.61359101533889771,0.62023967504501343,0,2023-06-21T00:00:00.000000Z
2023-06-21T00:00:00.000000Z,0.61667871475219727,0.61952108144760132,0.61577868461608887,0.61667871475219727,0,2023-06-22T00:00:00.000000Z
2023-06-22T00:00:00.000000Z,0.62070935964584351,0.62230849266052246,0.61847126483917236,0.62070935964584351,0,2023-06-23T00:00:00.000000Z
2023-06-23T00:00:00.000000Z,0.61828005313873291,0.61908000707626343,0.61183035373687744,0.61828005313873291,0,2023-06-24T00:00:00.000000Z
2023-06-26T00:00:00.000000Z,0.61487001180648804,0.61776828765869141,0.61389994621276855,0.61487001180648804,0,2023-06-27T00:00:00.000000Z
2023-06-27T00:00:00.000000Z,0.6163100004196167,0.62007814645767212,0.61575978994369507,0.6163100004196167,0,2023-06-28T00:00:00.000000Z
2023-06-28T00:00:00.000000Z,0.61574077606201172,0.61580902338027954,0.60705029964447021,0.61574077606201172,0,2023-06-29T00:00:00.000000Z
2023-06-29T00:00:00.000000Z,0.60743004083633423,0.61021006107330322,0.60519134998321533,0.60743004083633423,0,2023-06-30T00:00:00.000000Z
2023-06-30T00:00:00.000000Z,0.606678307056427,0.61382079124450684,0.60603123903274536,0.606678307056427,0,2023-07-01T00:00:00.000000Z
2023-07-03T00:00:00.000000Z,0.61321854591369629,0.61686885356903076,0.61276012659072876,0.61321854591369629,0,2023-07-04T00:00:00.000000Z
2023-07-04T00:00:00.000000Z,0.6156005859375,0.62114888429641724,0.61434870958328247,0.6156005859375,0,2023-07-05T00:00:00.000000Z
2023-07-05T00:00:00.000000Z,0.61980909109115601,0.62072861194610596,0.61808133125305176,0.61980909109115601,0,2023-07-06T00:00:00.000000Z
2023-07-06T00:00:00.000000Z,0.61769956350326538,0.62199997901916504,0.61348938941955566,0.61769956350326538,0,2023-07-07T00:00:00.000000Z
2023-07-07T00:00:00.000000Z,0.61635184288024902,0.62130016088485718,0.61549824476242065,0.61635184288024902,0,2023-07-08T00:00:00.000000Z
2023-07-10T00:00:00.000000Z,0.6205899715423584,0.62151950597763062,0.61678141355514526,0.6205899715423584,0,2023-07-11T00:00:00.000000Z
2023-07-11T00:00:00.000000Z,0.62065154314041138,0.62249988317489624,0.61683088541030884,0.62065154314041138,0,2023-07-12T00:00:00.000000Z
2023-07-12T00:00:00.000000Z,0.61995893716812134,0.62998080253601074,0.61837947368621826,0.61995893716812134,0,2023-07-13T00:00:00.000000Z
2023-07-13T00:00:00.000000Z,0.63052099943161011,0.63949984312057495,0.63017928600311279,0.63052099943161011,0,2023-07-14T00:00:00.000000Z
2023-07-14T00:00:00.000000Z,0.63919001817703247,0.64125168323516846,0.63680070638656616,0.63919001817703247,0,2023-07-15T00:00:00.000000Z
2023-07-17T00:00:00.000000Z,0.63658183813095093,0.63658183813095093,0.63095062971115112,0.63658183813095093,0,2023-07-18T00:00:00.000000Z
2023-07-18T00:00:00.000000Z,0.63211923837661743,0.63444936275482178,0.62615835666656494,0.63211923837661743,0,2023-07-19T00:00:00.000000Z
2023-07-19T00:00:00.000000Z,0.62969911098480225,0.63002842664718628,0.62270766496658325,0.62969911098480225,0,2023-07-20T00:00:00.000000Z
2023-07-20T00:00:00.000000Z,0.62628781795501709,0.63075965642929077,0.62192922830581665,0.62628781795501709,0,2023-07-21T00:00:00.000000Z
2023-07-21T00:00:00.000000Z,0.62302964925765991,0.62387704849243164,0.61701732873916626,0.62302964925765991,0,2023-07-22T00:00:00.000000Z
2023-07-24T00:00:00.000000Z,0.61690008640289307,0.62152719497680664,0.6157066822052002,0.61690008640289307,0,2023-07-25T00:00:00.000000Z
2023-07-25T00:00:00.000000Z,0.62002050876617432,0.62292879819869995,0.61908000707626343,0.62002050876617432,0,2023-07-26T00:00:00.000000Z
2023-07-26T00:00:00.000000Z,0.6216585636138916,0.62324708700180054,0.61912602186203003,0.6216585636138916,0,2023-07-27T00:00:00.000000Z
2023-07-27T00:00:00.000000Z,0.62122994661331177,0.62729746103286743,0.61926025152206421,0.62122994661331177,0,2023-07-28T00:00:00.000000Z
2023-07-28T00:00:00.000000Z,0.61874675750732422,0.61896014213562012,0.61218994855880737,0.61874675750732422,0,2023-07-29T00:00:00.000000Z
2023-07-31T00:00:00.000000Z,0.61601006984710693,0.62258750200271606,0.61572563648223877,0.61601006984710693,0,2023-08-01T00:00:00.000000Z
2023-08-01T00:00:00.000000Z,0.62048983573913574,0.62174749374389648,0.6137077808380127,0.62048983573913574,0,2023-08-02T00:00:00.000000Z
2023-08-03T00:00:00.000000Z,0.60863012075424194,0.60920000076293945,0.60628843307495117,0.60863012075424194,0,2023-08-04T00:00:00.000000Z
2023-08-04T00:00:00.000000Z,0.60823917388916016,0.61322981119155884,0.60709822177886963,0.60823917388916016,0,2023-08-05T00:00:00.000000Z
2023-08-07T00:00:00.000000Z,0.61000901460647583,0.61174052953720093,0.60860937833786011,0.61000901460647583,0,2023-08-08T00:00:00.000000Z
2023-08-08T00:00:00.000000Z,0.61065715551376343,0.61082875728607178,0.60355859994888306,0.61065715551376343,0,2023-08-09T00:00:00.000000Z
2023-08-09T00:00:00.000000Z,0.6056678295135498,0.60951077938079834,0.60454374551773071,0.6056678295135498,0,2023-08-10T00:00:00.000000Z
2023-08-10T00:00:00.000000Z,0.60620754957199097,0.61133289337158203,0.60519868135452271,0.60620754957199097,0,2023-08-11T00:00:00.000000Z
2023-08-11T00:00:00.000000Z,0.60133379697799683,0.6023406982421875,0.59761077165603638,0.60133379697799683,0,2023-08-12T00:00:00.000000Z
2023-08-14T00:00:00.000000Z,0.59845840930938721,0.59903556108474731,0.59459042549133301,0.59845840930938721,0,2023-08-15T00:00:00.000000Z
2023-08-15T00:00:00.000000Z,0.59747862815856934,0.59967857599258423,0.59549683332443237,0.59747862815856934,0,2023-08-16T00:00:00.000000Z
2023-08-16T00:00:00.000000Z,0.59573805332183838,0.59934073686599731,0.59326761960983276,0.59573805332183838,0,2023-08-17T00:00:00.000000Z
2023-08-17T00:00:00.000000Z,0.59313040971755981,0.59633493423461914,0.59051746129989624,0.59313040971755981,0,2023-08-18T00:00:00.000000Z
2023-08-18T00:00:00.000000Z,0.59258908033370972,0.59442782402038574,0.59105849266052246,0.59258908033370972,0,2023-08-19T00:00:00.000000Z
2023-08-21T00:00:00.000000Z,0.59268039464950562,0.59340846538543701,0.58973044157028198,0.59268039464950562,0,2023-08-22T00:00:00.000000Z
2023-08-22T00:00:00.000000Z,0.59296858310699463,0.59720033407211304,0.59241002798080444,0.59296858310699463,0,2023-08-23T00:00:00.000000Z
2023-08-23T00:00:00.000000Z,0.59406763315200806,0.59781438112258911,0.59281039237976074,0.59406763315200806,0,2023-08-24T00:00:00.000000Z
2023-08-24T00:00:00.000000Z,0.59742867946624756,0.59798955917358398,0.59196817874908447,0.59742867946624756,0,2023-08-25T00:00:00.000000Z
2023-08-25T00:00:00.000000Z,0.591957688331604,0.59406763315200806,0.58890044689178467,0.591957688331604,0,2023-08-26T00:00:00.000000Z
2023-08-28T00:00:00.000000Z,0.59108638763427734,0.59270006418228149,0.58962959051132202,0.59108638763427734,0,2023-08-29T00:00:00.000000Z
2023-08-29T00:00:00.000000Z,0.59074771404266357,0.59569549560546875,0.58891773223876953,0.59074771404266357,0,2023-08-30T00:00:00.000000Z
2023-08-30T00:00:00.000000Z,0.59674769639968872,0.6006583571434021,0.59404647350311279,0.59674769639968872,0,2023-08-31T00:00:00.000000Z
2023-08-31T00:00:00.000000Z,0.59529834985733032,0.59767860174179077,0.59320986270904541,0.59529834985733032,0,2023-09-01T00:00:00.000000Z
2023-09-01T00:00:00.000000Z,0.59769648313522339,0.60113859176635742,0.59381014108657837,0.59769648313522339,0,2023-09-02T00:00:00.000000Z
2023-09-04T00:00:00.000000Z,0.59425824880599976,0.59615004062652588,0.59330981969833374,0.59425824880599976,0,2023-09-05T00:00:00.000000Z
2023-09-05T00:00:00.000000Z,0.59373962879180908,0.59390884637832642,0.58607029914855957,0.59373962879180908,0,2023-09-06T00:00:00.000000Z
2023-09-06T00:00:00.000000Z,0.58841872215270996,0.59041982889175415,0.58622831106185913,0.58841872215270996,0,2023-09-07T00:00:00.000000Z
2023-09-07T00:00:00.000000Z,0.58709907531738281,0.58945930004119873,0.58633142709732056,0.58709907531738281,0,2023-09-08T00:00:00.000000Z
2023-09-08T00:00:00.000000Z,0.58820003271102905,0.59177899360656738,0.58785146474838257,0.58820003271102905,0,2023-09-09T00:00:00.000000Z
2023-09-11T00:00:00.000000Z,0.59014111757278442,0.59348940849304199,0.58982086181640625,0.59014111757278442,0,2023-09-12T00:00:00.000000Z
2023-09-12T00:00:00.000000Z,0.59168100357055664,0.59222060441970825,0.58917105197906494,0.59168100357055664,0,2023-09-13T00:00:00.000000Z
2023-09-13T00:00:00.000000Z,0.59098857641220093,0.59268003702163696,0.58873051404953003,0.59098857641220093,0,2023-09-14T00:00:00.000000Z
2023-09-14T00:00:00.000000Z,0.59203124046325684,0.59430068731307983,0.5904686450958252,0.59203124046325684,0,2023-09-15T00:00:00.000000Z
2023-09-15T00:00:00.000000Z,0.59060013294219971,0.593799889087677,0.5897095799446106,0.59060013294219971,0,2023-09-16T00:00:00.000000Z
2023-09-18T00:00:00.000000Z,0.5905383825302124,0.59219992160797119,0.589591383934021,0.5905383825302124,0,2023-09-19T00:00:00.000000Z
2023-09-19T00:00:00.000000Z,0.59213995933532715,0.59479910135269165,0.5912507176399231,0.59213995933532715,0,2023-09-20T00:00:00.000000Z
2023-09-20T00:00:00.000000Z,0.59514951705932617,0.5978894829750061,0.59334856271743774,0.59514951705932617,0,2023-09-21T00:00:00.000000Z
2023-09-21T00:00:00.000000Z,0.59252941608428955,0.59369021654129028,0.5897095799446106,0.59252941608428955,0,2023-09-22T00:00:00.000000Z
2023-09-22T00:00:00.000000Z,0.59317964315414429,0.59892076253890991,0.59203124046325684,0.59317964315414429,0,2023-09-23T00:00:00.000000Z
2023-09-25T00:00:00.000000Z,0.59571003913879395,0.59743934869766235,0.5944596529006958,0.59571003913879395,0,2023-09-26T00:00:00.000000Z
2023-09-26T00:00:00.000000Z,0.59672993421554565,0.59740012884140015,0.59371846914291382,0.59672993421554565,0,2023-09-27T00:00:00.000000Z
2023-09-27T00:00:00.000000Z,0.59477078914642334,0.59570968151092529,0.59215044975280762,0.59477078914642334,0,2023-09-28T00:00:00.000000Z
2023-09-29T00:00:00.000000Z,0.59643983840942383,0.60486918687820435,0.59632068872451782,0.59643983840942383,0,2023-09-30T00:00:00.000000Z
2023-10-02T00:00:00.000000Z,0.59958869218826294,0.60080015659332275,0.59520971775054932,0.59958869218826294,0,2023-10-03T00:00:00.000000Z
2023-10-04T00:00:00.000000Z,0.59134852886199951,0.59233987331390381,0.587188720703125,0.59134852886199951,0,2023-10-05T00:00:00.000000Z
2023-10-05T00:00:00.000000Z,0.59187006950378418,0.5954400897026062,0.5912507176399231,0.59187006950378418,0,2023-10-06T00:00:00.000000Z
2023-10-06T00:00:00.000000Z,0.596640944480896,0.60003119707107544,0.59246969223022461,0.596640944480896,0,2023-10-07T00:00:00.000000Z
2023-10-09T00:00:00.000000Z,0.59727877378463745,0.60088932514190674,0.59628158807754517,0.59727877378463745,0,2023-10-10T00:00:00.000000Z
2023-10-10T00:00:00.000000Z,0.60311084985733032,0.6042296290397644,0.59997004270553589,0.60311084985733032,0,2023-10-11T00:00:00.000000Z
2023-10-11T00:00:00.000000Z,0.60418945550918579,0.60556882619857788,0.60143136978149414,0.60418945550918579,0,2023-10-12T00:00:00.000000Z
2023-10-12T00:00:00.000000Z,0.60194909572601318,0.6025693416595459,0.59385985136032104,0.60194909572601318,0,2023-10-13T00:00:00.000000Z
2023-10-13T00:00:00.000000Z,0.59216099977493286,0.59285956621170044,0.58883106708526611,0.59216099977493286,0,2023-10-14T00:00:00.000000Z
2023-10-16T00:00:00.000000Z,0.5906604528427124,0.59290003776550293,0.59043025970458984,0.5906604528427124,0,2023-10-17T00:00:00.000000Z
2023-10-17T00:00:00.000000Z,0.59015154838562012,0.59144997596740723,0.58723008632659912,0.59015154838562012,0,2023-10-18T00:00:00.000000Z
2023-10-18T00:00:00.000000Z,0.58948016166687012,0.59198921918869019,0.58553153276443481,0.58948016166687012,0,2023-10-19T00:00:00.000000Z
2023-10-19T00:00:00.000000Z,0.58539098501205444,0.5858999490737915,0.58167946338653564,0.58539098501205444,0,2023-10-20T00:00:00.000000Z
2023-10-23T00:00:00.000000Z,0.58293062448501587,0.58451849222183228,0.58083981275558472,0.58293062448501587,0,2023-10-24T00:00:00.000000Z
2023-10-24T00:00:00.000000Z,0.5851101279258728,0.58727014064788818,0.58299857378005981,0.5851101279258728,0,2023-10-25T00:00:00.000000Z
2023-10-25T00:00:00.000000Z,0.58469963073730469,0.58707153797149658,0.58109128475189209,0.58469963073730469,0,2023-10-26T00:00:00.000000Z
2023-10-26T00:00:00.000000Z,0.57921993732452393,0.5828898549079895,0.57742053270339966,0.57921993732452393,0,2023-10-27T00:00:00.000000Z
2023-10-27T00:00:00.000000Z,0.5828898549079895,0.58439892530441284,0.58113855123519897,0.5828898549079895,0,2023-10-28T00:00:00.000000Z
2023-10-30T00:00:00.000000Z,0.5808415412902832,0.58443987369537354,0.58065938949584961,0.5808415412902832,0,2023-10-31T00:00:00.000000Z
2023-10-31T00:00:00.000000Z,0.58403027057647705,0.58568930625915527,0.58047062158584595,0.58403027057647705,0,2023-11-01T00:00:00.000000Z
2023-11-01T00:00:00.000000Z,0.58074033260345459,0.58585053682327271,0.57899856567382812,0.58074033260345459,0,2023-11-02T00:00:00.000000Z
2023-11-02T00:00:00.000000Z,0.58797937631607056,0.59169846773147583,0.58750951290130615,0.58797937631607056,0,2023-11-03T00:00:00.000000Z
2023-11-03T00:00:00.000000Z,0.58958089351654053,0.59935146570205688,0.58858847618103027,0.58958089351654053,0,2023-11-04T00:00:00.000000Z
2023-11-06T00:00:00.000000Z,0.59961026906967163,0.60021847486495972,0.59676909446716309,0.59961026906967163,0,2023-11-07T00:00:00.000000Z
2023-11-07T00:00:00.000000Z,0.59630006551742554,0.5964999794960022,0.5912507176399231,0.59630006551742554,0,2023-11-08T00:00:00.000000Z
2023-11-08T00:00:00.000000Z,0.59360003471374512,0.59439992904663086,0.59124016761779785,0.59360003471374512,0,2023-11-09T00:00:00.000000Z
2023-11-09T00:00:00.000000Z,0.59120172262191772,0.59552878141403198,0.59076863527297974,0.59120172262191772,0,2023-11-10T00:00:00.000000Z
2023-11-10T00:00:00.000000Z,0.58892989158630371,0.59051048755645752,0.58789980411529541,0.58892989158630371,0,2023-11-11T00:00:00.000000Z
2023-11-13T00:00:00.000000Z,0.58942103385925293,0.58989989757537842,0.58715081214904785,0.58942103385925293,0,2023-11-14T00:00:00.000000Z
2023-11-14T00:00:00.000000Z,0.58829069137573242,0.59883111715316772,0.58646899461746216,0.58829069137573242,0,2023-11-15T00:00:00.000000Z
2023-11-15T00:00:00.000000Z,0.60044914484024048,0.60474115610122681,0.59987998008728027,0.60044914484024048,0,2023-11-16T00:00:00.000000Z
2023-11-16T00:00:00.000000Z,0.60288906097412109,0.60291087627410889,0.59730017185211182,0.60288906097412109,0,2023-11-17T00:00:00.000000Z
2023-11-17T00:00:00.000000Z,0.59653055667877197,0.59975051879882812,0.59415942430496216,0.59653055667877197,0,2023-11-18T00:00:00.000000Z
2023-11-20T00:00:00.000000Z,0.59962105751037598,0.60436832904815674,0.59896022081375122,0.59962105751037598,0,2023-11-21T00:00:00.000000Z
2023-11-21T00:00:00.000000Z,0.60398000478744507,0.60863161087036133,0.60374075174331665,0.60398000478744507,0,2023-11-22T00:00:00.000000Z
2023-11-22T00:00:00.000000Z,0.60541850328445435,0.60638034343719482,0.59987998008728027,0.60541850328445435,0,2023-11-23T00:00:00.000000Z
2023-11-24T00:00:00.000000Z,0.60488015413284302,0.60879981517791748,0.60452181100845337,0.60488015413284302,0,2023-11-25T00:00:00.000000Z
2023-11-27T00:00:00.000000Z,0.60775011777877808,0.61032921075820923,0.6061781644821167,0.60775011777877808,0,2023-11-28T00:00:00.000000Z
2023-11-28T00:00:00.000000Z,0.61039996147155762,0.61462056636810303,0.60810971260070801,0.61039996147155762,0,2023-11-29T00:00:00.000000Z
2023-11-29T00:00:00.000000Z,0.614601731300354,0.62072861194610596,0.61365127563476562,0.614601731300354,0,2023-11-30T00:00:00.000000Z
2023-11-30T00:00:00.000000Z,0.6155892014503479,0.61840009689331055,0.61227989196777344,0.6155892014503479,0,2023-12-01T00:00:00.000000Z
2023-12-01T00:00:00.000000Z,0.61576730012893677,0.61998969316482544,0.61522942781448364,0.61576730012893677,0,2023-12-02T00:00:00.000000Z
2023-12-04T00:00:00.000000Z,0.62153881788253784,0.62221944332122803,0.61591905355453491,0.62153881788253784,0,2023-12-05T00:00:00.000000Z
2023-12-05T00:00:00.000000Z,0.61650002002716064,0.61740970611572266,0.61268877983093262,0.61650002002716064,0,2023-12-06T00:00:00.000000Z
2023-12-06T00:00:00.000000Z,0.61339908838272095,0.61768811941146851,0.61338025331497192,0.61339908838272095,0,2023-12-07T00:00:00.000000Z
2023-12-07T00:00:00.000000Z,0.61405068635940552,0.61713159084320068,0.61144876480102539,0.61405068635940552,0,2023-12-08T00:00:00.000000Z
2023-12-08T00:00:00.000000Z,0.616158127784729,0.61755079030990601,0.61054164171218872,0.616158127784729,0,2023-12-09T00:00:00.000000Z
2023-12-11T00:00:00.000000Z,0.61247116327285767,0.61322981119155884,0.61060869693756104,0.61247116327285767,0,2023-12-12T00:00:00.000000Z
2023-12-12T00:00:00.000000Z,0.61229115724563599,0.61672055721282959,0.61073178052902222,0.61229115724563599,0,2023-12-13T00:00:00.000000Z
2023-12-13T00:00:00.000000Z,0.61374920606613159,0.61400020122528076,0.60849088430404663,0.61374920606613159,0,2023-12-14T00:00:00.000000Z
2023-12-14T00:00:00.000000Z,0.61908000707626343,0.62494140863418579,0.61878120899200439,0.61908000707626343,0,2023-12-15T00:00:00.000000Z
2023-12-15T00:00:00.000000Z,0.62132984399795532,0.62297922372817993,0.61797058582305908,0.62132984399795532,0,2023-12-16T00:00:00.000000Z
2023-12-18T00:00:00.000000Z,0.62099075317382812,0.62510937452316284,0.62042051553726196,0.62099075317382812,0,2023-12-19T00:00:00.000000Z
2023-12-20T00:00:00.000000Z,0.62704181671142578,0.62990140914916992,0.62584877014160156,0.62704181671142578,0,2023-12-21T00:00:00.000000Z
2023-12-21T00:00:00.000000Z,0.62539869546890259,0.62954056262969971,0.62397044897079468,0.62539869546890259,0,2023-12-22T00:00:00.000000Z
2023-12-22T00:00:00.000000Z,0.62946921586990356,0.63183969259262085,0.62771087884902954,0.62946921586990356,0,2023-12-23T00:00:00.000000Z
2023-12-25T00:00:00.000000Z,0.63192993402481079,0.66549980640411377,0.62669992446899414,0.63192993402481079,0,2023-12-26T00:00:00.000000Z
2023-12-26T00:00:00.000000Z,0.63060015439987183,0.63280004262924194,0.63025873899459839,0.63060015439987183,0,2023-12-27T00:00:00.000000Z
2023-12-27T00:00:00.000000Z,0.63285130262374878,0.63490855693817139,0.63175183534622192,0.63285130262374878,0,2023-12-28T00:00:00.000000Z
2023-12-28T00:00:00.000000Z,0.63494884967803955,0.6369507908821106,0.6327512264251709,0.63494884967803955,0,2023-12-29T00:00:00.000000Z
2023-12-29T00:00:00.000000Z,0.63348877429962158,0.63609993457794189,0.63056868314743042,0.63348877429962158,0,2023-12-30T00:00:00.000000Z
2024-01-01T00:00:00.000000Z,0.6319698691368103,0.63229990005493164,0.6319698691368103,0.6319698691368103,0,2024-01-02T00:00:00.000000Z
2024-01-02T00:00:00.000000Z,0.63152843713760376,0.63211923837661743,0.62546128034591675,0.63152843713760376,0,2024-01-03T00:00:00.000000Z
2024-01-03T00:00:00.000000Z,0.625,0.62779998779296875,0.62221169471740723,0.625,0,2024-01-04T00:00:00.000000Z
2024-01-04T00:00:00.000000Z,0.62512892484664917,0.62848812341690063,0.62240147590637207,0.62512892484664917,0,2024-01-05T00:00:00.000000Z
2024-01-05T00:00:00.000000Z,0.62312984466552734,0.62765973806381226,0.61826860904693604,0.62312984466552734,0,2024-01-06T00:00:00.000000Z
2024-01-08T00:00:00.000000Z,0.62487894296646118,0.62613093852996826,0.6213688850402832,0.62487894296646118,0,2024-01-09T00:00:00.000000Z
2024-01-09T00:00:00.000000Z,0.62517976760864258,0.62669992446899414,0.62285894155502319,0.62517976760864258,0,2024-01-10T00:00:00.000000Z
2024-01-10T00:00:00.000000Z,0.62383031845092773,0.62544173002243042,0.62184029817581177,0.62383031845092773,0,2024-01-11T00:00:00.000000Z
2024-01-11T00:00:00.000000Z,0.62295979261398315,0.62589186429977417,0.61978989839553833,0.62295979261398315,0,2024-01-12T00:00:00.000000Z
2024-01-12T00:00:00.000000Z,0.62423145771026611,0.62778973579406738,0.62308013439178467,0.62423145771026611,0,2024-01-13T00:00:00.000000Z
2024-01-17T00:00:00.000000Z,0.61408841609954834,0.61519914865493774,0.60902076959609985,0.61408841609954834,0,2024-01-18T00:00:00.000000Z
2024-01-18T00:00:00.000000Z,0.61134034395217896,0.6136099100112915,0.6096000075340271,0.61134034395217896,0,2024-01-19T00:00:00.000000Z
2024-01-19T00:00:00.000000Z,0.61202508211135864,0.61275637149810791,0.60916179418563843,0.61202508211135864,0,2024-01-20T00:00:00.000000Z
2024-01-22T00:00:00.000000Z,0.61183035373687744,0.6139112114906311,0.609718918800354,0.61183035373687744,0,2024-01-23T00:00:00.000000Z
2024-01-23T00:00:00.000000Z,0.60738950967788696,0.61171060800552368,0.606880784034729,0.60738950967788696,0,2024-01-24T00:00:00.000000Z
2024-01-24T00:00:00.000000Z,0.610340416431427,0.61488890647888184,0.60896146297454834,0.610340416431427,0,2024-01-25T00:00:00.000000Z
2024-01-25T00:00:00.000000Z,0.61085861921310425,0.61319971084594727,0.61007976531982422,0.61085861921310425,0,2024-01-26T00:00:00.000000Z
2024-01-26T00:00:00.000000Z,0.61088848114013672,0.61186033487319946,0.60933995246887207,0.61088848114013672,0,2024-01-27T00:00:00.000000Z
2024-01-29T00:00:00.000000Z,0.60928982496261597,0.61220002174377441,0.60883915424346924,0.60928982496261597,0,2024-01-30T00:00:00.000000Z
2024-01-30T00:00:00.000000Z,0.61348187923431396,0.61494183540344238,0.61072057485580444,0.61348187923431396,0,2024-01-31T00:00:00.000000Z
2024-01-31T00:00:00.000000Z,0.61318093538284302,0.61737918853759766,0.61091834306716919,0.61318093538284302,0,2024-02-01T00:00:00.000000Z
2024-02-01T00:00:00.000000Z,0.61119091510772705,0.61409974098205566,0.60812085866928101,0.61119091510772705,0,2024-02-02T00:00:00.000000Z
2024-02-02T00:00:00.000000Z,0.61457145214080811,0.61612015962600708,0.60621857643127441,0.61457145214080811,0,2024-02-03T00:00:00.000000Z
2024-02-05T00:00:00.000000Z,0.60645020008087158,0.60820960998535156,0.60401064157485962,0.60645020008087158,0,2024-02-06T00:00:00.000000Z
2024-02-06T00:00:00.000000Z,0.60530853271484375,0.60775130987167358,0.60477042198181152,0.60530853271484375,0,2024-02-07T00:00:00.000000Z
2024-02-07T00:00:00.000000Z,0.60997927188873291,0.61247867345809937,0.60931026935577393,0.60997927188873291,0,2024-02-08T00:00:00.000000Z
2024-02-08T00:00:00.000000Z,0.61095941066741943,0.61232113838195801,0.60802102088928223,0.61095941066741943,0,2024-02-09T00:00:00.000000Z
2024-02-09T00:00:00.000000Z,0.61079144477844238,0.61564981937408447,0.61079144477844238,0.61079144477844238,0,2024-02-10T00:00:00.000000Z
2024-02-12T00:00:00.000000Z,0.61477172374725342,0.61522942781448364,0.6121487021446228,0.61477172374725342,0,2024-02-13T00:00:00.000000Z
2024-02-13T00:00:00.000000Z,0.61279016733169556,0.61300015449523926,0.60556882619857788,0.61279016733169556,0,2024-02-14T00:00:00.000000Z
2024-02-14T00:00:00.000000Z,0.60578155517578125,0.60898005962371826,0.60526823997497559,0.60578155517578125,0,2024-02-15T00:00:00.000000Z
2024-02-15T00:00:00.000000Z,0.609061598777771,0.61273008584976196,0.60809123516082764,0.609061598777771,0,2024-02-16T00:00:00.000000Z
2024-02-16T00:00:00.000000Z,0.61111992597579956,0.61210000514984131,0.60885024070739746,0.61111992597579956,0,2024-02-17T00:00:00.000000Z
2024-02-19T00:00:00.000000Z,0.61350822448730469,0.61525970697402954,0.61330127716064453,0.61364001035690308,0,2024-02-20T00:00:00.000000Z
2024-02-20T00:00:00.000000Z,0.61425817012786865,0.61909151077270508,0.61315834522247314,0.61425817012786865,0,2024-02-21T00:00:00.000000Z
2024-02-21T00:00:00.000000Z,0.61681944131851196,0.61977070569992065,0.61657983064651489,0.61681944131851196,0,2024-02-22T00:00:00.000000Z
2024-02-22T00:00:00.000000Z,0.61803168058395386,0.6218712329864502,0.61782169342041016,0.61803168058395386,0,2024-02-23T00:00:00.000000Z
2024-02-23T00:00:00.000000Z,0.61952877044677734,0.62112188339233398,0.61815011501312256,0.61952877044677734,0,2024-02-24T00:00:00.000000Z
2024-02-26T00:00:00.000000Z,0.61854016780853271,0.61885017156600952,0.61632144451141357,0.61868935823440552,0,2024-02-27T00:00:00.000000Z
2024-02-27T00:00:00.000000Z,0.61670911312103271,0.61779993772506714,0.61522942781448364,0.61670911312103271,0,2024-02-28T00:00:00.000000Z
2024-02-28T00:00:00.000000Z,0.61702877283096313,0.61781018972396851,0.60827988386154175,0.61702877283096313,0,2024-02-29T00:00:00.000000Z
2024-02-29T00:00:00.000000Z,0.60971003770828247,0.61114978790283203,0.60778820514678955,0.60971003770828247,0,2024-03-01T00:00:00.000000Z
2024-03-01T00:00:00.000000Z,0.60857975482940674,0.61116105318069458,0.60799145698547363,0.60857975482940674,0,2024-03-02T00:00:00.000000Z
2024-03-04T00:00:00.000000Z,0.6103813648223877,0.61119091510772705,0.60889846086502075,0.6103813648223877,0,2024-03-05T00:00:00.000000Z
2024-03-05T00:00:00.000000Z,0.60965943336486816,0.61073178052902222,0.60719037055969238,0.60965943336486816,0,2024-03-06T00:00:00.000000Z
2024-03-06T00:00:00.000000Z,0.60877984762191772,0.61437141895294189,0.60710924863815308,0.60877984762191772,0,2024-03-07T00:00:00.000000Z
2024-03-07T00:00:00.000000Z,0.61279016733169556,0.61763852834701538,0.61277890205383301,0.61279016733169556,0,2024-03-08T00:00:00.000000Z
2024-03-08T00:00:00.000000Z,0.61787891387939453,0.62163156270980835,0.61638981103897095,0.61787891387939453,0,2024-03-09T00:00:00.000000Z
2024-03-11T00:00:00.000000Z,0.61794000864028931,0.61826860904693604,0.61612015962600708,0.61794000864028931,0,2024-03-12T00:00:00.000000Z
2024-03-12T00:00:00.000000Z,0.61707824468612671,0.61826860904693604,0.6136813759803772,0.61707824468612671,0,2024-03-13T00:00:00.000000Z
2024-03-13T00:00:00.000000Z,0.61496078968048096,0.61699831485748291,0.61459040641784668,0.61496078968048096,0,2024-03-14T00:00:00.000000Z
2024-03-14T00:00:00.000000Z,0.61650002002716064,0.61755079030990601,0.61238867044448853,0.61650002002716064,0,2024-03-15T00:00:00.000000Z
2024-03-18T00:00:00.000000Z,0.60869830846786499,0.61004996299743652,0.60809016227722168,0.60869830846786499,0,2024-03-19T00:00:00.000000Z
2024-03-20T00:00:00.000000Z,0.60489845275878906,0.60563850402832031,0.60259115695953369,0.60489845275878906,0,2024-03-21T00:00:00.000000Z
2024-03-21T00:00:00.000000Z,0.60896146297454834,0.61080002784729004,0.60448163747787476,0.60896146297454834,0,2024-03-22T00:00:00.000000Z
2024-03-22T00:00:00.000000Z,0.60463881492614746,0.60520011186599731,0.59939104318618774,0.60463881492614746,0,2024-03-23T00:00:00.000000Z
2024-03-25T00:00:00.000000Z,0.59902119636535645,0.60130840539932251,0.59876006841659546,0.59902119636535645,0,2024-03-26T00:00:00.000000Z
2024-03-26T00:00:00.000000Z,0.60016083717346191,0.60311084985733032,0.59970015287399292,0.60016083717346191,0,2024-03-27T00:00:00.000000Z
2024-03-27T00:00:00.000000Z,0.60075938701629639,0.60108077526092529,0.598899245262146,0.60075938701629639,0,2024-03-28T00:00:00.000000Z
2024-03-28T00:00:00.000000Z,0.5992509126663208,0.60040950775146484,0.59572035074234009,0.5992509126663208,0,2024-03-29T00:00:00.000000Z
2024-03-29T00:00:00.000000Z,0.59747004508972168,0.59919995069503784,0.59697002172470093,0.59747004508972168,0,2024-03-30T00:00:00.000000Z
2024-04-01T00:00:00.000000Z,0.5986589789390564,0.59931915998458862,0.5940711498260498,0.5986589789390564,0,2024-04-02T00:00:00.000000Z
2024-04-02T00:00:00.000000Z,0.59524160623550415,0.59735018014907837,0.59442079067230225,0.59524160623550415,0,2024-04-03T00:00:00.000000Z
2024-04-03T00:00:00.000000Z,0.59694010019302368,0.59999990463256836,0.59535861015319824,0.59694010019302368,0,2024-04-04T00:00:00.000000Z
2024-04-04T00:00:00.000000Z,0.6014711856842041,0.60455840826034546,0.60129034519195557,0.6014711856842041,0,2024-04-05T00:00:00.000000Z
2024-04-05T00:00:00.000000Z,0.6027800440788269,0.60311084985733032,0.59869122505187988,0.6027800440788269,0,2024-04-06T00:00:00.000000Z
2024-04-08T00:00:00.000000Z,0.60044914484024048,0.6039084792137146,0.60015004873275757,0.60044914484024048,0,2024-04-09T00:00:00.000000Z
2024-04-10T00:00:00.000000Z,0.60679244995117188,0.60800254344940186,0.59772861003875732,0.60679244995117188,0,2024-04-11T00:00:00.000000Z
2024-04-11T00:00:00.000000Z,0.59746074676513672,0.6014784574508667,0.59701848030090332,0.59746074676513672,0,2024-04-12T00:00:00.000000Z
2024-04-12T00:00:00.000000Z,0.60012125968933105,0.60105907917022705,0.59363031387329102,0.60012125968933105,0,2024-04-13T00:00:00.000000Z
2024-04-15T00:00:00.000000Z,0.59455859661102295,0.59536921977996826,0.59136956930160522,0.59455859661102295,0,2024-04-16T00:00:00.000000Z
2024-04-16T00:00:00.000000Z,0.59028041362762451,0.59074074029922485,0.58743017911911011,0.59028041362762451,0,2024-04-17T00:00:00.000000Z
2024-04-18T00:00:00.000000Z,0.59129959344863892,0.59334856271743774,0.59075123071670532,0.59129959344863892,0,2024-04-19T00:00:00.000000Z
2024-04-19T00:00:00.000000Z,0.59035015106201172,0.5905907154083252,0.58548009395599365,0.59035015106201172,0,2024-04-20T00:00:00.000000Z
2024-04-22T00:00:00.000000Z,0.58999836444854736,0.59289121627807617,0.58953922986984253,0.59002971649169922,0,2024-04-23T00:00:00.000000Z
2024-04-23T00:00:00.000000Z,0.59211999177932739,0.59472835063934326,0.59035015106201172,0.59211999177932739,0,2024-04-24T00:00:00.000000Z
2024-04-24T00:00:00.000000Z,0.59369021654129028,0.59518140554428101,0.59211885929107666,0.59369021654129028,0,2024-04-25T00:00:00.000000Z
2024-04-25T00:00:00.000000Z,0.59359157085418701,0.59649854898452759,0.59210836887359619,0.59359157085418701,0,2024-04-26T00:00:00.000000Z
2024-04-26T00:00:00.000000Z,0.59584105014801025,0.59697932004928589,0.59300023317337036,0.59584105014801025,0,2024-04-27T00:00:00.000000Z
2024-04-29T00:00:00.000000Z,0.59477078914642334,0.59827935695648193,0.59431833028793335,0.59477078914642334,0,2024-04-30T00:00:00.000000Z
2024-04-30T00:00:00.000000Z,0.59716111421585083,0.59737157821655273,0.59083008766174316,0.59716111421585083,0,2024-05-01T00:00:00.000000Z
2024-05-01T00:00:00.000000Z,0.58795171976089478,0.5905802845954895,0.58775126934051514,0.58795171976089478,0,2024-05-02T00:00:00.000000Z
2024-05-02T00:00:00.000000Z,0.59301078319549561,0.59473896026611328,0.59160041809082031,0.59301078319549561,0,2024-05-03T00:00:00.000000Z
2024-05-03T00:00:00.000000Z,0.59638828039169312,0.6043391227722168,0.59573101997375488,0.59638828039169312,0,2024-05-04T00:00:00.000000Z
2024-05-06T00:00:00.000000Z,0.60075938701629639,0.60323816537857056,0.59970015287399292,0.60075938701629639,0,2024-05-07T00:00:00.000000Z
2024-05-07T00:00:00.000000Z,0.60095071792602539,0.60242050886154175,0.60008883476257324,0.60095071792602539,0,2024-05-08T00:00:00.000000Z
2024-05-08T00:00:00.000000Z,0.59971994161605835,0.60034823417663574,0.59820061922073364,0.59971994161605835,0,2024-05-09T00:00:00.000000Z
2024-05-09T00:00:00.000000Z,0.60042029619216919,0.6025511622428894,0.59935146570205688,0.60042029619216919,0,2024-05-10T00:00:00.000000Z
2024-05-10T00:00:00.000000Z,0.60362052917480469,0.60370069742202759,0.6009904146194458,0.60362052917480469,0,2024-05-11T00:00:00.000000Z
2024-05-13T00:00:00.000000Z,0.60185128450393677,0.60309994220733643,0.60011041164398193,0.60185128450393677,0,2024-05-14T00:00:00.000000Z
2024-05-14T00:00:00.000000Z,0.6023406982421875,0.6038392186164856,0.60048156976699829,0.6023406982421875,0,2024-05-15T00:00:00.000000Z
2024-05-15T00:00:00.000000Z,0.6043282151222229,0.61076164245605469,0.60428071022033691,0.6043282151222229,0,2024-05-16T00:00:00.000000Z
2024-05-16T00:00:00.000000Z,0.61306065320968628,0.61408841609954834,0.60967987775802612,0.61306065320968628,0,2024-05-17T00:00:00.000000Z
2024-05-17T00:00:00.000000Z,0.61242014169692993,0.61350822448730469,0.61018025875091553,0.61242014169692993,0,2024-05-18T00:00:00.000000Z
2024-05-20T00:00:00.000000Z,0.61367011070251465,0.6136813759803772,0.60975980758666992,0.61367011070251465,0,2024-05-21T00:00:00.000000Z
2024-05-21T00:00:00.000000Z,0.61081016063690186,0.61109006404876709,0.60900968313217163,0.61081016063690186,0,2024-05-22T00:00:00.000000Z
2024-05-22T00:00:00.000000Z,0.60938078165054321,0.61530131101608276,0.60932141542434692,0.60938078165054321,0,2024-05-23T00:00:00.000000Z
2024-05-23T00:00:00.000000Z,0.61000901460647583,0.61339908838272095,0.60999041795730591,0.61000901460647583,0,2024-05-24T00:00:00.000000Z
2024-05-24T00:00:00.000000Z,0.609730064868927,0.61241865158081055,0.60885024070739746,0.609730064868927,0,2024-05-25T00:00:00.000000Z
2024-05-27T00:00:00.000000Z,0.61217117309570312,0.61535054445266724,0.61211872100830078,0.61217117309570312,0,2024-05-28T00:00:00.000000Z
2024-05-28T00:00:00.000000Z,0.61522942781448364,0.61705160140991211,0.61493009328842163,0.61522942781448364,0,2024-05-29T00:00:00.000000Z
2024-05-29T00:00:00.000000Z,0.61406958103179932,0.61454880237579346,0.61151981353759766,0.61406958103179932,0,2024-05-30T00:00:00.000000Z
2024-05-30T00:00:00.000000Z,0.61135905981063843,0.61316967010498047,0.60896146297454834,0.61135905981063843,0,2024-05-31T00:00:00.000000Z
2024-05-31T00:00:00.000000Z,0.61165070533752441,0.61659884452819824,0.6115497350692749,0.61165070533752441,0,2024-06-01T00:00:00.000000Z
2024-06-03T00:00:00.000000Z,0.61485868692398071,0.6188693642616272,0.61344051361083984,0.61485868692398071,0,2024-06-04T00:00:00.000000Z
2024-06-04T00:00:00.000000Z,0.61935997009277344,0.61985903978347778,0.61566877365112305,0.61935997009277344,0,2024-06-05T00:00:00.000000Z
2024-06-05T00:00:00.000000Z,0.61747068166732788,0.61987829208374023,0.61713916063308716,0.61747068166732788,0,2024-06-06T00:00:00.000000Z
2024-06-06T00:00:00.000000Z,0.61962860822677612,0.62156969308853149,0.61747831106185913,0.61962860822677612,0,2024-06-07T00:00:00.000000Z
2024-06-07T00:00:00.000000Z,0.6197015643119812,0.62038975954055786,0.61063855886459351,0.6197015643119812,0,2024-06-08T00:00:00.000000Z
2024-06-10T00:00:00.000000Z,0.61061990261077881,0.61253112554550171,0.6100611686706543,0.61061990261077881,0,2024-06-11T00:00:00.000000Z
2024-06-11T00:00:00.000000Z,0.6128314733505249,0.61341041326522827,0.61187154054641724,0.6128314733505249,0,2024-06-12T00:00:00.000000Z
2024-06-12T00:00:00.000000Z,0.614601731300354,0.6221497654914856,0.61353081464767456,0.614601731300354,0,2024-06-13T00:00:00.000000Z
2024-06-13T00:00:00.000000Z,0.61868166923522949,0.61985903978347778,0.61629867553710938,0.61868166923522949,0,2024-06-14T00:00:00.000000Z
2024-06-14T00:00:00.000000Z,0.61610114574432373,0.61626821756362915,0.61169940233230591,0.61610114574432373,0,2024-06-15T00:00:00.000000Z
2024-06-17T00:00:00.000000Z,0.61374169588088989,0.61382079124450684,0.61056023836135864,0.61374169588088989,0,2024-06-18T00:00:00.000000Z
2024-06-18T00:00:00.000000Z,0.613800048828125,0.61402052640914917,0.60984903573989868,0.613800048828125,0,2024-06-19T00:00:00.000000Z
2024-06-19T00:00:00.000000Z,0.61405825614929199,0.61430001258850098,0.61307942867279053,0.61405825614929199,0,2024-06-20T00:00:00.000000Z
2024-06-21T00:00:00.000000Z,0.61227989196777344,0.61345928907394409,0.61101162433624268,0.61227989196777344,0,2024-06-22T00:00:00.000000Z
2024-06-24T00:00:00.000000Z,0.61111992597579956,0.61403942108154297,0.61059004068374634,0.61111992597579956,0,2024-06-25T00:00:00.000000Z
2024-06-25T00:00:00.000000Z,0.61205130815505981,0.61339986324310303,0.61086982488632202,0.61205130815505981,0,2024-06-26T00:00:00.000000Z
2024-06-26T00:00:00.000000Z,0.61190897226333618,0.61267000436782837,0.60768109560012817,0.61190897226333618,0,2024-06-27T00:00:00.000000Z
2024-06-27T00:00:00.000000Z,0.60802841186523438,0.61085116863250732,0.60695815086364746,0.60802841186523438,0,2024-06-28T00:00:00.000000Z
2024-06-28T00:00:00.000000Z,0.60846865177154541,0.61013185977935791,0.60585129261016846,0.60846865177154541,0,2024-06-29T00:00:00.000000Z
2024-07-01T00:00:00.000000Z,0.60991972684860229,0.61079144477844238,0.60664886236190796,0.60991972684860229,0,2024-07-02T00:00:00.000000Z
2024-07-02T00:00:00.000000Z,0.60647964477539062,0.60785096883773804,0.60483992099761963,0.60647964477539062,0,2024-07-03T00:00:00.000000Z
2024-07-03T00:00:00.000000Z,0.60822069644927979,0.61291033029556274,0.60706871747970581,0.60822069644927979,0,2024-07-04T00:00:00.000000Z
2024-07-04T00:00:00.000000Z,0.61072057485580444,0.61232113838195801,0.61069822311401367,0.61072057485580444,0,2024-07-05T00:00:00.000000Z
2024-07-08T00:00:00.000000Z,0.61411100625991821,0.61538082361221313,0.61307942867279053,0.61411100625991821,0,2024-07-09T00:00:00.000000Z
2024-07-09T00:00:00.000000Z,0.61312079429626465,0.61330878734588623,0.61129927635192871,0.61312079429626465,0,2024-07-10T00:00:00.000000Z
2024-07-10T00:00:00.000000Z,0.61271131038665771,0.61322981119155884,0.60664153099060059,0.61271131038665771,0,2024-07-11T00:00:00.000000Z
2024-07-11T00:00:00.000000Z,0.6087983250617981,0.61345928907394409,0.60829842090606689,0.6087983250617981,0,2024-07-12T00:00:00.000000Z
2024-07-12T00:00:00.000000Z,0.6094588041305542,0.61270004510879517,0.60769957304000854,0.6094588041305542,0,2024-07-13T00:00:00.000000Z
2024-07-15T00:00:00.000000Z,0.60955166816711426,0.61049985885620117,0.60819852352142334,0.60955166816711426,0,2024-07-16T00:00:00.000000Z
2024-07-17T00:00:00.000000Z,0.60690993070602417,0.60974866151809692,0.60657161474227905,0.60690993070602417,0,2024-07-18T00:00:00.000000Z
2024-07-18T00:00:00.000000Z,0.60806167125701904,0.60816150903701782,0.60639137029647827,0.60806167125701904,0,2024-07-19T00:00:00.000000Z
2024-07-23T00:00:00.000000Z,0.59785014390945435,0.59803962707519531,0.59525936841964722,0.59785014390945435,0,2024-07-24T00:00:00.000000Z
2024-07-24T00:00:00.000000Z,0.59529125690460205,0.59529125690460205,0.59151995182037354,0.59529125690460205,0,2024-07-25T00:00:00.000000Z
2024-07-26T00:00:00.000000Z,0.58898019790649414,0.59060120582580566,0.5883910059928894,0.58898019790649414,0,2024-07-27T00:00:00.000000Z
2024-07-29T00:00:00.000000Z,0.58890002965927124,0.59007841348648071,0.58587116003036499,0.58890002965927124,0,2024-07-30T00:00:00.000000Z
2024-07-30T00:00:00.000000Z,0.5877305269241333,0.59008890390396118,0.58684998750686646,0.5877305269241333,0,2024-07-31T00:00:00.000000Z
2024-07-31T00:00:00.000000Z,0.59020030498504639,0.59489989280700684,0.58921962976455688,0.59020030498504639,0,2024-08-01T00:00:00.000000Z
2024-08-01T00:00:00.000000Z,0.59518140554428101,0.59806108474731445,0.59390884637832642,0.59518140554428101,0,2024-08-02T00:00:00.000000Z
2024-08-02T00:00:00.000000Z,0.59361976385116577,0.59845840930938721,0.59314090013504028,0.59361976385116577,0,2024-08-03T00:00:00.000000Z
2024-08-05T00:00:00.000000Z,0.59470003843307495,0.59700065851211548,0.58574074506759644,0.59470003843307495,0,2024-08-06T00:00:00.000000Z
2024-08-06T00:00:00.000000Z,0.5950503945350647,0.5979609489440918,0.59139055013656616,0.5950503945350647,0,2024-08-07T00:00:00.000000Z
2024-08-07T00:00:00.000000Z,0.59741079807281494,0.60254031419754028,0.59722888469696045,0.59741079807281494,0,2024-08-08T00:00:00.000000Z
2024-08-08T00:00:00.000000Z,0.59860885143280029,0.60091096162796021,0.59785014390945435,0.59860885143280029,0,2024-08-09T00:00:00.000000Z
2024-08-09T00:00:00.000000Z,0.60070157051086426,0.60369998216629028,0.60031938552856445,0.60070157051086426,0,2024-08-10T00:00:00.000000Z
2024-08-12T00:00:00.000000Z,0.5994916558265686,0.60327094793319702,0.59934073686599731,0.5994916558265686,0,2024-08-13T00:00:00.000000Z
2024-08-13T00:00:00.000000Z,0.6023406982421875,0.60635089874267578,0.60181868076324463,0.6023406982421875,0,2024-08-14T00:00:00.000000Z
2024-08-14T00:00:00.000000Z,0.60792118310928345,0.60845017433166504,0.60035902261734009,0.60792118310928345,0,2024-08-15T00:00:00.000000Z
2024-08-15T00:00:00.000000Z,0.6000707745552063,0.60151821374893188,0.59758931398391724,0.6000707745552063,0,2024-08-16T00:00:00.000000Z
2024-08-19T00:00:00.000000Z,0.60574853420257568,0.60984903573989868,0.60555046796798706,0.60574853420257568,0,2024-08-20T00:00:00.000000Z
2024-08-20T00:00:00.000000Z,0.61177045106887817,0.61527860164642334,0.61119836568832397,0.61177045106887817,0,2024-08-21T00:00:00.000000Z
2024-08-21T00:00:00.000000Z,0.61574077606201172,0.61659997701644897,0.61338025331497192,0.61574077606201172,0,2024-08-22T00:00:00.000000Z
2024-08-22T00:00:00.000000Z,0.61624926328659058,0.61702114343643188,0.6128690242767334,0.61624926328659058,0,2024-08-23T00:00:00.000000Z
2024-08-23T00:00:00.000000Z,0.61436003446578979,0.62223881483078003,0.61417138576507568,0.61436003446578979,0,2024-08-24T00:00:00.000000Z
2024-08-26T00:00:00.000000Z,0.62240922451019287,0.62325876951217651,0.61988973617553711,0.62240922451019287,0,2024-08-27T00:00:00.000000Z
2024-08-27T00:00:00.000000Z,0.62055140733718872,0.62374860048294067,0.61955177783966064,0.62055140733718872,0,2024-08-28T00:00:00.000000Z
2024-08-28T00:00:00.000000Z,0.62441068887710571,0.62530088424682617,0.62254869937896729,0.62441068887710571,0,2024-08-29T00:00:00.000000Z
2024-08-30T00:00:00.000000Z,0.6263309121131897,0.62769991159439087,0.62370967864990234,0.6263309121131897,0,2024-08-31T00:00:00.000000Z
2024-09-02T00:00:00.000000Z,0.625,0.62530875205993652,0.6221691370010376,0.625,0,2024-09-03T00:00:00.000000Z
2024-09-03T00:00:00.000000Z,0.62304908037185669,0.62355023622512817,0.61831063032150269,0.62304908037185669,0,2024-09-04T00:00:00.000000Z
2024-09-04T00:00:00.000000Z,0.61873912811279297,0.62158125638961792,0.61697924137115479,0.61873912811279297,0,2024-09-05T00:00:00.000000Z
2024-09-05T00:00:00.000000Z,0.61867022514343262,0.62256807088851929,0.61797058582305908,0.61867022514343262,0,2024-09-06T00:00:00.000000Z
2024-09-06T00:00:00.000000Z,0.62244021892547607,0.62541824579238892,0.61750882863998413,0.62244021892547607,0,2024-09-07T00:00:00.000000Z
2024-09-09T00:00:00.000000Z,0.61713159084320068,0.61870008707046509,0.61257022619247437,0.61713159084320068,0,2024-09-10T00:00:00.000000Z
2024-09-10T00:00:00.000000Z,0.61423176527023315,0.61656081676483154,0.61330127716064453,0.61423176527023315,0,2024-09-11T00:00:00.000000Z
2024-09-11T00:00:00.000000Z,0.61500990390777588,0.61574840545654297,0.61078029870986938,0.61500990390777588,0,2024-09-12T00:00:00.000000Z
2024-09-12T00:00:00.000000Z,0.61321854591369629,0.61591905355453491,0.61292988061904907,0.61321854591369629,0,2024-09-13T00:00:00.000000Z
2024-09-13T00:00:00.000000Z,0.61870086193084717,0.61942899227142334,0.61628001928329468,0.61870086193084717,0,2024-09-14T00:00:00.000000Z
2024-09-16T00:00:00.000000Z,0.61640876531600952,0.61998969316482544,0.61553990840911865,0.61640876531600952,0,2024-09-17T00:00:00.000000Z
2024-09-17T00:00:00.000000Z,0.61960941553115845,0.62111026048660278,0.61790186166763306,0.61960941553115845,0,2024-09-18T00:00:00.000000Z
2024-09-18T00:00:00.000000Z,0.61939829587936401,0.62323158979415894,0.61921042203903198,0.61939829587936401,0,2024-09-19T00:00:00.000000Z
2024-09-19T00:00:00.000000Z,0.62089049816131592,0.62690818309783936,0.61829155683517456,0.62089049816131592,0,2024-09-20T00:00:00.000000Z
2024-09-20T00:00:00.000000Z,0.62370193004608154,0.62598985433578491,0.62112188339233398,0.62370193004608154,0,2024-09-21T00:00:00.000000Z
2024-09-23T00:00:00.000000Z,0.62362027168273926,0.62739980220794678,0.62264949083328247,0.62362027168273926,0,2024-09-24T00:00:00.000000Z
2024-09-24T00:00:00.000000Z,0.62671953439712524,0.63277119398117065,0.62602901458740234,0.62671953439712524,0,2024-09-25T00:00:00.000000Z
2024-09-25T00:00:00.000000Z,0.63521909713745117,0.63550972938537598,0.62775033712387085,0.63521909713745117,0,2024-09-26T00:00:00.000000Z
2024-09-26T00:00:00.000000Z,0.62571954727172852,0.63326007127761841,0.62532830238342285,0.62571954727172852,0,2024-09-27T00:00:00.000000Z
2024-09-27T00:00:00.000000Z,0.63311976194381714,0.63674801588058472,0.62971895933151245,0.63311976194381714,0,2024-09-28T00:00:00.000000Z
2024-09-30T00:00:00.000000Z,0.63498109579086304,0.63766157627105713,0.63477957248687744,0.63498109579086304,0,2024-10-01T00:00:00.000000Z
2024-10-01T00:00:00.000000Z,0.63452982902526855,0.63477152585983276,0.62758094072341919,0.63452982902526855,0,2024-10-02T00:00:00.000000Z
2024-10-02T00:00:00.000000Z,0.62829858064651489,0.63138091564178467,0.62624859809875488,0.62829858064651489,0,2024-10-03T00:00:00.000000Z
2024-10-04T00:00:00.000000Z,0.62172812223434448,0.62199109792709351,0.61485111713409424,0.62172812223434448,0,2024-10-05T00:00:00.000000Z
2024-10-07T00:00:00.000000Z,0.61607843637466431,0.61720013618469238,0.61190897226333618,0.61607843637466431,0,2024-10-08T00:00:00.000000Z
2024-10-08T00:00:00.000000Z,0.61285024881362915,0.61454123258590698,0.61095941066741943,0.61285024881362915,0,2024-10-09T00:00:00.000000Z
2024-10-09T00:00:00.000000Z,0.6131395697593689,0.6136813759803772,0.60535985231399536,0.6131395697593689,0,2024-10-10T00:00:00.000000Z
2024-10-10T00:00:00.000000Z,0.60709083080291748,0.60941052436828613,0.60647964477539062,0.60709083080291748,0,2024-10-11T00:00:00.000000Z
2024-10-11T00:00:00.000000Z,0.6096000075340271,0.61141884326934814,0.60846126079559326,0.6096000075340271,0,2024-10-12T00:00:00.000000Z
2024-10-14T00:00:00.000000Z,0.60916924476623535,0.61028081178665161,0.60710924863815308,0.60916924476623535,0,2024-10-15T00:00:00.000000Z
2024-10-15T00:00:00.000000Z,0.60896146297454834,0.61057889461517334,0.60751128196716309,0.60896146297454834,0,2024-10-16T00:00:00.000000Z
2024-10-16T00:00:00.000000Z,0.60563117265701294,0.60802841186523438,0.60405075550079346,0.60563117265701294,0,2024-10-17T00:00:00.000000Z
2024-10-17T00:00:00.000000Z,0.60586965084075928,0.60754817724227905,0.6045912504196167,0.60586965084075928,0,2024-10-18T00:00:00.000000Z
2024-10-18T00:00:00.000000Z,0.6060715913772583,0.60799884796142578,0.60574853420257568,0.6060715913772583,0,2024-10-19T00:00:00.000000Z
2024-10-21T00:00:00.000000Z,0.60767000913619995,0.60870015621185303,0.60308897495269775,0.60767000913619995,0,2024-10-22T00:00:00.000000Z
2024-10-22T00:00:00.000000Z,0.6023297905921936,0.60610103607177734,0.60221010446548462,0.6023297905921936,0,2024-10-23T00:00:00.000000Z
2024-10-23T00:00:00.000000Z,0.60458028316497803,0.60533052682876587,0.60030853748321533,0.60458028316497803,0,2024-10-24T00:00:00.000000Z
2024-10-24T00:00:00.000000Z,0.60061866044998169,0.60323816537857056,0.60011041164398193,0.60061866044998169,0,2024-10-25T00:00:00.000000Z
2024-10-25T00:00:00.000000Z,0.60083878040313721,0.60136991739273071,0.59883826971054077,0.60083878040313721,0,2024-10-26T00:00:00.000000Z
2024-10-28T00:00:00.000000Z,0.5979001522064209,0.59980088472366333,0.59586942195892334,0.5979001522064209,0,2024-10-29T00:00:00.000000Z
2024-10-29T00:00:00.000000Z,0.59863001108169556,0.5990104079246521,0.59540998935699463,0.59863001108169556,0,2024-10-30T00:00:00.000000Z
2024-10-30T00:00:00.000000Z,0.5971183180809021,0.60022926330566406,0.59524160623550415,0.5971183180809021,0,2024-10-31T00:00:00.000000Z
2024-10-31T00:00:00.000000Z,0.59711122512817383,0.59832948446273804,0.59409940242767334,0.59711122512817383,0,2024-11-01T00:00:00.000000Z
2024-11-01T00:00:00.000000Z,0.59715038537979126,0.59981167316436768,0.5964202880859375,0.59715038537979126,0,2024-11-02T00:00:00.000000Z
2024-11-04T00:00:00.000000Z,0.59874147176742554,0.60156166553497314,0.59745007753372192,0.59874147176742554,0,2024-11-05T00:00:00.000000Z
2024-11-05T00:00:00.000000Z,0.59737157821655273,0.60108077526092529,0.59682965278625488,0.59737157821655273,0,2024-11-06T00:00:00.000000Z
2024-11-06T00:00:00.000000Z,0.60165935754776001,0.60202157497406006,0.59140104055404663,0.60165935754776001,0,2024-11-07T00:00:00.000000Z
2024-11-07T00:00:00.000000Z,0.59388065338134766,0.60382097959518433,0.59319019317626953,0.59388065338134766,0,2024-11-08T00:00:00.000000Z
2024-11-08T00:00:00.000000Z,0.60222822427749634,0.60244953632354736,0.59606832265853882,0.60222822427749634,0,2024-11-09T00:00:00.000000Z
2024-11-11T00:00:00.000000Z,0.59663021564483643,0.59810006618499756,0.59525936841964722,0.59663021564483643,0,2024-11-12T00:00:00.000000Z
2024-11-12T00:00:00.000000Z,0.59691160917282104,0.59713971614837646,0.59163898229598999,0.59691160917282104,0,2024-11-13T00:00:00.000000Z
2024-11-13T00:00:00.000000Z,0.59232938289642334,0.59461164474487305,0.58851915597915649,0.59232938289642334,0,2024-11-14T00:00:00.000000Z
2024-11-14T00:00:00.000000Z,0.58829069137573242,0.58850014209747314,0.58515119552612305,0.58829069137573242,0,2024-11-15T00:00:00.000000Z
2024-11-15T00:00:00.000000Z,0.5849800705909729,0.58795171976089478,0.58415991067886353,0.5849800705909729,0,2024-11-16T00:00:00.000000Z
2024-11-18T00:00:00.000000Z,0.58632111549377441,0.58814877271652222,0.58370983600616455,0.58632111549377441,0,2024-11-19T00:00:00.000000Z
2024-11-19T00:00:00.000000Z,0.58907037973403931,0.59080004692077637,0.58757859468460083,0.58907037973403931,0,2024-11-20T00:00:00.000000Z
2024-11-20T00:00:00.000000Z,0.59196120500564575,0.59224164485931396,0.58653092384338379,0.59196120500564575,0,2024-11-21T00:00:00.000000Z
2024-11-21T00:00:00.000000Z,0.58840000629425049,0.5886196494102478,0.58514094352722168,0.58840000629425049,0,2024-11-22T00:00:00.000000Z
2024-11-22T00:00:00.000000Z,0.58574074506759644,0.58580935001373291,0.58171999454498291,0.58574074506759644,0,2024-11-23T00:00:00.000000Z
2024-11-25T00:00:00.000000Z,0.58621114492416382,0.58684068918228149,0.58364850282669067,0.58621114492416382,0,2024-11-26T00:00:00.000000Z
2024-11-26T00:00:00.000000Z,0.58112841844558716,0.58659970760345459,0.5798109769821167,0.58112841844558716,0,2024-11-27T00:00:00.000000Z
2024-11-27T00:00:00.000000Z,0.58370983600616455,0.59085941314697266,0.58315837383270264,0.58370983600616455,0,2024-11-28T00:00:00.000000Z
2024-11-28T00:00:00.000000Z,0.58934116363525391,0.59055930376052856,0.58819031715393066,0.58934116363525391,0,2024-11-29T00:00:00.000000Z
2024-11-29T00:00:00.000000Z,0.58964002132415771,0.59285956621170044,0.58943843841552734,0.58964002132415771,0,2024-11-30T00:00:00.000000Z
2024-12-02T00:00:00.000000Z,0.59060990810394287,0.59110039472579956,0.58649992942810059,0.59065002202987671,0,2024-12-03T00:00:00.000000Z
2024-12-03T00:00:00.000000Z,0.58843952417373657,0.59051048755645752,0.58659970760345459,0.58846026659011841,0,2024-12-04T00:00:00.000000Z
2024-12-04T00:00:00.000000Z,0.58826988935470581,0.5884706974029541,0.58306998014450073,0.5882110595703125,0,2024-12-05T00:00:00.000000Z
2024-12-05T00:00:00.000000Z,0.58576130867004395,0.58815920352935791,0.58532935380935669,0.58572018146514893,0,2024-12-06T00:00:00.000000Z
2024-12-06T00:00:00.000000Z,0.58825951814651489,0.58828026056289673,0.58279132843017578,0.58822143077850342,0,2024-12-07T00:00:00.000000Z
2024-12-09T00:00:00.000000Z,0.5835803747177124,0.58881020545959473,0.58055156469345093,0.58388024568557739,0,2024-12-10T00:00:00.000000Z
2024-12-11T00:00:00.000000Z,0.58018100261688232,0.58087867498397827,0.5762791633605957,0.58022141456604004,0,2024-12-12T00:00:00.000000Z
2024-12-12T00:00:00.000000Z,0.57935076951980591,0.58179110288619995,0.57723057270050049,0.5794212818145752,0,2024-12-13T00:00:00.000000Z
2024-12-13T00:00:00.000000Z,0.57687091827392578,0.57780086994171143,0.57551968097686768,0.5770307183265686,0,2024-12-14T00:00:00.000000Z
2024-12-16T00:00:00.000000Z,0.57718056440353394,0.57863003015518188,0.5760999321937561,0.57707065343856812,0,2024-12-17T00:00:00.000000Z
2024-12-17T00:00:00.000000Z,0.57925009727478027,0.57934069633483887,0.57524162530899048,0.57919979095458984,0,2024-12-18T00:00:00.000000Z
2024-12-18T00:00:00.000000Z,0.57577157020568848,0.57600003480911255,0.5716702938079834,0.57581132650375366,0,2024-12-19T00:00:00.000000Z
2024-12-19T00:00:00.000000Z,0.5619208812713623,0.56625139713287354,0.56088989973068237,0.56173145771026611,0,2024-12-20T00:00:00.000000Z
2024-12-20T00:00:00.000000Z,0.56262904405593872,0.56649845838546753,0.56138145923614502,0.56274998188018799,0,2024-12-21T00:00:00.000000Z
2024-12-23T00:00:00.000000Z,0.56516015529632568,0.5661584734916687,0.56334853172302246,0.56516015529632568,0,2024-12-24T00:00:00.000000Z
2024-12-24T00:00:00.000000Z,0.56461131572723389,0.56540012359619141,0.56351041793823242,0.56465911865234375,0,2024-12-25T00:00:00.000000Z
2024-12-25T00:00:00.000000Z,0.56480008363723755,0.58878010511398315,0.56430000066757202,0.56480008363723755,0,2024-12-26T00:00:00.000000Z
2024-12-26T00:00:00.000000Z,0.56516975164413452,0.5662001371383667,0.5622715950012207,0.5650898814201355,0,2024-12-27T00:00:00.000000Z
2024-12-27T00:00:00.000000Z,0.56260055303573608,0.56450003385543823,0.56146973371505737,0.56255942583084106,0,2024-12-28T00:00:00.000000Z
2024-12-30T00:00:00.000000Z,0.56388860940933228,0.56649845838546753,0.56299018859863281,0.56393945217132568,0,2024-12-31T00:00:00.000000Z
2024-12-31T00:00:00.000000Z,0.56399989128112793,0.56470060348510742,0.55929040908813477,0.56397128105163574,0,2025-01-01T00:00:00.000000Z
2025-01-02T00:00:00.000000Z,0.55984145402908325,0.56248980760574341,0.55919969081878662,0.55984145402908325,0,2025-01-03T00:00:00.000000Z
2025-01-06T00:00:00.000000Z,0.56173145771026611,0.56844985485076904,0.56146025657653809,0.56160843372344971,0,2025-01-07T00:00:00.000000Z
2025-01-07T00:00:00.000000Z,0.5638313889503479,0.56923943758010864,0.56365019083023071,0.5639108419418335,0,2025-01-08T00:00:00.000000Z
2025-01-08T00:00:00.000000Z,0.56345009803771973,0.56450003385543823,0.55904024839401245,0.56354856491088867,0,2025-01-09T00:00:00.000000Z
2025-01-09T00:00:00.000000Z,0.56061983108520508,0.56061983108520508,0.55731105804443359,0.56054002046585083,0,2025-01-10T00:00:00.000000Z
2025-01-10T00:00:00.000000Z,0.55939048528671265,0.56028997898101807,0.55455118417739868,0.55935013294219971,0,2025-01-11T00:00:00.000000Z
2025-01-13T00:00:00.000000Z,0.55640870332717896,0.55723035335540771,0.55433911085128784,0.55647993087768555,0,2025-01-14T00:00:00.000000Z
2025-01-14T00:00:00.000000Z,0.56018954515457153,0.56312966346740723,0.55864983797073364,0.56041878461837769,0,2025-01-15T00:00:00.000000Z
2025-01-15T00:00:00.000000Z,0.56028997898101807,0.56515055894851685,0.55972987413406372,0.56029939651489258,0,2025-01-16T00:00:00.000000Z
2025-01-16T00:00:00.000000Z,0.56282854080200195,0.56329143047332764,0.55850005149841309,0.56282854080200195,0,2025-01-17T00:00:00.000000Z
2025-01-17T00:00:00.000000Z,0.56074869632720947,0.56158006191253662,0.55643969774246216,0.56080847978591919,0,2025-01-18T00:00:00.000000Z
2025-01-21T00:00:00.000000Z,0.56817859411239624,0.56891882419586182,0.56183874607086182,0.56817859411239624,0,2025-01-22T00:00:00.000000Z
2025-01-22T00:00:00.000000Z,0.56620973348617554,0.56884115934371948,0.56501001119613647,0.56609112024307251,0,2025-01-23T00:00:00.000000Z
2025-01-23T00:00:00.000000Z,0.56636041402816772,0.56830132007598877,0.56505155563354492,0.56636041402816772,0,2025-01-24T00:00:00.000000Z
2025-01-24T00:00:00.000000Z,0.56754976511001587,0.57225918769836426,0.56723105907440186,0.56754976511001587,0,2025-01-25T00:00:00.000000Z
2025-01-27T00:00:00.000000Z,0.56945013999938965,0.57048970460891724,0.56775921583175659,0.56922972202301025,0,2025-01-28T00:00:00.000000Z
2025-01-28T00:00:00.000000Z,0.56653052568435669,0.56726968288421631,0.56493985652923584,0.56681948900222778,0,2025-01-29T00:00:00.000000Z
2025-01-29T00:00:00.000000Z,0.5664791464805603,0.56686133146286011,0.56353902816772461,0.56655937433242798,0,2025-01-30T00:00:00.000000Z
2025-01-30T00:00:00.000000Z,0.56661075353622437,0.56684845685958862,0.5639808177947998,0.56652086973190308,0,2025-01-31T00:00:00.000000Z
2025-01-31T00:00:00.000000Z,0.56357079744338989,0.56671994924545288,0.56273037195205688,0.56364065408706665,0,2025-02-01T00:00:00.000000Z
2025-02-03T00:00:00.000000Z,0.55700063705444336,0.56062924861907959,0.55177891254425049,0.5569603443145752,0,2025-02-04T00:00:00.000000Z
2025-02-04T00:00:00.000000Z,0.56292992830276489,0.56516975164413452,0.55830985307693481,0.5626797080039978,0,2025-02-05T00:00:00.000000Z
2025-02-05T00:00:00.000000Z,0.56487917900085449,0.57023924589157104,0.56470060348510742,0.56484091281890869,0,2025-02-06T00:00:00.000000Z
2025-02-06T00:00:00.000000Z,0.56886059045791626,0.5691487193107605,0.56532949209213257,0.56892853975296021,0,2025-02-07T00:00:00.000000Z
2025-02-07T00:00:00.000000Z,0.56747895479202271,0.56957989931106567,0.56471973657608032,0.56748855113983154,0,2025-02-08T00:00:00.000000Z
2025-02-10T00:00:00.000000Z,0.56462085247039795,0.56643104553222656,0.56400942802429199,0.56473881006240845,0,2025-02-11T00:00:00.000000Z
2025-02-11T00:00:00.000000Z,0.56351995468139648,0.56595981121063232,0.56305038928985596,0.56350088119506836,0,2025-02-12T00:00:00.000000Z
2025-02-12T00:00:00.000000Z,0.56589895486831665,0.56724071502685547,0.56028997898101807,0.56593096256256104,0,2025-02-13T00:00:00.000000Z
2025-02-13T00:00:00.000000Z,0.56423854827880859,0.56623858213424683,0.56236010789871216,0.56413990259170532,0,2025-02-14T00:00:00.000000Z
2025-02-14T00:00:00.000000Z,0.56810110807418823,0.57348001003265381,0.56769150495529175,0.56800109148025513,0,2025-02-15T00:00:00.000000Z
2025-02-17T00:00:00.000000Z,0.57331889867782593,0.57500016689300537,0.57296085357666016,0.57329916954040527,0,2025-02-18T00:00:00.000000Z
2025-02-19T00:00:00.000000Z,0.57048970460891724,0.57326960563659668,0.56792044639587402,0.57051903009414673,0,2025-02-20T00:00:00.000000Z
2025-02-20T00:00:00.000000Z,0.57018071413040161,0.57596057653427124,0.56955069303512573,0.57011896371841431,0,2025-02-21T00:00:00.000000Z
2025-02-21T00:00:00.000000Z,0.57655167579650879,0.57719993591308594,0.57473903894424438,0.57642865180969238,0,2025-02-22T00:00:00.000000Z
2025-02-24T00:00:00.000000Z,0.5750199556350708,0.57706063985824585,0.57324987649917603,0.57511919736862183,0,2025-02-25T00:00:00.000000Z
2025-02-25T00:00:00.000000Z,0.57274097204208374,0.57394081354141235,0.57091963291168213,0.5726589560508728,0,2025-02-26T00:00:00.000000Z
2025-02-26T00:00:00.000000Z,0.57310861349105835,0.57332873344421387,0.56896090507507324,0.57310861349105835,0,2025-02-27T00:00:00.000000Z
2025-02-27T00:00:00.000000Z,0.56989151239395142,0.56999999284744263,0.56392991542816162,0.5699889063835144,0,2025-02-28T00:00:00.000000Z
2025-02-28T00:00:00.000000Z,0.56273037195205688,0.56293946504592896,0.55974996089935303,0.56272083520889282,0,2025-03-01T00:00:00.000000Z
2025-03-03T00:00:00.000000Z,0.56043130159378052,0.56354856491088867,0.55944997072219849,0.56051927804946899,0,2025-03-04T00:00:00.000000Z
2025-03-04T00:00:00.000000Z,0.56124913692474365,0.56442010402679443,0.55975997447967529,0.56134045124053955,0,2025-03-05T00:00:00.000000Z
2025-03-05T00:00:00.000000Z,0.56613922119140625,0.57183051109313965,0.56387901306152344,0.5661584734916687,0,2025-03-06T00:00:00.000000Z
2025-03-06T00:00:00.000000Z,0.57287877798080444,0.57576161623001099,0.57213151454925537,0.57296085357666016,0,2025-03-07T00:00:00.000000Z
2025-03-07T00:00:00.000000Z,0.57362145185470581,0.57419127225875854,0.56969994306564331,0.57366091012954712,0,2025-03-08T00:00:00.000000Z
2025-03-10T00:00:00.000000Z,0.57094895839691162,0.57434958219528198,0.57057106494903564,0.57105982303619385,0,2025-03-11T00:00:00.000000Z
2025-03-11T00:00:00.000000Z,0.56960910558700562,0.57143837213516235,0.56789141893386841,0.56950849294662476,0,2025-03-12T00:00:00.000000Z
2025-03-12T00:00:00.000000Z,0.57130122184753418,0.57390123605728149,0.56991100311279297,0.57120990753173828,0,2025-03-13T00:00:00.000000Z
2025-03-13T00:00:00.000000Z,0.57381892204284668,0.57420116662979126,0.56841111183166504,0.5737004280090332,0,2025-03-14T00:00:00.000000Z
2025-03-14T00:00:00.000000Z,0.57028990983963013,0.57492083311080933,0.5697096586227417,0.57031077146530151,0,2025-03-15T00:00:00.000000Z
2025-03-17T00:00:00.000000Z,0.57518869638442993,0.58136153221130371,0.57470935583114624,0.57525151968002319,0,2025-03-18T00:00:00.000000Z
2025-03-18T00:00:00.000000Z,0.58243829011917114,0.58319920301437378,0.57993876934051514,0.58246886730194092,0,2025-03-19T00:00:00.000000Z
2025-03-19T00:00:00.000000Z,0.58190959692001343,0.58229994773864746,0.5777207612991333,0.58185881376266479,0,2025-03-20T00:00:00.000000Z
2025-03-21T00:00:00.000000Z,0.57626926898956299,0.57679110765457153,0.57283937931060791,0.57618951797485352,0,2025-03-22T00:00:00.000000Z
2025-03-24T00:00:00.000000Z,0.57449144124984741,0.57502990961074829,0.5718991756439209,0.57454091310501099,0,2025-03-25T00:00:00.000000Z
2025-03-25T00:00:00.000000Z,0.57274097204208374,0.57513904571533203,0.57123923301696777,0.57267862558364868,0,2025-03-26T00:00:00.000000Z
2025-03-26T00:00:00.000000Z,0.57337146997451782,0.57634896039962769,0.57183051109313965,0.57330906391143799,0,2025-03-27T00:00:00.000000Z
2025-03-27T00:00:00.000000Z,0.57185989618301392,0.57560914754867554,0.57185989618301392,0.5718991756439209,0,2025-03-28T00:00:00.000000Z
2025-03-28T00:00:00.000000Z,0.57357865571975708,0.57364118099212646,0.5711599588394165,0.57364118099212646,0,2025-03-29T00:00:00.000000Z
2025-03-31T00:00:00.000000Z,0.57072091102600098,0.57229846715927124,0.56501001119613647,0.57071107625961304,0,2025-04-01T00:00:00.000000Z
2025-04-01T00:00:00.000000Z,0.56698983907699585,0.57052874565124512,0.56638932228088379,0.56705093383789062,0,2025-04-02T00:00:00.000000Z
2025-04-02T00:00:00.000000Z,0.57126861810684204,0.57479989528656006,0.57034981250762939,0.57138937711715698,0,2025-04-03T00:00:00.000000Z
2025-04-03T00:00:00.000000Z,0.57271140813827515,0.58516144752502441,0.57218056917190552,0.57276064157485962,0,2025-04-04T00:00:00.000000Z
2025-04-04T00:00:00.000000Z,0.57887119054794312,0.57975047826766968,0.5574602484703064,0.57866019010543823,0,2025-04-05T00:00:00.000000Z
2025-04-07T00:00:00.000000Z,0.55508065223693848,0.56449019908905029,0.55222076177597046,0.55413943529129028,0,2025-04-08T00:00:00.000000Z
2025-04-08T00:00:00.000000Z,0.5535811185836792,0.56261956691741943,0.5535811185836792,0.55370986461639404,0,2025-04-09T00:00:00.000000Z
2025-04-09T00:00:00.000000Z,0.55152028799057007,0.55930912494659424,0.54907041788101196,0.55184894800186157,0,2025-04-10T00:00:00.000000Z
2025-04-10T00:00:00.000000Z,0.5638313889503479,0.57522833347320557,0.56294894218444824,0.56372010707855225,0,2025-04-11T00:00:00.000000Z
2025-04-11T00:00:00.000000Z,0.57480847835540771,0.58388024568557739,0.57465982437133789,0.57478863000869751,0,2025-04-12T00:00:00.000000Z
2025-04-14T00:00:00.000000Z,0.58399957418441772,0.58925086259841919,0.58322983980178833,0.58363145589828491,0,2025-04-15T00:00:00.000000Z
2025-04-15T00:00:00.000000Z,0.58656871318817139,0.5944596529006958,0.58656871318817139,0.58669954538345337,0,2025-04-16T00:00:00.000000Z
2025-04-16T00:00:00.000000Z,0.58953922986984253,0.59309870004653931,0.5893099308013916,0.58954966068267822,0,2025-04-17T00:00:00.000000Z
2025-04-17T00:00:00.000000Z,0.59366911649703979,0.59732162952423096,0.59011983871459961,0.59353870153427124,0,2025-04-18T00:00:00.000000Z
2025-04-22T00:00:00.000000Z,0.60008162260055542,0.60297995805740356,0.59831154346466064,0.60000956058502197,0,2025-04-23T00:00:00.000000Z
2025-04-24T00:00:00.000000Z,0.59509992599487305,0.5991898775100708,0.5943712592124939,0.59524160623550415,0,2025-04-25T00:00:00.000000Z
2025-04-25T00:00:00.000000Z,0.598899245262146,0.59995919466018677,0.59500080347061157,0.59879881143569946,0,2025-04-26T00:00:00.000000Z
2025-04-28T00:00:00.000000Z,0.59495836496353149,0.59824001789093018,0.59301078319549561,0.59494060277938843,0,2025-04-29T00:00:00.000000Z
2025-04-29T00:00:00.000000Z,0.59713971614837646,0.59864109754562378,0.59281039237976074,0.59720033407211304,0,2025-04-30T00:00:00.000000Z
2025-04-30T00:00:00.000000Z,0.59391945600509644,0.59492999315261841,0.59000879526138306,0.59366911649703979,0,2025-05-01T00:00:00.000000Z
2025-05-01T00:00:00.000000Z,0.59377133846282959,0.59516012668609619,0.58958089351654053,0.59383130073547363,0,2025-05-02T00:00:00.000000Z
2025-05-02T00:00:00.000000Z,0.59129959344863892,0.59772145748138428,0.59084892272949219,0.59134852886199951,0,2025-05-03T00:00:00.000000Z
2025-05-05T00:00:00.000000Z,0.59501141309738159,0.59966057538986206,0.59424060583114624,0.59520971775054932,0,2025-05-06T00:00:00.000000Z
2025-05-06T00:00:00.000000Z,0.59615004062652588,0.60055011510848999,0.59456920623779297,0.59613943099975586,0,2025-05-07T00:00:00.000000Z
2025-05-07T00:00:00.000000Z,0.6014711856842041,0.60223913192749023,0.59735018014907837,0.60151100158691406,0,2025-05-08T00:00:00.000000Z
2025-05-08T00:00:00.000000Z,0.59395825862884521,0.59755009412765503,0.59156894683837891,0.59401822090148926,0,2025-05-09T00:00:00.000000Z
2025-05-09T00:00:00.000000Z,0.59013062715530396,0.59203124046325684,0.58727836608886719,0.58991831541061401,0,2025-05-10T00:00:00.000000Z
2025-05-12T00:00:00.000000Z,0.59190160036087036,0.593799889087677,0.58612865209579468,0.59206980466842651,0,2025-05-13T00:00:00.000000Z
2025-05-13T00:00:00.000000Z,0.58622145652770996,0.59383130073547363,0.584850013256073,0.58612865209579468,0,2025-05-14T00:00:00.000000Z
2025-05-14T00:00:00.000000Z,0.59377843141555786,0.59692937135696411,0.59112834930419922,0.59359157085418701,0,2025-05-15T00:00:00.000000Z
2025-05-15T00:00:00.000000Z,0.58975130319595337,0.5914115309715271,0.58620083332061768,0.58964002132415771,0,2025-05-16T00:00:00.000000Z
2025-05-16T00:00:00.000000Z,0.58731979131698608,0.5918000340461731,0.58670985698699951,0.58737152814865112,0,2025-05-17T00:00:00.000000Z
2025-05-19T00:00:00.000000Z,0.58870971202850342,0.593330979347229,0.58812111616134644,0.5886993408203125,0,2025-05-20T00:00:00.000000Z
2025-05-20T00:00:00.000000Z,0.59300023317337036,0.59327113628387451,0.58957052230834961,0.59309870004653931,0,2025-05-21T00:00:00.000000Z
2025-05-21T00:00:00.000000Z,0.59284907579421997,0.59650921821594238,0.59250831604003906,0.59274011850357056,0,2025-05-22T00:00:00.000000Z
2025-05-22T00:00:00.000000Z,0.5934295654296875,0.59418058395385742,0.58958089351654053,0.59334856271743774,0,2025-05-23T00:00:00.000000Z
2025-05-23T00:00:00.000000Z,0.58989048004150391,0.59783941507339478,0.58974087238311768,0.58976173400878906,0,2025-05-24T00:00:00.000000Z
2025-05-26T00:00:00.000000Z,0.59926891326904297,0.60324907302856445,0.59916114807128906,0.59916836023330688,0,2025-05-27T00:00:00.000000Z
2025-05-27T00:00:00.000000Z,0.59952038526535034,0.60070884227752686,0.59421944618225098,0.59947007894515991,0,2025-05-28T00:00:00.000000Z
2025-05-28T00:00:00.000000Z,0.59491938352584839,0.5979609489440918,0.59249073266983032,0.59481006860733032,0,2025-05-29T00:00:00.000000Z
2025-05-29T00:00:00.000000Z,0.59556066989898682,0.59927964210510254,0.59271901845932007,0.59590846300125122,0,2025-05-30T00:00:00.000000Z
2025-05-30T00:00:00.000000Z,0.59772145748138428,0.59906065464019775,0.59489107131958008,0.59786087274551392,0,2025-05-31T00:00:00.000000Z
2025-06-03T00:00:00.000000Z,0.60489112138748169,0.60552114248275757,0.59898173809051514,0.60478872060775757,0,2025-06-04T00:00:00.000000Z
2025-06-04T00:00:00.000000Z,0.60060060024261475,0.60346025228500366,0.59935146570205688,0.60061138868331909,0,2025-06-05T00:00:00.000000Z
2025-06-05T00:00:00.000000Z,0.60268920660018921,0.60809123516082764,0.60268920660018921,0.60274004936218262,0,2025-06-06T00:00:00.000000Z
2025-06-06T00:00:00.000000Z,0.60425150394439697,0.60530012845993042,0.60074853897094727,0.6042296290397644,0,2025-06-07T00:00:00.000000Z
2025-06-09T00:00:00.000000Z,0.6023297905921936,0.60658997297286987,0.60151821374893188,0.60242050886154175,0,2025-06-10T00:00:00.000000Z
2025-06-10T00:00:00.000000Z,0.60504120588302612,0.60600000619888306,0.60291993618011475,0.60508877038955688,0,2025-06-11T00:00:00.000000Z
2025-06-11T00:00:00.000000Z,0.60603857040405273,0.60649067163467407,0.602558434009552,0.60591000318527222,0,2025-06-12T00:00:00.000000Z
2025-06-12T00:00:00.000000Z,0.60374075174331665,0.60720139741897583,0.60069078207015991,0.60365986824035645,0,2025-06-13T00:00:00.000000Z
2025-06-13T00:00:00.000000Z,0.60658997297286987,0.60664153099060059,0.59967857599258423,0.60652011632919312,0,2025-06-14T00:00:00.000000Z
2025-06-16T00:00:00.000000Z,0.60178971290588379,0.60880947113037109,0.60053932666778564,0.60390013456344604,0,2025-06-17T00:00:00.000000Z
2025-06-17T00:00:00.000000Z,0.60534888505935669,0.60802102088928223,0.60455840826034546,0.60492038726806641,0,2025-06-18T00:00:00.000000Z
2025-06-18T00:00:00.000000Z,0.60205060243606567,0.60493874549865723,0.60177165269851685,0.60193824768066406,0,2025-06-19T00:00:00.000000Z
2025-06-19T00:00:00.000000Z,0.60296899080276489,0.60312175750732422,0.59605056047439575,0.60295087099075317,0,2025-06-20T00:00:00.000000Z
2025-06-20T00:00:00.000000Z,0.60015004873275757,0.60086041688919067,0.59654128551483154,0.60008162260055542,0,2025-06-21T00:00:00.000000Z
2025-06-23T00:00:00.000000Z,0.59635984897613525,0.59655904769897461,0.58846026659011841,0.59621047973632812,0,2025-06-24T00:00:00.000000Z
2025-06-24T00:00:00.000000Z,0.59962105751037598,0.60410916805267334,0.59896022081375122,0.59953832626342773,0,2025-06-25T00:00:00.000000Z
2025-06-25T00:00:00.000000Z,0.60118913650512695,0.60406899452209473,0.60110998153686523,0.60113131999969482,0,2025-06-26T00:00:00.000000Z
2025-06-26T00:00:00.000000Z,0.60537815093994141,0.60740053653717041,0.60304903984069824,0.6055908203125,0,2025-06-27T00:00:00.000000Z
2025-06-27T00:00:00.000000Z,0.60617077350616455,0.60786950588226318,0.60533052682876587,0.60589903593063354,0,2025-06-28T00:00:00.000000Z
2025-06-30T00:00:00.000000Z,0.60642081499099731,0.60908019542694092,0.60581827163696289,0.60639870166778564,0,2025-07-01T00:00:00.000000Z
2025-07-01T00:00:00.000000Z,0.60918039083480835,0.61211872100830078,0.60785835981369019,0.60923975706100464,0,2025-07-02T00:00:00.000000Z
2025-07-02T00:00:00.000000Z,0.61004996299743652,0.61067956686019897,0.60515838861465454,0.61007976531982422,0,2025-07-03T00:00:00.000000Z
2025-07-03T00:00:00.000000Z,0.60903936624526978,0.60935854911804199,0.60324907302856445,0.60893923044204712,0,2025-07-04T00:00:00.000000Z
2025-07-04T00:00:00.000000Z,0.60792118310928345,0.60827988386154175,0.60515838861465454,0.608009934425354,0,2025-07-05T00:00:00.000000Z
2025-07-07T00:00:00.000000Z,0.60489112138748169,0.60540014505386353,0.59899967908859253,0.60512173175811768,0,2025-07-08T00:00:00.000000Z
2025-07-08T00:00:00.000000Z,0.60088932514190674,0.60296899080276489,0.59811115264892578,0.60078102350234985,0,2025-07-09T00:00:00.000000Z
2025-07-09T00:00:00.000000Z,0.59935146570205688,0.6014784574508667,0.59775006771087646,0.59935867786407471,0,2025-07-10T00:00:00.000000Z
2025-07-10T00:00:00.000000Z,0.59995919466018677,0.6025998592376709,0.59970986843109131,0.59984046220779419,0,2025-07-11T00:00:00.000000Z
2025-07-11T00:00:00.000000Z,0.60420042276382446,0.60420042276382446,0.60021847486495972,0.60417121648788452,0,2025-07-12T00:00:00.000000Z
2025-07-14T00:00:00.000000Z,0.60086041688919067,0.6016000509262085,0.59721100330352783,0.60069078207015991,0,2025-07-15T00:00:00.000000Z
2025-07-15T00:00:00.000000Z,0.59712898731231689,0.60061866044998169,0.59401118755340576,0.59718960523605347,0,2025-07-16T00:00:00.000000Z
2025-07-16T00:00:00.000000Z,0.59568840265274048,0.59696143865585327,0.59140104055404663,0.59542948007583618,0,2025-07-17T00:00:00.000000Z
2025-07-18T00:00:00.000000Z,0.59453028440475464,0.5991288423538208,0.59435009956359863,0.59443140029907227,0,2025-07-19T00:00:00.000000Z
2025-07-21T00:00:00.000000Z,0.59531962871551514,0.59856939315795898,0.59404009580612183,0.59528058767318726,0,2025-07-22T00:00:00.000000Z
2025-07-22T00:00:00.000000Z,0.59698998928070068,0.60012125968933105,0.59421944618225098,0.59696143865585327,0,2025-07-23T00:00:00.000000Z
2025-07-23T00:00:00.000000Z,0.5999988317489624,0.60477042198181152,0.59954911470413208,0.60000956058502197,0,2025-07-24T00:00:00.000000Z
2025-07-24T00:00:00.000000Z,0.60486918687820435,0.60609990358352661,0.60371893644332886,0.60478144884109497,0,2025-07-25T00:00:00.000000Z
2025-07-25T00:00:00.000000Z,0.60371160507202148,0.60391944646835327,0.60002040863037109,0.60371160507202148,0,2025-07-26T00:00:00.000000Z
2025-07-28T00:00:00.000000Z,0.60207957029342651,0.60328912734985352,0.59693008661270142,0.60193097591400146,0,2025-07-29T00:00:00.000000Z
2025-07-29T00:00:00.000000Z,0.59718960523605347,0.5976715087890625,0.59439957141876221,0.59718960523605347,0,2025-07-30T00:00:00.000000Z
2025-07-30T00:00:00.000000Z,0.59574872255325317,0.59717893600463867,0.5910305380821228,0.59546136856079102,0,2025-07-31T00:00:00.000000Z
2025-07-31T00:00:00.000000Z,0.59076166152954102,0.59375017881393433,0.58911895751953125,0.59076863527297974,0,2025-08-01T00:00:00.000000Z
2025-08-01T00:00:00.000000Z,0.58876866102218628,0.59290879964828491,0.58578872680664062,0.58886921405792236,0,2025-08-02T00:00:00.000000Z
2025-08-04T00:00:00.000000Z,0.59156894683837891,0.59302133321762085,0.59044075012207031,0.59141850471496582,0,2025-08-05T00:00:00.000000Z
2025-08-05T00:00:00.000000Z,0.59184902906417847,0.59225916862487793,0.58825951814651489,0.59169846773147583,0,2025-08-06T00:00:00.000000Z
2025-08-06T00:00:00.000000Z,0.59084892272949219,0.59384888410568237,0.59056979417800903,0.59092921018600464,0,2025-08-07T00:00:00.000000Z
2025-08-07T00:00:00.000000Z,0.59281039237976074,0.59669077396392822,0.59242057800292969,0.59284907579421997,0,2025-08-08T00:00:00.000000Z
2025-08-08T00:00:00.000000Z,0.59701848030090332,0.59716111421585083,0.59496891498565674,0.59701138734817505,0,2025-08-09T00:00:00.000000Z
2025-08-11T00:00:00.000000Z,0.59482032060623169,0.59596884250640869,0.59262067079544067,0.59492999315261841,0,2025-08-12T00:00:00.000000Z
2025-08-12T00:00:00.000000Z,0.5940711498260498,0.59663021564483643,0.5913698673248291,0.59404999017715454,0,2025-08-13T00:00:00.000000Z
2025-08-13T00:00:00.000000Z,0.59585165977478027,0.59990018606185913,0.59456992149353027,0.59578067064285278,0,2025-08-14T00:00:00.000000Z
2025-08-14T00:00:00.000000Z,0.59809005260467529,0.59917914867401123,0.59133106470108032,0.59810042381286621,0,2025-08-15T00:00:00.000000Z
2025-08-15T00:00:00.000000Z,0.59224164485931396,0.59397941827774048,0.59090131521224976,0.59210836887359619,0,2025-08-16T00:00:00.000000Z
2025-08-18T00:00:00.000000Z,0.59301078319549561,0.59459996223449707,0.59107941389083862,0.59285956621170044,0,2025-08-19T00:00:00.000000Z
2025-08-19T00:00:00.000000Z,0.59251886606216431,0.59310925006866455,0.59007143974304199,0.59237843751907349,0,2025-08-20T00:00:00.000000Z
2025-08-20T00:00:00.000000Z,0.58989048004150391,0.58989048004150391,0.5816083550453186,0.58976870775222778,0,2025-08-21T00:00:00.000000Z
2025-08-21T00:00:00.000000Z,0.58285009860992432,0.58326041698455811,0.58122974634170532,0.58281850814819336,0,2025-08-22T00:00:00.000000Z
2025-08-22T00:00:00.000000Z,0.58217042684555054,0.58760964870452881,0.58012044429779053,0.58223146200180054,0,2025-08-23T00:00:00.000000Z
2025-08-25T00:00:00.000000Z,0.58655017614364624,0.58813846111297607,0.58536016941070557,0.58654123544692993,0,2025-08-26T00:00:00.000000Z
2025-08-26T00:00:00.000000Z,0.58495950698852539,0.58652061223983765,0.58290004730224609,0.58491843938827515,0,2025-08-27T00:00:00.000000Z
2025-08-27T00:00:00.000000Z,0.58610016107559204,0.58612865209579468,0.58194005489349365,0.58584028482437134,0,2025-08-28T00:00:00.000000Z
2025-08-28T00:00:00.000000Z,0.58620083332061768,0.58859884738922119,0.58550065755844116,0.58611834049224854,0,2025-08-29T00:00:00.000000Z
2025-08-29T00:00:00.000000Z,0.58842015266418457,0.59062910079956055,0.58826988935470581,0.58850878477096558,0,2025-08-30T00:00:00.000000Z
2025-09-01T00:00:00.000000Z,0.58976173400878906,0.59154093265533447,0.58905994892120361,0.58968871831893921,0,2025-09-02T00:00:00.000000Z
2025-09-02T00:00:00.000000Z,0.59067094326019287,0.59088039398193359,0.58400982618331909,0.59062910079956055,0,2025-09-03T00:00:00.000000Z
2025-09-03T00:00:00.000000Z,0.5862695574760437,0.58825951814651489,0.58429986238479614,0.58616989850997925,0,2025-09-04T00:00:00.000000Z
2025-09-04T00:00:00.000000Z,0.58822143077850342,0.58896976709365845,0.58343058824539185,0.58811074495315552,0,2025-09-05T00:00:00.000000Z
2025-09-08T00:00:00.000000Z,0.58883106708526611,0.59462928771972656,0.58834952116012573,0.58886986970901489,0,2025-09-09T00:00:00.000000Z
2025-09-09T00:00:00.000000Z,0.59450912475585938,0.59602922201156616,0.59271901845932007,0.59450912475585938,0,2025-09-10T00:00:00.000000Z
2025-09-10T00:00:00.000000Z,0.59270846843719482,0.5964999794960022,0.59223109483718872,0.59259998798370361,0,2025-09-11T00:00:00.000000Z
2025-09-11T00:00:00.000000Z,0.5943712592124939,0.5972716212272644,0.59235036373138428,0.59437835216522217,0,2025-09-12T00:00:00.000000Z
2025-09-12T00:00:00.000000Z,0.59783941507339478,0.59783941507339478,0.59420883655548096,0.59778010845184326,0,2025-09-13T00:00:00.000000Z
2025-09-15T00:00:00.000000Z,0.59561038017272949,0.59722888469696045,0.59509992599487305,0.59534084796905518,0,2025-09-16T00:00:00.000000Z
2025-09-16T00:00:00.000000Z,0.59684032201766968,0.59834021329879761,0.59568983316421509,0.59691160917282104,0,2025-09-17T00:00:00.000000Z
2025-09-17T00:00:00.000000Z,0.59898889064788818,0.59907859563827515,0.59682965278625488,0.59894013404846191,0,2025-09-18T00:00:00.000000Z
2025-09-18T00:00:00.000000Z,0.59347885847091675,0.59350001811981201,0.58738875389099121,0.59341895580291748,0,2025-09-19T00:00:00.000000Z
2025-09-19T00:00:00.000000Z,0.5892404317855835,0.5892404317855835,0.58548009395599365,0.58912938833236694,0,2025-09-20T00:00:00.000000Z
2025-09-22T00:00:00.000000Z,0.58504164218902588,0.58663064241409302,0.58437836170196533,0.58513063192367554,0,2025-09-23T00:00:00.000000Z
2025-09-23T00:00:00.000000Z,0.5870094895362854,0.5870094895362854,0.58467906713485718,0.58687996864318848,0,2025-09-24T00:00:00.000000Z
2025-09-24T00:00:00.000000Z,0.58575105667114258,0.5865790843963623,0.58104062080383301,0.58569955825805664,0,2025-09-25T00:00:00.000000Z
2025-09-25T00:00:00.000000Z,0.58170992136001587,0.58318901062011719,0.57714062929153442,0.58166015148162842,0,2025-09-26T00:00:00.000000Z
2025-09-26T00:00:00.000000Z,0.5762791633605957,0.57738053798675537,0.57557928562164307,0.57631903886795044,0,2025-09-27T00:00:00.000000Z
2025-09-29T00:00:00.000000Z,0.5777207612991333,0.57962948083877563,0.57720059156417847,0.57782089710235596,0,2025-09-30T00:00:00.000000Z
2025-09-30T00:00:00.000000Z,0.57809150218963623,0.58081114292144775,0.57748055458068848,0.5781516432762146,0,2025-10-01T00:00:00.000000Z
2025-10-01T00:00:00.000000Z,0.57962948083877563,0.58311080932617188,0.57874053716659546,0.57959926128387451,0,2025-10-02T00:00:00.000000Z
2025-10-02T00:00:00.000000Z,0.5821196436882019,0.58434081077575684,0.58051109313964844,0.58218061923980713,0,2025-10-03T00:00:00.000000Z
2025-10-03T00:00:00.000000Z,0.58200103044509888,0.58388024568557739,0.5814700722694397,0.58195024728775024,0,2025-10-04T00:00:00.000000Z
2025-10-06T00:00:00.000000Z,0.58251971006393433,0.58422130346298218,0.58116894960403442,0.58246886730194092,0,2025-10-07T00:00:00.000000Z
2025-10-07T00:00:00.000000Z,0.58413946628570557,0.58417016267776489,0.58027863502502441,0.58409988880157471,0,2025-10-08T00:00:00.000000Z
2025-10-08T00:00:00.000000Z,0.57978075742721558,0.57993876934051514,0.57388150691986084,0.57977062463760376,0,2025-10-09T00:00:00.000000Z
2025-10-09T00:00:00.000000Z,0.57843923568725586,0.58089989423751831,0.57388150691986084,0.57834893465042114,0,2025-10-10T00:00:00.000000Z
2025-10-10T00:00:00.000000Z,0.57533097267150879,0.5759008526802063,0.57251143455505371,0.5752912163734436,0,2025-10-11T00:00:00.000000Z
2025-10-13T00:00:00.000000Z,0.57270163297653198,0.57460033893585205,0.57203984260559082,0.57267862558364868,0,2025-10-14T00:00:00.000000Z
2025-10-14T00:00:00.000000Z,0.57190895080566406,0.57272130250930786,0.56832003593444824,0.57174873352050781,0,2025-10-15T00:00:00.000000Z
2025-10-15T00:00:00.000000Z,0.57121968269348145,0.57323014736175537,0.57069158554077148,0.57150006294250488,0,2025-10-16T00:00:00.000000Z
2025-10-16T00:00:00.000000Z,0.57149064540863037,0.57554948329925537,0.57149064540863037,0.57161152362823486,0,2025-10-17T00:00:00.000000Z
2025-10-17T00:00:00.000000Z,0.5726589560508728,0.57437926530838013,0.57133060693740845,0.57270163297653198,0,2025-10-18T00:00:00.000000Z
2025-10-20T00:00:00.000000Z,0.57323998212814331,0.57538062334060669,0.57268846035003662,0.57318085432052612,0,2025-10-21T00:00:00.000000Z
2025-10-21T00:00:00.000000Z,0.57434958219528198,0.57540017366409302,0.57117074728012085,0.57444852590560913,0,2025-10-22T00:00:00.000000Z
2025-10-22T00:00:00.000000Z,0.57434958219528198,0.57614970207214355,0.57388150691986084,0.57426053285598755,0,2025-10-23T00:00:00.000000Z
2025-10-23T00:00:00.000000Z,0.57356882095336914,0.57545018196105957,0.57255995273590088,0.57369053363800049,0,2025-10-24T00:00:00.000000Z
2025-10-24T00:00:00.000000Z,0.57559919357299805,0.57680106163024902,0.57393091917037964,0.57551968097686768,0,2025-10-25T00:00:00.000000Z
2025-10-27T00:00:00.000000Z,0.57602030038833618,0.57712060213088989,0.5753210186958313,0.57601994276046753,0,2025-10-28T00:00:00.000000Z
2025-10-28T00:00:00.000000Z,0.57745057344436646,0.57879078388214111,0.57601028680801392,0.57755064964294434,0,2025-10-29T00:00:00.000000Z
2025-10-29T00:00:00.000000Z,0.57836902141571045,0.58020120859146118,0.57733052968978882,0.57835894823074341,0,2025-10-30T00:00:00.000000Z
2025-10-30T00:00:00.000000Z,0.57651841640472412,0.57886117696762085,0.57276064157485962,0.57642865180969238,0,2025-10-31T00:00:00.000000Z
2025-10-31T00:00:00.000000Z,0.57458055019378662,0.57458055019378662,0.5715298056602478,0.57453101873397827,0,2025-11-01T00:00:00.000000Z
2025-11-03T00:00:00.000000Z,0.57237052917480469,0.57319992780685425,0.56935936212539673,0.57227879762649536,0,2025-11-04T00:00:00.000000Z
2025-11-05T00:00:00.000000Z,0.56427037715911865,0.56635081768035889,0.5632089376449585,0.56424015760421753,0,2025-11-06T00:00:00.000000Z
2025-11-06T00:00:00.000000Z,0.56672954559326172,0.5670284628868103,0.56266987323760986,0.56689983606338501,0,2025-11-07T00:00:00.000000Z
2025-11-07T00:00:00.000000Z,0.56393945217132568,0.56410008668899536,0.56076127290725708,0.56390130519866943,0,2025-11-08T00:00:00.000000Z
2025-11-10T00:00:00.000000Z,0.56281906366348267,0.56509941816329956,0.56223994493484497,0.56272083520889282,0,2025-11-11T00:00:00.000000Z
2025-11-11T00:00:00.000000Z,0.56439143419265747,0.56695127487182617,0.56324988603591919,0.56437867879867554,0,2025-11-12T00:00:00.000000Z
2025-11-12T00:00:00.000000Z,0.5655788779258728,0.56672954559326172,0.56469100713729858,0.56572926044464111,0,2025-11-13T00:00:00.000000Z
2025-11-13T00:00:00.000000Z,0.56625139713287354,0.56833034753799438,0.56360894441604614,0.56622898578643799,0,2025-11-14T00:00:00.000000Z
2025-11-14T00:00:00.000000Z,0.56503880023956299,0.56922000646591187,0.56472927331924438,0.5650898814201355,0,2025-11-15T00:00:00.000000Z
2025-11-17T00:00:00.000000Z,0.56751114130020142,0.56897062063217163,0.5658797025680542,0.56763029098510742,0,2025-11-18T00:00:00.000000Z
2025-11-18T00:00:00.000000Z,0.56530070304870605,0.56769990921020508,0.56397128105163574,0.56547975540161133,0,2025-11-19T00:00:00.000000Z
2025-11-19T00:00:00.000000Z,0.56595015525817871,0.56595015525817871,0.55979126691818237,0.5659213662147522,0,2025-11-20T00:00:00.000000Z
2025-11-20T00:00:00.000000Z,0.56156110763549805,0.56385999917984009,0.55965036153793335,0.56144136190414429,0,2025-11-21T00:00:00.000000Z
2025-11-21T00:00:00.000000Z,0.559090256690979,0.56099092960357666,0.55841898918151855,0.55918091535568237,0,2025-11-22T00:00:00.000000Z
2025-11-24T00:00:00.000000Z,0.56131839752197266,0.56153905391693115,0.55967855453491211,0.56131839752197266,0,2025-11-25T00:00:00.000000Z
2025-11-25T00:00:00.000000Z,0.56123965978622437,0.56223994493484497,0.55933105945587158,0.56138145923614502,0,2025-11-26T00:00:00.000000Z
2025-11-26T00:00:00.000000Z,0.56261956691741943,0.56957012414932251,0.5624392032623291,0.56244993209838867,0,2025-11-27T00:00:00.000000Z
2025-11-27T00:00:00.000000Z,0.57052874565124512,0.57323998212814331,0.57052874565124512,0.57070004940032959,0,2025-11-28T00:00:00.000000Z
2025-11-28T00:00:00.000000Z,0.57301008701324463,0.57444852590560913,0.57050013542175293,0.57310003042221069,0,2025-11-29T00:00:00.000000Z
2025-12-01T00:00:00.000000Z,0.5737004280090332,0.57516878843307495,0.57265996932983398,0.57364118099212646,0,2025-12-02T00:00:00.000000Z
2025-12-02T00:00:00.000000Z,0.57263928651809692,0.57449144124984741,0.57122945785522461,0.57261961698532104,0,2025-12-03T00:00:00.000000Z
2025-12-03T00:00:00.000000Z,0.5742308497428894,0.57718056440353394,0.57363128662109375,0.57407915592193604,0,2025-12-04T00:00:00.000000Z
2025-12-04T00:00:00.000000Z,0.57739055156707764,0.57794111967086792,0.57603025436401367,0.57742053270339966,0,2025-12-05T00:00:00.000000Z
2025-12-08T00:00:00.000000Z,0.57757061719894409,0.57949984073638916,0.57595986127853394,0.57759994268417358,0,2025-12-09T00:00:00.000000Z
2025-12-09T00:00:00.000000Z,0.57768070697784424,0.57953882217407227,0.5769008994102478,0.57761001586914062,0,2025-12-10T00:00:00.000000Z
2025-12-10T00:00:00.000000Z,0.57799124717712402,0.57901871204376221,0.57622939348220825,0.57795017957687378,0,2025-12-11T00:00:00.000000Z
2025-12-11T00:00:00.000000Z,0.58168953657150269,0.58321958780288696,0.57897841930389404,0.58171999454498291,0,2025-12-12T00:00:00.000000Z
2025-12-12T00:00:00.000000Z,0.58104062080383301,0.58213996887207031,0.5789114236831665,0.58091914653778076,0,2025-12-13T00:00:00.000000Z
2025-12-15T00:00:00.000000Z,0.58023154735565186,0.58110010623931885,0.57672125101089478,0.58023154735565186,0,2025-12-16T00:00:00.000000Z
2025-12-16T00:00:00.000000Z,0.57863003015518188,0.58061891794204712,0.57598042488098145,0.57860994338989258,0,2025-12-17T00:00:00.000000Z
2025-12-17T00:00:00.000000Z,0.57870000600814819,0.57946157455444336,0.57686096429824829,0.57859992980957031,0,2025-12-18T00:00:00.000000Z
2025-12-18T00:00:00.000000Z,0.57698076963424683,0.57886117696762085,0.57557928562164307,0.57729983329772949,0,2025-12-19T00:00:00.000000Z
2025-12-19T00:00:00.000000Z,0.57758063077926636,0.5784001350402832,0.57372015714645386,0.57761067152023315,0,2025-12-20T00:00:00.000000Z
2025-12-23T00:00:00.000000Z,0.57964962720870972,0.58439993858337402,0.57964962720870972,0.57977062463760376,0,2025-12-24T00:00:00.000000Z
2025-12-24T00:00:00.000000Z,0.58437836170196533,0.58532935380935669,0.58335906267166138,0.58429986238479614,0,2025-12-25T00:00:00.000000Z
2025-12-26T00:00:00.000000Z,0.58359062671661377,0.58428961038589478,0.58188927173614502,0.58364170789718628,0,2025-12-27T00:00:00.000000Z
2025-12-29T00:00:00.000000Z,0.58279132843017578,0.58339995145797729,0.57911926507949829,0.58261001110076904,0,2025-12-30T00:00:00.000000Z
2025-12-30T00:00:00.000000Z,0.58085167407989502,0.58204168081283569,0.57910925149917603,0.58086985349655151,0,2025-12-31T00:00:00.000000Z
2025-12-31T00:00:00.000000Z,0.57913941144943237,0.5793004035949707,0.5741615891456604,0.57914942502975464,0,2026-01-01T00:00:00.000000Z
2026-01-02T00:00:00.000000Z,0.57583123445510864,0.57782089710235596,0.57524162530899048,0.57579141855239868,0,2026-01-03T00:00:00.000000Z
2026-01-05T00:00:00.000000Z,0.57558923959732056,0.57912933826446533,0.57429021596908569,0.57555943727493286,0,2026-01-06T00:00:00.000000Z
2026-01-06T00:00:00.000000Z,0.57873046398162842,0.58105075359344482,0.57700073719024658,0.57863003015518188,0,2026-01-07T00:00:00.000000Z
2026-01-07T00:00:00.000000Z,0.57823854684829712,0.57949984073638916,0.57752060890197754,0.57819849252700806,0,2026-01-08T00:00:00.000000Z
2026-01-08T00:00:00.000000Z,0.57745057344436646,0.57748055458068848,0.57391113042831421,0.57739055156707764,0,2026-01-09T00:00:00.000000Z
2026-01-12T00:00:00.000000Z,0.57295095920562744,0.57696080207824707,0.57279020547866821,0.57298052310943604,0,2026-01-13T00:00:00.000000Z
2026-01-13T00:00:00.000000Z,0.57733052968978882,0.57812154293060303,0.57363128662109375,0.57732057571411133,0,2026-01-14T00:00:00.000000Z
2026-01-14T00:00:00.000000Z,0.57394081354141235,0.57564890384674072,0.57317101955413818,0.57393091917037964,0,2026-01-15T00:00:00.000000Z
2026-01-15T00:00:00.000000Z,0.57432973384857178,0.57540017366409302,0.57272130250930786,0.5744815468788147,0,2026-01-16T00:00:00.000000Z
2026-01-16T00:00:00.000000Z,0.57450133562088013,0.57683098316192627,0.5742802619934082,0.57436013221740723,0,2026-01-17T00:00:00.000000Z
2026-01-19T00:00:00.000000Z,0.57646858692169189,0.57979989051818848,0.57557928562164307,0.57633894681930542,0,2026-01-20T00:00:00.000000Z
2026-01-20T00:00:00.000000Z,0.57935076951980591,0.58516830205917358,0.57899856567382812,0.57935076951980591,0,2026-01-21T00:00:00.000000Z
2026-01-21T00:00:00.000000Z,0.58272987604141235,0.58668917417526245,0.58224165439605713,0.58273017406463623,0,2026-01-22T00:00:00.000000Z
2026-01-22T00:00:00.000000Z,0.58377116918563843,0.59044075012207031,0.58376091718673706,0.58381885290145874,0,2026-01-23T00:00:00.000000Z
2026-01-23T00:00:00.000000Z,0.59169143438339233,0.59325003623962402,0.58932036161422729,0.5916704535484314,0,2026-01-24T00:00:00.000000Z
2026-01-26T00:00:00.000000Z,0.59602922201156616,0.59968936443328857,0.59542948007583618,0.59603989124298096,0,2026-01-27T00:00:00.000000Z
2026-01-27T00:00:00.000000Z,0.59696859121322632,0.60227900743484497,0.59563875198364258,0.59707015752792358,0,2026-01-28T00:00:00.000000Z
2026-01-28T00:00:00.000000Z,0.60296899080276489,0.60444873571395874,0.6009904146194458,0.6027800440788269,0,2026-01-29T00:00:00.000000Z
2026-01-29T00:00:00.000000Z,0.60638034343719482,0.60932880640029907,0.60251128673553467,0.60653114318847656,0,2026-01-30T00:00:00.000000Z
2026-01-30T00:00:00.000000Z,0.6077808141708374,0.6080394983291626,0.60331821441650391,0.6075703501701355,0,2026-01-31T00:00:00.000000Z
2026-02-02T00:00:00.000000Z,0.60134822130203247,0.6034311056137085,0.59921860694885254,0.60144948959350586,0,2026-02-03T00:00:00.000000Z
2026-02-03T00:00:00.000000Z,0.60130125284194946,0.60581094026565552,0.60071969032287598,0.60109156370162964,0,2026-02-04T00:00:00.000000Z
2026-02-04T00:00:00.000000Z,0.60413104295730591,0.60493874549865723,0.59931915998458862,0.60421866178512573,0,2026-02-05T00:00:00.000000Z
2026-02-05T00:00:00.000000Z,0.59981882572174072,0.60095071792602539,0.59700065851211548,0.59981882572174072,0,2026-02-06T00:00:00.000000Z
2026-02-06T00:00:00.000000Z,0.59389126300811768,0.60238063335418701,0.59294044971466064,0.59389126300811768,0,2026-02-07T00:00:00.000000Z
2026-02-09T00:00:00.000000Z,0.60315084457397461,0.60567885637283325,0.59991961717605591,0.60323816537857056,0,2026-02-10T00:00:00.000000Z
2026-02-10T00:00:00.000000Z,0.60534155368804932,0.60620021820068359,0.60343837738037109,0.60527926683425903,0,2026-02-11T00:00:00.000000Z
2026-02-11T00:00:00.000000Z,0.60412007570266724,0.60738950967788696,0.60319089889526367,0.60417121648788452,0,2026-02-12T00:00:00.000000Z
2026-02-12T00:00:00.000000Z,0.60488015413284302,0.60765159130096436,0.60376995801925659,0.60489112138748169,0,2026-02-13T00:00:00.000000Z
2026-02-13T00:00:00.000000Z,0.60320907831192017,0.60448163747787476,0.60167026519775391,0.60326004028320312,0,2026-02-14T00:00:00.000000Z
2026-02-16T00:00:00.000000Z,0.60332918167114258,0.604999840259552,0.60289990901947021,0.60338014364242554,0,2026-02-17T00:00:00.000000Z
2026-02-17T00:00:00.000000Z,0.60323816537857056,0.60508143901824951,0.6006510853767395,0.60320180654525757,0,2026-02-18T00:00:00.000000Z
2026-02-18T00:00:00.000000Z,0.60488015413284302,0.60508143901824951,0.5978894829750061,0.60489112138748169,0,2026-02-19T00:00:00.000000Z
2026-02-19T00:00:00.000000Z,0.59677976369857788,0.5991288423538208,0.59482032060623169,0.59677976369857788,0,2026-02-20T00:00:00.000000Z
2026-02-20T00:00:00.000000Z,0.59718960523605347,0.5985407829284668,0.59396880865097046,0.59710049629211426,0,2026-02-21T00:00:00.000000Z
2026-02-24T00:00:00.000000Z,0.59606122970581055,0.59737157821655273,0.59436988830566406,0.59603989124298096,0,2026-02-25T00:00:00.000000Z
2026-02-25T00:00:00.000000Z,0.59647011756896973,0.59935146570205688,0.59603989124298096,0.59655904769897461,0,2026-02-26T00:00:00.000000Z
2026-02-26T00:00:00.000000Z,0.60008162260055542,0.60131931304931641,0.59601855278015137,0.60008883476257324,0,2026-02-27T00:00:00.000000Z
2026-02-27T00:00:00.000000Z,0.59807896614074707,0.60045993328094482,0.59717893600463867,0.5980217456817627,0,2026-02-28T00:00:00.000000Z
2026-03-02T00:00:00.000000Z,0.59580904245376587,0.59953832626342773,0.59182101488113403,0.59577000141143799,0,2026-03-03T00:00:00.000000Z
2026-03-03T00:00:00.000000Z,0.59479910135269165,0.59562098979949951,0.58382910490036011,0.59488046169281006,0,2026-03-04T00:00:00.000000Z
2026-03-04T00:00:00.000000Z,0.58876866102218628,0.5935211181640625,0.58622145652770996,0.58891081809997559,0,2026-03-05T00:00:00.000000Z
2026-03-05T00:00:00.000000Z,0.59367966651916504,0.59484153985977173,0.58755099773406982,0.59376072883605957,0,2026-03-06T00:00:00.000000Z
2026-03-06T00:00:00.000000Z,0.58967131376266479,0.59163898229598999,0.58593976497650146,0.58976870775222778,0,2026-03-07T00:00:00.000000Z
2026-03-10T00:00:00.000000Z,0.5926593542098999,0.59618914127349854,0.59083008766174316,0.59270846843719482,0,2026-03-11T00:00:00.000000Z
2026-03-11T00:00:00.000000Z,0.59263825416564941,0.59486985206604004,0.59085941314697266,0.5924416184425354,0,2026-03-12T00:00:00.000000Z
2026-03-12T00:00:00.000000Z,0.58952879905700684,0.59146052598953247,0.58564126491546631,0.58956009149551392,0,2026-03-13T00:00:00.000000Z
2026-03-13T00:00:00.000000Z,0.58541154861450195,0.58623862266540527,0.58032917976379395,0.58529984951019287,0,2026-03-14T00:00:00.000000Z
2026-03-16T00:00:00.000000Z,0.57986140251159668,0.5858299732208252,0.57966983318328857,0.5797303318977356,0,2026-03-17T00:00:00.000000Z
2026-03-17T00:00:00.000000Z,0.58526080846786499,0.58652061223983765,0.58179992437362671,0.58537042140960693,0,2026-03-18T00:00:00.000000Z
2026-03-18T00:00:00.000000Z,0.58583986759185791,0.58734047412872314,0.58154070377349854,0.58591920137405396,0,2026-03-19T00:00:00.000000Z
2026-03-19T00:00:00.000000Z,0.57947832345962524,0.58503991365432739,0.57947832345962524,0.57955896854400635,0,2026-03-20T00:00:00.000000Z
2026-03-20T00:00:00.000000Z,0.5868716835975647,0.58920919895172119,0.58319920301437378,0.58683037757873535,0,2026-03-21T00:00:00.000000Z
2026-03-23T00:00:00.000000Z,0.58345097303390503,0.5886196494102478,0.57638877630233765,0.58312094211578369,0,2026-03-24T00:00:00.000000Z
2026-03-24T00:00:00.000000Z,0.58549034595489502,0.58599132299423218,0.58138859272003174,0.58536016941070557,0,2026-03-25T00:00:00.000000Z
2026-03-25T00:00:00.000000Z,0.58366894721984863,0.5843510627746582,0.58076059818267822,0.58380866050720215,0,2026-03-26T00:00:00.000000Z
2026-03-26T00:00:00.000000Z,0.58074033260345459,0.58093941211700439,0.57723987102508545,0.58063918352127075,0,2026-03-27T00:00:00.000000Z
2026-03-27T00:00:00.000000Z,0.5762101411819458,0.57786101102828979,0.57507950067520142,0.5761796236038208,0,2026-03-28T00:00:00.000000Z
2026-03-30T00:00:00.000000Z,0.57282954454421997,0.57501006126403809,0.57008969783782959,0.57279020547866821,0,2026-03-31T00:00:00.000000Z
2026-03-31T00:00:00.000000Z,0.57173895835876465,0.5737004280090332,0.57017093896865845,0.57173895835876465,0,2026-04-01T00:00:00.000000Z
2026-04-01T00:00:00.000000Z,0.5753706693649292,0.57778084278106689,0.57317101955413818,0.57560914754867554,0,2026-04-02T00:00:00.000000Z
2026-04-02T00:00:00.000000Z,0.57498031854629517,0.57567870616912842,0.57011896371841431,0.57501006126403809,0,2026-04-03T00:00:00.000000Z
2026-04-03T00:00:00.000000Z,0.57193839550018311,0.57230013608932495,0.56945013999938965,0.57178014516830444,0,2026-04-04T00:00:00.000000Z
2026-04-07T00:00:00.000000Z,0.57135021686553955,0.57223951816558838,0.56912928819656372,0.57145142555236816,0,2026-04-08T00:00:00.000000Z
2026-04-08T00:00:00.000000Z,0.58130067586898804,0.58588141202926636,0.57866019010543823,0.58092927932739258,0,2026-04-09T00:00:00.000000Z
2026-04-09T00:00:00.000000Z,0.58263850212097168,0.58696120977401733,0.58179110288619995,0.58254009485244751,0,2026-04-10T00:00:00.000000Z
2026-04-10T00:00:00.000000Z,0.58516144752502441,0.58697158098220825,0.58336007595062256,0.58504849672317505,0,2026-04-11T00:00:00.000000Z
2026-04-13T00:00:00.000000Z,0.58029884099960327,0.58489108085632324,0.58019113540649414,0.58043020963668823,0,2026-04-14T00:00:00.000000Z
2026-04-14T00:00:00.000000Z,0.58699911832809448,0.59208035469055176,0.58579903841018677,0.58719909191131592,0,2026-04-15T00:00:00.000000Z
2026-04-15T00:00:00.000000Z,0.59045124053955078,0.59126114845275879,0.58928906917572021,0.59035015106201172,0,2026-04-16T00:00:00.000000Z
2026-04-16T00:00:00.000000Z,0.59132057428359985,0.5922696590423584,0.58838069438934326,0.59121924638748169,0,2026-04-17T00:00:00.000000Z
2026-04-17T00:00:00.000000Z,0.58856076002120972,0.59296858310699463,0.58812111616134644,0.58860921859741211,0,2026-04-18T00:00:00.000000Z
2026-04-20T00:00:00.000000Z,0.58662039041519165,0.58961915969848633,0.5864483118057251,0.58652061223983765,0,2026-04-21T00:00:00.000000Z
2026-04-21T00:00:00.000000Z,0.59081053733825684,0.59213995933532715,0.5897095799446106,0.59063959121704102,0,2026-04-22T00:00:00.000000Z
2026-04-23T00:00:00.000000Z,0.59051048755645752,0.59100955724716187,0.58698880672454834,0.5905802845954895,0,2026-04-24T00:00:00.000000Z
2026-04-24T00:00:00.000000Z,0.5856207013130188,0.58813148736953735,0.58414971828460693,0.58538073301315308,0,2026-04-25T00:00:00.000000Z
2026-04-27T00:00:00.000000Z,0.58707153797149658,0.59242057800292969,0.58707153797149658,0.58708876371383667,0,2026-04-28T00:00:00.000000Z
2026-04-28T00:00:00.000000Z,0.59134852886199951,0.59184902906417847,0.5867304801940918,0.59126114845275879,0,2026-04-29T00:00:00.000000Z
2026-04-29T00:00:00.000000Z,0.58915019035339355,0.58921962976455688,0.583168625831604,0.58884143829345703,0,2026-04-30T00:00:00.000000Z
2026-04-30T00:00:00.000000Z,0.58400982618331909,0.58951139450073242,0.58229929208755493,0.58405071496963501,0,2026-05-01T00:00:00.000000Z
2026-05-01T00:00:00.000000Z,0.59071981906890869,0.59250128269195557,0.58875995874404907,0.59069889783859253,0,2026-05-02T00:00:00.000000Z
2026-05-04T00:00:00.000000Z,0.59056979417800903,0.59270846843719482,0.58701980113983154,0.59065002202987671,0,2026-05-05T00:00:00.000000Z
2026-05-05T00:00:00.000000Z,0.58725076913833618,0.59065002202987671,0.58586084842681885,0.58724045753479004,0,2026-05-06T00:00:00.000000Z
2026-05-06T00:00:00.000000Z,0.59023863077163696,0.59902834892272949,0.59023863077163696,0.59032922983169556,0,2026-05-07T00:00:00.000000Z
2026-05-07T00:00:00.000000Z,0.59541177749633789,0.59841901063919067,0.59516012668609619,0.59535861015319824,0,2026-05-08T00:00:00.000000Z
2026-05-08T00:00:00.000000Z,0.59391945600509644,0.59697932004928589,0.59328871965408325,0.59384888410568237,0,2026-05-09T00:00:00.000000Z
2026-05-11T00:00:00.000000Z,0.59500080347061157,0.59695076942443848,0.59400057792663574,0.5950397253036499,0,2026-05-12T00:00:00.000000Z
2026-05-13T00:00:00.000000Z,0.59536921977996826,0.59666943550109863,0.59213995933532715,0.59524160623550415,0,2026-05-14T00:00:00.000000Z
2026-05-14T00:00:00.000000Z,0.59317010641098022,0.59425824880599976,0.59190160036087036,0.59316903352737427,0,2026-05-15T00:00:00.000000Z
2026-05-15T00:00:00.000000Z,0.59046167135238647,0.59047913551330566,0.58382910490036011,0.59035015106201172,0,2026-05-16T00:00:00.000000Z
2026-05-18T00:00:00.000000Z,0.58341014385223389,0.58814877271652222,0.58244848251342773,0.58326041698455811,0,2026-05-19T00:00:00.000000Z
2026-05-19T00:00:00.000000Z,0.58747845888137817,0.58747845888137817,0.5818486213684082,0.58743017911911011,0,2026-05-20T00:00:00.000000Z
2026-05-20T00:00:00.000000Z,0.58303940296173096,0.58868891000747681,0.58163881301879883,0.58333867788314819,0,2026-05-21T00:00:00.000000Z
2026-05-21T00:00:00.000000Z,0.58682000637054443,0.58749920129776001,0.58476108312606812,0.58683037757873535,0,2026-05-22T00:00:00.000000Z
2026-05-22T00:00:00.000000Z,0.58764076232910156,0.58787912130355835,0.58462095260620117,0.58785146474838257,0,2026-05-23T00:00:00.000000Z
2026-05-25T00:00:00.000000Z,0.58735084533691406,0.58825951814651489,0.58637958765029907,0.58730006217956543,0,2026-05-26T00:00:00.000000Z
2026-05-27T00:00:00.000000Z,0.5844193696975708,0.59118074178695679,0.58388024568557739,0.58424866199493408,0,2026-05-28T00:00:00.000000Z
2026-05-28T00:00:00.000000Z,0.58928906917572021,0.5931585431098938,0.58653092384338379,0.5892404317855835,0,2026-05-29T00:00:00.000000Z
2026-05-29T00:00:00.000000Z,0.59454095363616943,0.59945929050445557,0.59438896179199219,0.59456920623779297,0,2026-05-30T00:00:00.000000Z
2026-06-01T00:00:00.000000Z,0.59805035591125488,0.59816843271255493,0.59126114845275879,0.59816843271255493,0,2026-06-02T00:00:00.000000Z
2026-06-02T00:00:00.000000Z,0.59360921382904053,0.59461164474487305,0.59198921918869019,0.59357041120529175,0,2026-06-03T00:00:00.000000Z
2026-06-03T00:00:00.000000Z,0.59222060441970825,0.59360921382904053,0.58679938316345215,0.59224861860275269,0,2026-06-04T00:00:00.000000Z
2026-06-04T00:00:00.000000Z,0.58710944652557373,0.58876168727874756,0.5863383412361145,0.58711975812911987,0,2026-06-05T00:00:00.000000Z
2026-06-05T00:00:00.000000Z,0.5870094895362854,0.58849841356277466,0.5807909369468689,0.58698880672454834,0,2026-06-06T00:00:00.000000Z
2026-06-08T00:00:00.000000Z,0.57960933446884155,0.58368939161300659,0.57906895875930786,0.57966983318328857,0,2026-06-09T00:00:00.000000Z
2026-06-09T00:00:00.000000Z,0.58031904697418213,0.5848192572593689,0.58002954721450806,0.58035945892333984,0,2026-06-10T00:00:00.000000Z
2026-06-10T00:00:00.000000Z,0.58093941211700439,0.5832706093788147,0.58021128177642822,0.58075046539306641,0,2026-06-11T00:00:00.000000Z
2026-06-11T00:00:00.000000Z,0.57975047826766968,0.58077067136764526,0.57715058326721191,0.57943135499954224,0,2026-06-12T00:00:00.000000Z
2026-06-12T00:00:00.000000Z,0.58302915096282959,0.58397912979125977,0.58125001192092896,0.58328086137771606,0,2026-06-13T00:00:00.000000Z
2026-06-15T00:00:00.000000Z,0.58564126491546631,0.58637958765029907,0.58347994089126587,0.58553838729858398,0,2026-06-16T00:00:00.000000Z
2026-06-16T00:00:00.000000Z,0.58274036645889282,0.58429986238479614,0.5797303318977356,0.58279132843017578,0,2026-06-17T00:00:00.000000Z
2026-06-17T00:00:00.000000Z,0.58300876617431641,0.58359062671661377,0.58083003759384155,0.58312094211578369,0,2026-06-18T00:00:00.000000Z
2026-06-18T00:00:00.000000Z,0.57792109251022339,0.57997912168502808,0.57563894987106323,0.57748055458068848,0,2026-06-19T00:00:00.000000Z
2026-06-19T00:00:00.000000Z,0.57573837041854858,0.57632899284362793,0.57242947816848755,0.57548987865447998,0,2026-06-20T00:00:00.000000Z
2026-06-22T00:00:00.000000Z,0.57355892658233643,0.57408905029296875,0.57198095321655273,0.57346022129058838,0,2026-06-23T00:00:00.000000Z
2026-06-24T00:00:00.000000Z,0.56664925813674927,0.56704127788543701,0.56321847438812256,0.56646955013275146,0,2026-06-25T00:00:00.000000Z
2026-06-25T00:00:00.000000Z,0.56427997350692749,0.56586050987243652,0.56350088119506836,0.56446152925491333,0,2026-06-26T00:00:00.000000Z
2026-06-26T00:00:00.000000Z,0.56450927257537842,0.5658189058303833,0.56275886297225952,0.56433093547821045,0,2026-06-27T00:00:00.000000Z
2026-06-29T00:00:00.000000Z,0.56390130519866943,0.56589895486831665,0.56329143047332764,0.56406986713409424,0,2026-06-30T00:00:00.000000Z
2026-06-30T00:00:00.000000Z,0.56503880023956299,0.56912928819656372,0.56419080495834351,0.56513136625289917,0,2026-07-01T00:00:00.000000Z
2026-07-01T00:00:00.000000Z,0.56752079725265503,0.5690191388130188,0.56589895486831665,0.56753045320510864,0,2026-07-02T00:00:00.000000Z
2026-07-02T00:00:00.000000Z,0.56761002540588379,0.5717814564704895,0.56690949201583862,0.56754976511001587,0,2026-07-03T00:00:00.000000Z
2026-07-03T00:00:00.000000Z,0.56935936212539673,0.57276064157485962,0.56908005475997925,0.56929129362106323,0,2026-07-04T00:00:00.000000Z
2026-07-07T00:00:00.000000Z,0.57013845443725586,0.57071107625961304,0.56834006309509277,0.57016116380691528,0,2026-07-08T00:00:00.000000Z
2026-07-08T00:00:00.000000Z,0.56742095947265625,0.57206928730010986,0.56742095947265625,0.56765931844711304,0,2026-07-09T00:00:00.000000Z
2026-07-10T00:00:00.000000Z,0.57623934745788574,0.57933062314987183,0.57592076063156128,0.57622939348220825,0,2026-07-11T00:00:00.000000Z
2026-07-13T00:00:00.000000Z,0.57583123445510864,0.57893151044845581,0.57495057582855225,0.57587099075317383,0,2026-07-14T00:00:00.000000Z
2026-07-14T00:00:00.000000Z,0.57645857334136963,0.58410871028900146,0.57599043846130371,0.57633894681930542,0,2026-07-15T00:00:00.000000Z
2026-07-15T00:00:00.000000Z,0.58137845993041992,0.58423840999603271,0.58104062080383301,0.58135139942169189,0,2026-07-16T00:00:00.000000Z
2026-07-16T00:00:00.000000Z,0.58490139245986938,0.58587116003036499,0.58347994089126587,0.58477991819381714,0,2026-07-17T00:00:00.000000Z
2026-07-17T00:00:00.000000Z,0.58427941799163818,0.58493900299072266,0.58264869451522827,0.58418041467666626,0,2026-07-18T00:00:00.000000Z
2026-07-20T00:00:00.000000Z,0.58380866050720215,0.58633142709732056,0.58379846811294556,0.58399957418441772,0,2026-07-21T00:00:00.000000Z
2026-07-21T00:00:00.000000Z,0.5853087306022644,0.58733010292053223,0.58243829011917114,0.58529162406921387,0,2026-07-22T00:00:00.000000Z
2026-07-22T00:00:00.000000Z,0.58248919248580933,0.58343058824539185,0.58125001192092896,0.58262157440185547,0,2026-07-23T00:00:00.000000Z
2026-07-23T00:00:00.000000Z,0.58146971464157104,0.58239084482192993,0.57636886835098267,0.581429123878479,0,2026-07-24T00:00:00.000000Z
2026-07-24T00:00:00.000000Z,0.57743054628372192,0.58035945892333984,0.57734054327011108,0.57741051912307739,0,2026-07-25T00:00:00.000000Z
2026-07-27T00:00:00.000000Z,0.58019113540649414,0.58103054761886597,0.57786101102828979,0.57985132932662964,0,2026-07-28T00:00:00.000000Z
2026-07-28T00:00:00.000000Z,0.57691091299057007,0.57977062463760376,0.57629913091659546,0.57704067230224609,0,2026-07-29T00:00:00.000000Z
