open_time,open,high,low,close,volume,close_time
2020-01-02T00:00:00.000000Z,17.965999603271484,17.989999771118164,17.965999603271484,17.965999603271484,2,2020-01-03T00:00:00.000000Z
2020-01-03T00:00:00.000000Z,18.110000610351562,18.110000610351562,17.965000152587891,18.068000793457031,83,2020-01-04T00:00:00.000000Z
2020-01-06T00:00:00.000000Z,18.024999618530273,18.104999542236328,18.024999618530273,18.097000122070312,3,2020-01-07T00:00:00.000000Z
2020-01-07T00:00:00.000000Z,18.014999389648438,18.344999313354492,18.014999389648438,18.315999984741211,33,2020-01-08T00:00:00.000000Z
2020-01-08T00:00:00.000000Z,18.399999618530273,18.504999160766602,18.069999694824219,18.08799934387207,31,2020-01-09T00:00:00.000000Z
2020-01-09T00:00:00.000000Z,17.760000228881836,17.860000610351562,17.760000228881836,17.860000610351562,38,2020-01-10T00:00:00.000000Z
2020-01-10T00:00:00.000000Z,18.033000946044922,18.033000946044922,18.033000946044922,18.033000946044922,2,2020-01-11T00:00:00.000000Z
2020-01-13T00:00:00.000000Z,17.969999313354492,18.020000457763672,17.926000595092773,17.926000595092773,5,2020-01-14T00:00:00.000000Z
2020-01-14T00:00:00.000000Z,17.854999542236328,17.875,17.673999786376953,17.673999786376953,17,2020-01-15T00:00:00.000000Z
2020-01-15T00:00:00.000000Z,17.923000335693359,17.923000335693359,17.923000335693359,17.923000335693359,0,2020-01-16T00:00:00.000000Z
2020-01-16T00:00:00.000000Z,17.950000762939453,17.950000762939453,17.875,17.875,52,2020-01-17T00:00:00.000000Z
2020-01-17T00:00:00.000000Z,18.01300048828125,18.01300048828125,18.01300048828125,18.01300048828125,67,2020-01-18T00:00:00.000000Z
2020-01-21T00:00:00.000000Z,17.750999450683594,17.750999450683594,17.750999450683594,17.750999450683594,175,2020-01-22T00:00:00.000000Z
2020-01-22T00:00:00.000000Z,17.770999908447266,17.770999908447266,17.770999908447266,17.770999908447266,0,2020-01-23T00:00:00.000000Z
2020-01-23T00:00:00.000000Z,17.729999542236328,17.773000717163086,17.729999542236328,17.773000717163086,110,2020-01-24T00:00:00.000000Z
2020-01-24T00:00:00.000000Z,17.870000839233398,18.056999206542969,17.870000839233398,18.056999206542969,280,2020-01-25T00:00:00.000000Z
2020-01-27T00:00:00.000000Z,18,18,18,18,2,2020-01-28T00:00:00.000000Z
2020-01-28T00:00:00.000000Z,17.604999542236328,17.604999542236328,17.402000427246094,17.402000427246094,10,2020-01-29T00:00:00.000000Z
2020-01-29T00:00:00.000000Z,17.450000762939453,17.450000762939453,17.370000839233398,17.430999755859375,132,2020-01-30T00:00:00.000000Z
2020-01-30T00:00:00.000000Z,17.540000915527344,17.965000152587891,17.540000915527344,17.951999664306641,50,2020-01-31T00:00:00.000000Z
2020-01-31T00:00:00.000000Z,17.972000122070312,17.972000122070312,17.972000122070312,17.972000122070312,1,2020-02-01T00:00:00.000000Z
2020-02-03T00:00:00.000000Z,17.795000076293945,17.799999237060547,17.600000381469727,17.639999389648438,19,2020-02-04T00:00:00.000000Z
2020-02-04T00:00:00.000000Z,17.527999877929688,17.527999877929688,17.527999877929688,17.527999877929688,154,2020-02-05T00:00:00.000000Z
2020-02-05T00:00:00.000000Z,17.569000244140625,17.569000244140625,17.569000244140625,17.569000244140625,10,2020-02-06T00:00:00.000000Z
2020-02-06T00:00:00.000000Z,17.788999557495117,17.788999557495117,17.788999557495117,17.788999557495117,0,2020-02-07T00:00:00.000000Z
2020-02-07T00:00:00.000000Z,17.665000915527344,17.665000915527344,17.665000915527344,17.665000915527344,7,2020-02-08T00:00:00.000000Z
2020-02-10T00:00:00.000000Z,17.780000686645508,17.780000686645508,17.757999420166016,17.757999420166016,1,2020-02-11T00:00:00.000000Z
2020-02-11T00:00:00.000000Z,17.694999694824219,17.715000152587891,17.572999954223633,17.572999954223633,7,2020-02-12T00:00:00.000000Z
2020-02-12T00:00:00.000000Z,17.478000640869141,17.478000640869141,17.478000640869141,17.478000640869141,10,2020-02-13T00:00:00.000000Z
2020-02-13T00:00:00.000000Z,17.600000381469727,17.600000381469727,17.600000381469727,17.600000381469727,3,2020-02-14T00:00:00.000000Z
2020-02-14T00:00:00.000000Z,17.715000152587891,17.715000152587891,17.715000152587891,17.715000152587891,0,2020-02-15T00:00:00.000000Z
2020-02-18T00:00:00.000000Z,18.131000518798828,18.131000518798828,18.131000518798828,18.131000518798828,0,2020-02-19T00:00:00.000000Z
2020-02-19T00:00:00.000000Z,18.145000457763672,18.291999816894531,18.145000457763672,18.291999816894531,56,2020-02-20T00:00:00.000000Z
2020-02-20T00:00:00.000000Z,18.309000015258789,18.309000015258789,18.309000015258789,18.309000015258789,3,2020-02-21T00:00:00.000000Z
2020-02-21T00:00:00.000000Z,18.565000534057617,18.565000534057617,18.479999542236328,18.520999908447266,11,2020-02-22T00:00:00.000000Z
2020-02-24T00:00:00.000000Z,18.690000534057617,18.868000030517578,18.690000534057617,18.868000030517578,4,2020-02-25T00:00:00.000000Z
2020-02-25T00:00:00.000000Z,18.183000564575195,18.183000564575195,18.183000564575195,18.183000564575195,0,2020-02-26T00:00:00.000000Z
2020-02-26T00:00:00.000000Z,17.826000213623047,17.826000213623047,17.826000213623047,17.826000213623047,96319,2020-02-27T00:00:00.000000Z
2020-02-27T00:00:00.000000Z,17.864999771118164,18.079999923706055,17.579999923706055,17.658000946044922,13497,2020-02-28T00:00:00.000000Z
2020-02-28T00:00:00.000000Z,17.690000534057617,17.795000076293945,16.340000152587891,16.386999130249023,709,2020-02-29T00:00:00.000000Z
2020-03-02T00:00:00.000000Z,16.495000839233398,16.975000381469727,16.389999389648438,16.679000854492188,518,2020-03-03T00:00:00.000000Z
2020-03-03T00:00:00.000000Z,16.875,17.319999694824219,16.739999771118164,17.128999710083008,307,2020-03-04T00:00:00.000000Z
2020-03-04T00:00:00.000000Z,17.190000534057617,17.245000839233398,17.049999237060547,17.187000274658203,73,2020-03-05T00:00:00.000000Z
2020-03-05T00:00:00.000000Z,17.155000686645508,17.405000686645508,17.120000839233398,17.341999053955078,66,2020-03-06T00:00:00.000000Z
2020-03-06T00:00:00.000000Z,17.459999084472656,17.485000610351562,17,17.214000701904297,52,2020-03-07T00:00:00.000000Z
2020-03-09T00:00:00.000000Z,17.434999465942383,17.434999465942383,16.569999694824219,17.000999450683594,46,2020-03-10T00:00:00.000000Z
2020-03-10T00:00:00.000000Z,16.850000381469727,17.145000457763672,16.764999389648438,16.906000137329102,97,2020-03-11T00:00:00.000000Z
2020-03-11T00:00:00.000000Z,16.854999542236328,16.860000610351562,16.639999389648438,16.729000091552734,152,2020-03-12T00:00:00.000000Z
2020-03-12T00:00:00.000000Z,16.430000305175781,16.614999771118164,15.600000381469727,15.961000442504883,51,2020-03-13T00:00:00.000000Z
2020-03-13T00:00:00.000000Z,15.755000114440918,15.765000343322754,14.425000190734863,14.456000328063965,506,2020-03-14T00:00:00.000000Z
2020-03-16T00:00:00.000000Z,14.885000228881836,14.885000228881836,11.850000381469727,12.772000312805176,104,2020-03-17T00:00:00.000000Z
2020-03-17T00:00:00.000000Z,12.550000190734863,12.710000038146973,12.414999961853027,12.468999862670898,194,2020-03-18T00:00:00.000000Z
2020-03-18T00:00:00.000000Z,12.560000419616699,12.824999809265137,11.734999656677246,11.734999656677246,184,2020-03-19T00:00:00.000000Z
2020-03-19T00:00:00.000000Z,12.069999694824219,12.204999923706055,11.895000457763672,12.097000122070312,45,2020-03-20T00:00:00.000000Z
2020-03-20T00:00:00.000000Z,12.079999923706055,12.859999656677246,12.079999923706055,12.348999977111816,95,2020-03-21T00:00:00.000000Z
2020-03-23T00:00:00.000000Z,12.899999618530273,13.225000381469727,12.899999618530273,13.225000381469727,139,2020-03-24T00:00:00.000000Z
2020-03-24T00:00:00.000000Z,13.359999656677246,14.229000091552734,13.359999656677246,14.229000091552734,176,2020-03-25T00:00:00.000000Z
2020-03-25T00:00:00.000000Z,14.715000152587891,14.836999893188477,14.454999923706055,14.836999893188477,262,2020-03-26T00:00:00.000000Z
2020-03-26T00:00:00.000000Z,14.829999923706055,14.845000267028809,14.640000343322754,14.640000343322754,140,2020-03-27T00:00:00.000000Z
2020-03-27T00:00:00.000000Z,14.335000038146973,14.498000144958496,14.335000038146973,14.498000144958496,919,2020-03-28T00:00:00.000000Z
2020-03-30T00:00:00.000000Z,14.100000381469727,14.25,13.899999618530273,14.074000358581543,612,2020-03-31T00:00:00.000000Z
2020-03-31T00:00:00.000000Z,13.979999542236328,14.244999885559082,13.979999542236328,14.097999572753906,27,2020-04-01T00:00:00.000000Z
2020-04-01T00:00:00.000000Z,14.079999923706055,14.100000381469727,13.899999618530273,13.925999641418457,22,2020-04-02T00:00:00.000000Z
2020-04-02T00:00:00.000000Z,14.180000305175781,14.595999717712402,14.154999732971191,14.595999717712402,30,2020-04-03T00:00:00.000000Z
2020-04-03T00:00:00.000000Z,14.590000152587891,14.590000152587891,14.435999870300293,14.435999870300293,6,2020-04-04T00:00:00.000000Z
2020-04-06T00:00:00.000000Z,14.550000190734863,15.111000061035156,14.550000190734863,15.111000061035156,28,2020-04-07T00:00:00.000000Z
2020-04-07T00:00:00.000000Z,15.465000152587891,15.600000381469727,15.421999931335449,15.421999931335449,5,2020-04-08T00:00:00.000000Z
2020-04-08T00:00:00.000000Z,15.159999847412109,15.159999847412109,15.147000312805176,15.147000312805176,8,2020-04-09T00:00:00.000000Z
2020-04-09T00:00:00.000000Z,15.140000343322754,15.994999885559082,15.140000343322754,15.994999885559082,15,2020-04-10T00:00:00.000000Z
2020-04-13T00:00:00.000000Z,15.479000091552734,15.479000091552734,15.479000091552734,15.479000091552734,0,2020-04-14T00:00:00.000000Z
2020-04-14T00:00:00.000000Z,16.010000228881836,16.072000503540039,16.010000228881836,16.072000503540039,4,2020-04-15T00:00:00.000000Z
2020-04-15T00:00:00.000000Z,16.004999160766602,16.004999160766602,15.446999549865723,15.446999549865723,2,2020-04-16T00:00:00.000000Z
2020-04-16T00:00:00.000000Z,15.564000129699707,15.564000129699707,15.564000129699707,15.564000129699707,0,2020-04-17T00:00:00.000000Z
2020-04-17T00:00:00.000000Z,15.237000465393066,15.237000465393066,15.237000465393066,15.237000465393066,0,2020-04-18T00:00:00.000000Z
2020-04-20T00:00:00.000000Z,15.555999755859375,15.555999755859375,15.555999755859375,15.555999755859375,0,2020-04-21T00:00:00.000000Z
2020-04-21T00:00:00.000000Z,15.430000305175781,15.430000305175781,14.817999839782715,14.817999839782715,3,2020-04-22T00:00:00.000000Z
2020-04-22T00:00:00.000000Z,15.277000427246094,15.277000427246094,15.277000427246094,15.277000427246094,1,2020-04-23T00:00:00.000000Z
2020-04-23T00:00:00.000000Z,15.430000305175781,15.664999961853027,15.347999572753906,15.347999572753906,21,2020-04-24T00:00:00.000000Z
2020-04-24T00:00:00.000000Z,15.253999710083008,15.253999710083008,15.253999710083008,15.253999710083008,10,2020-04-25T00:00:00.000000Z
2020-04-27T00:00:00.000000Z,15.201000213623047,15.201000213623047,15.201000213623047,15.201000213623047,0,2020-04-28T00:00:00.000000Z
2020-04-28T00:00:00.000000Z,15.010000228881836,15.161999702453613,14.994999885559082,15.161999702453613,28284,2020-04-29T00:00:00.000000Z
2020-04-29T00:00:00.000000Z,15.215000152587891,15.470000267028809,15.125,15.159999847412109,5434,2020-04-30T00:00:00.000000Z
2020-04-30T00:00:00.000000Z,15.399999618530273,15.774999618530273,14.795000076293945,14.89799976348877,1859,2020-05-01T00:00:00.000000Z
2020-05-01T00:00:00.000000Z,15.005000114440918,15.045000076293945,14.854999542236328,14.86299991607666,102,2020-05-02T00:00:00.000000Z
2020-05-04T00:00:00.000000Z,15.024999618530273,15.090000152587891,14.694999694824219,14.722000122070312,1228,2020-05-05T00:00:00.000000Z
2020-05-05T00:00:00.000000Z,14.779999732971191,15.109999656677246,14.710000038146973,15.057000160217285,535,2020-05-06T00:00:00.000000Z
2020-05-06T00:00:00.000000Z,15,15.300000190734863,14.875,14.987000465393066,176,2020-05-07T00:00:00.000000Z
2020-05-07T00:00:00.000000Z,15.125,15.585000038146973,15.125,15.562000274658203,13,2020-05-08T00:00:00.000000Z
2020-05-08T00:00:00.000000Z,15.555000305175781,15.800000190734863,15.5,15.739999771118164,59,2020-05-09T00:00:00.000000Z
2020-05-11T00:00:00.000000Z,15.585000038146973,15.63599967956543,15.585000038146973,15.63599967956543,2,2020-05-12T00:00:00.000000Z
2020-05-12T00:00:00.000000Z,15.687000274658203,15.687000274658203,15.687000274658203,15.687000274658203,65,2020-05-13T00:00:00.000000Z
2020-05-13T00:00:00.000000Z,15.729999542236328,15.729999542236328,15.663000106811523,15.663000106811523,24,2020-05-14T00:00:00.000000Z
2020-05-14T00:00:00.000000Z,16.004999160766602,16.13599967956543,16.004999160766602,16.13599967956543,49,2020-05-15T00:00:00.000000Z
2020-05-15T00:00:00.000000Z,16.540000915527344,17.045999526977539,16.504999160766602,17.045999526977539,57,2020-05-16T00:00:00.000000Z
2020-05-18T00:00:00.000000Z,17.219999313354492,17.584999084472656,17.219999313354492,17.464000701904297,155,2020-05-19T00:00:00.000000Z
2020-05-19T00:00:00.000000Z,17.700000762939453,17.892000198364258,17.700000762939453,17.892000198364258,13,2020-05-20T00:00:00.000000Z
2020-05-20T00:00:00.000000Z,18.024999618530273,18.040000915527344,17.930000305175781,18.00200080871582,25,2020-05-21T00:00:00.000000Z
2020-05-21T00:00:00.000000Z,17.430000305175781,17.430000305175781,17.334999084472656,17.334999084472656,8,2020-05-22T00:00:00.000000Z
2020-05-22T00:00:00.000000Z,17.385000228881836,17.690000534057617,17.385000228881836,17.663999557495117,52,2020-05-23T00:00:00.000000Z
2020-05-26T00:00:00.000000Z,17.885000228881836,17.885000228881836,17.555000305175781,17.565000534057617,23,2020-05-27T00:00:00.000000Z
2020-05-27T00:00:00.000000Z,17.686000823974609,17.686000823974609,17.686000823974609,17.686000823974609,103,2020-05-28T00:00:00.000000Z
2020-05-28T00:00:00.000000Z,17.784999847412109,17.924999237060547,17.784999847412109,17.895000457763672,61,2020-05-29T00:00:00.000000Z
2020-05-29T00:00:00.000000Z,17.864999771118164,18.440000534057617,17.864999771118164,18.440000534057617,25,2020-05-30T00:00:00.000000Z
2020-06-01T00:00:00.000000Z,18.784999847412109,18.815000534057617,18.569999694824219,18.767999649047852,22,2020-06-02T00:00:00.000000Z
2020-06-02T00:00:00.000000Z,18.207000732421875,18.350000381469727,18.207000732421875,18.207000732421875,5,2020-06-03T00:00:00.000000Z
2020-06-03T00:00:00.000000Z,17.690000534057617,17.920999526977539,17.645000457763672,17.920999526977539,40,2020-06-04T00:00:00.000000Z
2020-06-04T00:00:00.000000Z,17.850000381469727,18.02400016784668,17.850000381469727,18.02400016784668,25,2020-06-05T00:00:00.000000Z
2020-06-05T00:00:00.000000Z,17.5,17.504999160766602,17.443000793457031,17.443000793457031,12,2020-06-06T00:00:00.000000Z
2020-06-08T00:00:00.000000Z,17.780000686645508,17.885000228881836,17.780000686645508,17.868000030517578,15,2020-06-09T00:00:00.000000Z
2020-06-09T00:00:00.000000Z,17.829999923706055,17.829999923706055,17.715000152587891,17.77400016784668,3,2020-06-10T00:00:00.000000Z
2020-06-10T00:00:00.000000Z,17.775999069213867,17.775999069213867,17.775999069213867,17.775999069213867,0,2020-06-11T00:00:00.000000Z
2020-06-11T00:00:00.000000Z,18.084999084472656,18.084999084472656,17.829999923706055,17.868999481201172,5,2020-06-12T00:00:00.000000Z
2020-06-12T00:00:00.000000Z,17.75,17.75,17.461999893188477,17.461999893188477,13,2020-06-13T00:00:00.000000Z
2020-06-15T00:00:00.000000Z,17.378999710083008,17.5,17.378999710083008,17.378999710083008,1,2020-06-16T00:00:00.000000Z
2020-06-16T00:00:00.000000Z,17.545000076293945,17.75,17.479999542236328,17.631999969482422,6,2020-06-17T00:00:00.000000Z
2020-06-17T00:00:00.000000Z,17.520000457763672,17.756999969482422,17.520000457763672,17.756999969482422,5,2020-06-18T00:00:00.000000Z
2020-06-18T00:00:00.000000Z,17.493000030517578,17.495000839233398,17.493000030517578,17.493000030517578,1,2020-06-19T00:00:00.000000Z
2020-06-19T00:00:00.000000Z,17.832000732421875,17.832000732421875,17.832000732421875,17.832000732421875,0,2020-06-20T00:00:00.000000Z
2020-06-22T00:00:00.000000Z,17.886999130249023,17.886999130249023,17.886999130249023,17.886999130249023,7,2020-06-23T00:00:00.000000Z
2020-06-23T00:00:00.000000Z,18.004999160766602,18.051000595092773,18.004999160766602,18.051000595092773,4,2020-06-24T00:00:00.000000Z
2020-06-24T00:00:00.000000Z,17.790000915527344,17.815000534057617,17.658000946044922,17.658000946044922,2,2020-06-25T00:00:00.000000Z
2020-06-25T00:00:00.000000Z,17.764999389648438,17.882999420166016,17.754999160766602,17.882999420166016,9,2020-06-26T00:00:00.000000Z
2020-06-26T00:00:00.000000Z,18.023000717163086,18.023000717163086,18.023000717163086,18.023000717163086,41651,2020-06-27T00:00:00.000000Z
2020-06-29T00:00:00.000000Z,17.969999313354492,18.149999618530273,17.825000762939453,17.979999542236328,8797,2020-06-30T00:00:00.000000Z
2020-06-30T00:00:00.000000Z,18.024999618530273,18.541000366210938,17.940000534057617,18.541000366210938,1718,2020-07-01T00:00:00.000000Z
2020-07-01T00:00:00.000000Z,18.485000610351562,18.704999923706055,18.079999923706055,18.132999420166016,370,2020-07-02T00:00:00.000000Z
2020-07-02T00:00:00.000000Z,18.215000152587891,18.243999481201172,17.944999694824219,18.243999481201172,135,2020-07-03T00:00:00.000000Z
2020-07-06T00:00:00.000000Z,18.225000381469727,18.645000457763672,18.209999084472656,18.503999710083008,434,2020-07-07T00:00:00.000000Z
2020-07-07T00:00:00.000000Z,18.219999313354492,18.628000259399414,18.219999313354492,18.628000259399414,263,2020-07-08T00:00:00.000000Z
2020-07-08T00:00:00.000000Z,18.655000686645508,19.129999160766602,18.655000686645508,19.080999374389648,249,2020-07-09T00:00:00.000000Z
2020-07-09T00:00:00.000000Z,19.094999313354492,19.364999771118164,18.834999084472656,18.881999969482422,374,2020-07-10T00:00:00.000000Z
2020-07-10T00:00:00.000000Z,19.030000686645508,19.030000686645508,18.982999801635742,18.982999801635742,62,2020-07-11T00:00:00.000000Z
2020-07-13T00:00:00.000000Z,19.155000686645508,19.708999633789062,19.155000686645508,19.708999633789062,58,2020-07-14T00:00:00.000000Z
2020-07-14T00:00:00.000000Z,19.370000839233398,19.465000152587891,19.254999160766602,19.451000213623047,59,2020-07-15T00:00:00.000000Z
2020-07-15T00:00:00.000000Z,19.600000381469727,19.715000152587891,19.485000610351562,19.684999465942383,42,2020-07-16T00:00:00.000000Z
2020-07-16T00:00:00.000000Z,19.790000915527344,19.795000076293945,19.496999740600586,19.496999740600586,12,2020-07-17T00:00:00.000000Z
2020-07-17T00:00:00.000000Z,19.350000381469727,19.709999084472656,19.350000381469727,19.684999465942383,31,2020-07-18T00:00:00.000000Z
2020-07-20T00:00:00.000000Z,20.200000762939453,20.274999618530273,20.12299919128418,20.124000549316406,10,2020-07-21T00:00:00.000000Z
2020-07-21T00:00:00.000000Z,20.284999847412109,21.565000534057617,20.274999618530273,21.496999740600586,385,2020-07-22T00:00:00.000000Z
2020-07-22T00:00:00.000000Z,22.649999618530273,23.305000305175781,21.895000457763672,23.083000183105469,792,2020-07-23T00:00:00.000000Z
2020-07-23T00:00:00.000000Z,23.069999694824219,23.325000762939453,22.665000915527344,22.944999694824219,200,2020-07-24T00:00:00.000000Z
2020-07-24T00:00:00.000000Z,23.065000534057617,23.069999694824219,22.808000564575195,22.808000564575195,189,2020-07-25T00:00:00.000000Z
2020-07-27T00:00:00.000000Z,24.325000762939453,24.709999084472656,24.194999694824219,24.47599983215332,599,2020-07-28T00:00:00.000000Z
2020-07-28T00:00:00.000000Z,26.020000457763672,26.020000457763672,23.944999694824219,24.266000747680664,124,2020-07-29T00:00:00.000000Z
2020-07-29T00:00:00.000000Z,24.209999084472656,24.292999267578125,24.209999084472656,24.292999267578125,304,2020-07-30T00:00:00.000000Z
2020-07-30T00:00:00.000000Z,24.260000228881836,24.260000228881836,23.114999771118164,23.340000152587891,183,2020-07-31T00:00:00.000000Z
2020-07-31T00:00:00.000000Z,23.590000152587891,24.385000228881836,23.565000534057617,24.188999176025391,220,2020-08-01T00:00:00.000000Z
2020-08-03T00:00:00.000000Z,24.389999389648438,24.389999389648438,24.389999389648438,24.389999389648438,51,2020-08-04T00:00:00.000000Z
2020-08-04T00:00:00.000000Z,25.899999618530273,26.215000152587891,25.774999618530273,26.011999130249023,109,2020-08-05T00:00:00.000000Z
2020-08-05T00:00:00.000000Z,26.024999618530273,27.059999465942383,26.024999618530273,26.87700080871582,30,2020-08-06T00:00:00.000000Z
2020-08-06T00:00:00.000000Z,27.684999465942383,28.850000381469727,27.534999847412109,28.386999130249023,79,2020-08-07T00:00:00.000000Z
2020-08-07T00:00:00.000000Z,29.530000686645508,29.530000686645508,27.524999618530273,27.533000946044922,37,2020-08-08T00:00:00.000000Z
2020-08-10T00:00:00.000000Z,28.200000762939453,29.249000549316406,28.114999771118164,29.249000549316406,8,2020-08-11T00:00:00.000000Z
2020-08-11T00:00:00.000000Z,28.959999084472656,28.959999084472656,24.5,26.03700065612793,27,2020-08-12T00:00:00.000000Z
2020-08-12T00:00:00.000000Z,25.245000839233398,25.954999923706055,25.245000839233398,25.954999923706055,6,2020-08-13T00:00:00.000000Z
2020-08-13T00:00:00.000000Z,26.385000228881836,27.694000244140625,26.379999160766602,27.694000244140625,30,2020-08-14T00:00:00.000000Z
2020-08-14T00:00:00.000000Z,27.225000381469727,27.684999465942383,25.905000686645508,26.065000534057617,17,2020-08-15T00:00:00.000000Z
2020-08-17T00:00:00.000000Z,26.735000610351562,27.642999649047852,26.569999694824219,27.642999649047852,15,2020-08-18T00:00:00.000000Z
2020-08-18T00:00:00.000000Z,27.295000076293945,28.260000228881836,27.295000076293945,28.048999786376953,13,2020-08-19T00:00:00.000000Z
2020-08-19T00:00:00.000000Z,27.465000152587891,27.815000534057617,27.315000534057617,27.315000534057617,10,2020-08-20T00:00:00.000000Z
2020-08-20T00:00:00.000000Z,27.121999740600586,27.121999740600586,27.121999740600586,27.121999740600586,0,2020-08-21T00:00:00.000000Z
2020-08-21T00:00:00.000000Z,27.475000381469727,27.475000381469727,26.707000732421875,26.707000732421875,23,2020-08-22T00:00:00.000000Z
2020-08-24T00:00:00.000000Z,26.780000686645508,26.780000686645508,26.58799934387207,26.58799934387207,3,2020-08-25T00:00:00.000000Z
2020-08-25T00:00:00.000000Z,26.784999847412109,26.784999847412109,26.253999710083008,26.253999710083008,27,2020-08-26T00:00:00.000000Z
2020-08-26T00:00:00.000000Z,26.995000839233398,27.430000305175781,26.954999923706055,27.430000305175781,13,2020-08-27T00:00:00.000000Z
2020-08-27T00:00:00.000000Z,26.809999465942383,27.165000915527344,26.809999465942383,27.010000228881836,131415,2020-08-28T00:00:00.000000Z
2020-08-28T00:00:00.000000Z,27.120000839233398,27.819999694824219,26.889999389648438,27.610000610351562,9048,2020-08-29T00:00:00.000000Z
2020-08-31T00:00:00.000000Z,27.725000381469727,28.485000610351562,27.719999313354492,28.437000274658203,657,2020-09-01T00:00:00.000000Z
2020-09-01T00:00:00.000000Z,28.350000381469727,29.049999237060547,27.860000610351562,28.486000061035156,494,2020-09-02T00:00:00.000000Z
2020-09-02T00:00:00.000000Z,28.165000915527344,28.270000457763672,27.225000381469727,27.249000549316406,490,2020-09-03T00:00:00.000000Z
2020-09-03T00:00:00.000000Z,27.555000305175781,27.555000305175781,26.489999771118164,26.735000610351562,487,2020-09-04T00:00:00.000000Z
2020-09-04T00:00:00.000000Z,26.799999237060547,26.950000762939453,26.395000457763672,26.576000213623047,614,2020-09-05T00:00:00.000000Z
2020-09-08T00:00:00.000000Z,26.920000076293945,27.069999694824219,26.004999160766602,26.86400032043457,545,2020-09-09T00:00:00.000000Z
2020-09-09T00:00:00.000000Z,26.579999923706055,27.145000457763672,26.579999923706055,26.954999923706055,238,2020-09-10T00:00:00.000000Z
2020-09-10T00:00:00.000000Z,27.163000106811523,27.163000106811523,27.163000106811523,27.163000106811523,66,2020-09-11T00:00:00.000000Z
2020-09-11T00:00:00.000000Z,27.090000152587891,27.094999313354492,26.73900032043457,26.73900032043457,198,2020-09-12T00:00:00.000000Z
2020-09-14T00:00:00.000000Z,26.909999847412109,27.350000381469727,26.909999847412109,27.229000091552734,147,2020-09-15T00:00:00.000000Z
2020-09-15T00:00:00.000000Z,27.524999618530273,27.545000076293945,27.170000076293945,27.346000671386719,80,2020-09-16T00:00:00.000000Z
2020-09-16T00:00:00.000000Z,27.319999694824219,27.485000610351562,27.100000381469727,27.354999542236328,233,2020-09-17T00:00:00.000000Z
2020-09-17T00:00:00.000000Z,27.235000610351562,27.235000610351562,26.520000457763672,26.985000610351562,343,2020-09-18T00:00:00.000000Z
2020-09-18T00:00:00.000000Z,27.284999847412109,27.309999465942383,27.027999877929688,27.027999877929688,160,2020-09-19T00:00:00.000000Z
2020-09-21T00:00:00.000000Z,26.329999923706055,26.329999923706055,24.075000762939453,24.298999786376953,148,2020-09-22T00:00:00.000000Z
2020-09-22T00:00:00.000000Z,24.459999084472656,24.569999694824219,24.159999847412109,24.441999435424805,156,2020-09-23T00:00:00.000000Z
2020-09-23T00:00:00.000000Z,24,24,23,23.013999938964844,85,2020-09-24T00:00:00.000000Z
2020-09-24T00:00:00.000000Z,22,23.25,21.959999084472656,23.118000030517578,43,2020-09-25T00:00:00.000000Z
2020-09-25T00:00:00.000000Z,22.75,23.017000198364258,22.729999542236328,23.017000198364258,21,2020-09-26T00:00:00.000000Z
2020-09-28T00:00:00.000000Z,22.739999771118164,23.527999877929688,22.694999694824219,23.527999877929688,348,2020-09-29T00:00:00.000000Z
2020-09-29T00:00:00.000000Z,23.745000839233398,24.440000534057617,23.649999618530273,24.379999160766602,397,2020-09-30T00:00:00.000000Z
2020-09-30T00:00:00.000000Z,24.360000610351562,24.360000610351562,23.354999542236328,23.433000564575195,72,2020-10-01T00:00:00.000000Z
2020-10-01T00:00:00.000000Z,23.395000457763672,24.193000793457031,23.395000457763672,24.193000793457031,214,2020-10-02T00:00:00.000000Z
2020-10-02T00:00:00.000000Z,23.735000610351562,24.149999618530273,23.579999923706055,23.971000671386719,101,2020-10-03T00:00:00.000000Z
2020-10-05T00:00:00.000000Z,23.834999084472656,24.545000076293945,23.784999847412109,24.50200080871582,206,2020-10-06T00:00:00.000000Z
2020-10-06T00:00:00.000000Z,24.469999313354492,24.469999313354492,23.870000839233398,23.870000839233398,17,2020-10-07T00:00:00.000000Z
2020-10-07T00:00:00.000000Z,23.495000839233398,23.909999847412109,23.454999923706055,23.847999572753906,6,2020-10-08T00:00:00.000000Z
2020-10-08T00:00:00.000000Z,24.069999694824219,24.174999237060547,23.836999893188477,23.836999893188477,19,2020-10-09T00:00:00.000000Z
2020-10-09T00:00:00.000000Z,24.319999694824219,25.235000610351562,24.319999694824219,25.069000244140625,123,2020-10-10T00:00:00.000000Z
2020-10-12T00:00:00.000000Z,25.284999847412109,25.459999084472656,25.22599983215332,25.22599983215332,64,2020-10-13T00:00:00.000000Z
2020-10-13T00:00:00.000000Z,25.090000152587891,25.110000610351562,24.086000442504883,24.086000442504883,70,2020-10-14T00:00:00.000000Z
2020-10-14T00:00:00.000000Z,24.36400032043457,24.36400032043457,24.36400032043457,24.36400032043457,46,2020-10-15T00:00:00.000000Z
2020-10-15T00:00:00.000000Z,24.193000793457031,24.193000793457031,24.193000793457031,24.193000793457031,16,2020-10-16T00:00:00.000000Z
2020-10-16T00:00:00.000000Z,24.229999542236328,24.368999481201172,24.229999542236328,24.368999481201172,204,2020-10-17T00:00:00.000000Z
2020-10-19T00:00:00.000000Z,24.754999160766602,24.815000534057617,24.656999588012695,24.656999588012695,22,2020-10-20T00:00:00.000000Z
2020-10-20T00:00:00.000000Z,24.937000274658203,24.937000274658203,24.937000274658203,24.937000274658203,24,2020-10-21T00:00:00.000000Z
2020-10-21T00:00:00.000000Z,24.790000915527344,25.295000076293945,24.790000915527344,25.197000503540039,16,2020-10-22T00:00:00.000000Z
2020-10-22T00:00:00.000000Z,24.665000915527344,24.665000915527344,24.665000915527344,24.665000915527344,0,2020-10-23T00:00:00.000000Z
2020-10-23T00:00:00.000000Z,24.62700080871582,24.62700080871582,24.62700080871582,24.62700080871582,0,2020-10-24T00:00:00.000000Z
2020-10-26T00:00:00.000000Z,24.375999450683594,24.375999450683594,24.375999450683594,24.375999450683594,0,2020-10-27T00:00:00.000000Z
2020-10-27T00:00:00.000000Z,24.370000839233398,24.525999069213867,24.319999694824219,24.525999069213867,2,2020-10-28T00:00:00.000000Z
2020-10-28T00:00:00.000000Z,23.323999404907227,23.323999404907227,23.323999404907227,23.323999404907227,182,2020-10-29T00:00:00.000000Z
2020-10-29T00:00:00.000000Z,23.045000076293945,23.339000701904297,22.959999084472656,23.339000701904297,27,2020-10-30T00:00:00.000000Z
2020-10-30T00:00:00.000000Z,23.617000579833984,23.617000579833984,23.617000579833984,23.617000579833984,57,2020-10-31T00:00:00.000000Z
2020-11-02T00:00:00.000000Z,24.014999389648438,24.200000762939453,24.006000518798828,24.006000518798828,68,2020-11-03T00:00:00.000000Z
2020-11-03T00:00:00.000000Z,24.305000305175781,24.305000305175781,24.159999847412109,24.305000305175781,109,2020-11-04T00:00:00.000000Z
2020-11-04T00:00:00.000000Z,23.680000305175781,24.004999160766602,23.680000305175781,23.86400032043457,20,2020-11-05T00:00:00.000000Z
2020-11-05T00:00:00.000000Z,24.799999237060547,25.170999526977539,24.799999237060547,25.170999526977539,79,2020-11-06T00:00:00.000000Z
2020-11-06T00:00:00.000000Z,25.225000381469727,25.909999847412109,25.200000762939453,25.645999908447266,66,2020-11-07T00:00:00.000000Z
2020-11-09T00:00:00.000000Z,23.684999465942383,23.684999465942383,23.684999465942383,23.684999465942383,0,2020-11-10T00:00:00.000000Z
2020-11-10T00:00:00.000000Z,24.215000152587891,24.445999145507812,24.209999084472656,24.445999145507812,6,2020-11-11T00:00:00.000000Z
2020-11-11T00:00:00.000000Z,23.944999694824219,24.250999450683594,23.944999694824219,24.250999450683594,5,2020-11-12T00:00:00.000000Z
2020-11-12T00:00:00.000000Z,24.290000915527344,24.290000915527344,24.290000915527344,24.290000915527344,0,2020-11-13T00:00:00.000000Z
2020-11-13T00:00:00.000000Z,24.759000778198242,24.759000778198242,24.759000778198242,24.759000778198242,0,2020-11-14T00:00:00.000000Z
2020-11-16T00:00:00.000000Z,24.785999298095703,24.785999298095703,24.785999298095703,24.785999298095703,0,2020-11-17T00:00:00.000000Z
2020-11-17T00:00:00.000000Z,24.760000228881836,24.760000228881836,24.635000228881836,24.635000228881836,2,2020-11-18T00:00:00.000000Z
2020-11-18T00:00:00.000000Z,24.433000564575195,24.433000564575195,24.433000564575195,24.433000564575195,38,2020-11-19T00:00:00.000000Z
2020-11-19T00:00:00.000000Z,24.033000946044922,24.033000946044922,24.033000946044922,24.033000946044922,0,2020-11-20T00:00:00.000000Z
2020-11-20T00:00:00.000000Z,24.347999572753906,24.347999572753906,24.347999572753906,24.347999572753906,0,2020-11-21T00:00:00.000000Z
2020-11-23T00:00:00.000000Z,23.624000549316406,23.624000549316406,23.624000549316406,23.624000549316406,1,2020-11-24T00:00:00.000000Z
2020-11-24T00:00:00.000000Z,23.329999923706055,23.329999923706055,23.291999816894531,23.291999816894531,2,2020-11-25T00:00:00.000000Z
2020-11-25T00:00:00.000000Z,23.356000900268555,23.356000900268555,23.356000900268555,23.356000900268555,57047,2020-11-26T00:00:00.000000Z
2020-11-27T00:00:00.000000Z,23.375,23.504999160766602,22.325000762939453,22.552999496459961,18893,2020-11-28T00:00:00.000000Z
2020-11-30T00:00:00.000000Z,22.739999771118164,22.739999771118164,22.004999160766602,22.534000396728516,1677,2020-12-01T00:00:00.000000Z
2020-12-01T00:00:00.000000Z,22.665000915527344,24.094999313354492,22.649999618530273,24.033000946044922,703,2020-12-02T00:00:00.000000Z
2020-12-02T00:00:00.000000Z,23.915000915527344,24.375,23.639999389648438,24.024999618530273,303,2020-12-03T00:00:00.000000Z
2020-12-03T00:00:00.000000Z,24.100000381469727,24.340000152587891,24.004999160766602,24.086999893188477,136,2020-12-04T00:00:00.000000Z
2020-12-04T00:00:00.000000Z,24.120000839233398,24.495000839233398,24.079999923706055,24.202999114990234,444,2020-12-05T00:00:00.000000Z
2020-12-07T00:00:00.000000Z,24.235000610351562,24.850000381469727,23.715000152587891,24.740999221801758,239,2020-12-08T00:00:00.000000Z
2020-12-08T00:00:00.000000Z,24.754999160766602,24.764999389648438,24.629999160766602,24.684000015258789,70,2020-12-09T00:00:00.000000Z
2020-12-09T00:00:00.000000Z,24.655000686645508,24.655000686645508,23.780000686645508,23.930000305175781,53,2020-12-10T00:00:00.000000Z
2020-12-10T00:00:00.000000Z,23.944999694824219,24.309999465942383,23.944999694824219,24.031000137329102,23,2020-12-11T00:00:00.000000Z
2020-12-11T00:00:00.000000Z,23.985000610351562,24.049999237060547,23.954999923706055,24.031999588012695,48,2020-12-12T00:00:00.000000Z
2020-12-14T00:00:00.000000Z,24.159999847412109,24.159999847412109,23.985000610351562,23.985000610351562,25,2020-12-15T00:00:00.000000Z
2020-12-15T00:00:00.000000Z,24.075000762939453,24.580999374389648,24.075000762939453,24.580999374389648,42,2020-12-16T00:00:00.000000Z
2020-12-16T00:00:00.000000Z,25.149999618530273,25.5,24.819999694824219,24.985000610351562,151,2020-12-17T00:00:00.000000Z
2020-12-17T00:00:00.000000Z,25.450000762939453,26.180000305175781,25.450000762939453,26.100000381469727,201,2020-12-18T00:00:00.000000Z
2020-12-18T00:00:00.000000Z,26.120000839233398,26.120000839233398,25.948999404907227,25.948999404907227,105,2020-12-19T00:00:00.000000Z
2020-12-21T00:00:00.000000Z,26.004999160766602,26.989999771118164,25.409999847412109,26.277999877929688,153,2020-12-22T00:00:00.000000Z
2020-12-22T00:00:00.000000Z,26.475000381469727,26.670000076293945,25.274999618530273,25.434000015258789,93,2020-12-23T00:00:00.000000Z
2020-12-23T00:00:00.000000Z,25.555000305175781,25.823999404907227,25.555000305175781,25.823999404907227,68,2020-12-24T00:00:00.000000Z
2020-12-24T00:00:00.000000Z,25.811000823974609,25.811000823974609,25.811000823974609,25.811000823974609,66,2020-12-25T00:00:00.000000Z
2020-12-28T00:00:00.000000Z,26.799999237060547,26.819999694824219,26.454999923706055,26.459999084472656,140,2020-12-29T00:00:00.000000Z
2020-12-29T00:00:00.000000Z,26.25,26.25,26.13800048828125,26.13800048828125,191,2020-12-30T00:00:00.000000Z
2020-12-30T00:00:00.000000Z,26.319999694824219,26.524999618530273,26.260000228881836,26.488000869750977,77,2020-12-31T00:00:00.000000Z
2020-12-31T00:00:00.000000Z,26.530000686645508,26.540000915527344,26.332000732421875,26.332000732421875,36,2021-01-01T00:00:00.000000Z
2021-01-04T00:00:00.000000Z,27.284000396728516,27.284000396728516,27.284000396728516,27.284000396728516,52,2021-01-05T00:00:00.000000Z
2021-01-05T00:00:00.000000Z,27.570999145507812,27.570999145507812,27.570999145507812,27.570999145507812,4,2021-01-06T00:00:00.000000Z
2021-01-06T00:00:00.000000Z,27.424999237060547,27.424999237060547,26.972999572753906,26.972999572753906,50,2021-01-07T00:00:00.000000Z
2021-01-07T00:00:00.000000Z,27.200000762939453,27.200000762939453,27.200000762939453,27.200000762939453,3,2021-01-08T00:00:00.000000Z
2021-01-08T00:00:00.000000Z,24.582000732421875,25.325000762939453,24.582000732421875,24.582000732421875,3,2021-01-09T00:00:00.000000Z
2021-01-11T00:00:00.000000Z,25.520000457763672,25.520000457763672,24.725000381469727,25.23900032043457,11,2021-01-12T00:00:00.000000Z
2021-01-12T00:00:00.000000Z,25.139999389648438,25.385000228881836,25.104999542236328,25.384000778198242,90,2021-01-13T00:00:00.000000Z
2021-01-13T00:00:00.000000Z,25.545000076293945,25.545000076293945,25.5,25.520000457763672,211,2021-01-14T00:00:00.000000Z
2021-01-14T00:00:00.000000Z,25.746000289916992,25.746000289916992,25.746000289916992,25.746000289916992,66,2021-01-15T00:00:00.000000Z
2021-01-15T00:00:00.000000Z,25.430000305175781,25.469999313354492,24.825000762939453,24.825000762939453,88,2021-01-16T00:00:00.000000Z
2021-01-19T00:00:00.000000Z,24.915000915527344,25.278999328613281,24.915000915527344,25.278999328613281,4,2021-01-20T00:00:00.000000Z
2021-01-20T00:00:00.000000Z,25.424999237060547,25.733999252319336,25.415000915527344,25.733999252319336,151,2021-01-21T00:00:00.000000Z
2021-01-21T00:00:00.000000Z,25.822000503540039,25.822000503540039,25.822000503540039,25.822000503540039,0,2021-01-22T00:00:00.000000Z
2021-01-22T00:00:00.000000Z,25.52400016784668,25.540000915527344,25.52400016784668,25.52400016784668,10,2021-01-23T00:00:00.000000Z
2021-01-25T00:00:00.000000Z,25.454999923706055,25.454999923706055,25.454999923706055,25.454999923706055,5,2021-01-26T00:00:00.000000Z
2021-01-26T00:00:00.000000Z,25.528999328613281,25.528999328613281,25.528999328613281,25.528999328613281,92,2021-01-27T00:00:00.000000Z
2021-01-27T00:00:00.000000Z,25.375999450683594,25.375999450683594,25.375999450683594,25.375999450683594,610,2021-01-28T00:00:00.000000Z
2021-01-28T00:00:00.000000Z,25.084999084472656,27.010000228881836,24.930000305175781,25.909000396728516,508,2021-01-29T00:00:00.000000Z
2021-01-29T00:00:00.000000Z,26.639999389648438,27.575000762939453,26.370000839233398,26.899999618530273,32,2021-01-30T00:00:00.000000Z
2021-02-01T00:00:00.000000Z,28.360000610351562,30.159999847412109,28.299999237060547,29.398000717163086,474,2021-02-02T00:00:00.000000Z
2021-02-02T00:00:00.000000Z,28.645000457763672,28.930000305175781,26.384000778198242,26.384000778198242,91,2021-02-03T00:00:00.000000Z
2021-02-03T00:00:00.000000Z,26.940000534057617,27.024999618530273,26.860000610351562,26.878000259399414,143,2021-02-04T00:00:00.000000Z
2021-02-04T00:00:00.000000Z,26.674999237060547,26.674999237060547,26.004999160766602,26.222999572753906,114,2021-02-05T00:00:00.000000Z
2021-02-05T00:00:00.000000Z,26.430000305175781,27.013999938964844,26.430000305175781,27.013999938964844,58,2021-02-06T00:00:00.000000Z
2021-02-08T00:00:00.000000Z,27.280000686645508,27.569999694824219,27.280000686645508,27.569999694824219,6,2021-02-09T00:00:00.000000Z
2021-02-09T00:00:00.000000Z,27.424999237060547,27.444999694824219,27.290000915527344,27.395999908447266,5,2021-02-10T00:00:00.000000Z
2021-02-10T00:00:00.000000Z,27.104999542236328,27.104999542236328,27.073999404907227,27.073999404907227,32,2021-02-11T00:00:00.000000Z
2021-02-11T00:00:00.000000Z,27.170000076293945,27.170000076293945,26.909999847412109,27.041999816894531,3,2021-02-12T00:00:00.000000Z
2021-02-12T00:00:00.000000Z,27.322999954223633,27.322999954223633,27.322999954223633,27.322999954223633,0,2021-02-13T00:00:00.000000Z
2021-02-16T00:00:00.000000Z,27.510000228881836,27.510000228881836,27.059999465942383,27.319000244140625,64,2021-02-17T00:00:00.000000Z
2021-02-17T00:00:00.000000Z,27.313999176025391,27.313999176025391,27.313999176025391,27.313999176025391,125,2021-02-18T00:00:00.000000Z
2021-02-18T00:00:00.000000Z,27.125,27.125,27.076999664306641,27.076999664306641,2,2021-02-19T00:00:00.000000Z
2021-02-19T00:00:00.000000Z,27.504999160766602,27.549999237060547,27.25200080871582,27.25200080871582,8,2021-02-20T00:00:00.000000Z
2021-02-22T00:00:00.000000Z,28.083000183105469,28.100000381469727,28.083000183105469,28.083000183105469,248,2021-02-23T00:00:00.000000Z
2021-02-23T00:00:00.000000Z,27.686000823974609,27.686000823974609,27.686000823974609,27.686000823974609,8,2021-02-24T00:00:00.000000Z
2021-02-24T00:00:00.000000Z,27.857000350952148,27.857000350952148,27.857000350952148,27.857000350952148,73500,2021-02-25T00:00:00.000000Z
2021-02-25T00:00:00.000000Z,28.030000686645508,28.264999389648438,27.295000076293945,27.636999130249023,13035,2021-02-26T00:00:00.000000Z
2021-02-26T00:00:00.000000Z,27.454999923706055,27.559999465942383,26.180000305175781,26.402000427246094,1205,2021-02-27T00:00:00.000000Z
2021-03-01T00:00:00.000000Z,26.690000534057617,26.989999771118164,26.489999771118164,26.646999359130859,519,2021-03-02T00:00:00.000000Z
2021-03-02T00:00:00.000000Z,26.385000228881836,26.850000381469727,25.860000610351562,26.850000381469727,703,2021-03-03T00:00:00.000000Z
2021-03-03T00:00:00.000000Z,26.805000305175781,26.805000305175781,25.934999465942383,26.357000350952148,241,2021-03-04T00:00:00.000000Z
2021-03-04T00:00:00.000000Z,26.120000839233398,26.329999923706055,25.209999084472656,25.434000015258789,914,2021-03-05T00:00:00.000000Z
2021-03-05T00:00:00.000000Z,25.344999313354492,25.370000839233398,24.905000686645508,25.256999969482422,339,2021-03-06T00:00:00.000000Z
2021-03-08T00:00:00.000000Z,25.520000457763672,25.709999084472656,25,25.239999771118164,76,2021-03-09T00:00:00.000000Z
2021-03-09T00:00:00.000000Z,25.225000381469727,26.148000717163086,25.225000381469727,26.148000717163086,133,2021-03-10T00:00:00.000000Z
2021-03-10T00:00:00.000000Z,26.010000228881836,26.280000686645508,25.780000686645508,26.101999282836914,85,2021-03-11T00:00:00.000000Z
2021-03-11T00:00:00.000000Z,26.149999618530273,26.409999847412109,26.040000915527344,26.16200065612793,37,2021-03-12T00:00:00.000000Z
2021-03-12T00:00:00.000000Z,26.145000457763672,26.200000762939453,25.459999084472656,25.879999160766602,244,2021-03-13T00:00:00.000000Z
2021-03-15T00:00:00.000000Z,26.200000762939453,26.334999084472656,25.924999237060547,26.253000259399414,148,2021-03-16T00:00:00.000000Z
2021-03-16T00:00:00.000000Z,26.129999160766602,26.145000457763672,25.920000076293945,25.974000930786133,559,2021-03-17T00:00:00.000000Z
2021-03-17T00:00:00.000000Z,25.805000305175781,26.530000686645508,25.795000076293945,26.030000686645508,379,2021-03-18T00:00:00.000000Z
2021-03-18T00:00:00.000000Z,26.434999465942383,26.434999465942383,25.899999618530273,26.320999145507812,81,2021-03-19T00:00:00.000000Z
2021-03-19T00:00:00.000000Z,26.055000305175781,26.291999816894531,26.055000305175781,26.291999816894531,194,2021-03-20T00:00:00.000000Z
2021-03-22T00:00:00.000000Z,25.954999923706055,25.954999923706055,25.540000915527344,25.740999221801758,147,2021-03-23T00:00:00.000000Z
2021-03-23T00:00:00.000000Z,25.614999771118164,25.694999694824219,25.094999313354492,25.200000762939453,191,2021-03-24T00:00:00.000000Z
2021-03-24T00:00:00.000000Z,25.25,25.344999313354492,25.190000534057617,25.201000213623047,432,2021-03-25T00:00:00.000000Z
2021-03-25T00:00:00.000000Z,25.149999618530273,25.149999618530273,24.504999160766602,25.021999359130859,162,2021-03-26T00:00:00.000000Z
2021-03-26T00:00:00.000000Z,25.184999465942383,25.184999465942383,25.040000915527344,25.091999053955078,130,2021-03-27T00:00:00.000000Z
2021-03-29T00:00:00.000000Z,24.854999542236328,24.909999847412109,24.510000228881836,24.746999740600586,491,2021-03-30T00:00:00.000000Z
2021-03-30T00:00:00.000000Z,24.700000762939453,24.700000762939453,23.965000152587891,24.121000289916992,276,2021-03-31T00:00:00.000000Z
2021-03-31T00:00:00.000000Z,24.319999694824219,24.517000198364258,24.319999694824219,24.517000198364258,49,2021-04-01T00:00:00.000000Z
2021-04-01T00:00:00.000000Z,24.350000381469727,24.934999465942383,24.350000381469727,24.934999465942383,15,2021-04-02T00:00:00.000000Z
2021-04-05T00:00:00.000000Z,24.934999465942383,24.934999465942383,24.76300048828125,24.76300048828125,2,2021-04-06T00:00:00.000000Z
2021-04-06T00:00:00.000000Z,25.049999237060547,25.215000152587891,25.049999237060547,25.211999893188477,3,2021-04-07T00:00:00.000000Z
2021-04-07T00:00:00.000000Z,25.065000534057617,25.25,25.065000534057617,25.232999801635742,2,2021-04-08T00:00:00.000000Z
2021-04-08T00:00:00.000000Z,25.569000244140625,25.569000244140625,25.569000244140625,25.569000244140625,121,2021-04-09T00:00:00.000000Z
2021-04-09T00:00:00.000000Z,25.311000823974609,25.311000823974609,25.311000823974609,25.311000823974609,0,2021-04-10T00:00:00.000000Z
2021-04-12T00:00:00.000000Z,25.145000457763672,25.165000915527344,24.805000305175781,24.853000640869141,55,2021-04-13T00:00:00.000000Z
2021-04-13T00:00:00.000000Z,25.416999816894531,25.416999816894531,25.416999816894531,25.416999816894531,4,2021-04-14T00:00:00.000000Z
2021-04-14T00:00:00.000000Z,25.514999389648438,25.514999389648438,25.514999389648438,25.514999389648438,0,2021-04-15T00:00:00.000000Z
2021-04-15T00:00:00.000000Z,25.955999374389648,25.955999374389648,25.955999374389648,25.955999374389648,95,2021-04-16T00:00:00.000000Z
2021-04-16T00:00:00.000000Z,26.099000930786133,26.099000930786133,26.099000930786133,26.099000930786133,0,2021-04-17T00:00:00.000000Z
2021-04-19T00:00:00.000000Z,26.204999923706055,26.204999923706055,25.830999374389648,25.830999374389648,22,2021-04-20T00:00:00.000000Z
2021-04-20T00:00:00.000000Z,25.854999542236328,25.854999542236328,25.834999084472656,25.834999084472656,5,2021-04-21T00:00:00.000000Z
2021-04-21T00:00:00.000000Z,26.524999618530273,26.565000534057617,26.524999618530273,26.565000534057617,2,2021-04-22T00:00:00.000000Z
2021-04-22T00:00:00.000000Z,26.340000152587891,26.340000152587891,26.173999786376953,26.173999786376953,39,2021-04-23T00:00:00.000000Z
2021-04-23T00:00:00.000000Z,26.239999771118164,26.239999771118164,26.024999618530273,26.076999664306641,36,2021-04-24T00:00:00.000000Z
2021-04-26T00:00:00.000000Z,26.059999465942383,26.25,26.059999465942383,26.211000442504883,47,2021-04-27T00:00:00.000000Z
2021-04-27T00:00:00.000000Z,26.41200065612793,26.41200065612793,26.41200065612793,26.41200065612793,0,2021-04-28T00:00:00.000000Z
2021-04-28T00:00:00.000000Z,26.080999374389648,26.080999374389648,26.080999374389648,26.080999374389648,62061,2021-04-29T00:00:00.000000Z
2021-04-29T00:00:00.000000Z,26.280000686645508,26.545000076293945,25.735000610351562,26.052999496459961,8571,2021-04-30T00:00:00.000000Z
2021-04-30T00:00:00.000000Z,26.155000686645508,26.215000152587891,25.840000152587891,25.853000640869141,490,2021-05-01T00:00:00.000000Z
2021-05-03T00:00:00.000000Z,25.875,27.075000762939453,25.875,26.943000793457031,283,2021-05-04T00:00:00.000000Z
2021-05-04T00:00:00.000000Z,27.030000686645508,27.040000915527344,26.25,26.538999557495117,266,2021-05-05T00:00:00.000000Z
2021-05-05T00:00:00.000000Z,26.555000305175781,26.569999694824219,26.270000457763672,26.50200080871582,66,2021-05-06T00:00:00.000000Z
2021-05-06T00:00:00.000000Z,26.559999465942383,27.555000305175781,26.555000305175781,27.461999893188477,268,2021-05-07T00:00:00.000000Z
2021-05-07T00:00:00.000000Z,27.635000228881836,27.635000228881836,27.334999084472656,27.461999893188477,304,2021-05-08T00:00:00.000000Z
2021-05-10T00:00:00.000000Z,27.709999084472656,27.915000915527344,27.370000839233398,27.479000091552734,247,2021-05-11T00:00:00.000000Z
2021-05-11T00:00:00.000000Z,27.284999847412109,27.680000305175781,27.280000686645508,27.656999588012695,306,2021-05-12T00:00:00.000000Z
2021-05-12T00:00:00.000000Z,27.459999084472656,27.639999389648438,27.231000900268555,27.231000900268555,33,2021-05-13T00:00:00.000000Z
2021-05-13T00:00:00.000000Z,27.120000839233398,27.145000457763672,26.854999542236328,27.044000625610352,155,2021-05-14T00:00:00.000000Z
2021-05-14T00:00:00.000000Z,27.030000686645508,27.5,27.030000686645508,27.353000640869141,16,2021-05-15T00:00:00.000000Z
2021-05-17T00:00:00.000000Z,28.260000228881836,28.329999923706055,28.260000228881836,28.260000228881836,61,2021-05-18T00:00:00.000000Z
2021-05-18T00:00:00.000000Z,28.629999160766602,28.680000305175781,28.313999176025391,28.313999176025391,52,2021-05-19T00:00:00.000000Z
2021-05-19T00:00:00.000000Z,27.809999465942383,28.007999420166016,27.620000839233398,28.007999420166016,28,2021-05-20T00:00:00.000000Z
2021-05-20T00:00:00.000000Z,27.920000076293945,28.052000045776367,27.719999313354492,28.052000045776367,26,2021-05-21T00:00:00.000000Z
2021-05-21T00:00:00.000000Z,28.079999923706055,28.120000839233398,27.389999389648438,27.472999572753906,95,2021-05-22T00:00:00.000000Z
2021-05-24T00:00:00.000000Z,27.885000228881836,27.899999618530273,27.739999771118164,27.886999130249023,85,2021-05-25T00:00:00.000000Z
2021-05-25T00:00:00.000000Z,27.75,28.03700065612793,27.670000076293945,28.03700065612793,81,2021-05-26T00:00:00.000000Z
2021-05-26T00:00:00.000000Z,27.853000640869141,27.853000640869141,27.853000640869141,27.853000640869141,744,2021-05-27T00:00:00.000000Z
2021-05-27T00:00:00.000000Z,27.754999160766602,27.920000076293945,27.694999694824219,27.919000625610352,525,2021-05-28T00:00:00.000000Z
2021-05-28T00:00:00.000000Z,27.745000839233398,27.993000030517578,27.540000915527344,27.993000030517578,181,2021-05-29T00:00:00.000000Z
2021-06-01T00:00:00.000000Z,28.004999160766602,28.579999923706055,27.995000839233398,28.083000183105469,187,2021-06-02T00:00:00.000000Z
2021-06-02T00:00:00.000000Z,27.930000305175781,28.186000823974609,27.784999847412109,28.186000823974609,35,2021-06-03T00:00:00.000000Z
2021-06-03T00:00:00.000000Z,27.190000534057617,27.459999084472656,27.190000534057617,27.459999084472656,20,2021-06-04T00:00:00.000000Z
2021-06-04T00:00:00.000000Z,27.878999710083008,27.878999710083008,27.878999710083008,27.878999710083008,0,2021-06-05T00:00:00.000000Z
2021-06-07T00:00:00.000000Z,27.614999771118164,28.000999450683594,27.614999771118164,28.000999450683594,4,2021-06-08T00:00:00.000000Z
2021-06-08T00:00:00.000000Z,28.010000228881836,28.010000228881836,27.704999923706055,27.715000152587891,27,2021-06-09T00:00:00.000000Z
2021-06-09T00:00:00.000000Z,27.694999694824219,27.985000610351562,27.694999694824219,27.985000610351562,8,2021-06-10T00:00:00.000000Z
2021-06-10T00:00:00.000000Z,27.899999618530273,28.024999618530273,27.709999084472656,28.014999389648438,6,2021-06-11T00:00:00.000000Z
2021-06-11T00:00:00.000000Z,28.114999771118164,28.360000610351562,28.114999771118164,28.131000518798828,172,2021-06-12T00:00:00.000000Z
2021-06-14T00:00:00.000000Z,27.895000457763672,28.104999542236328,27.825000762939453,28.02400016784668,4,2021-06-15T00:00:00.000000Z
2021-06-15T00:00:00.000000Z,27.985000610351562,27.985000610351562,27.569999694824219,27.679000854492188,57,2021-06-16T00:00:00.000000Z
2021-06-16T00:00:00.000000Z,27.799999237060547,27.799999237060547,27.799999237060547,27.799999237060547,112,2021-06-17T00:00:00.000000Z
2021-06-17T00:00:00.000000Z,25.843999862670898,25.843999862670898,25.843999862670898,25.843999862670898,51,2021-06-18T00:00:00.000000Z
2021-06-18T00:00:00.000000Z,26.424999237060547,26.430000305175781,25.958000183105469,25.958000183105469,3,2021-06-19T00:00:00.000000Z
2021-06-21T00:00:00.000000Z,26.014999389648438,26.014999389648438,26.014999389648438,26.014999389648438,0,2021-06-22T00:00:00.000000Z
2021-06-22T00:00:00.000000Z,25.847999572753906,25.847999572753906,25.847999572753906,25.847999572753906,81,2021-06-23T00:00:00.000000Z
2021-06-23T00:00:00.000000Z,26.107999801635742,26.107999801635742,26.107999801635742,26.107999801635742,8,2021-06-24T00:00:00.000000Z
2021-06-24T00:00:00.000000Z,26.047000885009766,26.047000885009766,26.047000885009766,26.047000885009766,0,2021-06-25T00:00:00.000000Z
2021-06-25T00:00:00.000000Z,26.174999237060547,26.174999237060547,26.082000732421875,26.082000732421875,9,2021-06-26T00:00:00.000000Z
2021-06-28T00:00:00.000000Z,26.218000411987305,26.218000411987305,26.218000411987305,26.218000411987305,42308,2021-06-29T00:00:00.000000Z
2021-06-29T00:00:00.000000Z,26.200000762939453,26.209999084472656,25.559999465942383,25.871999740600586,20140,2021-06-30T00:00:00.000000Z
2021-06-30T00:00:00.000000Z,25.840000152587891,26.229999542236328,25.840000152587891,26.165000915527344,725,2021-07-01T00:00:00.000000Z
2021-07-01T00:00:00.000000Z,26.215000152587891,26.420000076293945,26.049999237060547,26.075000762939453,1037,2021-07-02T00:00:00.000000Z
2021-07-02T00:00:00.000000Z,26.110000610351562,26.674999237060547,26.104999542236328,26.481000900268555,330,2021-07-03T00:00:00.000000Z
2021-07-06T00:00:00.000000Z,26.725000381469727,26.870000839233398,26.153999328613281,26.153999328613281,389,2021-07-07T00:00:00.000000Z
2021-07-07T00:00:00.000000Z,26.200000762939453,26.5,26.069999694824219,26.110000610351562,546,2021-07-08T00:00:00.000000Z
2021-07-08T00:00:00.000000Z,26.159999847412109,26.290000915527344,25.889999389648438,25.966999053955078,175,2021-07-09T00:00:00.000000Z
2021-07-09T00:00:00.000000Z,25.965000152587891,26.215000152587891,25.834999084472656,26.211000442504883,64,2021-07-10T00:00:00.000000Z
2021-07-12T00:00:00.000000Z,26.184999465942383,26.299999237060547,26.059999465942383,26.216999053955078,74,2021-07-13T00:00:00.000000Z
2021-07-13T00:00:00.000000Z,26.204999923706055,26.204999923706055,26.100000381469727,26.114999771118164,66,2021-07-14T00:00:00.000000Z
2021-07-14T00:00:00.000000Z,26.100000381469727,26.444999694824219,26.100000381469727,26.246000289916992,14,2021-07-15T00:00:00.000000Z
2021-07-15T00:00:00.000000Z,26.420000076293945,26.444999694824219,26.264999389648438,26.375,203,2021-07-16T00:00:00.000000Z
2021-07-16T00:00:00.000000Z,26.430000305175781,26.430000305175781,25.649999618530273,25.777000427246094,100,2021-07-17T00:00:00.000000Z
2021-07-19T00:00:00.000000Z,25.610000610351562,25.610000610351562,25.045000076293945,25.125999450683594,173,2021-07-20T00:00:00.000000Z
2021-07-20T00:00:00.000000Z,25.194999694824219,25.194999694824219,24.854999542236328,24.976999282836914,48,2021-07-21T00:00:00.000000Z
2021-07-21T00:00:00.000000Z,25.155000686645508,25.238000869750977,24.954999923706055,25.238000869750977,61,2021-07-22T00:00:00.000000Z
2021-07-22T00:00:00.000000Z,25.245000839233398,25.364999771118164,25.239999771118164,25.364999771118164,26,2021-07-23T00:00:00.000000Z
2021-07-23T00:00:00.000000Z,25.430000305175781,25.430000305175781,25.129999160766602,25.218000411987305,88,2021-07-24T00:00:00.000000Z
2021-07-26T00:00:00.000000Z,25.295000076293945,25.295000076293945,25.295000076293945,25.295000076293945,83,2021-07-27T00:00:00.000000Z
2021-07-27T00:00:00.000000Z,25.200000762939453,25.264999389648438,24.631999969482422,24.631999969482422,54,2021-07-28T00:00:00.000000Z
2021-07-28T00:00:00.000000Z,24.735000610351562,24.856000900268555,24.725000381469727,24.856000900268555,551,2021-07-29T00:00:00.000000Z
2021-07-29T00:00:00.000000Z,25.040000915527344,25.854999542236328,25.040000915527344,25.763999938964844,355,2021-07-30T00:00:00.000000Z
2021-07-30T00:00:00.000000Z,25.545000076293945,25.665000915527344,25.5,25.527999877929688,40,2021-07-31T00:00:00.000000Z
2021-08-02T00:00:00.000000Z,25.450000762939453,25.556999206542969,25.450000762939453,25.556999206542969,55,2021-08-03T00:00:00.000000Z
2021-08-03T00:00:00.000000Z,25.389999389648438,25.565999984741211,25.284999847412109,25.565999984741211,8,2021-08-04T00:00:00.000000Z
2021-08-04T00:00:00.000000Z,25.610000610351562,25.969999313354492,25.445999145507812,25.445999145507812,19,2021-08-05T00:00:00.000000Z
2021-08-05T00:00:00.000000Z,25.520000457763672,25.520000457763672,25.277000427246094,25.277000427246094,4,2021-08-06T00:00:00.000000Z
2021-08-06T00:00:00.000000Z,24.489999771118164,24.489999771118164,24.25,24.312000274658203,6,2021-08-07T00:00:00.000000Z
2021-08-09T00:00:00.000000Z,23.254999160766602,23.254999160766602,23.254999160766602,23.254999160766602,2,2021-08-10T00:00:00.000000Z
2021-08-10T00:00:00.000000Z,23.485000610351562,23.485000610351562,23.37700080871582,23.37700080871582,3,2021-08-11T00:00:00.000000Z
2021-08-11T00:00:00.000000Z,23.474000930786133,23.474000930786133,23.474000930786133,23.474000930786133,1,2021-08-12T00:00:00.000000Z
2021-08-12T00:00:00.000000Z,23.104999542236328,23.104999542236328,23.104999542236328,23.104999542236328,19,2021-08-13T00:00:00.000000Z
2021-08-13T00:00:00.000000Z,23.350000381469727,23.795000076293945,23.350000381469727,23.767999649047852,3,2021-08-14T00:00:00.000000Z
2021-08-16T00:00:00.000000Z,23.780000686645508,23.780000686645508,23.780000686645508,23.780000686645508,0,2021-08-17T00:00:00.000000Z
2021-08-17T00:00:00.000000Z,23.648000717163086,23.648000717163086,23.648000717163086,23.648000717163086,0,2021-08-18T00:00:00.000000Z
2021-08-18T00:00:00.000000Z,23.280000686645508,23.454999923706055,23.280000686645508,23.41200065612793,3,2021-08-19T00:00:00.000000Z
2021-08-19T00:00:00.000000Z,23.219999313354492,23.219999313354492,23.219999313354492,23.219999313354492,25,2021-08-20T00:00:00.000000Z
2021-08-20T00:00:00.000000Z,23.104999542236328,23.104999542236328,23.104999542236328,23.104999542236328,13,2021-08-21T00:00:00.000000Z
2021-08-23T00:00:00.000000Z,23.149999618530273,23.649999618530273,23.139999389648438,23.64900016784668,13,2021-08-24T00:00:00.000000Z
2021-08-24T00:00:00.000000Z,23.889999389648438,23.889999389648438,23.889999389648438,23.889999389648438,20,2021-08-25T00:00:00.000000Z
2021-08-25T00:00:00.000000Z,23.834999084472656,23.834999084472656,23.770999908447266,23.770999908447266,19,2021-08-26T00:00:00.000000Z
2021-08-26T00:00:00.000000Z,23.545000076293945,23.555000305175781,23.545000076293945,23.545999526977539,4,2021-08-27T00:00:00.000000Z
2021-08-27T00:00:00.000000Z,23.729999542236328,24.059999465942383,23.715000152587891,24.059999465942383,63309,2021-08-28T00:00:00.000000Z
2021-08-30T00:00:00.000000Z,24.045000076293945,24.219999313354492,23.905000686645508,23.959999084472656,10816,2021-08-31T00:00:00.000000Z
2021-08-31T00:00:00.000000Z,24.059999465942383,24.194999694824219,23.815000534057617,23.959999084472656,728,2021-09-01T00:00:00.000000Z
2021-09-01T00:00:00.000000Z,23.850000381469727,24.254999160766602,23.790000915527344,24.177000045776367,521,2021-09-02T00:00:00.000000Z
2021-09-02T00:00:00.000000Z,24.159999847412109,24.180000305175781,23.774999618530273,23.875,184,2021-09-03T00:00:00.000000Z
2021-09-03T00:00:00.000000Z,23.905000686645508,24.809999465942383,23.905000686645508,24.761999130249023,193,2021-09-04T00:00:00.000000Z
2021-09-07T00:00:00.000000Z,24.809999465942383,24.809999465942383,24.184999465942383,24.333999633789062,32,2021-09-08T00:00:00.000000Z
2021-09-08T00:00:00.000000Z,24.354999542236328,24.399999618530273,23.940000534057617,24.011999130249023,105,2021-09-09T00:00:00.000000Z
2021-09-09T00:00:00.000000Z,23.954999923706055,24.239999771118164,23.844999313354492,24.132999420166016,104,2021-09-10T00:00:00.000000Z
2021-09-10T00:00:00.000000Z,24.135000228881836,24.135000228881836,23.854999542236328,23.854999542236328,13,2021-09-11T00:00:00.000000Z
2021-09-13T00:00:00.000000Z,23.690000534057617,23.754999160766602,23.325000762939453,23.753000259399414,184,2021-09-14T00:00:00.000000Z
2021-09-14T00:00:00.000000Z,23.659999847412109,23.850000381469727,23.639999389648438,23.841999053955078,82,2021-09-15T00:00:00.000000Z
2021-09-15T00:00:00.000000Z,23.799999237060547,23.799999237060547,23.759000778198242,23.759000778198242,25,2021-09-16T00:00:00.000000Z
2021-09-16T00:00:00.000000Z,23.514999389648438,23.514999389648438,22.610000610351562,22.75200080871582,75,2021-09-17T00:00:00.000000Z
2021-09-17T00:00:00.000000Z,22.889999389648438,22.905000686645508,22.295000076293945,22.295000076293945,74,2021-09-18T00:00:00.000000Z
2021-09-20T00:00:00.000000Z,22.375,22.375,22.139999389648438,22.163000106811523,132,2021-09-21T00:00:00.000000Z
2021-09-21T00:00:00.000000Z,22.524999618530273,22.572999954223633,22.469999313354492,22.572999954223633,55,2021-09-22T00:00:00.000000Z
2021-09-22T00:00:00.000000Z,22.799999237060547,23.045000076293945,22.799999237060547,22.868999481201172,3,2021-09-23T00:00:00.000000Z
2021-09-23T00:00:00.000000Z,22.649999618530273,22.649999618530273,22.642000198364258,22.642000198364258,22,2021-09-24T00:00:00.000000Z
2021-09-24T00:00:00.000000Z,22.584999084472656,22.584999084472656,22.090000152587891,22.38800048828125,15,2021-09-25T00:00:00.000000Z
2021-09-27T00:00:00.000000Z,22.604999542236328,23.735000610351562,22.604999542236328,22.656999588012695,131,2021-09-28T00:00:00.000000Z
2021-09-28T00:00:00.000000Z,22.174999237060547,22.459999084472656,22.174999237060547,22.430000305175781,278,2021-09-29T00:00:00.000000Z
2021-09-29T00:00:00.000000Z,22.430000305175781,22.514999389648438,21.458999633789062,21.458999633789062,70,2021-09-30T00:00:00.000000Z
2021-09-30T00:00:00.000000Z,22.034999847412109,22.034999847412109,22.020999908447266,22.020999908447266,36,2021-10-01T00:00:00.000000Z
2021-10-01T00:00:00.000000Z,22.510000228881836,22.510000228881836,22.510000228881836,22.510000228881836,1,2021-10-02T00:00:00.000000Z
2021-10-04T00:00:00.000000Z,22.618000030517578,22.618000030517578,22.618000030517578,22.618000030517578,5,2021-10-05T00:00:00.000000Z
2021-10-05T00:00:00.000000Z,22.582000732421875,22.582000732421875,22.582000732421875,22.582000732421875,10,2021-10-06T00:00:00.000000Z
2021-10-06T00:00:00.000000Z,22.475000381469727,22.506000518798828,22.375,22.506000518798828,135,2021-10-07T00:00:00.000000Z
2021-10-07T00:00:00.000000Z,22.631999969482422,22.631999969482422,22.631999969482422,22.631999969482422,91,2021-10-08T00:00:00.000000Z
2021-10-08T00:00:00.000000Z,22.569999694824219,23.004999160766602,22.569999694824219,22.679000854492188,62,2021-10-09T00:00:00.000000Z
2021-10-11T00:00:00.000000Z,22.639999389648438,22.639999389648438,22.639999389648438,22.639999389648438,0,2021-10-12T00:00:00.000000Z
2021-10-12T00:00:00.000000Z,22.569999694824219,22.575000762939453,22.490999221801758,22.490999221801758,5,2021-10-13T00:00:00.000000Z
2021-10-13T00:00:00.000000Z,23.14900016784668,23.14900016784668,23.14900016784668,23.14900016784668,1,2021-10-14T00:00:00.000000Z
2021-10-14T00:00:00.000000Z,23.459999084472656,23.459999084472656,23.455999374389648,23.455999374389648,28,2021-10-15T00:00:00.000000Z
2021-10-15T00:00:00.000000Z,23.327999114990234,23.327999114990234,23.327999114990234,23.327999114990234,0,2021-10-16T00:00:00.000000Z
2021-10-18T00:00:00.000000Z,23.280000686645508,23.280000686645508,23.215000152587891,23.243000030517578,16,2021-10-19T00:00:00.000000Z
2021-10-19T00:00:00.000000Z,24.069999694824219,24.069999694824219,23.86199951171875,23.86199951171875,2,2021-10-20T00:00:00.000000Z
2021-10-20T00:00:00.000000Z,24.423999786376953,24.423999786376953,24.423999786376953,24.423999786376953,151,2021-10-21T00:00:00.000000Z
2021-10-21T00:00:00.000000Z,24.479999542236328,24.479999542236328,24.139999389648438,24.149999618530273,100,2021-10-22T00:00:00.000000Z
2021-10-22T00:00:00.000000Z,24.429000854492188,24.429000854492188,24.370000839233398,24.429000854492188,2,2021-10-23T00:00:00.000000Z
2021-10-25T00:00:00.000000Z,24.575000762939453,24.575000762939453,24.572000503540039,24.572000503540039,49,2021-10-26T00:00:00.000000Z
2021-10-26T00:00:00.000000Z,24.086000442504883,24.086000442504883,24.086000442504883,24.086000442504883,37,2021-10-27T00:00:00.000000Z
2021-10-27T00:00:00.000000Z,24.159999847412109,24.188999176025391,24.159999847412109,24.188999176025391,51,2021-10-28T00:00:00.000000Z
2021-10-28T00:00:00.000000Z,24.209999084472656,24.245000839233398,24.117000579833984,24.117000579833984,12,2021-10-29T00:00:00.000000Z
2021-10-29T00:00:00.000000Z,23.799999237060547,23.944999694824219,23.799999237060547,23.944999694824219,36,2021-10-30T00:00:00.000000Z
2021-11-01T00:00:00.000000Z,24,24.100000381469727,24,24.063999176025391,33,2021-11-02T00:00:00.000000Z
2021-11-02T00:00:00.000000Z,23.5,23.5,23.5,23.5,21,2021-11-03T00:00:00.000000Z
2021-11-03T00:00:00.000000Z,23.569999694824219,23.579999923706055,23.225000381469727,23.22599983215332,24,2021-11-04T00:00:00.000000Z
2021-11-04T00:00:00.000000Z,23.690000534057617,23.906000137329102,23.690000534057617,23.906000137329102,15,2021-11-05T00:00:00.000000Z
2021-11-05T00:00:00.000000Z,23.844999313354492,24.235000610351562,23.834999084472656,24.152000427246094,21,2021-11-06T00:00:00.000000Z
2021-11-08T00:00:00.000000Z,24.274999618530273,24.555000305175781,24.274999618530273,24.53700065612793,23,2021-11-09T00:00:00.000000Z
2021-11-09T00:00:00.000000Z,24.312999725341797,24.312999725341797,24.312999725341797,24.312999725341797,0,2021-11-10T00:00:00.000000Z
2021-11-10T00:00:00.000000Z,24.767000198364258,24.767000198364258,24.767000198364258,24.767000198364258,5,2021-11-11T00:00:00.000000Z
2021-11-11T00:00:00.000000Z,25.299999237060547,25.301000595092773,25.295000076293945,25.301000595092773,23,2021-11-12T00:00:00.000000Z
2021-11-12T00:00:00.000000Z,25.344999313354492,25.409999847412109,24.924999237060547,25.343999862670898,15,2021-11-13T00:00:00.000000Z
2021-11-15T00:00:00.000000Z,25.239999771118164,25.284999847412109,25.065000534057617,25.107000350952148,156,2021-11-16T00:00:00.000000Z
2021-11-16T00:00:00.000000Z,25.004999160766602,25.004999160766602,24.875,24.944000244140625,122,2021-11-17T00:00:00.000000Z
2021-11-17T00:00:00.000000Z,24.879999160766602,25.209999084472656,24.879999160766602,25.166999816894531,20,2021-11-18T00:00:00.000000Z
2021-11-18T00:00:00.000000Z,25.155000686645508,25.209999084472656,24.819999694824219,24.900999069213867,165,2021-11-19T00:00:00.000000Z
2021-11-19T00:00:00.000000Z,24.870000839233398,24.875,24.780000686645508,24.780000686645508,107,2021-11-20T00:00:00.000000Z
2021-11-22T00:00:00.000000Z,24.540000915527344,24.540000915527344,24.190000534057617,24.297000885009766,42,2021-11-23T00:00:00.000000Z
2021-11-23T00:00:00.000000Z,23.399999618530273,23.604999542236328,23.399999618530273,23.434999465942383,23,2021-11-24T00:00:00.000000Z
2021-11-24T00:00:00.000000Z,23.496000289916992,23.496000289916992,23.496000289916992,23.496000289916992,3,2021-11-25T00:00:00.000000Z
2021-11-26T00:00:00.000000Z,23.107000350952148,23.107000350952148,23.107000350952148,23.107000350952148,61278,2021-11-27T00:00:00.000000Z
2021-11-29T00:00:00.000000Z,23.135000228881836,23.415000915527344,22.729999542236328,22.798999786376953,10390,2021-11-30T00:00:00.000000Z
2021-11-30T00:00:00.000000Z,22.885000228881836,23.260000228881836,22.704999923706055,22.764999389648438,2513,2021-12-01T00:00:00.000000Z
2021-12-01T00:00:00.000000Z,22.770000457763672,22.995000839233398,22.155000686645508,22.298999786376953,488,2021-12-02T00:00:00.000000Z
2021-12-02T00:00:00.000000Z,22.295000076293945,22.399999618530273,22.239999771118164,22.280000686645508,127,2021-12-03T00:00:00.000000Z
2021-12-03T00:00:00.000000Z,22.409999847412109,22.469999313354492,22.040000915527344,22.444999694824219,197,2021-12-04T00:00:00.000000Z
2021-12-06T00:00:00.000000Z,22.489999771118164,22.489999771118164,22.100000381469727,22.228000640869141,85,2021-12-07T00:00:00.000000Z
2021-12-07T00:00:00.000000Z,22.385000228881836,22.559999465942383,22.375,22.48699951171875,52,2021-12-08T00:00:00.000000Z
2021-12-08T00:00:00.000000Z,22.430000305175781,22.444999694824219,22.309999465942383,22.389999389648438,268,2021-12-09T00:00:00.000000Z
2021-12-09T00:00:00.000000Z,22.280000686645508,22.284999847412109,21.889999389648438,21.974000930786133,32,2021-12-10T00:00:00.000000Z
2021-12-10T00:00:00.000000Z,21.885000228881836,22.165000915527344,21.799999237060547,22.159999847412109,18,2021-12-11T00:00:00.000000Z
2021-12-13T00:00:00.000000Z,22.245000839233398,22.290000915527344,22.129999160766602,22.290000915527344,7,2021-12-14T00:00:00.000000Z
2021-12-14T00:00:00.000000Z,22.25,22.25,21.659999847412109,21.886999130249023,3,2021-12-15T00:00:00.000000Z
2021-12-15T00:00:00.000000Z,21.5,21.639999389648438,21.5,21.507999420166016,5,2021-12-16T00:00:00.000000Z
2021-12-16T00:00:00.000000Z,22.135000228881836,22.454999923706055,22.120000839233398,22.454999923706055,88,2021-12-17T00:00:00.000000Z
2021-12-17T00:00:00.000000Z,22.450000762939453,22.506999969482422,22.450000762939453,22.506999969482422,31,2021-12-18T00:00:00.000000Z
2021-12-20T00:00:00.000000Z,22.299999237060547,22.370000839233398,22.274999618530273,22.274999618530273,87,2021-12-21T00:00:00.000000Z
2021-12-21T00:00:00.000000Z,22.225000381469727,22.739999771118164,22.225000381469727,22.50200080871582,188,2021-12-22T00:00:00.000000Z
2021-12-22T00:00:00.000000Z,22.465000152587891,22.791999816894531,22.465000152587891,22.791999816894531,190,2021-12-23T00:00:00.000000Z
2021-12-23T00:00:00.000000Z,22.809999465942383,22.930999755859375,22.719999313354492,22.930999755859375,419,2021-12-24T00:00:00.000000Z
2021-12-27T00:00:00.000000Z,22.680000305175781,22.979999542236328,22.680000305175781,22.979000091552734,3,2021-12-28T00:00:00.000000Z
2021-12-28T00:00:00.000000Z,23.055000305175781,23.295000076293945,23.055000305175781,23.111000061035156,154,2021-12-29T00:00:00.000000Z
2021-12-29T00:00:00.000000Z,23.004999160766602,23.004999160766602,22.635000228881836,22.847999572753906,264,2021-12-30T00:00:00.000000Z
2021-12-30T00:00:00.000000Z,22.774999618530273,23.084999084472656,22.620000839233398,23.027999877929688,194,2021-12-31T00:00:00.000000Z
2021-12-31T00:00:00.000000Z,23.225000381469727,23.327999114990234,23.200000762939453,23.327999114990234,86,2022-01-01T00:00:00.000000Z
2022-01-03T00:00:00.000000Z,23.309999465942383,23.309999465942383,22.790000915527344,22.790000915527344,31,2022-01-04T00:00:00.000000Z
2022-01-04T00:00:00.000000Z,22.954999923706055,23.038000106811523,22.954999923706055,23.038000106811523,7,2022-01-05T00:00:00.000000Z
2022-01-05T00:00:00.000000Z,23.139999389648438,23.149999618530273,22.784999847412109,23.149999618530273,437,2022-01-06T00:00:00.000000Z
2022-01-06T00:00:00.000000Z,22.764999389648438,22.799999237060547,22.049999237060547,22.173999786376953,103,2022-01-07T00:00:00.000000Z
2022-01-07T00:00:00.000000Z,22.393999099731445,22.393999099731445,22.393999099731445,22.393999099731445,17,2022-01-08T00:00:00.000000Z
2022-01-10T00:00:00.000000Z,22.354999542236328,22.489999771118164,22.354999542236328,22.445999145507812,377,2022-01-11T00:00:00.000000Z
2022-01-11T00:00:00.000000Z,22.590000152587891,22.805999755859375,22.590000152587891,22.805999755859375,155,2022-01-12T00:00:00.000000Z
2022-01-12T00:00:00.000000Z,23.200000762939453,23.200000762939453,23.200000762939453,23.200000762939453,1,2022-01-13T00:00:00.000000Z
2022-01-13T00:00:00.000000Z,23.155000686645508,23.155000686645508,23.155000686645508,23.155000686645508,0,2022-01-14T00:00:00.000000Z
2022-01-14T00:00:00.000000Z,22.910999298095703,23,22.899999618530273,22.910999298095703,36,2022-01-15T00:00:00.000000Z
2022-01-18T00:00:00.000000Z,23.399999618530273,23.48699951171875,23.399999618530273,23.48699951171875,207,2022-01-19T00:00:00.000000Z
2022-01-19T00:00:00.000000Z,24.22599983215332,24.22599983215332,24.22599983215332,24.22599983215332,3,2022-01-20T00:00:00.000000Z
2022-01-20T00:00:00.000000Z,24.711000442504883,24.711000442504883,24.711000442504883,24.711000442504883,21,2022-01-21T00:00:00.000000Z
2022-01-21T00:00:00.000000Z,24.313999176025391,24.313999176025391,24.313999176025391,24.313999176025391,17,2022-01-22T00:00:00.000000Z
2022-01-24T00:00:00.000000Z,23.795000076293945,23.795000076293945,23.795000076293945,23.795000076293945,0,2022-01-25T00:00:00.000000Z
2022-01-25T00:00:00.000000Z,23.944999694824219,23.944999694824219,23.684999465942383,23.895999908447266,100,2022-01-26T00:00:00.000000Z
2022-01-26T00:00:00.000000Z,23.806999206542969,23.806999206542969,23.806999206542969,23.806999206542969,46,2022-01-27T00:00:00.000000Z
2022-01-27T00:00:00.000000Z,23.030000686645508,23.030000686645508,22.673000335693359,22.673000335693359,102,2022-01-28T00:00:00.000000Z
2022-01-28T00:00:00.000000Z,22.809999465942383,22.809999465942383,22.302000045776367,22.302000045776367,38,2022-01-29T00:00:00.000000Z
2022-01-31T00:00:00.000000Z,22.340000152587891,22.514999389648438,22.340000152587891,22.395000457763672,57,2022-02-01T00:00:00.000000Z
2022-02-01T00:00:00.000000Z,22.495000839233398,23,22.495000839233398,22.596000671386719,411,2022-02-02T00:00:00.000000Z
2022-02-02T00:00:00.000000Z,22.809999465942383,22.819999694824219,22.610000610351562,22.711000442504883,135,2022-02-03T00:00:00.000000Z
2022-02-03T00:00:00.000000Z,22.545000076293945,22.565000534057617,22.375,22.375,74,2022-02-04T00:00:00.000000Z
2022-02-04T00:00:00.000000Z,22.530000686645508,22.530000686645508,22.475000381469727,22.475000381469727,42,2022-02-05T00:00:00.000000Z
2022-02-07T00:00:00.000000Z,23.055000305175781,23.079999923706055,23.055000305175781,23.076000213623047,11,2022-02-08T00:00:00.000000Z
2022-02-08T00:00:00.000000Z,23.194999694824219,23.229999542236328,23.194999694824219,23.194999694824219,9,2022-02-09T00:00:00.000000Z
2022-02-09T00:00:00.000000Z,23.336000442504883,23.336000442504883,23.336000442504883,23.336000442504883,40,2022-02-10T00:00:00.000000Z
2022-02-10T00:00:00.000000Z,23.518999099731445,23.518999099731445,23.518999099731445,23.518999099731445,182,2022-02-11T00:00:00.000000Z
2022-02-11T00:00:00.000000Z,23.170000076293945,23.365999221801758,23.149999618530273,23.365999221801758,26,2022-02-12T00:00:00.000000Z
2022-02-14T00:00:00.000000Z,23.915000915527344,23.915000915527344,23.829999923706055,23.844999313354492,44,2022-02-15T00:00:00.000000Z
2022-02-15T00:00:00.000000Z,23.165000915527344,23.33799934387207,23.165000915527344,23.33799934387207,41,2022-02-16T00:00:00.000000Z
2022-02-16T00:00:00.000000Z,23.60099983215332,23.60099983215332,23.60099983215332,23.60099983215332,11,2022-02-17T00:00:00.000000Z
2022-02-17T00:00:00.000000Z,23.874000549316406,23.874000549316406,23.874000549316406,23.874000549316406,101,2022-02-18T00:00:00.000000Z
2022-02-18T00:00:00.000000Z,24,24,23.924999237060547,23.990999221801758,170,2022-02-19T00:00:00.000000Z
2022-02-22T00:00:00.000000Z,24.209999084472656,24.311000823974609,24.209999084472656,24.311000823974609,175,2022-02-23T00:00:00.000000Z
2022-02-23T00:00:00.000000Z,24.555000305175781,24.555000305175781,24.555000305175781,24.555000305175781,20,2022-02-24T00:00:00.000000Z
2022-02-24T00:00:00.000000Z,25.354999542236328,25.389999389648438,24.686000823974609,24.686000823974609,107560,2022-02-25T00:00:00.000000Z
2022-02-25T00:00:00.000000Z,24.319999694824219,24.524999618530273,23.899999618530273,23.996999740600586,13916,2022-02-26T00:00:00.000000Z
2022-02-28T00:00:00.000000Z,24.549999237060547,24.854999542236328,24.280000686645508,24.361000061035156,788,2022-03-01T00:00:00.000000Z
2022-03-01T00:00:00.000000Z,24.450000762939453,25.565000534057617,24.340000152587891,25.534000396728516,409,2022-03-02T00:00:00.000000Z
2022-03-02T00:00:00.000000Z,25.309999465942383,25.409999847412109,25.030000686645508,25.183000564575195,893,2022-03-03T00:00:00.000000Z
2022-03-03T00:00:00.000000Z,25.305000305175781,25.540000915527344,25.139999389648438,25.204999923706055,147,2022-03-04T00:00:00.000000Z
2022-03-04T00:00:00.000000Z,25.295000076293945,25.834999084472656,25.254999160766602,25.781999588012695,838,2022-03-05T00:00:00.000000Z
2022-03-07T00:00:00.000000Z,26.155000686645508,26.284999847412109,25.71299934387207,25.71299934387207,526,2022-03-08T00:00:00.000000Z
2022-03-08T00:00:00.000000Z,25.850000381469727,27.309999465942383,25.645000457763672,26.88800048828125,1151,2022-03-09T00:00:00.000000Z
2022-03-09T00:00:00.000000Z,26.899999618530273,26.899999618530273,25.756999969482422,25.756999969482422,757,2022-03-10T00:00:00.000000Z
2022-03-10T00:00:00.000000Z,26.030000686645508,26.201999664306641,25.590000152587891,26.201999664306641,68,2022-03-11T00:00:00.000000Z
2022-03-11T00:00:00.000000Z,26.034999847412109,26.200000762939453,25.920000076293945,26.106000900268555,91,2022-03-12T00:00:00.000000Z
2022-03-14T00:00:00.000000Z,25.950000762939453,25.950000762939453,25.243999481201172,25.243999481201172,322,2022-03-15T00:00:00.000000Z
2022-03-15T00:00:00.000000Z,24.885000228881836,25.12299919128418,24.885000228881836,25.12299919128418,25,2022-03-16T00:00:00.000000Z
2022-03-16T00:00:00.000000Z,24.975000381469727,25.069999694824219,24.600000381469727,24.670000076293945,71,2022-03-17T00:00:00.000000Z
2022-03-17T00:00:00.000000Z,25.200000762939453,25.639999389648438,25.200000762939453,25.583999633789062,30,2022-03-18T00:00:00.000000Z
2022-03-18T00:00:00.000000Z,25.409999847412109,25.409999847412109,25.049999237060547,25.055000305175781,8,2022-03-19T00:00:00.000000Z
2022-03-21T00:00:00.000000Z,25.174999237060547,25.370000839233398,25.165000915527344,25.281999588012695,6,2022-03-22T00:00:00.000000Z
2022-03-22T00:00:00.000000Z,25.194999694824219,25.194999694824219,24.764999389648438,24.885000228881836,48,2022-03-23T00:00:00.000000Z
2022-03-23T00:00:00.000000Z,25,25.270000457763672,25,25.170000076293945,26,2022-03-24T00:00:00.000000Z
2022-03-24T00:00:00.000000Z,25.454999923706055,25.905000686645508,25.454999923706055,25.899999618530273,68,2022-03-25T00:00:00.000000Z
2022-03-25T00:00:00.000000Z,25.825000762939453,25.965000152587891,25.594999313354492,25.594999313354492,59,2022-03-26T00:00:00.000000Z
2022-03-28T00:00:00.000000Z,25.184999465942383,25.209999084472656,25.030000686645508,25.176000595092773,22,2022-03-29T00:00:00.000000Z
2022-03-29T00:00:00.000000Z,24.254999160766602,24.715999603271484,24.254999160766602,24.715999603271484,312,2022-03-30T00:00:00.000000Z
2022-03-30T00:00:00.000000Z,25.129999160766602,25.225000381469727,25.014999389648438,25.103000640869141,109,2022-03-31T00:00:00.000000Z
2022-03-31T00:00:00.000000Z,24.875,25.121000289916992,24.875,25.121000289916992,26,2022-04-01T00:00:00.000000Z
2022-04-01T00:00:00.000000Z,24.860000610351562,24.870000839233398,24.642000198364258,24.642000198364258,3,2022-04-02T00:00:00.000000Z
2022-04-04T00:00:00.000000Z,24.434999465942383,24.583999633789062,24.434999465942383,24.583999633789062,94,2022-04-05T00:00:00.000000Z
2022-04-05T00:00:00.000000Z,24.635000228881836,24.635000228881836,24.420000076293945,24.527999877929688,88,2022-04-06T00:00:00.000000Z
2022-04-06T00:00:00.000000Z,24.385000228881836,24.459999084472656,24.340000152587891,24.454999923706055,17,2022-04-07T00:00:00.000000Z
2022-04-07T00:00:00.000000Z,24.545000076293945,24.732999801635742,24.459999084472656,24.732999801635742,83,2022-04-08T00:00:00.000000Z
2022-04-08T00:00:00.000000Z,24.819000244140625,24.924999237060547,24.819000244140625,24.819000244140625,13,2022-04-09T00:00:00.000000Z
2022-04-11T00:00:00.000000Z,25.514999389648438,25.514999389648438,24.978000640869141,24.978000640869141,46,2022-04-12T00:00:00.000000Z
2022-04-12T00:00:00.000000Z,25.219999313354492,25.774999618530273,25.219999313354492,25.725000381469727,22,2022-04-13T00:00:00.000000Z
2022-04-13T00:00:00.000000Z,25.620000839233398,26.024999618530273,25.620000839233398,26.020000457763672,120,2022-04-14T00:00:00.000000Z
2022-04-14T00:00:00.000000Z,25.690000534057617,25.690000534057617,25.690000534057617,25.690000534057617,61,2022-04-15T00:00:00.000000Z
2022-04-18T00:00:00.000000Z,26.139999389648438,26.139999389648438,26.139999389648438,26.139999389648438,0,2022-04-19T00:00:00.000000Z
2022-04-19T00:00:00.000000Z,26.034999847412109,26.034999847412109,25.391000747680664,25.391000747680664,30,2022-04-20T00:00:00.000000Z
2022-04-20T00:00:00.000000Z,25.215000152587891,25.270000457763672,25.215000152587891,25.270000457763672,7,2022-04-21T00:00:00.000000Z
2022-04-21T00:00:00.000000Z,25.280000686645508,25.280000686645508,24.621000289916992,24.621000289916992,52,2022-04-22T00:00:00.000000Z
2022-04-22T00:00:00.000000Z,24.725000381469727,24.725000381469727,24.215000152587891,24.256999969482422,17,2022-04-23T00:00:00.000000Z
2022-04-25T00:00:00.000000Z,23.667999267578125,23.667999267578125,23.667999267578125,23.667999267578125,11,2022-04-26T00:00:00.000000Z
2022-04-26T00:00:00.000000Z,23.541999816894531,23.594999313354492,23.541999816894531,23.541999816894531,4,2022-04-27T00:00:00.000000Z
2022-04-27T00:00:00.000000Z,23.458000183105469,23.458000183105469,23.458000183105469,23.458000183105469,37579,2022-04-28T00:00:00.000000Z
2022-04-28T00:00:00.000000Z,23.309999465942383,23.409999847412109,22.895000457763672,23.128999710083008,8170,2022-04-29T00:00:00.000000Z
2022-04-29T00:00:00.000000Z,23.225000381469727,23.534999847412109,22.735000610351562,23.040000915527344,1021,2022-04-30T00:00:00.000000Z
2022-05-02T00:00:00.000000Z,22.715000152587891,22.829999923706055,22.120000839233398,22.544000625610352,273,2022-05-03T00:00:00.000000Z
2022-05-03T00:00:00.000000Z,22.639999389648438,22.784999847412109,22.475000381469727,22.621000289916992,167,2022-05-04T00:00:00.000000Z
2022-05-04T00:00:00.000000Z,22.584999084472656,23.020000457763672,22.315000534057617,22.36199951171875,225,2022-05-05T00:00:00.000000Z
2022-05-05T00:00:00.000000Z,23.120000839233398,23.245000839233398,22.370000839233398,22.399999618530273,768,2022-05-06T00:00:00.000000Z
2022-05-06T00:00:00.000000Z,22.280000686645508,22.485000610351562,22.090000152587891,22.325000762939453,363,2022-05-07T00:00:00.000000Z
2022-05-09T00:00:00.000000Z,22.170000076293945,22.190000534057617,21.665000915527344,21.781999588012695,693,2022-05-10T00:00:00.000000Z
2022-05-10T00:00:00.000000Z,21.985000610351562,22,21.239999771118164,21.389999389648438,701,2022-05-11T00:00:00.000000Z
2022-05-11T00:00:00.000000Z,21.415000915527344,21.805000305175781,21.309999465942383,21.549999237060547,434,2022-05-12T00:00:00.000000Z
2022-05-12T00:00:00.000000Z,21.479999542236328,21.575000762939453,20.655000686645508,20.756999969482422,196,2022-05-13T00:00:00.000000Z
2022-05-13T00:00:00.000000Z,20.639999389648438,21.114999771118164,20.639999389648438,20.983999252319336,35,2022-05-14T00:00:00.000000Z
2022-05-16T00:00:00.000000Z,21.094999313354492,21.604999542236328,21.084999084472656,21.534999847412109,211,2022-05-17T00:00:00.000000Z
2022-05-17T00:00:00.000000Z,21.655000686645508,21.73699951171875,21.555000305175781,21.73699951171875,197,2022-05-18T00:00:00.000000Z
2022-05-18T00:00:00.000000Z,21.674999237060547,21.674999237060547,21.389999389648438,21.533000946044922,107,2022-05-19T00:00:00.000000Z
2022-05-19T00:00:00.000000Z,21.434999465942383,21.898000717163086,21.424999237060547,21.898000717163086,100,2022-05-20T00:00:00.000000Z
2022-05-20T00:00:00.000000Z,21.669000625610352,21.669000625610352,21.669000625610352,21.669000625610352,23,2022-05-21T00:00:00.000000Z
2022-05-23T00:00:00.000000Z,21.834999084472656,22.204999923706055,21.722999572753906,21.722999572753906,373,2022-05-24T00:00:00.000000Z
2022-05-24T00:00:00.000000Z,22.062999725341797,22.065000534057617,22.034999847412109,22.062999725341797,101,2022-05-25T00:00:00.000000Z
2022-05-25T00:00:00.000000Z,21.864999771118164,21.969999313354492,21.829999923706055,21.860000610351562,97,2022-05-26T00:00:00.000000Z
2022-05-26T00:00:00.000000Z,21.940999984741211,21.940999984741211,21.940999984741211,21.940999984741211,206,2022-05-27T00:00:00.000000Z
2022-05-27T00:00:00.000000Z,22.010000228881836,22.395000457763672,22.010000228881836,22.059999465942383,105,2022-05-28T00:00:00.000000Z
2022-05-31T00:00:00.000000Z,21.600000381469727,21.674999237060547,21.600000381469727,21.650999069213867,46,2022-06-01T00:00:00.000000Z
2022-06-01T00:00:00.000000Z,21.495000839233398,21.884000778198242,21.485000610351562,21.884000778198242,30,2022-06-02T00:00:00.000000Z
2022-06-02T00:00:00.000000Z,21.829999923706055,22.325000762939453,21.825000762939453,22.253999710083008,23,2022-06-03T00:00:00.000000Z
2022-06-03T00:00:00.000000Z,22.405000686645508,22.409999847412109,21.889999389648438,21.889999389648438,33,2022-06-04T00:00:00.000000Z
2022-06-06T00:00:00.000000Z,22.073999404907227,22.073999404907227,22.073999404907227,22.073999404907227,3,2022-06-07T00:00:00.000000Z
2022-06-07T00:00:00.000000Z,22.024999618530273,22.159000396728516,22.024999618530273,22.159000396728516,3,2022-06-08T00:00:00.000000Z
2022-06-08T00:00:00.000000Z,21.989999771118164,22.090000152587891,21.989999771118164,22.073999404907227,33,2022-06-09T00:00:00.000000Z
2022-06-09T00:00:00.000000Z,22.055000305175781,22.065000534057617,21.725000381469727,21.797000885009766,17,2022-06-10T00:00:00.000000Z
2022-06-10T00:00:00.000000Z,21.700000762939453,21.920000076293945,21.700000762939453,21.913000106811523,13,2022-06-11T00:00:00.000000Z
2022-06-13T00:00:00.000000Z,21.649999618530273,21.649999618530273,21.055000305175781,21.236000061035156,61,2022-06-14T00:00:00.000000Z
2022-06-14T00:00:00.000000Z,21.020000457763672,21.055000305175781,20.905000686645508,20.936000823974609,21,2022-06-15T00:00:00.000000Z
2022-06-15T00:00:00.000000Z,20.985000610351562,21.465000152587891,20.985000610351562,21.402000427246094,27,2022-06-16T00:00:00.000000Z
2022-06-16T00:00:00.000000Z,21.694999694824219,21.924999237060547,21.379999160766602,21.867000579833984,38,2022-06-17T00:00:00.000000Z
2022-06-17T00:00:00.000000Z,21.870000839233398,21.879999160766602,21.572999954223633,21.572999954223633,17,2022-06-18T00:00:00.000000Z
2022-06-21T00:00:00.000000Z,21.799999237060547,21.799999237060547,21.745000839233398,21.753999710083008,7,2022-06-22T00:00:00.000000Z
2022-06-22T00:00:00.000000Z,21.594999313354492,21.594999313354492,21.395000457763672,21.406999588012695,12,2022-06-23T00:00:00.000000Z
2022-06-23T00:00:00.000000Z,21.379999160766602,21.379999160766602,21.031999588012695,21.031999588012695,7,2022-06-24T00:00:00.000000Z
2022-06-24T00:00:00.000000Z,20.965000152587891,21.174999237060547,20.950000762939453,21.115999221801758,41,2022-06-25T00:00:00.000000Z
2022-06-27T00:00:00.000000Z,21.295000076293945,21.329999923706055,21.149999618530273,21.159000396728516,15,2022-06-28T00:00:00.000000Z
2022-06-28T00:00:00.000000Z,21.174999237060547,21.184999465942383,20.797000885009766,20.797000885009766,42010,2022-06-29T00:00:00.000000Z
2022-06-29T00:00:00.000000Z,20.805000305175781,20.995000839233398,20.545000076293945,20.667999267578125,5690,2022-06-30T00:00:00.000000Z
2022-06-30T00:00:00.000000Z,20.665000915527344,20.704999923706055,20.145000457763672,20.281999588012695,643,2022-07-01T00:00:00.000000Z
2022-07-01T00:00:00.000000Z,20.165000915527344,20.184999465942383,19.264999389648438,19.597000122070312,630,2022-07-02T00:00:00.000000Z
2022-07-05T00:00:00.000000Z,19.809999465942383,20.069999694824219,19.040000915527344,19.052000045776367,205,2022-07-06T00:00:00.000000Z
2022-07-06T00:00:00.000000Z,19.190000534057617,19.194999694824219,18.840000152587891,19.084999084472656,159,2022-07-07T00:00:00.000000Z
2022-07-07T00:00:00.000000Z,19.100000381469727,19.360000610351562,19.094999313354492,19.121999740600586,103,2022-07-08T00:00:00.000000Z
2022-07-08T00:00:00.000000Z,19,19.219999313354492,19,19.166999816894531,99,2022-07-09T00:00:00.000000Z
2022-07-11T00:00:00.000000Z,19.165000915527344,19.165000915527344,19.040000915527344,19.066999435424805,33,2022-07-12T00:00:00.000000Z
2022-07-12T00:00:00.000000Z,18.799999237060547,18.89900016784668,18.770000457763672,18.89900016784668,214,2022-07-13T00:00:00.000000Z
2022-07-13T00:00:00.000000Z,18.809999465942383,19.174999237060547,18.784999847412109,19.13800048828125,261,2022-07-14T00:00:00.000000Z
2022-07-14T00:00:00.000000Z,19.100000381469727,19.100000381469727,18,18.169000625610352,382,2022-07-15T00:00:00.000000Z
2022-07-15T00:00:00.000000Z,18.225000381469727,18.555000305175781,18.225000381469727,18.548000335693359,218,2022-07-16T00:00:00.000000Z
2022-07-18T00:00:00.000000Z,18.809999465942383,18.825000762939453,18.590000152587891,18.791000366210938,15,2022-07-19T00:00:00.000000Z
2022-07-19T00:00:00.000000Z,18.614999771118164,18.709999084472656,18.520000457763672,18.670000076293945,101,2022-07-20T00:00:00.000000Z
2022-07-20T00:00:00.000000Z,18.655000686645508,18.940000534057617,18.604999542236328,18.638999938964844,305,2022-07-21T00:00:00.000000Z
2022-07-21T00:00:00.000000Z,18.555000305175781,18.719999313354492,18.110000610351562,18.687000274658203,144,2022-07-22T00:00:00.000000Z
2022-07-22T00:00:00.000000Z,18.709999084472656,18.75,18.489999771118164,18.584999084472656,125,2022-07-23T00:00:00.000000Z
2022-07-25T00:00:00.000000Z,18.409999847412109,18.600000381469727,18.184999465942383,18.294000625610352,399,2022-07-26T00:00:00.000000Z
2022-07-26T00:00:00.000000Z,18.465000152587891,18.565000534057617,18.325000762939453,18.48699951171875,148,2022-07-27T00:00:00.000000Z
2022-07-27T00:00:00.000000Z,18.495000839233398,18.552999496459961,18.485000610351562,18.552999496459961,239,2022-07-28T00:00:00.000000Z
2022-07-28T00:00:00.000000Z,19.020000457763672,19.940000534057617,19.020000457763672,19.826999664306641,181,2022-07-29T00:00:00.000000Z
2022-07-29T00:00:00.000000Z,19.989999771118164,20.290000915527344,19.989999771118164,20.156000137329102,13,2022-07-30T00:00:00.000000Z
2022-08-01T00:00:00.000000Z,20.280000686645508,20.399999618530273,20.184999465942383,20.322000503540039,37,2022-08-02T00:00:00.000000Z
2022-08-02T00:00:00.000000Z,20.100000381469727,20.395000457763672,19.944999694824219,20.104999542236328,22,2022-08-03T00:00:00.000000Z
2022-08-03T00:00:00.000000Z,19.879999160766602,20.020000457763672,19.784999847412109,19.864999771118164,67,2022-08-04T00:00:00.000000Z
2022-08-04T00:00:00.000000Z,19.985000610351562,20.104999542236328,19.959999084472656,20.099000930786133,27,2022-08-05T00:00:00.000000Z
2022-08-05T00:00:00.000000Z,20.135000228881836,20.135000228881836,19.819000244140625,19.819000244140625,10,2022-08-06T00:00:00.000000Z
2022-08-08T00:00:00.000000Z,20.591999053955078,20.591999053955078,20.591999053955078,20.591999053955078,0,2022-08-09T00:00:00.000000Z
2022-08-09T00:00:00.000000Z,20.620000839233398,20.655000686645508,20.458000183105469,20.458000183105469,28,2022-08-10T00:00:00.000000Z
2022-08-10T00:00:00.000000Z,20.520000457763672,20.719999313354492,20.520000457763672,20.718000411987305,18,2022-08-11T00:00:00.000000Z
2022-08-11T00:00:00.000000Z,20.415000915527344,20.469999313354492,20.326000213623047,20.326000213623047,10,2022-08-12T00:00:00.000000Z
2022-08-12T00:00:00.000000Z,20.677000045776367,20.677000045776367,20.677000045776367,20.677000045776367,7,2022-08-13T00:00:00.000000Z
2022-08-15T00:00:00.000000Z,20.250999450683594,20.250999450683594,20.250999450683594,20.250999450683594,12,2022-08-16T00:00:00.000000Z
2022-08-16T00:00:00.000000Z,19.950000762939453,20.100000381469727,19.950000762939453,20.065000534057617,21,2022-08-17T00:00:00.000000Z
2022-08-17T00:00:00.000000Z,20.084999084472656,20.090000152587891,19.649999618530273,19.711000442504883,12,2022-08-18T00:00:00.000000Z
2022-08-18T00:00:00.000000Z,19.719999313354492,19.725000381469727,19.444999694824219,19.447999954223633,7,2022-08-19T00:00:00.000000Z
2022-08-19T00:00:00.000000Z,19.129999160766602,19.129999160766602,19.058000564575195,19.058000564575195,9,2022-08-20T00:00:00.000000Z
2022-08-22T00:00:00.000000Z,18.840000152587891,18.915000915527344,18.799999237060547,18.87299919128418,42,2022-08-23T00:00:00.000000Z
2022-08-23T00:00:00.000000Z,18.885000228881836,19.100000381469727,18.704999923706055,19.011999130249023,64,2022-08-24T00:00:00.000000Z
2022-08-24T00:00:00.000000Z,18.834999084472656,19.040000915527344,18.819999694824219,18.895000457763672,29,2022-08-25T00:00:00.000000Z
2022-08-25T00:00:00.000000Z,19.045000076293945,19.111000061035156,19.034999847412109,19.111000061035156,2,2022-08-26T00:00:00.000000Z
2022-08-26T00:00:00.000000Z,19.305000305175781,19.305000305175781,18.739999771118164,18.739999771118164,2,2022-08-27T00:00:00.000000Z
2022-08-29T00:00:00.000000Z,18.520000457763672,18.555000305175781,18.520000457763672,18.555000305175781,33392,2022-08-30T00:00:00.000000Z
2022-08-30T00:00:00.000000Z,18.565000534057617,18.584999084472656,18.120000839233398,18.159000396728516,5841,2022-08-31T00:00:00.000000Z
2022-08-31T00:00:00.000000Z,18.159999847412109,18.239999771118164,17.704999923706055,17.761999130249023,618,2022-09-01T00:00:00.000000Z
2022-09-01T00:00:00.000000Z,17.715000152587891,17.715000152587891,17.319999694824219,17.551000595092773,230,2022-09-02T00:00:00.000000Z
2022-09-02T00:00:00.000000Z,17.530000686645508,18,17.530000686645508,17.775999069213867,289,2022-09-03T00:00:00.000000Z
2022-09-06T00:00:00.000000Z,18.100000381469727,18.104999542236328,17.790000915527344,17.795000076293945,100,2022-09-07T00:00:00.000000Z
2022-09-07T00:00:00.000000Z,18.136999130249023,18.239999771118164,18.136999130249023,18.136999130249023,60,2022-09-08T00:00:00.000000Z
2022-09-08T00:00:00.000000Z,18.290000915527344,18.454999923706055,18.235000610351562,18.329999923706055,177,2022-09-09T00:00:00.000000Z
2022-09-09T00:00:00.000000Z,18.354999542236328,18.670000076293945,18.354999542236328,18.658000946044922,46,2022-09-10T00:00:00.000000Z
2022-09-12T00:00:00.000000Z,19.315000534057617,19.889999389648438,19.315000534057617,19.754999160766602,183,2022-09-13T00:00:00.000000Z
2022-09-13T00:00:00.000000Z,19.725000381469727,19.75,19.204999923706055,19.389999389648438,28,2022-09-14T00:00:00.000000Z
2022-09-14T00:00:00.000000Z,19.184999465942383,19.530000686645508,19.184999465942383,19.471000671386719,47,2022-09-15T00:00:00.000000Z
2022-09-15T00:00:00.000000Z,19.514999389648438,19.520000457763672,19.024999618530273,19.174999237060547,62,2022-09-16T00:00:00.000000Z
2022-09-16T00:00:00.000000Z,18.875,19.504999160766602,18.735000610351562,19.295999526977539,56,2022-09-17T00:00:00.000000Z
2022-09-19T00:00:00.000000Z,19.273000717163086,19.273000717163086,19.273000717163086,19.273000717163086,2,2022-09-20T00:00:00.000000Z
2022-09-20T00:00:00.000000Z,19.5,19.5,19.101999282836914,19.101999282836914,39,2022-09-21T00:00:00.000000Z
2022-09-21T00:00:00.000000Z,19.375,19.584999084472656,19.329999923706055,19.410999298095703,136,2022-09-22T00:00:00.000000Z
2022-09-22T00:00:00.000000Z,19.370000839233398,19.594999313354492,19.334999084472656,19.548000335693359,278,2022-09-23T00:00:00.000000Z
2022-09-23T00:00:00.000000Z,19.510000228881836,19.510000228881836,18.780000686645508,18.840999603271484,36,2022-09-24T00:00:00.000000Z
2022-09-26T00:00:00.000000Z,18.729999542236328,18.850000381469727,18.406000137329102,18.406000137329102,94,2022-09-27T00:00:00.000000Z
2022-09-27T00:00:00.000000Z,18.524999618530273,18.524999618530273,18.256999969482422,18.256999969482422,36,2022-09-28T00:00:00.000000Z
2022-09-28T00:00:00.000000Z,18.475000381469727,18.795999526977539,18.469999313354492,18.795999526977539,77,2022-09-29T00:00:00.000000Z
2022-09-29T00:00:00.000000Z,18.764999389648438,18.764999389648438,18.524999618530273,18.611000061035156,174,2022-09-30T00:00:00.000000Z
2022-09-30T00:00:00.000000Z,18.844999313354492,18.969999313354492,18.825000762939453,18.959999084472656,10,2022-10-01T00:00:00.000000Z
2022-10-03T00:00:00.000000Z,20.170000076293945,20.704999923706055,20.170000076293945,20.518999099731445,49,2022-10-04T00:00:00.000000Z
2022-10-04T00:00:00.000000Z,20.819999694824219,21.114999771118164,20.819999694824219,21.03700065612793,142,2022-10-05T00:00:00.000000Z
2022-10-05T00:00:00.000000Z,20.795000076293945,20.795000076293945,20.129999160766602,20.479000091552734,41,2022-10-06T00:00:00.000000Z
2022-10-06T00:00:00.000000Z,20.610000610351562,20.659999847412109,20.420000076293945,20.594999313354492,45,2022-10-07T00:00:00.000000Z
2022-10-07T00:00:00.000000Z,20.579999923706055,20.725000381469727,20.170000076293945,20.191999435424805,48,2022-10-08T00:00:00.000000Z
2022-10-10T00:00:00.000000Z,19.690000534057617,19.829999923706055,19.520000457763672,19.555999755859375,43,2022-10-11T00:00:00.000000Z
2022-10-11T00:00:00.000000Z,19.344999313354492,19.520000457763672,19.059999465942383,19.427000045776367,63,2022-10-12T00:00:00.000000Z
2022-10-12T00:00:00.000000Z,19.084999084472656,19.110000610351562,18.784999847412109,18.878000259399414,30,2022-10-13T00:00:00.000000Z
2022-10-13T00:00:00.000000Z,18.944999694824219,18.954999923706055,18.774999618530273,18.857999801635742,13,2022-10-14T00:00:00.000000Z
2022-10-14T00:00:00.000000Z,18.930000305175781,18.930000305175781,18.014999389648438,18.014999389648438,62,2022-10-15T00:00:00.000000Z
2022-10-17T00:00:00.000000Z,18.625,18.673999786376953,18.625,18.673999786376953,119,2022-10-18T00:00:00.000000Z
2022-10-18T00:00:00.000000Z,18.590000152587891,18.825000762939453,18.524999618530273,18.570999145507812,38,2022-10-19T00:00:00.000000Z
2022-10-19T00:00:00.000000Z,18.684999465942383,18.684999465942383,18.295000076293945,18.336000442504883,45,2022-10-20T00:00:00.000000Z
2022-10-20T00:00:00.000000Z,18.389999389648438,18.844999313354492,18.375,18.666000366210938,79,2022-10-21T00:00:00.000000Z
2022-10-21T00:00:00.000000Z,18.569999694824219,19.315000534057617,18.290000915527344,19.042999267578125,24,2022-10-22T00:00:00.000000Z
2022-10-24T00:00:00.000000Z,19.173999786376953,19.190000534057617,19.173999786376953,19.173999786376953,8,2022-10-25T00:00:00.000000Z
2022-10-25T00:00:00.000000Z,18.915000915527344,19.350000381469727,18.909999847412109,19.339000701904297,13,2022-10-26T00:00:00.000000Z
2022-10-26T00:00:00.000000Z,19.465000152587891,19.584999084472656,19.465000152587891,19.479999542236328,40,2022-10-27T00:00:00.000000Z
2022-10-27T00:00:00.000000Z,19.635000228881836,19.635000228881836,19.450000762939453,19.478000640869141,42,2022-10-28T00:00:00.000000Z
2022-10-28T00:00:00.000000Z,19.5,19.520000457763672,19.024999618530273,19.146999359130859,26,2022-10-29T00:00:00.000000Z
2022-10-31T00:00:00.000000Z,19.200000762939453,19.200000762939453,18.969999313354492,19.125,8,2022-11-01T00:00:00.000000Z
2022-11-01T00:00:00.000000Z,19.125,19.690000534057617,19.125,19.673000335693359,18,2022-11-02T00:00:00.000000Z
2022-11-02T00:00:00.000000Z,19.780000686645508,19.864999771118164,19.575000762939453,19.600000381469727,21,2022-11-03T00:00:00.000000Z
2022-11-03T00:00:00.000000Z,19.235000610351562,19.436000823974609,18.959999084472656,19.436000823974609,20,2022-11-04T00:00:00.000000Z
2022-11-04T00:00:00.000000Z,19.979999542236328,20.934999465942383,19.950000762939453,20.790000915527344,51,2022-11-05T00:00:00.000000Z
2022-11-07T00:00:00.000000Z,20.575000762939453,21,20.450000762939453,20.898000717163086,127,2022-11-08T00:00:00.000000Z
2022-11-08T00:00:00.000000Z,20.680000305175781,21.625,20.680000305175781,21.476999282836914,27,2022-11-09T00:00:00.000000Z
2022-11-09T00:00:00.000000Z,21.590000152587891,21.590000152587891,21.065000534057617,21.298000335693359,59,2022-11-10T00:00:00.000000Z
2022-11-10T00:00:00.000000Z,21.059999465942383,21.780000686645508,21.049999237060547,21.677000045776367,108,2022-11-11T00:00:00.000000Z
2022-11-11T00:00:00.000000Z,21.584999084472656,21.645999908447266,21.514999389648438,21.645999908447266,71,2022-11-12T00:00:00.000000Z
2022-11-14T00:00:00.000000Z,21.864999771118164,22.100000381469727,21.854999542236328,22.091999053955078,13,2022-11-15T00:00:00.000000Z
2022-11-15T00:00:00.000000Z,22.030000686645508,22.055000305175781,21.450000762939453,21.499000549316406,32,2022-11-16T00:00:00.000000Z
2022-11-16T00:00:00.000000Z,21.625,21.944999694824219,21.503999710083008,21.503999710083008,15,2022-11-17T00:00:00.000000Z
2022-11-17T00:00:00.000000Z,20.954999923706055,20.954999923706055,20.954999923706055,20.954999923706055,20,2022-11-18T00:00:00.000000Z
2022-11-18T00:00:00.000000Z,20.97599983215332,20.97599983215332,20.97599983215332,20.97599983215332,30,2022-11-19T00:00:00.000000Z
2022-11-21T00:00:00.000000Z,20.649999618530273,20.849000930786133,20.639999389648438,20.849000930786133,58,2022-11-22T00:00:00.000000Z
2022-11-22T00:00:00.000000Z,21.075000762939453,21.094999313354492,20.954999923706055,21.034000396728516,70,2022-11-23T00:00:00.000000Z
2022-11-23T00:00:00.000000Z,21.084999084472656,21.590000152587891,21.084999084472656,21.357000350952148,34,2022-11-24T00:00:00.000000Z
2022-11-25T00:00:00.000000Z,21.354999542236328,21.444999694824219,21.354999542236328,21.424999237060547,15,2022-11-26T00:00:00.000000Z
2022-11-28T00:00:00.000000Z,20.909999847412109,20.909999847412109,20.909999847412109,20.909999847412109,59036,2022-11-29T00:00:00.000000Z
2022-11-29T00:00:00.000000Z,20.889999389648438,21.399999618530273,20.844999313354492,21.204000473022461,6934,2022-11-30T00:00:00.000000Z
2022-11-30T00:00:00.000000Z,21.170000076293945,22.145000457763672,21.165000915527344,21.549999237060547,693,2022-12-01T00:00:00.000000Z
2022-12-01T00:00:00.000000Z,22.25,22.760000228881836,22.069999694824219,22.636999130249023,1001,2022-12-02T00:00:00.000000Z
2022-12-02T00:00:00.000000Z,22.770000457763672,23.219999313354492,22.379999160766602,23.038000106811523,578,2022-12-03T00:00:00.000000Z
2022-12-05T00:00:00.000000Z,23.190000534057617,23.459999084472656,22.184999465942383,22.198999404907227,319,2022-12-06T00:00:00.000000Z
2022-12-06T00:00:00.000000Z,22.225000381469727,22.479999542236328,22,22.12299919128418,79,2022-12-07T00:00:00.000000Z
2022-12-07T00:00:00.000000Z,22.604999542236328,22.774999618530273,22.5,22.709999084472656,133,2022-12-08T00:00:00.000000Z
2022-12-08T00:00:00.000000Z,22.684999465942383,23.062999725341797,22.575000762939453,23.062999725341797,378,2022-12-09T00:00:00.000000Z
2022-12-09T00:00:00.000000Z,23.120000839233398,23.704999923706055,23.120000839233398,23.534999847412109,132,2022-12-10T00:00:00.000000Z
2022-12-12T00:00:00.000000Z,23.420000076293945,23.514999389648438,23.219999313354492,23.219999313354492,18,2022-12-13T00:00:00.000000Z
2022-12-13T00:00:00.000000Z,23.325000762939453,24.155000686645508,23.325000762939453,23.801000595092773,83,2022-12-14T00:00:00.000000Z
2022-12-14T00:00:00.000000Z,23.754999160766602,24.079999923706055,23.5,23.945999145507812,259,2022-12-15T00:00:00.000000Z
2022-12-15T00:00:00.000000Z,23.944999694824219,23.944999694824219,23.040000915527344,23.128000259399414,128,2022-12-16T00:00:00.000000Z
2022-12-16T00:00:00.000000Z,23.100000381469727,23.215000152587891,23.055000305175781,23.150999069213867,34,2022-12-17T00:00:00.000000Z
2022-12-19T00:00:00.000000Z,23.028999328613281,23.028999328613281,22.944999694824219,23.028999328613281,8,2022-12-20T00:00:00.000000Z
2022-12-20T00:00:00.000000Z,23.084999084472656,24.170000076293945,23.084999084472656,24.093999862670898,22,2022-12-21T00:00:00.000000Z
2022-12-21T00:00:00.000000Z,24.020000457763672,24.084999084472656,24.020000457763672,24.034999847412109,48,2022-12-22T00:00:00.000000Z
2022-12-22T00:00:00.000000Z,24.049999237060547,24.049999237060547,23.454999923706055,23.47599983215332,37,2022-12-23T00:00:00.000000Z
2022-12-23T00:00:00.000000Z,23.715000152587891,23.879999160766602,23.610000610351562,23.763999938964844,31,2022-12-24T00:00:00.000000Z
2022-12-27T00:00:00.000000Z,24.114999771118164,24.139999389648438,24.040000915527344,24.040000915527344,133,2022-12-28T00:00:00.000000Z
2022-12-28T00:00:00.000000Z,24.075000762939453,24.094999313354492,23.584999084472656,23.663000106811523,372,2022-12-29T00:00:00.000000Z
2022-12-29T00:00:00.000000Z,23.584999084472656,24.077999114990234,23.579999923706055,24.077999114990234,274,2022-12-30T00:00:00.000000Z
2022-12-30T00:00:00.000000Z,24.055000305175781,24.155000686645508,23.86199951171875,23.86199951171875,28,2022-12-31T00:00:00.000000Z
2023-01-03T00:00:00.000000Z,24.454999923706055,24.530000686645508,23.979999542236328,24.059000015258789,148,2023-01-04T00:00:00.000000Z
2023-01-04T00:00:00.000000Z,24.084999084472656,24.104999542236328,23.75,23.791999816894531,24,2023-01-05T00:00:00.000000Z
2023-01-05T00:00:00.000000Z,23.5,23.5,23.145000457763672,23.257999420166016,8,2023-01-06T00:00:00.000000Z
2023-01-06T00:00:00.000000Z,23.295000076293945,23.822000503540039,23.290000915527344,23.822000503540039,6,2023-01-07T00:00:00.000000Z
2023-01-09T00:00:00.000000Z,23.711999893188477,23.711999893188477,23.711999893188477,23.711999893188477,2,2023-01-10T00:00:00.000000Z
2023-01-10T00:00:00.000000Z,23.430000305175781,23.506999969482422,23.424999237060547,23.506999969482422,4,2023-01-11T00:00:00.000000Z
2023-01-11T00:00:00.000000Z,23.549999237060547,23.805000305175781,23.184999465942383,23.326999664306641,9,2023-01-12T00:00:00.000000Z
2023-01-12T00:00:00.000000Z,23.805000305175781,23.863000869750977,23.805000305175781,23.863000869750977,33,2023-01-13T00:00:00.000000Z
2023-01-13T00:00:00.000000Z,23.889999389648438,24.231000900268555,23.5,24.231000900268555,30,2023-01-14T00:00:00.000000Z
2023-01-17T00:00:00.000000Z,24.309999465942383,24.315000534057617,23.944000244140625,23.944000244140625,118,2023-01-18T00:00:00.000000Z
2023-01-18T00:00:00.000000Z,24.25,24.260000228881836,23.530000686645508,23.530000686645508,19,2023-01-19T00:00:00.000000Z
2023-01-19T00:00:00.000000Z,23.753999710083008,23.753999710083008,23.753999710083008,23.753999710083008,18,2023-01-20T00:00:00.000000Z
2023-01-20T00:00:00.000000Z,23.829999923706055,23.829999923706055,23.829999923706055,23.829999923706055,0,2023-01-21T00:00:00.000000Z
2023-01-23T00:00:00.000000Z,23.079999923706055,23.451999664306641,22.850000381469727,23.451999664306641,8,2023-01-24T00:00:00.000000Z
2023-01-24T00:00:00.000000Z,23.434999465942383,23.704999923706055,23.25,23.64900016784668,7,2023-01-25T00:00:00.000000Z
2023-01-25T00:00:00.000000Z,23.684999465942383,23.944999694824219,23.620000839233398,23.839000701904297,21,2023-01-26T00:00:00.000000Z
2023-01-26T00:00:00.000000Z,23.995000839233398,24.184999465942383,23.780000686645508,23.930000305175781,11,2023-01-27T00:00:00.000000Z
2023-01-27T00:00:00.000000Z,23.527000427246094,23.527000427246094,23.527000427246094,23.527000427246094,184,2023-01-28T00:00:00.000000Z
2023-01-30T00:00:00.000000Z,23.694999694824219,23.790000915527344,23.645000457763672,23.645000457763672,45,2023-01-31T00:00:00.000000Z
2023-01-31T00:00:00.000000Z,23.555000305175781,23.74799919128418,23.055000305175781,23.74799919128418,28,2023-02-01T00:00:00.000000Z
2023-02-01T00:00:00.000000Z,23.520000457763672,23.834999084472656,23.510000228881836,23.520999908447266,12,2023-02-02T00:00:00.000000Z
2023-02-02T00:00:00.000000Z,24.194999694824219,24.459999084472656,23.534000396728516,23.534000396728516,97,2023-02-03T00:00:00.000000Z
2023-02-03T00:00:00.000000Z,22.5,22.5,22.333999633789062,22.333999633789062,4,2023-02-04T00:00:00.000000Z
2023-02-06T00:00:00.000000Z,22.235000610351562,22.239999771118164,22.177000045776367,22.177000045776367,542,2023-02-07T00:00:00.000000Z
2023-02-07T00:00:00.000000Z,22.117000579833984,22.117000579833984,22.117000579833984,22.117000579833984,0,2023-02-08T00:00:00.000000Z
2023-02-08T00:00:00.000000Z,22.165000915527344,22.367000579833984,22.165000915527344,22.367000579833984,9,2023-02-09T00:00:00.000000Z
2023-02-09T00:00:00.000000Z,22.097000122070312,22.097000122070312,21.944999694824219,22.097000122070312,21,2023-02-10T00:00:00.000000Z
2023-02-10T00:00:00.000000Z,22.110000610351562,22.110000610351562,21.989999771118164,22.034000396728516,25,2023-02-11T00:00:00.000000Z
2023-02-13T00:00:00.000000Z,21.780000686645508,21.975000381469727,21.780000686645508,21.818000793457031,54,2023-02-14T00:00:00.000000Z
2023-02-14T00:00:00.000000Z,21.989999771118164,21.989999771118164,21.841999053955078,21.841999053955078,4,2023-02-15T00:00:00.000000Z
2023-02-15T00:00:00.000000Z,21.840000152587891,21.844999313354492,21.545999526977539,21.545999526977539,11,2023-02-16T00:00:00.000000Z
2023-02-16T00:00:00.000000Z,21.625,21.684999465942383,21.545000076293945,21.684000015258789,26,2023-02-17T00:00:00.000000Z
2023-02-17T00:00:00.000000Z,21.694999694824219,21.725000381469727,21.694000244140625,21.694000244140625,4,2023-02-18T00:00:00.000000Z
2023-02-21T00:00:00.000000Z,21.969999313354492,21.969999313354492,21.854999542236328,21.868999481201172,8,2023-02-22T00:00:00.000000Z
2023-02-22T00:00:00.000000Z,21.879999160766602,21.885000228881836,21.660999298095703,21.660999298095703,6,2023-02-23T00:00:00.000000Z
2023-02-23T00:00:00.000000Z,21.510000228881836,21.569999694824219,21.298999786376953,21.298999786376953,25,2023-02-24T00:00:00.000000Z
2023-02-24T00:00:00.000000Z,21.329999923706055,21.329999923706055,20.805999755859375,20.805999755859375,53878,2023-02-25T00:00:00.000000Z
2023-02-27T00:00:00.000000Z,20.75,20.819999694824219,20.514999389648438,20.670000076293945,7500,2023-02-28T00:00:00.000000Z
2023-02-28T00:00:00.000000Z,20.639999389648438,21.010000228881836,20.475000381469727,20.961000442504883,513,2023-03-01T00:00:00.000000Z
2023-03-01T00:00:00.000000Z,20.879999160766602,21.149999618530273,20.879999160766602,20.958999633789062,577,2023-03-02T00:00:00.000000Z
2023-03-02T00:00:00.000000Z,20.915000915527344,20.915000915527344,20.735000610351562,20.766000747680664,109,2023-03-03T00:00:00.000000Z
2023-03-03T00:00:00.000000Z,21,21.219999313354492,20.924999237060547,21.093000411987305,172,2023-03-04T00:00:00.000000Z
2023-03-06T00:00:00.000000Z,21.174999237060547,21.219999313354492,20.979999542236328,20.983999252319336,120,2023-03-07T00:00:00.000000Z
2023-03-07T00:00:00.000000Z,20.985000610351562,20.985000610351562,19.989999771118164,20.054000854492188,57,2023-03-08T00:00:00.000000Z
2023-03-08T00:00:00.000000Z,20.034999847412109,20.139999389648438,19.829999923706055,20.004999160766602,82,2023-03-09T00:00:00.000000Z
2023-03-09T00:00:00.000000Z,20.010000228881836,20.030000686645508,20.010000228881836,20.024999618530273,7,2023-03-10T00:00:00.000000Z
2023-03-10T00:00:00.000000Z,20.375,20.375,20.375,20.375,48,2023-03-11T00:00:00.000000Z
2023-03-13T00:00:00.000000Z,20.690000534057617,21.792999267578125,20.690000534057617,21.792999267578125,15,2023-03-14T00:00:00.000000Z
2023-03-14T00:00:00.000000Z,21.510000228881836,21.929000854492188,21.5,21.929000854492188,60,2023-03-15T00:00:00.000000Z
2023-03-15T00:00:00.000000Z,21.600000381469727,22.079999923706055,21.600000381469727,21.77400016784668,15,2023-03-16T00:00:00.000000Z
2023-03-16T00:00:00.000000Z,21.854999542236328,21.860000610351562,21.579999923706055,21.58799934387207,53,2023-03-17T00:00:00.000000Z
2023-03-17T00:00:00.000000Z,21.75,22.35099983215332,21.75,22.35099983215332,58,2023-03-18T00:00:00.000000Z
2023-03-20T00:00:00.000000Z,22.629999160766602,22.719999313354492,22.415000915527344,22.533000946044922,9,2023-03-21T00:00:00.000000Z
2023-03-21T00:00:00.000000Z,22.569999694824219,22.600000381469727,22.204999923706055,22.323999404907227,58,2023-03-22T00:00:00.000000Z
2023-03-22T00:00:00.000000Z,22.680000305175781,23.065000534057617,22.649999618530273,22.674999237060547,22,2023-03-23T00:00:00.000000Z
2023-03-23T00:00:00.000000Z,23.143999099731445,23.143999099731445,23.143999099731445,23.143999099731445,0,2023-03-24T00:00:00.000000Z
2023-03-24T00:00:00.000000Z,23.246999740600586,23.246999740600586,23.246999740600586,23.246999740600586,15,2023-03-25T00:00:00.000000Z
2023-03-27T00:00:00.000000Z,23.054000854492188,23.054000854492188,23.054000854492188,23.054000854492188,0,2023-03-28T00:00:00.000000Z
2023-03-28T00:00:00.000000Z,23.094999313354492,23.323999404907227,23.094999313354492,23.323999404907227,36,2023-03-29T00:00:00.000000Z
2023-03-29T00:00:00.000000Z,23.375999450683594,23.375999450683594,23.375999450683594,23.375999450683594,188,2023-03-30T00:00:00.000000Z
2023-03-30T00:00:00.000000Z,23.985000610351562,23.985000610351562,23.604999542236328,23.902000427246094,93,2023-03-31T00:00:00.000000Z
2023-03-31T00:00:00.000000Z,23.870000839233398,24.165000915527344,23.870000839233398,24.076000213623047,34,2023-04-01T00:00:00.000000Z
2023-04-03T00:00:00.000000Z,23.725000381469727,24.069999694824219,23.694999694824219,23.940999984741211,26,2023-04-04T00:00:00.000000Z
2023-04-04T00:00:00.000000Z,24.415000915527344,25.084999084472656,24.415000915527344,25.021999359130859,24,2023-04-05T00:00:00.000000Z
2023-04-05T00:00:00.000000Z,25.114999771118164,25.145000457763672,24.790000915527344,24.96299934387207,74,2023-04-06T00:00:00.000000Z
2023-04-06T00:00:00.000000Z,24.670000076293945,25.030000686645508,24.670000076293945,25.024999618530273,0,2023-04-07T00:00:00.000000Z
2023-04-10T00:00:00.000000Z,24.850000381469727,24.850000381469727,24.846000671386719,24.846000671386719,8,2023-04-11T00:00:00.000000Z
2023-04-11T00:00:00.000000Z,24.959999084472656,25.159999847412109,24.959999084472656,25.131000518798828,16,2023-04-12T00:00:00.000000Z
2023-04-12T00:00:00.000000Z,25.165000915527344,25.584999084472656,25.165000915527344,25.403999328613281,14,2023-04-13T00:00:00.000000Z
2023-04-13T00:00:00.000000Z,25.540000915527344,25.950000762939453,25.540000915527344,25.874000549316406,12,2023-04-14T00:00:00.000000Z
2023-04-14T00:00:00.000000Z,25.799999237060547,25.899999618530273,25.340000152587891,25.423999786376953,28,2023-04-15T00:00:00.000000Z
2023-04-17T00:00:00.000000Z,25.052999496459961,25.052999496459961,25.052999496459961,25.052999496459961,0,2023-04-18T00:00:00.000000Z
2023-04-18T00:00:00.000000Z,25.180000305175781,25.299999237060547,25.159999847412109,25.24799919128418,44,2023-04-19T00:00:00.000000Z
2023-04-19T00:00:00.000000Z,24.805000305175781,25.365999221801758,24.805000305175781,25.365999221801758,33,2023-04-20T00:00:00.000000Z
2023-04-20T00:00:00.000000Z,25.229999542236328,25.368000030517578,25.225000381469727,25.368000030517578,2,2023-04-21T00:00:00.000000Z
2023-04-21T00:00:00.000000Z,25.165000915527344,25.180000305175781,25.052999496459961,25.052999496459961,19,2023-04-22T00:00:00.000000Z
2023-04-24T00:00:00.000000Z,25.049999237060547,25.305999755859375,25.024999618530273,25.305999755859375,2,2023-04-25T00:00:00.000000Z
2023-04-25T00:00:00.000000Z,25.194999694824219,25.194999694824219,24.75,24.87700080871582,4,2023-04-26T00:00:00.000000Z
2023-04-26T00:00:00.000000Z,25.129999160766602,25.129999160766602,24.871000289916992,24.871000289916992,64251,2023-04-27T00:00:00.000000Z
2023-04-27T00:00:00.000000Z,24.975000381469727,25.209999084472656,24.565000534057617,24.982999801635742,8978,2023-04-28T00:00:00.000000Z
2023-04-28T00:00:00.000000Z,24.954999923706055,25.110000610351562,24.784999847412109,24.999000549316406,1039,2023-04-29T00:00:00.000000Z
2023-05-01T00:00:00.000000Z,25.069999694824219,25.959999084472656,25.009000778198242,25.009000778198242,452,2023-05-02T00:00:00.000000Z
2023-05-02T00:00:00.000000Z,24.735000610351562,25.520000457763672,24.600000381469727,25.403999328613281,127,2023-05-03T00:00:00.000000Z
2023-05-03T00:00:00.000000Z,25.424999237060547,25.594999313354492,25.190000534057617,25.47599983215332,256,2023-05-04T00:00:00.000000Z
2023-05-04T00:00:00.000000Z,25.754999160766602,26.079999923706055,25.579999923706055,26.034999847412109,110,2023-05-05T00:00:00.000000Z
2023-05-05T00:00:00.000000Z,26.200000762939453,26.200000762939453,25.264999389648438,25.743000030517578,113,2023-05-06T00:00:00.000000Z
2023-05-08T00:00:00.000000Z,25.719999313354492,25.719999313354492,25.63599967956543,25.63599967956543,175,2023-05-09T00:00:00.000000Z
2023-05-09T00:00:00.000000Z,25.5,25.715000152587891,25.444999694824219,25.697999954223633,130,2023-05-10T00:00:00.000000Z
2023-05-10T00:00:00.000000Z,25.579999923706055,25.975000381469727,25.370000839233398,25.461000442504883,92,2023-05-11T00:00:00.000000Z
2023-05-11T00:00:00.000000Z,25.180000305175781,25.215000152587891,24.170000076293945,24.254999160766602,298,2023-05-12T00:00:00.000000Z
2023-05-12T00:00:00.000000Z,23.780000686645508,24.209999084472656,23.780000686645508,23.992000579833984,26,2023-05-13T00:00:00.000000Z
2023-05-15T00:00:00.000000Z,24.065000534057617,24.139999389648438,23.915000915527344,24.12700080871582,96,2023-05-16T00:00:00.000000Z
2023-05-16T00:00:00.000000Z,23.909999847412109,24.024999618530273,23.73699951171875,23.73699951171875,9,2023-05-17T00:00:00.000000Z
2023-05-17T00:00:00.000000Z,23.579999923706055,23.815000534057617,23.579999923706055,23.75200080871582,20,2023-05-18T00:00:00.000000Z
2023-05-18T00:00:00.000000Z,23.465000152587891,23.579999923706055,23.375,23.495000839233398,123,2023-05-19T00:00:00.000000Z
2023-05-19T00:00:00.000000Z,23.920000076293945,23.950000762939453,23.920000076293945,23.920000076293945,64,2023-05-20T00:00:00.000000Z
2023-05-22T00:00:00.000000Z,23.674999237060547,23.715000152587891,23.674999237060547,23.715000152587891,27,2023-05-23T00:00:00.000000Z
2023-05-23T00:00:00.000000Z,23.5,23.629999160766602,23.149999618530273,23.474000930786133,176,2023-05-24T00:00:00.000000Z
2023-05-24T00:00:00.000000Z,23.434999465942383,23.479999542236328,23.065000534057617,23.114999771118164,13,2023-05-25T00:00:00.000000Z
2023-05-25T00:00:00.000000Z,22.870000839233398,22.985000610351562,22.785999298095703,22.785999298095703,23,2023-05-26T00:00:00.000000Z
2023-05-26T00:00:00.000000Z,23.129999160766602,23.239999771118164,23.114999771118164,23.239999771118164,282,2023-05-27T00:00:00.000000Z
2023-05-30T00:00:00.000000Z,23.284999847412109,23.370000839233398,22.930000305175781,23.125,687,2023-05-31T00:00:00.000000Z
2023-05-31T00:00:00.000000Z,23.329999923706055,23.579999923706055,23.329999923706055,23.474000930786133,13,2023-06-01T00:00:00.000000Z
2023-06-01T00:00:00.000000Z,23.875,23.875,23.875,23.875,92,2023-06-02T00:00:00.000000Z
2023-06-02T00:00:00.000000Z,23.840000152587891,23.840000152587891,23.642999649047852,23.642999649047852,6,2023-06-03T00:00:00.000000Z
2023-06-05T00:00:00.000000Z,23.534000396728516,23.534000396728516,23.534000396728516,23.534000396728516,0,2023-06-06T00:00:00.000000Z
2023-06-06T00:00:00.000000Z,23.573999404907227,23.573999404907227,23.573999404907227,23.573999404907227,62,2023-06-07T00:00:00.000000Z
2023-06-07T00:00:00.000000Z,23.438999176025391,23.438999176025391,23.438999176025391,23.438999176025391,0,2023-06-08T00:00:00.000000Z
2023-06-08T00:00:00.000000Z,23.520000457763672,24.263999938964844,23.520000457763672,24.263999938964844,4,2023-06-09T00:00:00.000000Z
2023-06-09T00:00:00.000000Z,24.389999389648438,24.389999389648438,24.333999633789062,24.333999633789062,3,2023-06-10T00:00:00.000000Z
2023-06-12T00:00:00.000000Z,24.284999847412109,24.284999847412109,23.985000610351562,23.985000610351562,1,2023-06-13T00:00:00.000000Z
2023-06-13T00:00:00.000000Z,23.756000518798828,23.756000518798828,23.756000518798828,23.756000518798828,0,2023-06-14T00:00:00.000000Z
2023-06-14T00:00:00.000000Z,24.044000625610352,24.044000625610352,24.044000625610352,24.044000625610352,0,2023-06-15T00:00:00.000000Z
2023-06-15T00:00:00.000000Z,23.891000747680664,23.891000747680664,23.891000747680664,23.891000747680664,1,2023-06-16T00:00:00.000000Z
2023-06-16T00:00:00.000000Z,24.076000213623047,24.076000213623047,24.076000213623047,24.076000213623047,0,2023-06-17T00:00:00.000000Z
2023-06-20T00:00:00.000000Z,23.193000793457031,23.193000793457031,23.193000793457031,23.193000793457031,0,2023-06-21T00:00:00.000000Z
2023-06-21T00:00:00.000000Z,22.77400016784668,22.77400016784668,22.77400016784668,22.77400016784668,0,2023-06-22T00:00:00.000000Z
2023-06-22T00:00:00.000000Z,22.436000823974609,22.436000823974609,22.436000823974609,22.436000823974609,3,2023-06-23T00:00:00.000000Z
2023-06-23T00:00:00.000000Z,22.327999114990234,22.327999114990234,22.327999114990234,22.327999114990234,0,2023-06-24T00:00:00.000000Z
2023-06-26T00:00:00.000000Z,22.805000305175781,22.850000381469727,22.805000305175781,22.805000305175781,6,2023-06-27T00:00:00.000000Z
2023-06-27T00:00:00.000000Z,22.938999176025391,22.938999176025391,22.938999176025391,22.938999176025391,1,2023-06-28T00:00:00.000000Z
2023-06-28T00:00:00.000000Z,22.864999771118164,22.868000030517578,22.864999771118164,22.868000030517578,34711,2023-06-29T00:00:00.000000Z
2023-06-29T00:00:00.000000Z,22.745000839233398,22.905000686645508,22.299999237060547,22.590999603271484,6994,2023-06-30T00:00:00.000000Z
2023-06-30T00:00:00.000000Z,22.530000686645508,22.809999465942383,22.344999313354492,22.809999465942383,544,2023-07-01T00:00:00.000000Z
2023-07-03T00:00:00.000000Z,22.764999389648438,23.004999160766602,22.704999923706055,22.895999908447266,305,2023-07-04T00:00:00.000000Z
2023-07-05T00:00:00.000000Z,22.920000076293945,23.315000534057617,22.920000076293945,23.197000503540039,236,2023-07-06T00:00:00.000000Z
2023-07-06T00:00:00.000000Z,23.155000686645508,23.239999771118164,22.686000823974609,22.686000823974609,81,2023-07-07T00:00:00.000000Z
2023-07-07T00:00:00.000000Z,22.860000610351562,23.110000610351562,22.860000610351562,23.091999053955078,44,2023-07-08T00:00:00.000000Z
2023-07-10T00:00:00.000000Z,23.049999237060547,23.150999069213867,22.760000228881836,23.150999069213867,126,2023-07-11T00:00:00.000000Z
2023-07-11T00:00:00.000000Z,23.225000381469727,23.305000305175781,23.086000442504883,23.086000442504883,371,2023-07-12T00:00:00.000000Z
2023-07-12T00:00:00.000000Z,23.139999389648438,24.118999481201172,23.139999389648438,24.118999481201172,145,2023-07-13T00:00:00.000000Z
2023-07-13T00:00:00.000000Z,24.299999237060547,24.815000534057617,24.299999237060547,24.767999649047852,138,2023-07-14T00:00:00.000000Z
2023-07-14T00:00:00.000000Z,24.909999847412109,25.013999938964844,24.799999237060547,25.013999938964844,54,2023-07-15T00:00:00.000000Z
2023-07-17T00:00:00.000000Z,24.920000076293945,24.920000076293945,24.840000152587891,24.843999862670898,16,2023-07-18T00:00:00.000000Z
2023-07-18T00:00:00.000000Z,24.965000152587891,25.100000381469727,24.965000152587891,25.083999633789062,657,2023-07-19T00:00:00.000000Z
2023-07-19T00:00:00.000000Z,25.25,25.25,25.045000076293945,25.218999862670898,7,2023-07-20T00:00:00.000000Z
2023-07-20T00:00:00.000000Z,25.280000686645508,25.280000686645508,24.805000305175781,24.805000305175781,215,2023-07-21T00:00:00.000000Z
2023-07-21T00:00:00.000000Z,24.697999954223633,24.697999954223633,24.697999954223633,24.697999954223633,0,2023-07-22T00:00:00.000000Z
2023-07-24T00:00:00.000000Z,24.436000823974609,24.436000823974609,24.436000823974609,24.436000823974609,10,2023-07-25T00:00:00.000000Z
2023-07-25T00:00:00.000000Z,24.545000076293945,24.735000610351562,24.545000076293945,24.680000305175781,65,2023-07-26T00:00:00.000000Z
2023-07-26T00:00:00.000000Z,24.604999542236328,24.825000762939453,24.604999542236328,24.825000762939453,15,2023-07-27T00:00:00.000000Z
2023-07-27T00:00:00.000000Z,24.236000061035156,24.236000061035156,24.236000061035156,24.236000061035156,96,2023-07-28T00:00:00.000000Z
2023-07-28T00:00:00.000000Z,24.229999542236328,24.370000839233398,24.215000152587891,24.370000839233398,78,2023-07-29T00:00:00.000000Z
2023-07-31T00:00:00.000000Z,24.209999084472656,24.854000091552734,24.209999084472656,24.854000091552734,169,2023-08-01T00:00:00.000000Z
2023-08-01T00:00:00.000000Z,24.579999923706055,24.579999923706055,24.184999465942383,24.208000183105469,11,2023-08-02T00:00:00.000000Z
2023-08-02T00:00:00.000000Z,24.149999618530273,24.149999618530273,23.753999710083008,23.753999710083008,8,2023-08-03T00:00:00.000000Z
2023-08-03T00:00:00.000000Z,23.584999084472656,23.610000610351562,23.430000305175781,23.586000442504883,56,2023-08-04T00:00:00.000000Z
2023-08-04T00:00:00.000000Z,23.600000381469727,23.625,23.375,23.617000579833984,62,2023-08-05T00:00:00.000000Z
2023-08-07T00:00:00.000000Z,23.475000381469727,23.475000381469727,23.069999694824219,23.142000198364258,50,2023-08-08T00:00:00.000000Z
2023-08-08T00:00:00.000000Z,22.959999084472656,22.965000152587891,22.716999053955078,22.716999053955078,5,2023-08-09T00:00:00.000000Z
2023-08-09T00:00:00.000000Z,22.649999618530273,22.649999618530273,22.649999618530273,22.649999618530273,5,2023-08-10T00:00:00.000000Z
2023-08-10T00:00:00.000000Z,22.746000289916992,22.746000289916992,22.746000289916992,22.746000289916992,5,2023-08-11T00:00:00.000000Z
2023-08-11T00:00:00.000000Z,22.673999786376953,22.673999786376953,22.673999786376953,22.673999786376953,5,2023-08-12T00:00:00.000000Z
2023-08-14T00:00:00.000000Z,22.405000686645508,22.643999099731445,22.405000686645508,22.643999099731445,21,2023-08-15T00:00:00.000000Z
2023-08-15T00:00:00.000000Z,22.454999923706055,22.594999313354492,22.454999923706055,22.594999313354492,11,2023-08-16T00:00:00.000000Z
2023-08-16T00:00:00.000000Z,22.655000686645508,22.655000686645508,22.479999542236328,22.479999542236328,7,2023-08-17T00:00:00.000000Z
2023-08-17T00:00:00.000000Z,22.600000381469727,22.954999923706055,22.600000381469727,22.670000076293945,27,2023-08-18T00:00:00.000000Z
2023-08-18T00:00:00.000000Z,22.694999694824219,22.694999694824219,22.694999694824219,22.694999694824219,0,2023-08-19T00:00:00.000000Z
2023-08-21T00:00:00.000000Z,22.784999847412109,23.304000854492188,22.784999847412109,23.304000854492188,3,2023-08-22T00:00:00.000000Z
2023-08-22T00:00:00.000000Z,23.344999313354492,23.420000076293945,23.344999313354492,23.420000076293945,2,2023-08-23T00:00:00.000000Z
2023-08-23T00:00:00.000000Z,24.363000869750977,24.363000869750977,24.363000869750977,24.363000869750977,2,2023-08-24T00:00:00.000000Z
2023-08-24T00:00:00.000000Z,24.284999847412109,24.309999465942383,24.211000442504883,24.211000442504883,6,2023-08-25T00:00:00.000000Z
2023-08-25T00:00:00.000000Z,24.079999923706055,24.219999313354492,24.079999923706055,24.219999313354492,11,2023-08-26T00:00:00.000000Z
2023-08-28T00:00:00.000000Z,24.238000869750977,24.238000869750977,24.238000869750977,24.238000869750977,11,2023-08-29T00:00:00.000000Z
2023-08-29T00:00:00.000000Z,24.777000427246094,24.777000427246094,24.777000427246094,24.777000427246094,52924,2023-08-30T00:00:00.000000Z
2023-08-30T00:00:00.000000Z,24.780000686645508,25.059999465942383,24.569999694824219,24.733999252319336,7105,2023-08-31T00:00:00.000000Z
2023-08-31T00:00:00.000000Z,24.665000915527344,24.700000762939453,24.450000762939453,24.472000122070312,738,2023-09-01T00:00:00.000000Z
2023-09-01T00:00:00.000000Z,24.489999771118164,24.840000152587891,24.204999923706055,24.232000350952148,229,2023-09-02T00:00:00.000000Z
2023-09-05T00:00:00.000000Z,24.204999923706055,24.325000762939453,23.534999847412109,23.558000564575195,150,2023-09-06T00:00:00.000000Z
2023-09-06T00:00:00.000000Z,23.514999389648438,23.620000839233398,23.135000228881836,23.205999374389648,357,2023-09-07T00:00:00.000000Z
2023-09-07T00:00:00.000000Z,23.090000152587891,23.125,22.905000686645508,22.950000762939453,97,2023-09-08T00:00:00.000000Z
2023-09-08T00:00:00.000000Z,23.104999542236328,23.145000457763672,22.892000198364258,22.892000198364258,28,2023-09-09T00:00:00.000000Z
2023-09-11T00:00:00.000000Z,22.924999237060547,23.139999389648438,22.924999237060547,23.103000640869141,138,2023-09-12T00:00:00.000000Z
2023-09-12T00:00:00.000000Z,22.944999694824219,23.12700080871582,22.930000305175781,23.12700080871582,59,2023-09-13T00:00:00.000000Z
2023-09-13T00:00:00.000000Z,22.825000762939453,22.915000915527344,22.819999694824219,22.91200065612793,10,2023-09-14T00:00:00.000000Z
2023-09-14T00:00:00.000000Z,22.614999771118164,22.74799919128418,22.579999923706055,22.74799919128418,42,2023-09-15T00:00:00.000000Z
2023-09-15T00:00:00.000000Z,22.709999084472656,23.184999465942383,22.709999084472656,23.125999450683594,34,2023-09-16T00:00:00.000000Z
2023-09-18T00:00:00.000000Z,23.232000350952148,23.232000350952148,23.232000350952148,23.232000350952148,8,2023-09-19T00:00:00.000000Z
2023-09-19T00:00:00.000000Z,23.194000244140625,23.194000244140625,23.194000244140625,23.194000244140625,0,2023-09-20T00:00:00.000000Z
2023-09-20T00:00:00.000000Z,23.350000381469727,23.579000473022461,23.350000381469727,23.579000473022461,1,2023-09-21T00:00:00.000000Z
2023-09-21T00:00:00.000000Z,23.030000686645508,23.444000244140625,23.030000686645508,23.444000244140625,64,2023-09-22T00:00:00.000000Z
2023-09-22T00:00:00.000000Z,23.700000762939453,23.700000762939453,23.596000671386719,23.596000671386719,28,2023-09-23T00:00:00.000000Z
2023-09-25T00:00:00.000000Z,23.590000152587891,23.610000610351562,23.145000457763672,23.145000457763672,66,2023-09-26T00:00:00.000000Z
2023-09-26T00:00:00.000000Z,22.950000762939453,22.950000762939453,22.950000762939453,22.950000762939453,1,2023-09-27T00:00:00.000000Z
2023-09-27T00:00:00.000000Z,22.476999282836914,22.476999282836914,22.476999282836914,22.476999282836914,421,2023-09-28T00:00:00.000000Z
2023-09-28T00:00:00.000000Z,22.549999237060547,22.614999771118164,22.399999618530273,22.514999389648438,120,2023-09-29T00:00:00.000000Z
2023-09-29T00:00:00.000000Z,22.774999618530273,23.459999084472656,22.236000061035156,22.236000061035156,120,2023-09-30T00:00:00.000000Z
2023-10-02T00:00:00.000000Z,22.165000915527344,22.174999237060547,21.218000411987305,21.218000411987305,131,2023-10-03T00:00:00.000000Z
2023-10-03T00:00:00.000000Z,20.979999542236328,21.177999496459961,20.784999847412109,21.177999496459961,34,2023-10-04T00:00:00.000000Z
2023-10-04T00:00:00.000000Z,21.184999465942383,21.184999465942383,20.760000228881836,20.955999374389648,30,2023-10-05T00:00:00.000000Z
2023-10-05T00:00:00.000000Z,21.075000762939453,21.075000762939453,20.847999572753906,20.847999572753906,117,2023-10-06T00:00:00.000000Z
2023-10-06T00:00:00.000000Z,20.985000610351562,21.540000915527344,20.924999237060547,21.540000915527344,15,2023-10-07T00:00:00.000000Z
2023-10-09T00:00:00.000000Z,21.740999221801758,21.740999221801758,21.740999221801758,21.740999221801758,0,2023-10-10T00:00:00.000000Z
2023-10-10T00:00:00.000000Z,21.850000381469727,21.860000610351562,21.715000152587891,21.775999069213867,12,2023-10-11T00:00:00.000000Z
2023-10-11T00:00:00.000000Z,21.957000732421875,21.957000732421875,21.957000732421875,21.957000732421875,3,2023-10-12T00:00:00.000000Z
2023-10-12T00:00:00.000000Z,22.069999694824219,22.194999694824219,21.791999816894531,21.791999816894531,20,2023-10-13T00:00:00.000000Z
2023-10-13T00:00:00.000000Z,22.475000381469727,22.726999282836914,22.475000381469727,22.726999282836914,13,2023-10-14T00:00:00.000000Z
2023-10-16T00:00:00.000000Z,22.604999542236328,22.610000610351562,22.604999542236328,22.610000610351562,2,2023-10-17T00:00:00.000000Z
2023-10-17T00:00:00.000000Z,22.700000762939453,22.863000869750977,22.649999618530273,22.863000869750977,22,2023-10-18T00:00:00.000000Z
2023-10-18T00:00:00.000000Z,22.790000915527344,22.944000244140625,22.764999389648438,22.944000244140625,8,2023-10-19T00:00:00.000000Z
2023-10-19T00:00:00.000000Z,22.770000457763672,22.886999130249023,22.770000457763672,22.886999130249023,9,2023-10-20T00:00:00.000000Z
2023-10-20T00:00:00.000000Z,23.559999465942383,23.629999160766602,23.35099983215332,23.35099983215332,7,2023-10-21T00:00:00.000000Z
2023-10-23T00:00:00.000000Z,23.225000381469727,23.239999771118164,23.072000503540039,23.072000503540039,5,2023-10-24T00:00:00.000000Z
2023-10-24T00:00:00.000000Z,22.850000381469727,22.979999542236328,22.850000381469727,22.979999542236328,2,2023-10-25T00:00:00.000000Z
2023-10-25T00:00:00.000000Z,22.780000686645508,22.87700080871582,22.579999923706055,22.87700080871582,6,2023-10-26T00:00:00.000000Z
2023-10-26T00:00:00.000000Z,22.975000381469727,22.989999771118164,22.78700065612793,22.78700065612793,14,2023-10-27T00:00:00.000000Z
2023-10-27T00:00:00.000000Z,22.770000457763672,22.770000457763672,22.770000457763672,22.770000457763672,68,2023-10-28T00:00:00.000000Z
2023-10-30T00:00:00.000000Z,23.159999847412109,23.565000534057617,23.094999313354492,23.281999588012695,208,2023-10-31T00:00:00.000000Z
2023-10-31T00:00:00.000000Z,23.295000076293945,23.305000305175781,22.840999603271484,22.840999603271484,85,2023-11-01T00:00:00.000000Z
2023-11-01T00:00:00.000000Z,22.645000457763672,23.010000228881836,22.639999389648438,22.684999465942383,68,2023-11-02T00:00:00.000000Z
2023-11-02T00:00:00.000000Z,22.750999450683594,22.750999450683594,22.750999450683594,22.750999450683594,31,2023-11-03T00:00:00.000000Z
2023-11-03T00:00:00.000000Z,23.201000213623047,23.201000213623047,23.201000213623047,23.201000213623047,16,2023-11-04T00:00:00.000000Z
2023-11-06T00:00:00.000000Z,23.14900016784668,23.14900016784668,23.14900016784668,23.14900016784668,5,2023-11-07T00:00:00.000000Z
2023-11-07T00:00:00.000000Z,22.774999618530273,22.774999618530273,22.504999160766602,22.507999420166016,42,2023-11-08T00:00:00.000000Z
2023-11-08T00:00:00.000000Z,22.329999923706055,22.739999771118164,22.329999923706055,22.646999359130859,95,2023-11-09T00:00:00.000000Z
2023-11-09T00:00:00.000000Z,22.520000457763672,22.924999237060547,22.504999160766602,22.830999374389648,73,2023-11-10T00:00:00.000000Z
2023-11-10T00:00:00.000000Z,22.620000839233398,22.620000839233398,22.215000152587891,22.215000152587891,33,2023-11-11T00:00:00.000000Z
2023-11-13T00:00:00.000000Z,22.084999084472656,22.298999786376953,22.010000228881836,22.298999786376953,4,2023-11-14T00:00:00.000000Z
2023-11-14T00:00:00.000000Z,22.334999084472656,23.165000915527344,22.260000228881836,23.079000473022461,282,2023-11-15T00:00:00.000000Z
2023-11-15T00:00:00.000000Z,23.485000610351562,23.485000610351562,23.485000610351562,23.485000610351562,0,2023-11-16T00:00:00.000000Z
2023-11-16T00:00:00.000000Z,23.575000762939453,23.895000457763672,23.575000762939453,23.892000198364258,7,2023-11-17T00:00:00.000000Z
2023-11-17T00:00:00.000000Z,23.905000686645508,24.155000686645508,23.809000015258789,23.809000015258789,37,2023-11-18T00:00:00.000000Z
2023-11-20T00:00:00.000000Z,23.459999084472656,23.579000473022461,23.459999084472656,23.579000473022461,2,2023-11-21T00:00:00.000000Z
2023-11-21T00:00:00.000000Z,23.764999389648438,23.843000411987305,23.764999389648438,23.843000411987305,11,2023-11-22T00:00:00.000000Z
2023-11-22T00:00:00.000000Z,23.672000885009766,23.672000885009766,23.672000885009766,23.672000885009766,37,2023-11-23T00:00:00.000000Z
2023-11-24T00:00:00.000000Z,24.315000534057617,24.329000473022461,24.260000228881836,24.329000473022461,4,2023-11-25T00:00:00.000000Z
2023-11-27T00:00:00.000000Z,24.805000305175781,24.850000381469727,24.672000885009766,24.672000885009766,14,2023-11-28T00:00:00.000000Z
2023-11-28T00:00:00.000000Z,24.930000305175781,24.930000305175781,24.930000305175781,24.930000305175781,59633,2023-11-29T00:00:00.000000Z
2023-11-29T00:00:00.000000Z,25.049999237060547,25.305000305175781,24.850000381469727,25.072000503540039,5716,2023-11-30T00:00:00.000000Z
2023-11-30T00:00:00.000000Z,25.034999847412109,25.325000762939453,24.965000152587891,25.292999267578125,882,2023-12-01T00:00:00.000000Z
2023-12-01T00:00:00.000000Z,25.399999618530273,25.565000534057617,25.155000686645508,25.499000549316406,491,2023-12-02T00:00:00.000000Z
2023-12-04T00:00:00.000000Z,25.590000152587891,25.934999465942383,24.450000762939453,24.555000305175781,194,2023-12-05T00:00:00.000000Z
2023-12-05T00:00:00.000000Z,24.555000305175781,24.655000686645508,24,24.201000213623047,369,2023-12-06T00:00:00.000000Z
2023-12-06T00:00:00.000000Z,24.180000305175781,24.354999542236328,23.888999938964844,23.888999938964844,76,2023-12-07T00:00:00.000000Z
2023-12-07T00:00:00.000000Z,23.920000076293945,23.934999465942383,23.732000350952148,23.732000350952148,107,2023-12-08T00:00:00.000000Z
2023-12-08T00:00:00.000000Z,23.815000534057617,23.815000534057617,22.969999313354492,22.971000671386719,164,2023-12-09T00:00:00.000000Z
2023-12-11T00:00:00.000000Z,23.049999237060547,23.049999237060547,22.754999160766602,22.773000717163086,54,2023-12-12T00:00:00.000000Z
2023-12-12T00:00:00.000000Z,22.784999847412109,22.784999847412109,22.728000640869141,22.728000640869141,3,2023-12-13T00:00:00.000000Z
2023-12-13T00:00:00.000000Z,22.809999465942383,23.665000915527344,22.524999618530273,22.638999938964844,89,2023-12-14T00:00:00.000000Z
2023-12-14T00:00:00.000000Z,23.764999389648438,24.204999923706055,23.764999389648438,24.096000671386719,125,2023-12-15T00:00:00.000000Z
2023-12-15T00:00:00.000000Z,24.004999160766602,24.010000228881836,23.870000839233398,23.870000839233398,4,2023-12-16T00:00:00.000000Z
2023-12-18T00:00:00.000000Z,23.830999374389648,23.830999374389648,23.819999694824219,23.830999374389648,76,2023-12-19T00:00:00.000000Z
2023-12-19T00:00:00.000000Z,23.965000152587891,24.065000534057617,23.959999084472656,24.040000915527344,32,2023-12-20T00:00:00.000000Z
2023-12-20T00:00:00.000000Z,24.079999923706055,24.385000228881836,23.965000152587891,24.347000122070312,928,2023-12-21T00:00:00.000000Z
2023-12-21T00:00:00.000000Z,24.329999923706055,24.370000839233398,24.306999206542969,24.306999206542969,89,2023-12-22T00:00:00.000000Z
2023-12-22T00:00:00.000000Z,24.520000457763672,24.575000762939453,24.165000915527344,24.290000915527344,81,2023-12-23T00:00:00.000000Z
2023-12-26T00:00:00.000000Z,24.284999847412109,24.284999847412109,24.090000152587891,24.143999099731445,227,2023-12-27T00:00:00.000000Z
2023-12-27T00:00:00.000000Z,24.235000610351562,24.375,24.149999618530273,24.375,540,2023-12-28T00:00:00.000000Z
2023-12-28T00:00:00.000000Z,24.340000152587891,24.420000076293945,24,24.134000778198242,203,2023-12-29T00:00:00.000000Z
2023-12-29T00:00:00.000000Z,23.885000228881836,23.885000228881836,23.555000305175781,23.853000640869141,20,2023-12-30T00:00:00.000000Z
2024-01-02T00:00:00.000000Z,23.844999313354492,24.069999694824219,23.732999801635742,23.732999801635742,20,2024-01-03T00:00:00.000000Z
2024-01-03T00:00:00.000000Z,23.264999389648438,23.264999389648438,22.930000305175781,22.945999145507812,458,2024-01-04T00:00:00.000000Z
2024-01-04T00:00:00.000000Z,22.930000305175781,23.045000076293945,22.704999923706055,22.98900032043457,24,2024-01-05T00:00:00.000000Z
2024-01-05T00:00:00.000000Z,23.065000534057617,23.121999740600586,22.864999771118164,23.121999740600586,5,2024-01-06T00:00:00.000000Z
2024-01-08T00:00:00.000000Z,22.989999771118164,23.120000839233398,22.834999084472656,23.120000839233398,53,2024-01-09T00:00:00.000000Z
2024-01-09T00:00:00.000000Z,23.139999389648438,23.139999389648438,22.903999328613281,22.903999328613281,19,2024-01-10T00:00:00.000000Z
2024-01-10T00:00:00.000000Z,23,23,22.799999237060547,22.884000778198242,10,2024-01-11T00:00:00.000000Z
2024-01-11T00:00:00.000000Z,22.959999084472656,23.084999084472656,22.534999847412109,22.53700065612793,109,2024-01-12T00:00:00.000000Z
2024-01-12T00:00:00.000000Z,22.825000762939453,23.379999160766602,22.825000762939453,23.16200065612793,44,2024-01-13T00:00:00.000000Z
2024-01-16T00:00:00.000000Z,22.933000564575195,22.933000564575195,22.933000564575195,22.933000564575195,0,2024-01-17T00:00:00.000000Z
2024-01-17T00:00:00.000000Z,22.909999847412109,22.909999847412109,22.510000228881836,22.516000747680664,17,2024-01-18T00:00:00.000000Z
2024-01-18T00:00:00.000000Z,22.639999389648438,22.666999816894531,22.590000152587891,22.666999816894531,5,2024-01-19T00:00:00.000000Z
2024-01-19T00:00:00.000000Z,22.514999389648438,22.570999145507812,22.514999389648438,22.570999145507812,2,2024-01-20T00:00:00.000000Z
2024-01-22T00:00:00.000000Z,22.004999160766602,22.163000106811523,21.924999237060547,22.163000106811523,28,2024-01-23T00:00:00.000000Z
2024-01-23T00:00:00.000000Z,22.333999633789062,22.333999633789062,22.333999633789062,22.333999633789062,0,2024-01-24T00:00:00.000000Z
2024-01-24T00:00:00.000000Z,22.854999542236328,22.909999847412109,22.754999160766602,22.754999160766602,46,2024-01-25T00:00:00.000000Z
2024-01-25T00:00:00.000000Z,22.870000839233398,22.870000839233398,22.808000564575195,22.808000564575195,48,2024-01-26T00:00:00.000000Z
2024-01-26T00:00:00.000000Z,22.760000228881836,22.840000152587891,22.754999160766602,22.754999160766602,111,2024-01-27T00:00:00.000000Z
2024-01-29T00:00:00.000000Z,23.094999313354492,23.204999923706055,23.094999313354492,23.13800048828125,333,2024-01-30T00:00:00.000000Z
2024-01-30T00:00:00.000000Z,23.204999923706055,23.274999618530273,23.065000534057617,23.107000350952148,78,2024-01-31T00:00:00.000000Z
2024-01-31T00:00:00.000000Z,23.051000595092773,23.051000595092773,23.051000595092773,23.051000595092773,0,2024-02-01T00:00:00.000000Z
2024-02-01T00:00:00.000000Z,22.875,23.129999160766602,22.549999237060547,23.129999160766602,12,2024-02-02T00:00:00.000000Z
2024-02-02T00:00:00.000000Z,23.125,23.155000686645508,22.555000305175781,22.701000213623047,20,2024-02-03T00:00:00.000000Z
2024-02-05T00:00:00.000000Z,22.489999771118164,22.489999771118164,22.284999847412109,22.334999084472656,36,2024-02-06T00:00:00.000000Z
2024-02-06T00:00:00.000000Z,22.454999923706055,22.454999923706055,22.334999084472656,22.392999649047852,405,2024-02-07T00:00:00.000000Z
2024-02-07T00:00:00.000000Z,22.340000152587891,22.405000686645508,22.277999877929688,22.277999877929688,69,2024-02-08T00:00:00.000000Z
2024-02-08T00:00:00.000000Z,22.489999771118164,22.565000534057617,22.299999237060547,22.565000534057617,154,2024-02-09T00:00:00.000000Z
2024-02-09T00:00:00.000000Z,22.405000686645508,22.565000534057617,22.405000686645508,22.527999877929688,7,2024-02-10T00:00:00.000000Z
2024-02-12T00:00:00.000000Z,22.649999618530273,22.725000381469727,22.649999618530273,22.708999633789062,8,2024-02-13T00:00:00.000000Z
2024-02-13T00:00:00.000000Z,22.096000671386719,22.096000671386719,22.096000671386719,22.096000671386719,0,2024-02-14T00:00:00.000000Z
2024-02-14T00:00:00.000000Z,22.034999847412109,22.330999374389648,22.004999160766602,22.330999374389648,8,2024-02-15T00:00:00.000000Z
2024-02-15T00:00:00.000000Z,22.610000610351562,22.920000076293945,22.610000610351562,22.91200065612793,6,2024-02-16T00:00:00.000000Z
2024-02-16T00:00:00.000000Z,23.438999176025391,23.438999176025391,23.438999176025391,23.438999176025391,0,2024-02-17T00:00:00.000000Z
2024-02-20T00:00:00.000000Z,23.149999618530273,23.149999618530273,23.106000900268555,23.106000900268555,6,2024-02-21T00:00:00.000000Z
2024-02-21T00:00:00.000000Z,23.190000534057617,23.194999694824219,22.85099983215332,22.85099983215332,8,2024-02-22T00:00:00.000000Z
2024-02-22T00:00:00.000000Z,22.764999389648438,22.764999389648438,22.764999389648438,22.764999389648438,0,2024-02-23T00:00:00.000000Z
2024-02-23T00:00:00.000000Z,22.968999862670898,22.968999862670898,22.968999862670898,22.968999862670898,39,2024-02-24T00:00:00.000000Z
2024-02-26T00:00:00.000000Z,22.594999313354492,22.594999313354492,22.517000198364258,22.517000198364258,10,2024-02-27T00:00:00.000000Z
2024-02-27T00:00:00.000000Z,22.523000717163086,22.523000717163086,22.523000717163086,22.523000717163086,38667,2024-02-28T00:00:00.000000Z
2024-02-28T00:00:00.000000Z,22.444999694824219,22.5,22.245000839233398,22.409999847412109,5854,2024-02-29T00:00:00.000000Z
2024-02-29T00:00:00.000000Z,22.440000534057617,22.774999618530273,22.295000076293945,22.666000366210938,517,2024-03-01T00:00:00.000000Z
2024-03-01T00:00:00.000000Z,22.655000686645508,23.25,22.569999694824219,23.149999618530273,964,2024-03-02T00:00:00.000000Z
2024-03-04T00:00:00.000000Z,23.155000686645508,23.930000305175781,23.069999694824219,23.778999328613281,996,2024-03-05T00:00:00.000000Z
2024-03-05T00:00:00.000000Z,23.704999923706055,24.200000762939453,23.665000915527344,23.76300048828125,559,2024-03-06T00:00:00.000000Z
2024-03-06T00:00:00.000000Z,23.635000228881836,24.271999359130859,23.594999313354492,24.271999359130859,129,2024-03-07T00:00:00.000000Z
2024-03-07T00:00:00.000000Z,24.165000915527344,24.514999389648438,24.139999389648438,24.370000839233398,187,2024-03-08T00:00:00.000000Z
2024-03-08T00:00:00.000000Z,24.504999160766602,24.504999160766602,24.299999237060547,24.339000701904297,115,2024-03-09T00:00:00.000000Z
2024-03-11T00:00:00.000000Z,24.385000228881836,24.511999130249023,24.370000839233398,24.511999130249023,172,2024-03-12T00:00:00.000000Z
2024-03-12T00:00:00.000000Z,24.465000152587891,24.504999160766602,24.194000244140625,24.194000244140625,42,2024-03-13T00:00:00.000000Z
2024-03-13T00:00:00.000000Z,24.215000152587891,24.958999633789062,24.215000152587891,24.958999633789062,37,2024-03-14T00:00:00.000000Z
2024-03-14T00:00:00.000000Z,24.875,24.979999542236328,24.874000549316406,24.874000549316406,20,2024-03-15T00:00:00.000000Z
2024-03-15T00:00:00.000000Z,24.834999084472656,25.420000076293945,24.825000762939453,25.200000762939453,48,2024-03-16T00:00:00.000000Z
2024-03-18T00:00:00.000000Z,25.159999847412109,25.245000839233398,25.090999603271484,25.090999603271484,26,2024-03-19T00:00:00.000000Z
2024-03-19T00:00:00.000000Z,25.170000076293945,25.170000076293945,24.944999694824219,24.964000701904297,20,2024-03-20T00:00:00.000000Z
2024-03-20T00:00:00.000000Z,24.933000564575195,24.933000564575195,24.933000564575195,24.933000564575195,75,2024-03-21T00:00:00.000000Z
2024-03-21T00:00:00.000000Z,25.625,25.735000610351562,24.849000930786133,24.849000930786133,69,2024-03-22T00:00:00.000000Z
2024-03-22T00:00:00.000000Z,24.75,24.75,24.659999847412109,24.691999435424805,20,2024-03-23T00:00:00.000000Z
2024-03-25T00:00:00.000000Z,24.815000534057617,24.844999313354492,24.719999313354492,24.745000839233398,69,2024-03-26T00:00:00.000000Z
2024-03-26T00:00:00.000000Z,24.639999389648438,24.649999618530273,24.482999801635742,24.482999801635742,663,2024-03-27T00:00:00.000000Z
2024-03-27T00:00:00.000000Z,24.424999237060547,24.625,24.424999237060547,24.625,215,2024-03-28T00:00:00.000000Z
2024-03-28T00:00:00.000000Z,24.684999465942383,24.909999847412109,24.684999465942383,24.797000885009766,20,2024-03-29T00:00:00.000000Z
2024-04-01T00:00:00.000000Z,25.25,25.344999313354492,24.809999465942383,24.954000473022461,44,2024-04-02T00:00:00.000000Z
2024-04-02T00:00:00.000000Z,25.299999237060547,25.854999542236328,25.270000457763672,25.804000854492188,59,2024-04-03T00:00:00.000000Z
2024-04-03T00:00:00.000000Z,26.254999160766602,27.065000534057617,26.209999084472656,26.944999694824219,104,2024-04-04T00:00:00.000000Z
2024-04-04T00:00:00.000000Z,27.229999542236328,27.270000457763672,26.790000915527344,27.139999389648438,23,2024-04-05T00:00:00.000000Z
2024-04-05T00:00:00.000000Z,26.489999771118164,27.409999847412109,26.489999771118164,27.399999618530273,39,2024-04-06T00:00:00.000000Z
2024-04-08T00:00:00.000000Z,27.805000305175781,27.930000305175781,27.711999893188477,27.711999893188477,6,2024-04-09T00:00:00.000000Z
2024-04-09T00:00:00.000000Z,28.120000839233398,28.120000839233398,27.891000747680664,27.891000747680664,66,2024-04-10T00:00:00.000000Z
2024-04-10T00:00:00.000000Z,27.764999389648438,27.985000610351562,27.764999389648438,27.961000442504883,5,2024-04-11T00:00:00.000000Z
2024-04-11T00:00:00.000000Z,28.129999160766602,28.514999389648438,28,28.176000595092773,536,2024-04-12T00:00:00.000000Z
2024-04-12T00:00:00.000000Z,28.510000228881836,29.805000305175781,28.254999160766602,28.254999160766602,354,2024-04-13T00:00:00.000000Z
2024-04-15T00:00:00.000000Z,28.25,28.650999069213867,27.770000457763672,28.650999069213867,61,2024-04-16T00:00:00.000000Z
2024-04-16T00:00:00.000000Z,28.354999542236328,28.354999542236328,28.235000610351562,28.318000793457031,76,2024-04-17T00:00:00.000000Z
2024-04-17T00:00:00.000000Z,28.510000228881836,28.510000228881836,28.309999465942383,28.346000671386719,9,2024-04-18T00:00:00.000000Z
2024-04-18T00:00:00.000000Z,28.329000473022461,28.329000473022461,28.329000473022461,28.329000473022461,0,2024-04-19T00:00:00.000000Z
2024-04-19T00:00:00.000000Z,28.504999160766602,28.808000564575195,28.215000152587891,28.808000564575195,15,2024-04-20T00:00:00.000000Z
2024-04-22T00:00:00.000000Z,27.21299934387207,27.21299934387207,27.21299934387207,27.21299934387207,0,2024-04-23T00:00:00.000000Z
2024-04-23T00:00:00.000000Z,27.135000228881836,27.409999847412109,27.135000228881836,27.330999374389648,15,2024-04-24T00:00:00.000000Z
2024-04-24T00:00:00.000000Z,27.139999389648438,27.323999404907227,27.129999160766602,27.323999404907227,4,2024-04-25T00:00:00.000000Z
2024-04-25T00:00:00.000000Z,27.341999053955078,27.341999053955078,27.341999053955078,27.341999053955078,29,2024-04-26T00:00:00.000000Z
2024-04-26T00:00:00.000000Z,27.240999221801758,27.240999221801758,27.240999221801758,27.240999221801758,68254,2024-04-27T00:00:00.000000Z
2024-04-29T00:00:00.000000Z,27.200000762939453,27.440000534057617,26.959999084472656,27.37299919128418,11787,2024-04-30T00:00:00.000000Z
2024-04-30T00:00:00.000000Z,27.155000686645508,27.165000915527344,26.299999237060547,26.391000747680664,1881,2024-05-01T00:00:00.000000Z
2024-05-01T00:00:00.000000Z,26.284999847412109,26.944999694824219,26.284999847412109,26.48900032043457,387,2024-05-02T00:00:00.000000Z
2024-05-02T00:00:00.000000Z,26.715000152587891,26.795000076293945,26.034999847412109,26.583000183105469,277,2024-05-03T00:00:00.000000Z
2024-05-03T00:00:00.000000Z,26.629999160766602,26.784999847412109,26.159999847412109,26.444999694824219,194,2024-05-04T00:00:00.000000Z
2024-05-06T00:00:00.000000Z,26.950000762939453,27.389999389648438,26.950000762939453,27.368999481201172,48,2024-05-07T00:00:00.000000Z
2024-05-07T00:00:00.000000Z,27.299999237060547,27.444999694824219,27.280000686645508,27.302999496459961,74,2024-05-08T00:00:00.000000Z
2024-05-08T00:00:00.000000Z,27.264999389648438,27.420000076293945,27.264999389648438,27.361000061035156,123,2024-05-09T00:00:00.000000Z
2024-05-09T00:00:00.000000Z,27.604999542236328,28.200000762939453,27.600000381469727,28.131999969482422,333,2024-05-10T00:00:00.000000Z
2024-05-10T00:00:00.000000Z,28.594999313354492,28.594999313354492,28.229999542236328,28.274999618530273,75,2024-05-11T00:00:00.000000Z
2024-05-13T00:00:00.000000Z,28.059999465942383,28.344999313354492,28.034999847412109,28.221000671386719,253,2024-05-14T00:00:00.000000Z
2024-05-14T00:00:00.000000Z,28.270000457763672,28.610000610351562,28.110000610351562,28.485000610351562,212,2024-05-15T00:00:00.000000Z
2024-05-15T00:00:00.000000Z,28.610000610351562,29.513999938964844,28.610000610351562,29.513999938964844,31,2024-05-16T00:00:00.000000Z
2024-05-16T00:00:00.000000Z,29.879999160766602,29.879999160766602,29.5,29.665000915527344,29,2024-05-17T00:00:00.000000Z
2024-05-17T00:00:00.000000Z,29.760000228881836,31.604999542236328,29.760000228881836,31.047000885009766,118,2024-05-18T00:00:00.000000Z
2024-05-20T00:00:00.000000Z,30.995000839233398,32.205001831054688,30.995000839233398,32.205001831054688,83,2024-05-21T00:00:00.000000Z
2024-05-21T00:00:00.000000Z,32.494998931884766,32.5,31.405000686645508,31.868000030517578,55,2024-05-22T00:00:00.000000Z
2024-05-22T00:00:00.000000Z,32.029998779296875,32.029998779296875,31.159999847412109,31.295000076293945,31,2024-05-23T00:00:00.000000Z
2024-05-23T00:00:00.000000Z,30.344999313354492,30.709999084472656,30.129999160766602,30.284000396728516,104,2024-05-24T00:00:00.000000Z
2024-05-24T00:00:00.000000Z,30.370000839233398,30.370000839233398,30.329999923706055,30.329999923706055,10,2024-05-25T00:00:00.000000Z
2024-05-28T00:00:00.000000Z,31.540000915527344,32.115001678466797,31.504999160766602,31.971000671386719,45,2024-05-29T00:00:00.000000Z
2024-05-29T00:00:00.000000Z,32.202999114990234,32.202999114990234,32.202999114990234,32.202999114990234,932,2024-05-30T00:00:00.000000Z
2024-05-30T00:00:00.000000Z,32,32.049999237060547,31.110000610351562,31.38800048828125,257,2024-05-31T00:00:00.000000Z
2024-05-31T00:00:00.000000Z,30.424999237060547,30.489999771118164,30.297000885009766,30.297000885009766,44,2024-06-01T00:00:00.000000Z
2024-06-03T00:00:00.000000Z,30.440000534057617,30.641000747680664,29.850000381469727,30.641000747680664,209,2024-06-04T00:00:00.000000Z
2024-06-04T00:00:00.000000Z,29.754999160766602,29.995000839233398,29.469999313354492,29.488000869750977,39,2024-06-05T00:00:00.000000Z
2024-06-05T00:00:00.000000Z,29.549999237060547,29.969999313354492,29.549999237060547,29.947999954223633,16,2024-06-06T00:00:00.000000Z
2024-06-06T00:00:00.000000Z,30.559999465942383,31.319999694824219,30.559999465942383,31.246999740600586,282,2024-06-07T00:00:00.000000Z
2024-06-07T00:00:00.000000Z,31.524999618530273,31.524999618530273,29.299999237060547,29.334999084472656,10,2024-06-08T00:00:00.000000Z
2024-06-10T00:00:00.000000Z,29.590000152587891,29.768999099731445,29.479999542236328,29.768999099731445,32,2024-06-11T00:00:00.000000Z
2024-06-11T00:00:00.000000Z,29.155000686645508,29.504999160766602,29.132999420166016,29.132999420166016,3,2024-06-12T00:00:00.000000Z
2024-06-12T00:00:00.000000Z,30.176000595092773,30.176000595092773,29.75,30.176000595092773,8,2024-06-13T00:00:00.000000Z
2024-06-13T00:00:00.000000Z,29.125,29.325000762939453,28.815000534057617,28.989999771118164,21,2024-06-14T00:00:00.000000Z
2024-06-14T00:00:00.000000Z,29.385000228881836,29.540000915527344,29.385000228881836,29.402000427246094,16,2024-06-15T00:00:00.000000Z
2024-06-17T00:00:00.000000Z,29.325000762939453,29.325000762939453,29.325000762939453,29.325000762939453,0,2024-06-18T00:00:00.000000Z
2024-06-18T00:00:00.000000Z,29.004999160766602,29.504999160766602,28.954999923706055,29.504999160766602,66,2024-06-19T00:00:00.000000Z
2024-06-20T00:00:00.000000Z,29.5,30.775999069213867,29.5,30.775999069213867,20,2024-06-21T00:00:00.000000Z
2024-06-21T00:00:00.000000Z,30.5,30.510000228881836,29.572999954223633,29.572999954223633,20,2024-06-22T00:00:00.000000Z
2024-06-24T00:00:00.000000Z,29.5,29.5,29.48900032043457,29.48900032043457,5,2024-06-25T00:00:00.000000Z
2024-06-25T00:00:00.000000Z,29.5,29.5,28.836999893188477,28.836999893188477,5,2024-06-26T00:00:00.000000Z
2024-06-26T00:00:00.000000Z,28.909000396728516,28.909000396728516,28.909000396728516,28.909000396728516,52023,2024-06-27T00:00:00.000000Z
2024-06-27T00:00:00.000000Z,28.770000457763672,29.225000381469727,28.665000915527344,28.917999267578125,14649,2024-06-28T00:00:00.000000Z
2024-06-28T00:00:00.000000Z,28.940000534057617,29.579999923706055,28.819999694824219,29.23699951171875,538,2024-06-29T00:00:00.000000Z
2024-07-01T00:00:00.000000Z,29.100000381469727,29.440000534057617,29,29.299999237060547,664,2024-07-02T00:00:00.000000Z
2024-07-02T00:00:00.000000Z,29.309999465942383,29.620000839233398,29.225000381469727,29.353000640869141,153,2024-07-03T00:00:00.000000Z
2024-07-03T00:00:00.000000Z,29.594999313354492,30.549999237060547,29.540000915527344,30.548000335693359,261,2024-07-04T00:00:00.000000Z
2024-07-05T00:00:00.000000Z,30.264999389648438,31.469999313354492,30.165000915527344,31.38800048828125,451,2024-07-06T00:00:00.000000Z
2024-07-08T00:00:00.000000Z,31.200000762939453,31.200000762939453,30.618000030517578,30.618000030517578,171,2024-07-09T00:00:00.000000Z
2024-07-09T00:00:00.000000Z,30.771999359130859,30.771999359130859,30.771999359130859,30.771999359130859,6,2024-07-10T00:00:00.000000Z
2024-07-10T00:00:00.000000Z,30.770000457763672,30.770000457763672,30.726999282836914,30.726999282836914,121,2024-07-11T00:00:00.000000Z
2024-07-11T00:00:00.000000Z,30.940000534057617,31.704999923706055,30.905000686645508,31.393999099731445,257,2024-07-12T00:00:00.000000Z
2024-07-12T00:00:00.000000Z,31.364999771118164,31.364999771118164,30.459999084472656,30.88599967956543,41,2024-07-13T00:00:00.000000Z
2024-07-15T00:00:00.000000Z,30.690000534057617,31.004999160766602,30.594999313354492,30.672000885009766,43,2024-07-16T00:00:00.000000Z
2024-07-16T00:00:00.000000Z,30.809999465942383,31.305000305175781,30.780000686645508,31.194999694824219,8,2024-07-17T00:00:00.000000Z
2024-07-17T00:00:00.000000Z,31.204999923706055,31.284999847412109,30.136999130249023,30.136999130249023,69,2024-07-18T00:00:00.000000Z
2024-07-18T00:00:00.000000Z,30.504999160766602,30.504999160766602,29.989999771118164,29.995000839233398,4,2024-07-19T00:00:00.000000Z
2024-07-19T00:00:00.000000Z,29.75,29.75,28.899999618530273,29.08799934387207,73,2024-07-20T00:00:00.000000Z
2024-07-22T00:00:00.000000Z,29.170000076293945,29.170000076293945,28.780000686645508,29.124000549316406,27,2024-07-23T00:00:00.000000Z
2024-07-23T00:00:00.000000Z,29,29.131999969482422,28.799999237060547,29.131999969482422,21,2024-07-24T00:00:00.000000Z
2024-07-24T00:00:00.000000Z,29.115999221801758,29.115999221801758,28.985000610351562,29.115999221801758,9,2024-07-25T00:00:00.000000Z
2024-07-25T00:00:00.000000Z,28.700000762939453,28.700000762939453,27.549999237060547,27.806999206542969,157,2024-07-26T00:00:00.000000Z
2024-07-26T00:00:00.000000Z,28.010000228881836,28.010000228881836,27.739999771118164,27.860000610351562,75,2024-07-27T00:00:00.000000Z
2024-07-29T00:00:00.000000Z,28.049999237060547,28.049999237060547,27.702999114990234,27.702999114990234,819,2024-07-30T00:00:00.000000Z
2024-07-30T00:00:00.000000Z,27.825000762939453,28.364999771118164,27.799999237060547,28.364999771118164,320,2024-07-31T00:00:00.000000Z
2024-07-31T00:00:00.000000Z,28.715000152587891,28.885000228881836,28.715000152587891,28.777999877929688,17,2024-08-01T00:00:00.000000Z
2024-08-01T00:00:00.000000Z,28.944999694824219,28.944999694824219,28.330999374389648,28.330999374389648,16,2024-08-02T00:00:00.000000Z
2024-08-02T00:00:00.000000Z,28.899999618530273,28.930000305175781,28.246000289916992,28.246000289916992,101,2024-08-03T00:00:00.000000Z
2024-08-05T00:00:00.000000Z,28.165000915527344,28.559999465942383,26.840000152587891,27.076000213623047,38,2024-08-06T00:00:00.000000Z
2024-08-06T00:00:00.000000Z,27.215000152587891,27.229999542236328,27.096000671386719,27.096000671386719,110,2024-08-07T00:00:00.000000Z
2024-08-07T00:00:00.000000Z,26.915000915527344,26.915000915527344,26.694999694824219,26.829999923706055,7,2024-08-08T00:00:00.000000Z
2024-08-08T00:00:00.000000Z,27.055000305175781,27.504999160766602,27.055000305175781,27.5,36,2024-08-09T00:00:00.000000Z
2024-08-09T00:00:00.000000Z,27.48699951171875,27.48699951171875,27.48699951171875,27.48699951171875,2,2024-08-10T00:00:00.000000Z
2024-08-12T00:00:00.000000Z,27.840000152587891,27.924999237060547,27.780000686645508,27.916999816894531,11,2024-08-13T00:00:00.000000Z
2024-08-13T00:00:00.000000Z,27.694999694824219,27.694999694824219,27.694999694824219,27.694999694824219,4,2024-08-14T00:00:00.000000Z
2024-08-14T00:00:00.000000Z,27.253999710083008,27.253999710083008,27.253999710083008,27.253999710083008,30,2024-08-15T00:00:00.000000Z
2024-08-15T00:00:00.000000Z,28.145000457763672,28.341999053955078,28.145000457763672,28.341999053955078,41,2024-08-16T00:00:00.000000Z
2024-08-16T00:00:00.000000Z,28.777999877929688,28.777999877929688,28.777999877929688,28.777999877929688,15,2024-08-17T00:00:00.000000Z
2024-08-19T00:00:00.000000Z,29.239999771118164,29.239999771118164,29.239999771118164,29.239999771118164,18,2024-08-20T00:00:00.000000Z
2024-08-20T00:00:00.000000Z,29.854999542236328,29.954999923706055,29.454999923706055,29.454999923706055,15,2024-08-21T00:00:00.000000Z
2024-08-21T00:00:00.000000Z,29.47599983215332,29.47599983215332,29.47599983215332,29.47599983215332,1,2024-08-22T00:00:00.000000Z
2024-08-22T00:00:00.000000Z,29.444999694824219,29.450000762939453,29,29.006000518798828,4,2024-08-23T00:00:00.000000Z
2024-08-23T00:00:00.000000Z,29.785999298095703,29.785999298095703,29.785999298095703,29.785999298095703,8,2024-08-24T00:00:00.000000Z
2024-08-26T00:00:00.000000Z,30.104999542236328,30.104999542236328,29.905000686645508,29.976999282836914,53,2024-08-27T00:00:00.000000Z
2024-08-27T00:00:00.000000Z,29.951000213623047,29.985000610351562,29.951000213623047,29.951000213623047,78,2024-08-28T00:00:00.000000Z
2024-08-28T00:00:00.000000Z,29.176000595092773,29.176000595092773,29.176000595092773,29.176000595092773,42397,2024-08-29T00:00:00.000000Z
2024-08-29T00:00:00.000000Z,29.110000610351562,29.655000686645508,29.110000610351562,29.556999206542969,7849,2024-08-30T00:00:00.000000Z
2024-08-30T00:00:00.000000Z,29.379999160766602,29.555000305175781,28.709999084472656,28.731000900268555,488,2024-08-31T00:00:00.000000Z
2024-09-03T00:00:00.000000Z,28.354999542236328,28.565000534057617,27.694999694824219,27.951000213623047,292,2024-09-04T00:00:00.000000Z
2024-09-04T00:00:00.000000Z,27.885000228881836,28.215000152587891,27.885000228881836,28.166999816894531,237,2024-09-05T00:00:00.000000Z
2024-09-05T00:00:00.000000Z,28.194999694824219,28.770000457763672,28.194999694824219,28.719999313354492,299,2024-09-06T00:00:00.000000Z
2024-09-06T00:00:00.000000Z,28.584999084472656,28.584999084472656,27.808000564575195,27.808000564575195,72,2024-09-07T00:00:00.000000Z
2024-09-09T00:00:00.000000Z,28.084999084472656,28.340000152587891,28.049999237060547,28.291000366210938,72,2024-09-10T00:00:00.000000Z
2024-09-10T00:00:00.000000Z,28.245000839233398,28.256999969482422,28.204999923706055,28.256999969482422,20,2024-09-11T00:00:00.000000Z
2024-09-11T00:00:00.000000Z,28.495000839233398,28.680000305175781,28.495000839233398,28.562999725341797,18,2024-09-12T00:00:00.000000Z
2024-09-12T00:00:00.000000Z,28.805000305175781,29.799999237060547,28.790000915527344,29.743000030517578,33,2024-09-13T00:00:00.000000Z
2024-09-13T00:00:00.000000Z,29.979999542236328,30.770000457763672,29.979999542236328,30.698999404907227,66,2024-09-14T00:00:00.000000Z
2024-09-16T00:00:00.000000Z,30.885000228881836,31.014999389648438,30.764999389648438,30.770999908447266,116,2024-09-17T00:00:00.000000Z
2024-09-17T00:00:00.000000Z,30.618999481201172,30.700000762939453,30.618999481201172,30.618999481201172,52,2024-09-18T00:00:00.000000Z
2024-09-18T00:00:00.000000Z,30.659999847412109,30.729999542236328,30.299999237060547,30.340999603271484,86,2024-09-19T00:00:00.000000Z
2024-09-19T00:00:00.000000Z,30.049999237060547,31.093999862670898,30.049999237060547,31.093999862670898,26,2024-09-20T00:00:00.000000Z
2024-09-20T00:00:00.000000Z,31.065000534057617,31.200000762939453,31.065000534057617,31.176000595092773,3,2024-09-21T00:00:00.000000Z
2024-09-23T00:00:00.000000Z,30.629999160766602,30.864999771118164,30.629999160766602,30.767000198364258,70,2024-09-24T00:00:00.000000Z
2024-09-24T00:00:00.000000Z,30.860000610351562,32.111000061035156,30.825000762939453,32.111000061035156,35,2024-09-25T00:00:00.000000Z
2024-09-25T00:00:00.000000Z,31.805000305175781,31.989999771118164,31.697999954223633,31.697999954223633,38,2024-09-26T00:00:00.000000Z
2024-09-26T00:00:00.000000Z,32.235000610351562,32.25,32.025001525878906,32.025001525878906,301,2024-09-27T00:00:00.000000Z
2024-09-27T00:00:00.000000Z,31.815000534057617,32.139999389648438,31.444999694824219,31.518999099731445,120,2024-09-28T00:00:00.000000Z
2024-09-30T00:00:00.000000Z,31.604999542236328,31.604999542236328,31.120000839233398,31.163999557495117,73,2024-10-01T00:00:00.000000Z
2024-10-01T00:00:00.000000Z,31.350000381469727,31.594999313354492,31.309999465942383,31.444999694824219,86,2024-10-02T00:00:00.000000Z
2024-10-02T00:00:00.000000Z,31.055000305175781,31.700000762939453,31.055000305175781,31.628000259399414,24,2024-10-03T00:00:00.000000Z
2024-10-03T00:00:00.000000Z,31.459999084472656,32.188999176025391,31.440000534057617,32.188999176025391,146,2024-10-04T00:00:00.000000Z
2024-10-04T00:00:00.000000Z,32.095001220703125,32.860000610351562,31.610000610351562,32.127998352050781,156,2024-10-05T00:00:00.000000Z
2024-10-07T00:00:00.000000Z,31.590000152587891,31.745000839233398,31.590000152587891,31.745000839233398,1,2024-10-08T00:00:00.000000Z
2024-10-08T00:00:00.000000Z,31.385000228881836,31.385000228881836,30.354999542236328,30.354999542236328,21,2024-10-09T00:00:00.000000Z
2024-10-09T00:00:00.000000Z,30.485000610351562,30.485000610351562,30.424999237060547,30.424999237060547,2,2024-10-10T00:00:00.000000Z
2024-10-10T00:00:00.000000Z,31.004999160766602,31.004999160766602,31.004999160766602,31.004999160766602,4,2024-10-11T00:00:00.000000Z
2024-10-11T00:00:00.000000Z,31.534999847412109,31.534999847412109,31.520000457763672,31.520000457763672,15,2024-10-12T00:00:00.000000Z
2024-10-14T00:00:00.000000Z,31.083000183105469,31.200000762939453,31.083000183105469,31.083000183105469,2,2024-10-15T00:00:00.000000Z
2024-10-15T00:00:00.000000Z,31.527000427246094,31.527000427246094,31.527000427246094,31.527000427246094,0,2024-10-16T00:00:00.000000Z
2024-10-16T00:00:00.000000Z,31.649999618530273,31.760000228881836,31.645000457763672,31.760000228881836,25,2024-10-17T00:00:00.000000Z
2024-10-17T00:00:00.000000Z,31.680000305175781,31.854999542236328,31.572999954223633,31.572999954223633,26,2024-10-18T00:00:00.000000Z
2024-10-18T00:00:00.000000Z,33.032001495361328,33.680000305175781,33.032001495361328,33.032001495361328,33,2024-10-19T00:00:00.000000Z
2024-10-21T00:00:00.000000Z,33.865001678466797,34.255001068115234,33.865001678466797,33.868999481201172,58,2024-10-22T00:00:00.000000Z
2024-10-22T00:00:00.000000Z,34.474998474121094,34.834999084472656,34.424999237060547,34.831001281738281,80,2024-10-23T00:00:00.000000Z
2024-10-23T00:00:00.000000Z,34.555000305175781,34.555000305175781,33.639999389648438,33.639999389648438,6,2024-10-24T00:00:00.000000Z
2024-10-24T00:00:00.000000Z,34.139999389648438,34.139999389648438,33.611000061035156,33.611000061035156,24,2024-10-25T00:00:00.000000Z
2024-10-25T00:00:00.000000Z,33.25,33.705001831054688,33.25,33.603000640869141,22,2024-10-26T00:00:00.000000Z
2024-10-28T00:00:00.000000Z,33.770000457763672,33.830001831054688,33.770000457763672,33.830001831054688,3,2024-10-29T00:00:00.000000Z
2024-10-29T00:00:00.000000Z,34.269001007080078,34.269001007080078,34.269001007080078,34.269001007080078,133,2024-10-30T00:00:00.000000Z
2024-10-30T00:00:00.000000Z,34.119998931884766,34.169998168945312,33.540000915527344,33.91400146484375,79,2024-10-31T00:00:00.000000Z
2024-10-31T00:00:00.000000Z,33.525001525878906,33.525001525878906,32.590000152587891,32.652999877929688,37,2024-11-01T00:00:00.000000Z
2024-11-01T00:00:00.000000Z,32.541999816894531,32.541999816894531,32.400001525878906,32.541999816894531,98,2024-11-02T00:00:00.000000Z
2024-11-04T00:00:00.000000Z,32.479999542236328,32.479999542236328,32.479999542236328,32.479999542236328,0,2024-11-05T00:00:00.000000Z
2024-11-05T00:00:00.000000Z,32.654998779296875,32.654998779296875,32.654998779296875,32.654998779296875,6,2024-11-06T00:00:00.000000Z
2024-11-06T00:00:00.000000Z,32.040000915527344,32.040000915527344,31,31.221000671386719,6,2024-11-07T00:00:00.000000Z
2024-11-07T00:00:00.000000Z,31.444999694824219,31.764999389648438,31.444999694824219,31.764999389648438,222,2024-11-08T00:00:00.000000Z
2024-11-08T00:00:00.000000Z,31.495000839233398,31.495000839233398,31.344999313354492,31.358999252319336,3,2024-11-09T00:00:00.000000Z
2024-11-11T00:00:00.000000Z,31.114999771118164,31.114999771118164,30.5,30.540000915527344,69,2024-11-12T00:00:00.000000Z
2024-11-12T00:00:00.000000Z,30.309999465942383,30.686000823974609,30.309999465942383,30.686000823974609,5,2024-11-13T00:00:00.000000Z
2024-11-13T00:00:00.000000Z,30.969999313354492,30.969999313354492,30.430000305175781,30.590000152587891,5,2024-11-14T00:00:00.000000Z
2024-11-14T00:00:00.000000Z,30.170000076293945,30.569999694824219,29.735000610351562,30.507999420166016,38,2024-11-15T00:00:00.000000Z
2024-11-15T00:00:00.000000Z,30.319999694824219,30.371000289916992,30.245000839233398,30.371000289916992,2,2024-11-16T00:00:00.000000Z
2024-11-18T00:00:00.000000Z,31.163000106811523,31.163000106811523,31.163000106811523,31.163000106811523,6,2024-11-19T00:00:00.000000Z
2024-11-19T00:00:00.000000Z,31.454999923706055,31.475000381469727,31.149999618530273,31.208000183105469,10,2024-11-20T00:00:00.000000Z
2024-11-20T00:00:00.000000Z,31.180000305175781,31.180000305175781,30.955999374389648,30.955999374389648,7,2024-11-21T00:00:00.000000Z
2024-11-21T00:00:00.000000Z,30.944999694824219,30.944999694824219,30.75,30.91200065612793,30,2024-11-22T00:00:00.000000Z
2024-11-22T00:00:00.000000Z,31.299999237060547,31.309000015258789,31.260000228881836,31.309000015258789,5,2024-11-23T00:00:00.000000Z
2024-11-25T00:00:00.000000Z,30.815000534057617,30.815000534057617,30.209999084472656,30.209999084472656,12,2024-11-26T00:00:00.000000Z
2024-11-26T00:00:00.000000Z,30.38800048828125,30.38800048828125,30.38800048828125,30.38800048828125,55215,2024-11-27T00:00:00.000000Z
2024-11-27T00:00:00.000000Z,30.489999771118164,30.75,29.989999771118164,30.111000061035156,19729,2024-11-28T00:00:00.000000Z
2024-11-29T00:00:00.000000Z,30.135000228881836,30.950000762939453,29.655000686645508,30.684999465942383,2230,2024-11-30T00:00:00.000000Z
2024-12-02T00:00:00.000000Z,30.510000228881836,30.670000076293945,30.170000076293945,30.448999404907227,158,2024-12-03T00:00:00.000000Z
2024-12-03T00:00:00.000000Z,30.934999465942383,31.110000610351562,30.870000839233398,31.076999664306641,211,2024-12-04T00:00:00.000000Z
2024-12-04T00:00:00.000000Z,31.155000686645508,31.504999160766602,30.920000076293945,31.504999160766602,504,2024-12-05T00:00:00.000000Z
2024-12-05T00:00:00.000000Z,31.290000915527344,31.475000381469727,31.134000778198242,31.134000778198242,211,2024-12-06T00:00:00.000000Z
2024-12-06T00:00:00.000000Z,31.299999237060547,31.334999084472656,31.079999923706055,31.186000823974609,35,2024-12-07T00:00:00.000000Z
2024-12-09T00:00:00.000000Z,31.440000534057617,32.514999389648438,31.440000534057617,32.215999603271484,642,2024-12-10T00:00:00.000000Z
2024-12-10T00:00:00.000000Z,32.104999542236328,32.362998962402344,32.034999847412109,32.362998962402344,689,2024-12-11T00:00:00.000000Z
2024-12-11T00:00:00.000000Z,32.340000152587891,32.562000274658203,32.205001831054688,32.562000274658203,484,2024-12-12T00:00:00.000000Z
2024-12-12T00:00:00.000000Z,32.529998779296875,32.770000457763672,31.225000381469727,31.228000640869141,108,2024-12-13T00:00:00.000000Z
2024-12-13T00:00:00.000000Z,31,31,30.559999465942383,30.655000686645508,47,2024-12-14T00:00:00.000000Z
2024-12-16T00:00:00.000000Z,30.815000534057617,30.815000534057617,30.680000305175781,30.697000503540039,36,2024-12-17T00:00:00.000000Z
2024-12-17T00:00:00.000000Z,30.344999313354492,30.572999954223633,30.290000915527344,30.572999954223633,365,2024-12-18T00:00:00.000000Z
2024-12-18T00:00:00.000000Z,30.440000534057617,30.440000534057617,29.879999160766602,30.409999847412109,290,2024-12-19T00:00:00.000000Z
2024-12-19T00:00:00.000000Z,29.604999542236328,29.614999771118164,28.854999542236328,29.093999862670898,81,2024-12-20T00:00:00.000000Z
2024-12-20T00:00:00.000000Z,29.165000915527344,29.844999313354492,29.104999542236328,29.659999847412109,61,2024-12-21T00:00:00.000000Z
2024-12-23T00:00:00.000000Z,29.895000457763672,29.989999771118164,29.88800048828125,29.88800048828125,54,2024-12-24T00:00:00.000000Z
2024-12-24T00:00:00.000000Z,29.974000930786133,29.974000930786133,29.974000930786133,29.974000930786133,66,2024-12-25T00:00:00.000000Z
2024-12-26T00:00:00.000000Z,30.014999389648438,30.114999771118164,29.979999542236328,30.047000885009766,109,2024-12-27T00:00:00.000000Z
2024-12-27T00:00:00.000000Z,29.934999465942383,29.934999465942383,29.604999542236328,29.655000686645508,502,2024-12-28T00:00:00.000000Z
2024-12-30T00:00:00.000000Z,29.659999847412109,29.719999313354492,28.989999771118164,29.106000900268555,200,2024-12-31T00:00:00.000000Z
2024-12-31T00:00:00.000000Z,29.135000228881836,29.170000076293945,28.940000534057617,28.940000534057617,172,2025-01-01T00:00:00.000000Z
2025-01-02T00:00:00.000000Z,29.260000228881836,29.715000152587891,29.260000228881836,29.621999740600586,307,2025-01-03T00:00:00.000000Z
2025-01-03T00:00:00.000000Z,30.079999923706055,30.079999923706055,29.805999755859375,29.805999755859375,91,2025-01-04T00:00:00.000000Z
2025-01-06T00:00:00.000000Z,30.370000839233398,30.459999084472656,29.959999084472656,30.341999053955078,186,2025-01-07T00:00:00.000000Z
2025-01-07T00:00:00.000000Z,30.447000503540039,30.447000503540039,30.447000503540039,30.447000503540039,6,2025-01-08T00:00:00.000000Z
2025-01-08T00:00:00.000000Z,30.524999618530273,30.649999618530273,30.280000686645508,30.451999664306641,46,2025-01-09T00:00:00.000000Z
2025-01-09T00:00:00.000000Z,30.965000152587891,30.965000152587891,30.735000610351562,30.791000366210938,192,2025-01-10T00:00:00.000000Z
2025-01-10T00:00:00.000000Z,31.534999847412109,31.534999847412109,31.090000152587891,31.090999603271484,60,2025-01-11T00:00:00.000000Z
2025-01-13T00:00:00.000000Z,30.274999618530273,30.274999618530273,30.090999603271484,30.090999603271484,2,2025-01-14T00:00:00.000000Z
2025-01-14T00:00:00.000000Z,30.194999694824219,30.194999694824219,30.131999969482422,30.131999969482422,66,2025-01-15T00:00:00.000000Z
2025-01-15T00:00:00.000000Z,30.879999160766602,31.350000381469727,30.875,31.319000244140625,21,2025-01-16T00:00:00.000000Z
2025-01-16T00:00:00.000000Z,31.385000228881836,31.674999237060547,31.329999923706055,31.523000717163086,109,2025-01-17T00:00:00.000000Z
2025-01-17T00:00:00.000000Z,31.200000762939453,31.209999084472656,30.951000213623047,30.951000213623047,5,2025-01-18T00:00:00.000000Z
2025-01-21T00:00:00.000000Z,30.799999237060547,31.311000823974609,30.774999618530273,31.311000823974609,215,2025-01-22T00:00:00.000000Z
2025-01-22T00:00:00.000000Z,30.995000839233398,31.23900032043457,30.995000839233398,31.23900032043457,7,2025-01-23T00:00:00.000000Z
2025-01-23T00:00:00.000000Z,30.399999618530273,30.673000335693359,30.399999618530273,30.673000335693359,2,2025-01-24T00:00:00.000000Z
2025-01-24T00:00:00.000000Z,31.075000762939453,31.075000762939453,30.989999771118164,31.023000717163086,112,2025-01-25T00:00:00.000000Z
2025-01-27T00:00:00.000000Z,30.253999710083008,30.253999710083008,30.253999710083008,30.253999710083008,111,2025-01-28T00:00:00.000000Z
2025-01-28T00:00:00.000000Z,30.364999771118164,30.726999282836914,30.364999771118164,30.726999282836914,132,2025-01-29T00:00:00.000000Z
2025-01-29T00:00:00.000000Z,31.238000869750977,31.238000869750977,31.238000869750977,31.238000869750977,263,2025-01-30T00:00:00.000000Z
2025-01-30T00:00:00.000000Z,31.479999542236328,32.599998474121094,31.469999313354492,32.363998413085938,557,2025-01-31T00:00:00.000000Z
2025-01-31T00:00:00.000000Z,32.674999237060547,32.759998321533203,32.110000610351562,32.127998352050781,162,2025-02-01T00:00:00.000000Z
2025-02-03T00:00:00.000000Z,32.145000457763672,32.459999084472656,31.629999160766602,32.391998291015625,444,2025-02-04T00:00:00.000000Z
2025-02-04T00:00:00.000000Z,32.209999084472656,32.88800048828125,32.115001678466797,32.88800048828125,744,2025-02-05T00:00:00.000000Z
2025-02-05T00:00:00.000000Z,32.805000305175781,32.856998443603516,32.634998321533203,32.856998443603516,42,2025-02-06T00:00:00.000000Z
2025-02-06T00:00:00.000000Z,32.5,32.518001556396484,32.384998321533203,32.518001556396484,651,2025-02-07T00:00:00.000000Z
2025-02-07T00:00:00.000000Z,32.740001678466797,32.740001678466797,32.110000610351562,32.334999084472656,172,2025-02-08T00:00:00.000000Z
2025-02-10T00:00:00.000000Z,32.310001373291016,32.391998291015625,32.310001373291016,32.391998291015625,456,2025-02-11T00:00:00.000000Z
2025-02-11T00:00:00.000000Z,32.110000610351562,32.259998321533203,31.635000228881836,32.230998992919922,23,2025-02-12T00:00:00.000000Z
2025-02-12T00:00:00.000000Z,31.965000152587891,32.755001068115234,31.965000152587891,32.694999694824219,80,2025-02-13T00:00:00.000000Z
2025-02-13T00:00:00.000000Z,32.834999084472656,32.880001068115234,32.534999847412109,32.650001525878906,119,2025-02-14T00:00:00.000000Z
2025-02-14T00:00:00.000000Z,33.744998931884766,34.080001831054688,32.75,32.800998687744141,153,2025-02-15T00:00:00.000000Z
2025-02-18T00:00:00.000000Z,32.759998321533203,33.360000610351562,32.759998321533203,33.317001342773438,201,2025-02-19T00:00:00.000000Z
2025-02-19T00:00:00.000000Z,33.560001373291016,33.560001373291016,32.993000030517578,32.993000030517578,21,2025-02-20T00:00:00.000000Z
2025-02-20T00:00:00.000000Z,33.444000244140625,33.444000244140625,33.444000244140625,33.444000244140625,0,2025-02-21T00:00:00.000000Z
2025-02-21T00:00:00.000000Z,33.325000762939453,33.325000762939453,32.976001739501953,32.976001739501953,96,2025-02-22T00:00:00.000000Z
2025-02-24T00:00:00.000000Z,32.834999084472656,32.854999542236328,32.575000762939453,32.575000762939453,115,2025-02-25T00:00:00.000000Z
2025-02-25T00:00:00.000000Z,32.125,32.439998626708984,31.801000595092773,31.801000595092773,72,2025-02-26T00:00:00.000000Z
2025-02-26T00:00:00.000000Z,32.252998352050781,32.252998352050781,32.252998352050781,32.252998352050781,36515,2025-02-27T00:00:00.000000Z
2025-02-27T00:00:00.000000Z,32.235000610351562,32.290000915527344,31.469999313354492,31.801000595092773,10140,2025-02-28T00:00:00.000000Z
2025-02-28T00:00:00.000000Z,31.575000762939453,31.645000457763672,31.084999084472656,31.218999862670898,1641,2025-03-01T00:00:00.000000Z
2025-03-03T00:00:00.000000Z,31.434999465942383,32.209999084472656,31.375,32.032001495361328,872,2025-03-04T00:00:00.000000Z
2025-03-04T00:00:00.000000Z,31.840000152587891,32.290000915527344,31.770000457763672,32.108001708984375,762,2025-03-05T00:00:00.000000Z
2025-03-05T00:00:00.000000Z,32.169998168945312,33,32.169998168945312,32.858001708984375,912,2025-03-06T00:00:00.000000Z
2025-03-06T00:00:00.000000Z,32.979999542236328,33.062999725341797,32.630001068115234,33.062999725341797,370,2025-03-07T00:00:00.000000Z
2025-03-07T00:00:00.000000Z,32.930000305175781,32.930000305175781,32.404998779296875,32.548000335693359,926,2025-03-08T00:00:00.000000Z
2025-03-10T00:00:00.000000Z,32.764999389648438,32.764999389648438,32.104999542236328,32.275001525878906,300,2025-03-11T00:00:00.000000Z
2025-03-11T00:00:00.000000Z,32.294998168945312,33.134998321533203,32.270000457763672,32.88800048828125,243,2025-03-12T00:00:00.000000Z
2025-03-12T00:00:00.000000Z,33.244998931884766,33.5,33.189998626708984,33.484001159667969,689,2025-03-13T00:00:00.000000Z
2025-03-13T00:00:00.000000Z,33.384998321533203,34.404998779296875,33.349998474121094,34.050998687744141,345,2025-03-14T00:00:00.000000Z
2025-03-14T00:00:00.000000Z,34.244998931884766,34.555000305175781,34.055000305175781,34.187000274658203,191,2025-03-15T00:00:00.000000Z
2025-03-17T00:00:00.000000Z,34.040000915527344,34.115001678466797,33.965000152587891,34.074001312255859,333,2025-03-18T00:00:00.000000Z
2025-03-18T00:00:00.000000Z,34.5,34.578998565673828,34.404998779296875,34.578998565673828,15,2025-03-19T00:00:00.000000Z
2025-03-19T00:00:00.000000Z,34.395000457763672,34.395000457763672,33.974998474121094,33.974998474121094,193,2025-03-20T00:00:00.000000Z
2025-03-20T00:00:00.000000Z,33.689998626708984,33.810001373291016,33.689998626708984,33.785999298095703,257,2025-03-21T00:00:00.000000Z
2025-03-21T00:00:00.000000Z,33.290000915527344,33.290000915527344,33.290000915527344,33.290000915527344,189,2025-03-22T00:00:00.000000Z
2025-03-24T00:00:00.000000Z,33.474998474121094,33.479999542236328,33.264999389648438,33.264999389648438,88,2025-03-25T00:00:00.000000Z
2025-03-25T00:00:00.000000Z,33.459999084472656,34.090000152587891,33.459999084472656,34.001998901367188,14,2025-03-26T00:00:00.000000Z
2025-03-26T00:00:00.000000Z,34.305000305175781,34.305000305175781,33.994998931884766,34.033000946044922,134,2025-03-27T00:00:00.000000Z
2025-03-27T00:00:00.000000Z,34.896999359130859,34.896999359130859,34.896999359130859,34.896999359130859,1017,2025-03-28T00:00:00.000000Z
2025-03-28T00:00:00.000000Z,35.264999389648438,35.264999389648438,34.560001373291016,34.644001007080078,316,2025-03-29T00:00:00.000000Z
2025-03-31T00:00:00.000000Z,34.759998321533203,35,34.400001525878906,34.457000732421875,97,2025-04-01T00:00:00.000000Z
2025-04-01T00:00:00.000000Z,34.599998474121094,34.665000915527344,34.158000946044922,34.158000946044922,97,2025-04-02T00:00:00.000000Z
2025-04-02T00:00:00.000000Z,34.499000549316406,34.854999542236328,34.499000549316406,34.499000549316406,558,2025-04-03T00:00:00.000000Z
2025-04-03T00:00:00.000000Z,34.134998321533203,34.134998321533203,31.625,31.843999862670898,63,2025-04-04T00:00:00.000000Z
2025-04-04T00:00:00.000000Z,31.440000534057617,31.5,29.115999221801758,29.115999221801758,61,2025-04-05T00:00:00.000000Z
2025-04-07T00:00:00.000000Z,28.450000762939453,30.459999084472656,28.309999465942383,29.510000228881836,310,2025-04-08T00:00:00.000000Z
2025-04-08T00:00:00.000000Z,29.764999389648438,30.319999694824219,29.591999053955078,29.591999053955078,64,2025-04-09T00:00:00.000000Z
2025-04-09T00:00:00.000000Z,29.350000381469727,30.322999954223633,29.254999160766602,30.322999954223633,137,2025-04-10T00:00:00.000000Z
2025-04-10T00:00:00.000000Z,31.030000686645508,31.049999237060547,30.670999526977539,30.670999526977539,4,2025-04-11T00:00:00.000000Z
2025-04-11T00:00:00.000000Z,31.114999771118164,31.823999404907227,31.114999771118164,31.823999404907227,24,2025-04-12T00:00:00.000000Z
2025-04-14T00:00:00.000000Z,31.799999237060547,32.091999053955078,31.799999237060547,32.091999053955078,17,2025-04-15T00:00:00.000000Z
2025-04-15T00:00:00.000000Z,32.227001190185547,32.227001190185547,32.227001190185547,32.227001190185547,45,2025-04-16T00:00:00.000000Z
2025-04-16T00:00:00.000000Z,33.025001525878906,33.025001525878906,32.755001068115234,32.925998687744141,97,2025-04-17T00:00:00.000000Z
2025-04-17T00:00:00.000000Z,32.334999084472656,32.580001831054688,32.090000152587891,32.419998168945312,168,2025-04-18T00:00:00.000000Z
2025-04-21T00:00:00.000000Z,32.650001525878906,32.784999847412109,32.495998382568359,32.495998382568359,56,2025-04-22T00:00:00.000000Z
2025-04-22T00:00:00.000000Z,32.880001068115234,32.880001068115234,32.880001068115234,32.880001068115234,1,2025-04-23T00:00:00.000000Z
2025-04-23T00:00:00.000000Z,33.549999237060547,33.549999237060547,33.518001556396484,33.518001556396484,52,2025-04-24T00:00:00.000000Z
2025-04-24T00:00:00.000000Z,33.325000762939453,33.481998443603516,33.325000762939453,33.481998443603516,93,2025-04-25T00:00:00.000000Z
2025-04-25T00:00:00.000000Z,32.988998413085938,32.988998413085938,32.988998413085938,32.988998413085938,93,2025-04-26T00:00:00.000000Z
2025-04-28T00:00:00.000000Z,32.990001678466797,32.990001678466797,32.990001678466797,32.990001678466797,38963,2025-04-29T00:00:00.000000Z
2025-04-29T00:00:00.000000Z,33.095001220703125,33.514999389648438,32.819999694824219,33.275001525878906,9484,2025-04-30T00:00:00.000000Z
2025-04-30T00:00:00.000000Z,32.889999389648438,32.990001678466797,32.134998321533203,32.530998229980469,622,2025-05-01T00:00:00.000000Z
2025-05-01T00:00:00.000000Z,32.544998168945312,32.555000305175781,31.684999465942383,32.188999176025391,556,2025-05-02T00:00:00.000000Z
2025-05-02T00:00:00.000000Z,32.384998321533203,32.674999237060547,31.909999847412109,31.98900032043457,74,2025-05-03T00:00:00.000000Z
2025-05-05T00:00:00.000000Z,31.920000076293945,32.479999542236328,31.915000915527344,32.205001831054688,224,2025-05-06T00:00:00.000000Z
2025-05-06T00:00:00.000000Z,32.650001525878906,33.189998626708984,32.650001525878906,33.112998962402344,227,2025-05-07T00:00:00.000000Z
2025-05-07T00:00:00.000000Z,32.805000305175781,32.805000305175781,32.194999694824219,32.530998229980469,253,2025-05-08T00:00:00.000000Z
2025-05-08T00:00:00.000000Z,32.275001525878906,32.444999694824219,32.275001525878906,32.377998352050781,526,2025-05-09T00:00:00.000000Z
2025-05-09T00:00:00.000000Z,32.675998687744141,32.729999542236328,32.675998687744141,32.675998687744141,7,2025-05-10T00:00:00.000000Z
2025-05-12T00:00:00.000000Z,32.584999084472656,32.865001678466797,31.930000305175781,32.38800048828125,90,2025-05-13T00:00:00.000000Z
2025-05-13T00:00:00.000000Z,33.200000762939453,33.205001831054688,32.805000305175781,32.868000030517578,28,2025-05-14T00:00:00.000000Z
2025-05-14T00:00:00.000000Z,32.240001678466797,32.255001068115234,32.084999084472656,32.226001739501953,57,2025-05-15T00:00:00.000000Z
2025-05-15T00:00:00.000000Z,32.480998992919922,32.480998992919922,32.480998992919922,32.480998992919922,2,2025-05-16T00:00:00.000000Z
2025-05-16T00:00:00.000000Z,32.194999694824219,32.240001678466797,31.909999847412109,32.158000946044922,100,2025-05-17T00:00:00.000000Z
2025-05-19T00:00:00.000000Z,32.439998626708984,32.569999694824219,32.209999084472656,32.312999725341797,217,2025-05-20T00:00:00.000000Z
2025-05-20T00:00:00.000000Z,32.119998931884766,33.064998626708984,32.069999694824219,32.979999542236328,35,2025-05-21T00:00:00.000000Z
2025-05-21T00:00:00.000000Z,33.044998168945312,33.575000762939453,33.044998168945312,33.463001251220703,217,2025-05-22T00:00:00.000000Z
2025-05-22T00:00:00.000000Z,33.575000762939453,33.575000762939453,32.840000152587891,33.047000885009766,16,2025-05-23T00:00:00.000000Z
2025-05-23T00:00:00.000000Z,33.099998474121094,33.534999847412109,33.099998474121094,33.442001342773438,44,2025-05-24T00:00:00.000000Z
2025-05-27T00:00:00.000000Z,33.229999542236328,33.229999542236328,32.944999694824219,33.145999908447266,203,2025-05-28T00:00:00.000000Z
2025-05-28T00:00:00.000000Z,33.145000457763672,33.145000457763672,32.955001831054688,33,656,2025-05-29T00:00:00.000000Z
2025-05-29T00:00:00.000000Z,32.909999847412109,33.439998626708984,32.659999847412109,33.283000946044922,686,2025-05-30T00:00:00.000000Z
2025-05-30T00:00:00.000000Z,32.974998474121094,32.974998474121094,32.891998291015625,32.891998291015625,380,2025-05-31T00:00:00.000000Z
2025-06-02T00:00:00.000000Z,33.450000762939453,34.790000915527344,33.450000762939453,34.562999725341797,188,2025-06-03T00:00:00.000000Z
2025-06-03T00:00:00.000000Z,34.314998626708984,34.502998352050781,34.314998626708984,34.502998352050781,14,2025-06-04T00:00:00.000000Z
2025-06-04T00:00:00.000000Z,34.389999389648438,34.519001007080078,34.389999389648438,34.519001007080078,164,2025-06-05T00:00:00.000000Z
2025-06-05T00:00:00.000000Z,35.305000305175781,36.025001525878906,35.299999237060547,35.688999176025391,55,2025-06-06T00:00:00.000000Z
2025-06-06T00:00:00.000000Z,35.654998779296875,36.354999542236328,35.634998321533203,36.025001525878906,367,2025-06-07T00:00:00.000000Z
2025-06-09T00:00:00.000000Z,36.687999725341797,36.687999725341797,36.687999725341797,36.687999725341797,28,2025-06-10T00:00:00.000000Z
2025-06-10T00:00:00.000000Z,36.459999084472656,36.541999816894531,36.450000762939453,36.541999816894531,133,2025-06-11T00:00:00.000000Z
2025-06-11T00:00:00.000000Z,36.090000152587891,36.270000457763672,36.090000152587891,36.166000366210938,33,2025-06-12T00:00:00.000000Z
2025-06-12T00:00:00.000000Z,35.759998321533203,36.213001251220703,35.759998321533203,36.213001251220703,51,2025-06-13T00:00:00.000000Z
2025-06-13T00:00:00.000000Z,36.205001831054688,36.314998626708984,36.200000762939453,36.280998229980469,90,2025-06-14T00:00:00.000000Z
2025-06-16T00:00:00.000000Z,36.25,36.379001617431641,36.25,36.379001617431641,6,2025-06-17T00:00:00.000000Z
2025-06-17T00:00:00.000000Z,36.810001373291016,37.255001068115234,36.810001373291016,37.090000152587891,60,2025-06-18T00:00:00.000000Z
2025-06-18T00:00:00.000000Z,37.174999237060547,37.174999237060547,36.866001129150391,36.866001129150391,0,2025-06-19T00:00:00.000000Z
2025-06-20T00:00:00.000000Z,35.775001525878906,35.976001739501953,35.775001525878906,35.976001739501953,2,2025-06-21T00:00:00.000000Z
2025-06-23T00:00:00.000000Z,36.159999847412109,36.165000915527344,36.152999877929688,36.152999877929688,7,2025-06-24T00:00:00.000000Z
2025-06-24T00:00:00.000000Z,35.830001831054688,35.830001831054688,35.599998474121094,35.701000213623047,10,2025-06-25T00:00:00.000000Z
2025-06-25T00:00:00.000000Z,36.084999084472656,36.084999084472656,36.084999084472656,36.084999084472656,2,2025-06-26T00:00:00.000000Z
2025-06-26T00:00:00.000000Z,36.310001373291016,36.58599853515625,36.310001373291016,36.58599853515625,43116,2025-06-27T00:00:00.000000Z
2025-06-27T00:00:00.000000Z,36.560001373291016,36.639999389648438,35.634998321533203,36.036998748779297,7734,2025-06-28T00:00:00.000000Z
2025-06-30T00:00:00.000000Z,35.895000457763672,36.119998931884766,35.270000457763672,35.852001190185547,191,2025-07-01T00:00:00.000000Z
2025-07-01T00:00:00.000000Z,36.060001373291016,36.5,35.845001220703125,36.082000732421875,74,2025-07-02T00:00:00.000000Z
2025-07-02T00:00:00.000000Z,35.979999542236328,36.450000762939453,35.979999542236328,36.425998687744141,512,2025-07-03T00:00:00.000000Z
2025-07-03T00:00:00.000000Z,36.409999847412109,36.939998626708984,36.349998474121094,36.784000396728516,0,2025-07-04T00:00:00.000000Z
2025-07-04T00:00:00.000000Z,36.775001525878906,36.775001525878906,36.775001525878906,36.775001525878906,0,2025-07-05T00:00:00.000000Z
2025-07-07T00:00:00.000000Z,37.090000152587891,37.090000152587891,36.125,36.615001678466797,362,2025-07-08T00:00:00.000000Z
2025-07-08T00:00:00.000000Z,36.685001373291016,36.685001373291016,36.259998321533203,36.472000122070312,463,2025-07-09T00:00:00.000000Z
2025-07-09T00:00:00.000000Z,36.384998321533203,36.384998321533203,36.270000457763672,36.351001739501953,34,2025-07-10T00:00:00.000000Z
2025-07-10T00:00:00.000000Z,36.639999389648438,37.409999847412109,36.639999389648438,37.037998199462891,746,2025-07-11T00:00:00.000000Z
2025-07-11T00:00:00.000000Z,37.450000762939453,38.930000305175781,37.450000762939453,38.675998687744141,687,2025-07-12T00:00:00.000000Z
2025-07-14T00:00:00.000000Z,39.099998474121094,39.139999389648438,38.360000610351562,38.462001800537109,103,2025-07-15T00:00:00.000000Z
2025-07-15T00:00:00.000000Z,38.279998779296875,38.330001831054688,37.674999237060547,37.833999633789062,183,2025-07-16T00:00:00.000000Z
2025-07-16T00:00:00.000000Z,37.970001220703125,38.055000305175781,37.790000915527344,37.853000640869141,218,2025-07-17T00:00:00.000000Z
2025-07-17T00:00:00.000000Z,37.840000152587891,38.194999694824219,37.840000152587891,38.055999755859375,147,2025-07-18T00:00:00.000000Z
2025-07-18T00:00:00.000000Z,38.514999389648438,38.514999389648438,38.222999572753906,38.222999572753906,52,2025-07-19T00:00:00.000000Z
2025-07-21T00:00:00.000000Z,38.994998931884766,39.125,38.994998931884766,39.101001739501953,73,2025-07-22T00:00:00.000000Z
2025-07-22T00:00:00.000000Z,38.915000915527344,39.354999542236328,38.915000915527344,39.319999694824219,67,2025-07-23T00:00:00.000000Z
2025-07-23T00:00:00.000000Z,39.409999847412109,39.409999847412109,39.220001220703125,39.277999877929688,51,2025-07-24T00:00:00.000000Z
2025-07-24T00:00:00.000000Z,39.060001373291016,39.130001068115234,38.840000152587891,39.020999908447266,59,2025-07-25T00:00:00.000000Z
2025-07-25T00:00:00.000000Z,38.930000305175781,38.930000305175781,38.040000915527344,38.166999816894531,7,2025-07-26T00:00:00.000000Z
2025-07-28T00:00:00.000000Z,38.130001068115234,38.189998626708984,38.020000457763672,38.0260009765625,154,2025-07-29T00:00:00.000000Z
2025-07-29T00:00:00.000000Z,38.130001068115234,38.130001068115234,38.060001373291016,38.083999633789062,1109,2025-07-30T00:00:00.000000Z
2025-07-30T00:00:00.000000Z,38.165000915527344,38.165000915527344,36.775001525878906,37.566001892089844,352,2025-07-31T00:00:00.000000Z
2025-07-31T00:00:00.000000Z,36.840000152587891,36.840000152587891,36.551998138427734,36.551998138427734,89,2025-08-01T00:00:00.000000Z
2025-08-01T00:00:00.000000Z,36.345001220703125,36.786998748779297,36.345001220703125,36.786998748779297,95,2025-08-02T00:00:00.000000Z
2025-08-04T00:00:00.000000Z,37.145000457763672,37.299999237060547,37.145000457763672,37.192001342773438,488,2025-08-05T00:00:00.000000Z
2025-08-05T00:00:00.000000Z,37.604999542236328,37.687000274658203,37.604999542236328,37.687000274658203,3,2025-08-06T00:00:00.000000Z
2025-08-06T00:00:00.000000Z,37.759998321533203,37.765998840332031,37.759998321533203,37.765998840332031,6,2025-08-07T00:00:00.000000Z
2025-08-07T00:00:00.000000Z,38.330001831054688,38.375,38.158000946044922,38.158000946044922,130,2025-08-08T00:00:00.000000Z
2025-08-08T00:00:00.000000Z,38.485000610351562,38.619998931884766,38.389999389648438,38.416999816894531,54,2025-08-09T00:00:00.000000Z
2025-08-11T00:00:00.000000Z,38.040000915527344,38.040000915527344,37.661998748779297,37.661998748779297,35,2025-08-12T00:00:00.000000Z
2025-08-12T00:00:00.000000Z,37.555000305175781,37.898998260498047,37.555000305175781,37.898998260498047,19,2025-08-13T00:00:00.000000Z
2025-08-13T00:00:00.000000Z,38.450000762939453,38.505001068115234,38.450000762939453,38.499000549316406,8,2025-08-14T00:00:00.000000Z
2025-08-14T00:00:00.000000Z,37.981998443603516,37.981998443603516,37.981998443603516,37.981998443603516,5,2025-08-15T00:00:00.000000Z
2025-08-15T00:00:00.000000Z,37.880001068115234,37.894001007080078,37.880001068115234,37.894001007080078,2,2025-08-16T00:00:00.000000Z
2025-08-18T00:00:00.000000Z,37.951000213623047,37.951000213623047,37.951000213623047,37.951000213623047,3,2025-08-19T00:00:00.000000Z
2025-08-19T00:00:00.000000Z,37.305000305175781,37.305000305175781,37.205001831054688,37.261001586914062,10,2025-08-20T00:00:00.000000Z
2025-08-20T00:00:00.000000Z,37.744998931884766,37.744998931884766,37.705001831054688,37.705001831054688,2,2025-08-21T00:00:00.000000Z
2025-08-21T00:00:00.000000Z,38.027000427246094,38.027000427246094,38.027000427246094,38.027000427246094,28,2025-08-22T00:00:00.000000Z
2025-08-22T00:00:00.000000Z,39.002998352050781,39.002998352050781,39.002998352050781,39.002998352050781,2,2025-08-23T00:00:00.000000Z
2025-08-25T00:00:00.000000Z,38.764999389648438,38.790000915527344,38.509998321533203,38.676998138427734,344,2025-08-26T00:00:00.000000Z
2025-08-26T00:00:00.000000Z,38.525001525878906,38.582000732421875,38.525001525878906,38.582000732421875,78,2025-08-27T00:00:00.000000Z
2025-08-27T00:00:00.000000Z,38.688999176025391,38.688999176025391,38.688999176025391,38.688999176025391,38378,2025-08-28T00:00:00.000000Z
2025-08-28T00:00:00.000000Z,38.689998626708984,39.334999084472656,38.680000305175781,39.189998626708984,5603,2025-08-29T00:00:00.000000Z
2025-08-29T00:00:00.000000Z,39.154998779296875,40.305000305175781,38.904998779296875,40.200000762939453,0,2025-08-30T00:00:00.000000Z
2025-09-02T00:00:00.000000Z,40.185001373291016,41.340000152587891,40.185001373291016,41.070999145507812,820,2025-09-03T00:00:00.000000Z
2025-09-03T00:00:00.000000Z,41.150001525878906,41.715000152587891,41.014999389648438,41.541999816894531,409,2025-09-04T00:00:00.000000Z
2025-09-04T00:00:00.000000Z,41.029998779296875,41.055000305175781,40.799999237060547,40.910999298095703,249,2025-09-05T00:00:00.000000Z
2025-09-05T00:00:00.000000Z,40.959999084472656,41.534999847412109,40.869998931884766,41.074001312255859,835,2025-09-06T00:00:00.000000Z
2025-09-08T00:00:00.000000Z,41.150001525878906,41.779998779296875,41.150001525878906,41.425998687744141,531,2025-09-09T00:00:00.000000Z
2025-09-09T00:00:00.000000Z,41.569999694824219,41.569999694824219,40.877998352050781,40.877998352050781,359,2025-09-10T00:00:00.000000Z
2025-09-10T00:00:00.000000Z,41.132999420166016,41.132999420166016,41.132999420166016,41.132999420166016,350,2025-09-11T00:00:00.000000Z
2025-09-11T00:00:00.000000Z,41.354999542236328,41.740001678466797,41.349998474121094,41.696998596191406,538,2025-09-12T00:00:00.000000Z
2025-09-12T00:00:00.000000Z,41.599998474121094,42.387001037597656,41.599998474121094,42.387001037597656,18,2025-09-13T00:00:00.000000Z
2025-09-15T00:00:00.000000Z,42.209999084472656,42.580001831054688,42.209999084472656,42.516998291015625,48,2025-09-16T00:00:00.000000Z
2025-09-16T00:00:00.000000Z,42.471000671386719,42.471000671386719,42.435001373291016,42.471000671386719,894,2025-09-17T00:00:00.000000Z
2025-09-17T00:00:00.000000Z,41.889999389648438,41.935001373291016,41.722000122070312,41.722000122070312,311,2025-09-18T00:00:00.000000Z
2025-09-18T00:00:00.000000Z,41.700000762939453,41.709999084472656,41.494998931884766,41.707000732421875,156,2025-09-19T00:00:00.000000Z
2025-09-19T00:00:00.000000Z,41.915000915527344,42.865001678466797,41.814998626708984,42.535999298095703,625,2025-09-20T00:00:00.000000Z
2025-09-22T00:00:00.000000Z,43.669998168945312,43.919998168945312,43.299999237060547,43.798999786376953,179,2025-09-23T00:00:00.000000Z
2025-09-23T00:00:00.000000Z,43.900001525878906,44.299999237060547,43.700000762939453,44.192001342773438,400,2025-09-24T00:00:00.000000Z
2025-09-24T00:00:00.000000Z,44.110000610351562,44.185001373291016,43.700000762939453,43.777000427246094,174,2025-09-25T00:00:00.000000Z
2025-09-25T00:00:00.000000Z,43.790000915527344,45,43.784999847412109,44.696998596191406,199,2025-09-26T00:00:00.000000Z
2025-09-26T00:00:00.000000Z,44.875,46.221000671386719,44.869998931884766,46.221000671386719,556,2025-09-27T00:00:00.000000Z
2025-09-29T00:00:00.000000Z,46.139999389648438,46.875,46.090000152587891,46.61199951171875,622,2025-09-30T00:00:00.000000Z
2025-09-30T00:00:00.000000Z,46.935001373291016,46.959999084472656,45.965000152587891,46.252998352050781,338,2025-10-01T00:00:00.000000Z
2025-10-01T00:00:00.000000Z,47.345001220703125,47.509998321533203,46.790000915527344,47.290000915527344,125,2025-10-02T00:00:00.000000Z
2025-10-02T00:00:00.000000Z,46.970001220703125,47.244998931884766,45.384998321533203,46,509,2025-10-03T00:00:00.000000Z
2025-10-03T00:00:00.000000Z,47.597000122070312,47.597000122070312,47.597000122070312,47.597000122070312,53,2025-10-04T00:00:00.000000Z
2025-10-06T00:00:00.000000Z,47.895000457763672,48.082000732421875,47.895000457763672,48.082000732421875,60,2025-10-07T00:00:00.000000Z
2025-10-07T00:00:00.000000Z,47.419998168945312,47.849998474121094,47.029998779296875,47.179000854492188,708,2025-10-08T00:00:00.000000Z
2025-10-08T00:00:00.000000Z,47.889999389648438,48.655998229980469,47.889999389648438,48.655998229980469,149,2025-10-09T00:00:00.000000Z
2025-10-09T00:00:00.000000Z,47.924999237060547,49.490001678466797,46.735000610351562,46.849998474121094,1568,2025-10-10T00:00:00.000000Z
2025-10-10T00:00:00.000000Z,46.930000305175781,48.290000915527344,46.930000305175781,46.937999725341797,453,2025-10-11T00:00:00.000000Z
2025-10-13T00:00:00.000000Z,49.340000152587891,50.494998931884766,49.340000152587891,50.130001068115234,453,2025-10-14T00:00:00.000000Z
2025-10-14T00:00:00.000000Z,51.259998321533203,51.985000610351562,48.534999847412109,50.313999176025391,249,2025-10-15T00:00:00.000000Z
2025-10-15T00:00:00.000000Z,50.939998626708984,51.575000762939453,50.845001220703125,51.073001861572266,102,2025-10-16T00:00:00.000000Z
2025-10-16T00:00:00.000000Z,52.509998321533203,53.104999542236328,51.784999847412109,53.022998809814453,356,2025-10-17T00:00:00.000000Z
2025-10-17T00:00:00.000000Z,53.215000152587891,53.340000152587891,49.645000457763672,49.863998413085938,400,2025-10-18T00:00:00.000000Z
2025-10-20T00:00:00.000000Z,50.415000915527344,51.430000305175781,50.139999389648438,51.118999481201172,652,2025-10-21T00:00:00.000000Z
2025-10-21T00:00:00.000000Z,50.805000305175781,50.805000305175781,47.415000915527344,47.450000762939453,329,2025-10-22T00:00:00.000000Z
2025-10-22T00:00:00.000000Z,47.889999389648438,48.115001678466797,47.220001220703125,47.46099853515625,347,2025-10-23T00:00:00.000000Z
2025-10-23T00:00:00.000000Z,48.470001220703125,48.909999847412109,48.459999084472656,48.481998443603516,507,2025-10-24T00:00:00.000000Z
2025-10-24T00:00:00.000000Z,47.424999237060547,48.430000305175781,47.424999237060547,48.376998901367188,270,2025-10-25T00:00:00.000000Z
2025-10-27T00:00:00.000000Z,47.810001373291016,47.810001373291016,45.845001220703125,46.562000274658203,161,2025-10-28T00:00:00.000000Z
2025-10-28T00:00:00.000000Z,46.325000762939453,47.125,46.325000762939453,47.125,59,2025-10-29T00:00:00.000000Z
2025-10-29T00:00:00.000000Z,47.721000671386719,47.721000671386719,47.721000671386719,47.721000671386719,545,2025-10-30T00:00:00.000000Z
2025-10-30T00:00:00.000000Z,47.540000915527344,48.610000610351562,47.134998321533203,48.428001403808594,370,2025-10-31T00:00:00.000000Z
2025-10-31T00:00:00.000000Z,48.439998626708984,48.680000305175781,47.993999481201172,47.993999481201172,484,2025-11-01T00:00:00.000000Z
2025-11-03T00:00:00.000000Z,47.825000762939453,48.349998474121094,47.825000762939453,47.88800048828125,0,2025-11-04T00:00:00.000000Z
2025-11-04T00:00:00.000000Z,46.924999237060547,47.130001068115234,46.805000305175781,47.130001068115234,115,2025-11-05T00:00:00.000000Z
2025-11-05T00:00:00.000000Z,47.560001373291016,47.880001068115234,47.560001373291016,47.862998962402344,23,2025-11-06T00:00:00.000000Z
2025-11-06T00:00:00.000000Z,47.793998718261719,47.793998718261719,47.793998718261719,47.793998718261719,86,2025-11-07T00:00:00.000000Z
2025-11-07T00:00:00.000000Z,48.029998779296875,48.040000915527344,48.014999389648438,48.016998291015625,23,2025-11-08T00:00:00.000000Z
2025-11-10T00:00:00.000000Z,49.5,50.176998138427734,49.5,50.176998138427734,91,2025-11-11T00:00:00.000000Z
2025-11-11T00:00:00.000000Z,50.430000305175781,50.854999542236328,50.430000305175781,50.618000030517578,106,2025-11-12T00:00:00.000000Z
2025-11-12T00:00:00.000000Z,51.25,53.5,51.25,53.332000732421875,20,2025-11-13T00:00:00.000000Z
2025-11-13T00:00:00.000000Z,52.930000305175781,54.200000762939453,52.659999847412109,53.074001312255859,264,2025-11-14T00:00:00.000000Z
2025-11-14T00:00:00.000000Z,53.099998474121094,53.099998474121094,50.244998931884766,50.590000152587891,73,2025-11-15T00:00:00.000000Z
2025-11-17T00:00:00.000000Z,50.75,50.75,49.665000915527344,50.625,71,2025-11-18T00:00:00.000000Z
2025-11-18T00:00:00.000000Z,49.330001831054688,50.919998168945312,49.235000610351562,50.450000762939453,384,2025-11-19T00:00:00.000000Z
2025-11-19T00:00:00.000000Z,51.599998474121094,51.75,50.424999237060547,50.790000915527344,72,2025-11-20T00:00:00.000000Z
2025-11-20T00:00:00.000000Z,50.349998474121094,50.349998474121094,50.005001068115234,50.247001647949219,10,2025-11-21T00:00:00.000000Z
2025-11-21T00:00:00.000000Z,49.849998474121094,49.944999694824219,48.125,49.873001098632812,22,2025-11-22T00:00:00.000000Z
2025-11-24T00:00:00.000000Z,49.595001220703125,50.294998168945312,49.595001220703125,50.294998168945312,35,2025-11-25T00:00:00.000000Z
2025-11-25T00:00:00.000000Z,50.845001220703125,51.130001068115234,50.814998626708984,50.933998107910156,49588,2025-11-26T00:00:00.000000Z
2025-11-26T00:00:00.000000Z,51.104999542236328,53.095001220703125,50.959999084472656,52.916000366210938,14378,2025-11-27T00:00:00.000000Z
2025-11-28T00:00:00.000000Z,53.075000762939453,56.455001831054688,52.549999237060547,56.445999145507812,2541,2025-11-29T00:00:00.000000Z
2025-12-01T00:00:00.000000Z,56.220001220703125,58.474998474121094,56.139999389648438,58.417999267578125,994,2025-12-02T00:00:00.000000Z
2025-12-02T00:00:00.000000Z,57.669998168945312,58.459999084472656,56.580001831054688,57.983001708984375,392,2025-12-03T00:00:00.000000Z
2025-12-03T00:00:00.000000Z,58.784999847412109,58.900001525878906,57.650001525878906,57.921001434326172,264,2025-12-04T00:00:00.000000Z
2025-12-04T00:00:00.000000Z,58.299999237060547,58.299999237060547,56.299999237060547,56.847000122070312,335,2025-12-05T00:00:00.000000Z
2025-12-05T00:00:00.000000Z,56.834999084472656,58.470001220703125,56.834999084472656,58.422000885009766,284,2025-12-06T00:00:00.000000Z
2025-12-08T00:00:00.000000Z,58.209999084472656,58.340000152587891,57.520000457763672,57.778999328613281,518,2025-12-09T00:00:00.000000Z
2025-12-09T00:00:00.000000Z,57.615001678466797,60.520000457763672,57.615001678466797,60.168998718261719,324,2025-12-10T00:00:00.000000Z
2025-12-10T00:00:00.000000Z,60.569999694824219,61.529998779296875,60.115001678466797,60.379001617431641,462,2025-12-11T00:00:00.000000Z
2025-12-11T00:00:00.000000Z,61.974998474121094,63.929000854492188,61.875,63.929000854492188,408,2025-12-12T00:00:00.000000Z
2025-12-12T00:00:00.000000Z,63.069999694824219,63.555000305175781,60.665000915527344,61.36199951171875,435,2025-12-13T00:00:00.000000Z
2025-12-15T00:00:00.000000Z,61.229999542236328,62.950000762939453,61.229999542236328,62.939998626708984,387,2025-12-16T00:00:00.000000Z
2025-12-16T00:00:00.000000Z,62.665000915527344,63,62.540000915527344,62.700000762939453,70,2025-12-17T00:00:00.000000Z
2025-12-17T00:00:00.000000Z,65.279998779296875,66.474998474121094,65.089996337890625,66.23699951171875,233,2025-12-18T00:00:00.000000Z
2025-12-18T00:00:00.000000Z,65.775001525878906,65.775001525878906,64.279998779296875,64.592002868652344,118,2025-12-19T00:00:00.000000Z
2025-12-19T00:00:00.000000Z,66.495002746582031,66.845001220703125,66.485000610351562,66.845001220703125,144,2025-12-20T00:00:00.000000Z
2025-12-22T00:00:00.000000Z,67.004997253417969,68.864997863769531,67.004997253417969,67.905998229980469,130,2025-12-23T00:00:00.000000Z
2025-12-23T00:00:00.000000Z,69.080001831054688,70.574996948242188,69.074996948242188,70.485000610351562,40,2025-12-24T00:00:00.000000Z
2025-12-24T00:00:00.000000Z,71.514999389648438,71.514999389648438,71,71.030998229980469,35,2025-12-25T00:00:00.000000Z
2025-12-26T00:00:00.000000Z,74.5,78.839996337890625,73.735000610351562,76.486000061035156,140,2025-12-27T00:00:00.000000Z
2025-12-29T00:00:00.000000Z,79.699996948242188,79.699996948242188,69.856002807617188,69.856002807617188,1608,2025-12-30T00:00:00.000000Z
2025-12-30T00:00:00.000000Z,71.330001831054688,77.410003662109375,70.5,77.374000549316406,992,2025-12-31T00:00:00.000000Z
2025-12-31T00:00:00.000000Z,74.605003356933594,74.625,70.134002685546875,70.134002685546875,343,2026-01-01T00:00:00.000000Z
2026-01-02T00:00:00.000000Z,71.375,73.589996337890625,70.555999755859375,70.555999755859375,602,2026-01-03T00:00:00.000000Z
2026-01-05T00:00:00.000000Z,74.175003051757812,76.819999694824219,73.904998779296875,76.16400146484375,883,2026-01-06T00:00:00.000000Z
2026-01-06T00:00:00.000000Z,75.930000305175781,80.855003356933594,75.930000305175781,80.529998779296875,580,2026-01-07T00:00:00.000000Z
2026-01-07T00:00:00.000000Z,80.900001525878906,80.900001525878906,75.875,77.135002136230469,2093,2026-01-08T00:00:00.000000Z
2026-01-08T00:00:00.000000Z,76.569999694824219,76.569999694824219,73.165000915527344,74.71600341796875,1447,2026-01-09T00:00:00.000000Z
2026-01-09T00:00:00.000000Z,76.699996948242188,79.974998474121094,76.699996948242188,78.884002685546875,254,2026-01-10T00:00:00.000000Z
2026-01-12T00:00:00.000000Z,82,85.824996948242188,82,84.610000610351562,575,2026-01-13T00:00:00.000000Z
2026-01-13T00:00:00.000000Z,84.904998779296875,88.610000610351562,84.589996337890625,85.876998901367188,341,2026-01-14T00:00:00.000000Z
2026-01-14T00:00:00.000000Z,89.349998474121094,93,88.705001831054688,90.869003295898438,470,2026-01-15T00:00:00.000000Z
2026-01-15T00:00:00.000000Z,90.824996948242188,92.419998168945312,86.129997253417969,91.875999450683594,390,2026-01-16T00:00:00.000000Z
2026-01-16T00:00:00.000000Z,90.44000244140625,90.925003051757812,86.194999694824219,88.09100341796875,685,2026-01-17T00:00:00.000000Z
2026-01-20T00:00:00.000000Z,92.319999694824219,94.989997863769531,92.05999755859375,94.206001281738281,543,2026-01-21T00:00:00.000000Z
2026-01-21T00:00:00.000000Z,93.885002136230469,94.529998779296875,91.589996337890625,92.209999084472656,231,2026-01-22T00:00:00.000000Z
2026-01-22T00:00:00.000000Z,92.834999084472656,95.980003356933594,92.480003356933594,95.975997924804688,548,2026-01-23T00:00:00.000000Z
2026-01-23T00:00:00.000000Z,98.269996643066406,102.92500305175781,97.730003356933594,100.92500305175781,283,2026-01-24T00:00:00.000000Z
2026-01-26T00:00:00.000000Z,105.04499816894531,117.19499969482422,103.22000122070312,115.08000183105469,537,2026-01-27T00:00:00.000000Z
2026-01-27T00:00:00.000000Z,104.40000152587891,110.51999664306641,103.09999847412109,105.52300262451172,131,2026-01-28T00:00:00.000000Z
2026-01-28T00:00:00.000000Z,114.57499694824219,114.57499694824219,112.73500061035156,113.11100006103516,1436,2026-01-29T00:00:00.000000Z
2026-01-29T00:00:00.000000Z,116.88999938964844,121.30000305175781,107.97000122070312,114.03700256347656,1261,2026-01-30T00:00:00.000000Z
2026-01-30T00:00:00.000000Z,116.86499786376953,117.79000091552734,76.025001525878906,78.290000915527344,841,2026-01-31T00:00:00.000000Z
2026-02-02T00:00:00.000000Z,81,84.389999389648438,73.360000610351562,76.777999877929688,388,2026-02-03T00:00:00.000000Z
2026-02-03T00:00:00.000000Z,80.125,88.194999694824219,80,83.041999816894531,840,2026-02-04T00:00:00.000000Z
2026-02-04T00:00:00.000000Z,87.110000610351562,90.974998474121094,83.625,84.165000915527344,158,2026-02-05T00:00:00.000000Z
2026-02-05T00:00:00.000000Z,88.44000244140625,88.44000244140625,71.080001831054688,76.528999328613281,422,2026-02-06T00:00:00.000000Z
2026-02-06T00:00:00.000000Z,70.404998779296875,77.319999694824219,68.709999084472656,76.735000610351562,118,2026-02-07T00:00:00.000000Z
2026-02-09T00:00:00.000000Z,80.504997253417969,82.06500244140625,79.980003356933594,82.06500244140625,443,2026-02-10T00:00:00.000000Z
2026-02-10T00:00:00.000000Z,81.675003051757812,81.675003051757812,79.839996337890625,80.218002319335938,112,2026-02-11T00:00:00.000000Z
2026-02-11T00:00:00.000000Z,80.995002746582031,84.470001220703125,80.985000610351562,83.753997802734375,11,2026-02-12T00:00:00.000000Z
2026-02-12T00:00:00.000000Z,82.68499755859375,82.694999694824219,75.545997619628906,75.545997619628906,78,2026-02-13T00:00:00.000000Z
2026-02-13T00:00:00.000000Z,75.110000610351562,78.470001220703125,74.830001831054688,77.850997924804688,63,2026-02-14T00:00:00.000000Z
2026-02-17T00:00:00.000000Z,75.349998474121094,75.349998474121094,72,73.446998596191406,61,2026-02-18T00:00:00.000000Z
2026-02-18T00:00:00.000000Z,75.699996948242188,77.509002685546875,75.699996948242188,77.509002685546875,18,2026-02-19T00:00:00.000000Z
2026-02-19T00:00:00.000000Z,76.94000244140625,78.94000244140625,76.94000244140625,77.56500244140625,208,2026-02-20T00:00:00.000000Z
2026-02-20T00:00:00.000000Z,80.459999084472656,84.415000915527344,80.459999084472656,82.282997131347656,30,2026-02-21T00:00:00.000000Z
2026-02-23T00:00:00.000000Z,86.495002746582031,87.915000915527344,86.495002746582031,86.523002624511719,41,2026-02-24T00:00:00.000000Z
2026-02-24T00:00:00.000000Z,86.290000915527344,87.457000732421875,86.290000915527344,87.457000732421875,268,2026-02-25T00:00:00.000000Z
2026-02-25T00:00:00.000000Z,90.939002990722656,90.939002990722656,90.939002990722656,90.939002990722656,36156,2026-02-26T00:00:00.000000Z
2026-02-26T00:00:00.000000Z,88.925003051757812,90.254997253417969,84.980003356933594,86.998001098632812,6626,2026-02-27T00:00:00.000000Z
2026-02-27T00:00:00.000000Z,88.06500244140625,93.879997253417969,87.819999694824219,92.681999206542969,1134,2026-02-28T00:00:00.000000Z
2026-03-02T00:00:00.000000Z,95.860000610351562,95.860000610351562,86.220001220703125,88.28399658203125,1338,2026-03-03T00:00:00.000000Z
2026-03-03T00:00:00.000000Z,89.589996337890625,90.800003051757812,79,82.922996520996094,1600,2026-03-04T00:00:00.000000Z
2026-03-04T00:00:00.000000Z,83.084999084472656,85.014999389648438,82.633003234863281,82.633003234863281,502,2026-03-05T00:00:00.000000Z
2026-03-05T00:00:00.000000Z,84.095001220703125,84.150001525878906,80.955001831054688,81.686996459960938,597,2026-03-06T00:00:00.000000Z
2026-03-06T00:00:00.000000Z,82.919998168945312,84.334999084472656,81.425003051757812,83.816001892089844,282,2026-03-07T00:00:00.000000Z
2026-03-09T00:00:00.000000Z,82.495002746582031,86.510002136230469,79.5,84.031997680664062,497,2026-03-10T00:00:00.000000Z
2026-03-10T00:00:00.000000Z,87.120002746582031,89.589996337890625,87,89.083000183105469,106,2026-03-11T00:00:00.000000Z
2026-03-11T00:00:00.000000Z,88.544998168945312,88.680000305175781,84.525001525878906,85.06500244140625,1455,2026-03-12T00:00:00.000000Z
2026-03-12T00:00:00.000000Z,86.56500244140625,87.160003662109375,84.669998168945312,84.669998168945312,284,2026-03-13T00:00:00.000000Z
2026-03-13T00:00:00.000000Z,82,83.81500244140625,79.449996948242188,80.91400146484375,856,2026-03-14T00:00:00.000000Z
2026-03-16T00:00:00.000000Z,79,80.904998779296875,79,80.26300048828125,91,2026-03-17T00:00:00.000000Z
2026-03-17T00:00:00.000000Z,80.430000305175781,82.239997863769531,78.580001831054688,79.529998779296875,248,2026-03-18T00:00:00.000000Z
2026-03-18T00:00:00.000000Z,76.5,77.735000610351562,74.800003051757812,77.237998962402344,340,2026-03-19T00:00:00.000000Z
2026-03-19T00:00:00.000000Z,75.705001831054688,76.105003356933594,67,70.902000427246094,138,2026-03-20T00:00:00.000000Z
2026-03-20T00:00:00.000000Z,71.919998168945312,71.925003051757812,69.360000610351562,69.360000610351562,45,2026-03-21T00:00:00.000000Z
2026-03-23T00:00:00.000000Z,64.739997863769531,69.510002136230469,61.090000152587891,69.049003601074219,271,2026-03-24T00:00:00.000000Z
2026-03-24T00:00:00.000000Z,69.089996337890625,71.18499755859375,68.550003051757812,69.274002075195312,122,2026-03-25T00:00:00.000000Z
2026-03-25T00:00:00.000000Z,71.389999389648438,73.169998168945312,71.224998474121094,72.361000061035156,211,2026-03-26T00:00:00.000000Z
2026-03-26T00:00:00.000000Z,70.105003356933594,70.105003356933594,67.230003356933594,67.670997619628906,31,2026-03-27T00:00:00.000000Z
2026-03-27T00:00:00.000000Z,67.550003051757812,69.544998168945312,67.540000915527344,69.544998168945312,391,2026-03-28T00:00:00.000000Z
2026-03-30T00:00:00.000000Z,67.904998779296875,70.980003356933594,67.819999694824219,70.323997497558594,482,2026-03-31T00:00:00.000000Z
2026-03-31T00:00:00.000000Z,72.555000305175781,75.169998168945312,72.555000305175781,74.69000244140625,98,2026-04-01T00:00:00.000000Z
2026-04-01T00:00:00.000000Z,74.345001220703125,75.866996765136719,73.900001525878906,75.866996765136719,81,2026-04-02T00:00:00.000000Z
2026-04-02T00:00:00.000000Z,73.714996337890625,73.714996337890625,69.834999084472656,72.735000610351562,0,2026-04-03T00:00:00.000000Z
2026-04-06T00:00:00.000000Z,71.849998474121094,72.661003112792969,71.849998474121094,72.661003112792969,1,2026-04-07T00:00:00.000000Z
2026-04-07T00:00:00.000000Z,71.894996643066406,71.894996643066406,70,71.825996398925781,91,2026-04-08T00:00:00.000000Z
2026-04-08T00:00:00.000000Z,76.169998168945312,77.449996948242188,75.2239990234375,75.2239990234375,34,2026-04-09T00:00:00.000000Z
2026-04-09T00:00:00.000000Z,73.779998779296875,76.277000427246094,73.779998779296875,76.277000427246094,4,2026-04-10T00:00:00.000000Z
2026-04-10T00:00:00.000000Z,75.305000305175781,76.650001525878906,75.305000305175781,76.323997497558594,175,2026-04-11T00:00:00.000000Z
2026-04-13T00:00:00.000000Z,72.800003051757812,75.523002624511719,72.794998168945312,75.523002624511719,13,2026-04-14T00:00:00.000000Z
2026-04-14T00:00:00.000000Z,76.81500244140625,79.589996337890625,76.81500244140625,79.390998840332031,590,2026-04-15T00:00:00.000000Z
2026-04-15T00:00:00.000000Z,80.25,80.349998474121094,79.300003051757812,79.490997314453125,473,2026-04-16T00:00:00.000000Z
2026-04-16T00:00:00.000000Z,79.175003051757812,79.175003051757812,78.606002807617188,78.606002807617188,504,2026-04-17T00:00:00.000000Z
2026-04-17T00:00:00.000000Z,82.379997253417969,82.830001831054688,81.737998962402344,81.737998962402344,38,2026-04-18T00:00:00.000000Z
2026-04-20T00:00:00.000000Z,79.525001525878906,79.950996398925781,79.504997253417969,79.950996398925781,24,2026-04-21T00:00:00.000000Z
2026-04-21T00:00:00.000000Z,78.949996948242188,78.949996948242188,76.411003112792969,76.411003112792969,34,2026-04-22T00:00:00.000000Z
2026-04-22T00:00:00.000000Z,76.875,77.892997741699219,76.875,77.892997741699219,9,2026-04-23T00:00:00.000000Z
2026-04-23T00:00:00.000000Z,76.305000305175781,76.324996948242188,75.464996337890625,75.464996337890625,21,2026-04-24T00:00:00.000000Z
2026-04-24T00:00:00.000000Z,76.383003234863281,76.383003234863281,76.383003234863281,76.383003234863281,31,2026-04-25T00:00:00.000000Z
2026-04-27T00:00:00.000000Z,75.264999389648438,75.334999084472656,74.754997253417969,75.002998352050781,7,2026-04-28T00:00:00.000000Z
2026-04-28T00:00:00.000000Z,73.205001831054688,73.205001831054688,73.205001831054688,73.205001831054688,28613,2026-04-29T00:00:00.000000Z
2026-04-29T00:00:00.000000Z,72.985000610351562,73.81500244140625,70.885002136230469,71.569000244140625,4128,2026-04-30T00:00:00.000000Z
2026-04-30T00:00:00.000000Z,71.385002136230469,73.849998474121094,71.385002136230469,73.53399658203125,498,2026-05-01T00:00:00.000000Z
2026-05-01T00:00:00.000000Z,74.419998168945312,76.879997253417969,73.110000610351562,75.950996398925781,598,2026-05-02T00:00:00.000000Z
2026-05-04T00:00:00.000000Z,75.400001525878906,75.400001525878906,72.5,73.071998596191406,591,2026-05-05T00:00:00.000000Z
2026-05-05T00:00:00.000000Z,72.669998168945312,73.944999694824219,72.669998168945312,73.108001708984375,194,2026-05-06T00:00:00.000000Z
2026-05-06T00:00:00.000000Z,73.889999389648438,77.834999084472656,73.775001525878906,76.810997009277344,235,2026-05-07T00:00:00.000000Z
2026-05-07T00:00:00.000000Z,77.870002746582031,82.175003051757812,77.870002746582031,79.700996398925781,301,2026-05-08T00:00:00.000000Z
2026-05-08T00:00:00.000000Z,80.81500244140625,81.599998474121094,80.05999755859375,80.394996643066406,14,2026-05-09T00:00:00.000000Z
2026-05-11T00:00:00.000000Z,85.605003356933594,86.25,85,85.485000610351562,408,2026-05-12T00:00:00.000000Z
2026-05-12T00:00:00.000000Z,86.495002746582031,86.910003662109375,83.75,85.129997253417969,418,2026-05-13T00:00:00.000000Z
2026-05-13T00:00:00.000000Z,86.930000305175781,88.88800048828125,86.930000305175781,88.88800048828125,137,2026-05-14T00:00:00.000000Z
2026-05-14T00:00:00.000000Z,87.074996948242188,87.074996948242188,84.900001525878906,84.912002563476562,91,2026-05-15T00:00:00.000000Z
2026-05-15T00:00:00.000000Z,80.610000610351562,80.610000610351562,76.004997253417969,77.161003112792969,53,2026-05-16T00:00:00.000000Z
2026-05-18T00:00:00.000000Z,75.345001220703125,78.055000305175781,74.745002746582031,77.072998046875,211,2026-05-19T00:00:00.000000Z
2026-05-19T00:00:00.000000Z,78.464996337890625,78.464996337890625,73.790000915527344,74.8280029296875,50,2026-05-20T00:00:00.000000Z
2026-05-20T00:00:00.000000Z,75.589996337890625,76.425003051757812,75.169998168945312,75.850997924804688,249,2026-05-21T00:00:00.000000Z
2026-05-21T00:00:00.000000Z,74.959999084472656,76.870002746582031,74.959999084472656,76.41400146484375,4,2026-05-22T00:00:00.000000Z
2026-05-22T00:00:00.000000Z,76.019996643066406,76.040000915527344,75.892997741699219,75.892997741699219,20,2026-05-23T00:00:00.000000Z
2026-05-26T00:00:00.000000Z,77.504997253417969,77.504997253417969,76.095001220703125,76.305000305175781,110,2026-05-27T00:00:00.000000Z
2026-05-27T00:00:00.000000Z,74.569999694824219,74.75,74.319999694824219,74.5989990234375,863,2026-05-28T00:00:00.000000Z
2026-05-28T00:00:00.000000Z,73.650001525878906,76,71.970001220703125,75.644996643066406,280,2026-05-29T00:00:00.000000Z
2026-05-29T00:00:00.000000Z,75.519996643066406,75.615997314453125,75.114997863769531,75.615997314453125,23,2026-05-30T00:00:00.000000Z
2026-06-01T00:00:00.000000Z,74.375,75.644996643066406,74.375,75.007003784179688,82,2026-06-02T00:00:00.000000Z
2026-06-02T00:00:00.000000Z,75.650001525878906,76.025001525878906,75.310997009277344,75.310997009277344,58,2026-06-03T00:00:00.000000Z
2026-06-03T00:00:00.000000Z,73.475997924804688,73.475997924804688,73.209999084472656,73.475997924804688,13,2026-06-04T00:00:00.000000Z
2026-06-04T00:00:00.000000Z,73.089996337890625,74.199996948242188,73.089996337890625,73.778999328613281,138,2026-06-05T00:00:00.000000Z
2026-06-05T00:00:00.000000Z,72.574996948242188,72.730003356933594,68.650001525878906,68.943000793457031,62,2026-06-06T00:00:00.000000Z
2026-06-08T00:00:00.000000Z,67.449996948242188,68.80999755859375,66.870002746582031,68.425003051757812,22,2026-06-09T00:00:00.000000Z
2026-06-09T00:00:00.000000Z,68.224998474121094,68.81500244140625,65,65.094001770019531,81,2026-06-10T00:00:00.000000Z
2026-06-10T00:00:00.000000Z,63.819999694824219,64.5989990234375,63.744998931884766,64.5989990234375,4,2026-06-11T00:00:00.000000Z
2026-06-11T00:00:00.000000Z,63.955001831054688,63.985000610351562,63.884998321533203,63.884998321533203,22,2026-06-12T00:00:00.000000Z
2026-06-12T00:00:00.000000Z,67.044998168945312,68.080001831054688,67.019996643066406,67.859001159667969,11,2026-06-13T00:00:00.000000Z
2026-06-15T00:00:00.000000Z,70.066001892089844,70.066001892089844,70.066001892089844,70.066001892089844,0,2026-06-16T00:00:00.000000Z
2026-06-16T00:00:00.000000Z,69.899002075195312,69.899002075195312,69.899002075195312,69.899002075195312,2,2026-06-17T00:00:00.000000Z
2026-06-17T00:00:00.000000Z,70.30999755859375,70.949996948242188,68.760002136230469,70.695999145507812,22,2026-06-18T00:00:00.000000Z
2026-06-18T00:00:00.000000Z,66.254997253417969,66.254997253417969,66.254997253417969,66.254997253417969,0,2026-06-19T00:00:00.000000Z
2026-06-22T00:00:00.000000Z,65.527000427246094,65.527000427246094,65.527000427246094,65.527000427246094,16,2026-06-23T00:00:00.000000Z
2026-06-23T00:00:00.000000Z,61.950000762939453,62.020000457763672,61.950000762939453,62.020000457763672,56,2026-06-24T00:00:00.000000Z
2026-06-24T00:00:00.000000Z,59.389999389648438,59.514999389648438,57.25,58.051998138427734,79,2026-06-25T00:00:00.000000Z
2026-06-25T00:00:00.000000Z,58.384998321533203,58.384998321533203,58.347999572753906,58.347999572753906,148,2026-06-26T00:00:00.000000Z
2026-06-26T00:00:00.000000Z,59.189998626708984,59.216999053955078,59.189998626708984,59.216999053955078,25322,2026-06-27T00:00:00.000000Z
2026-06-29T00:00:00.000000Z,58.680000305175781,59.125,57.540000915527344,58.174999237060547,3617,2026-06-30T00:00:00.000000Z
2026-06-30T00:00:00.000000Z,58.340000152587891,60.400001525878906,57.034999847412109,59.477001190185547,1886,2026-07-01T00:00:00.000000Z
2026-07-01T00:00:00.000000Z,58.865001678466797,60.419998168945312,57.325000762939453,60.084999084472656,367,2026-07-02T00:00:00.000000Z
2026-07-02T00:00:00.000000Z,59.470001220703125,61.595001220703125,59.465000152587891,60.643001556396484,197,2026-07-03T00:00:00.000000Z
2026-07-06T00:00:00.000000Z,62.619998931884766,62.619998931884766,61.634998321533203,61.919998168945312,69,2026-07-07T00:00:00.000000Z
2026-07-07T00:00:00.000000Z,61.205001831054688,61.369998931884766,60.205001831054688,60.930999755859375,124,2026-07-08T00:00:00.000000Z
2026-07-08T00:00:00.000000Z,60.904998779296875,60.904998779296875,57.759998321533203,58.16400146484375,326,2026-07-09T00:00:00.000000Z
2026-07-09T00:00:00.000000Z,59.220001220703125,60.5,58.900001525878906,60.377998352050781,192,2026-07-10T00:00:00.000000Z
2026-07-10T00:00:00.000000Z,59.979999542236328,60.345001220703125,59.720001220703125,59.808998107910156,73,2026-07-11T00:00:00.000000Z
2026-07-13T00:00:00.000000Z,58.935001373291016,59.044998168945312,57.509998321533203,57.633998870849609,589,2026-07-14T00:00:00.000000Z
2026-07-14T00:00:00.000000Z,57.650001525878906,59.604999542236328,57.514999389648438,58.771999359130859,131,2026-07-15T00:00:00.000000Z
2026-07-15T00:00:00.000000Z,58.694999694824219,58.694999694824219,56.900001525878906,57.110000610351562,568,2026-07-16T00:00:00.000000Z
2026-07-16T00:00:00.000000Z,55.915000915527344,56.084999084472656,55.897998809814453,55.897998809814453,1809,2026-07-17T00:00:00.000000Z
2026-07-17T00:00:00.000000Z,55.549999237060547,56.037998199462891,55.014999389648438,56.037998199462891,427,2026-07-18T00:00:00.000000Z
2026-07-20T00:00:00.000000Z,55.654998779296875,57.104999542236328,55.654998779296875,56.801998138427734,1714,2026-07-21T00:00:00.000000Z
2026-07-21T00:00:00.000000Z,56.334999084472656,59.025001525878906,56.334999084472656,58.834999084472656,124,2026-07-22T00:00:00.000000Z
2026-07-22T00:00:00.000000Z,59.384998321533203,60.019001007080078,59.384998321533203,60.019001007080078,358,2026-07-23T00:00:00.000000Z
2026-07-23T00:00:00.000000Z,58.659999847412109,58.659999847412109,57.798000335693359,57.798000335693359,28,2026-07-24T00:00:00.000000Z
2026-07-24T00:00:00.000000Z,58.655998229980469,58.655998229980469,58.655998229980469,58.655998229980469,5,2026-07-25T00:00:00.000000Z
2026-07-27T00:00:00.000000Z,58.472000122070312,58.472000122070312,58.472000122070312,58.472000122070312,3,2026-07-28T00:00:00.000000Z
2026-07-28T00:00:00.000000Z,57.296001434326172,57.296001434326172,57.296001434326172,57.296001434326172,3,2026-07-29T00:00:00.000000Z
