open_time,open,high,low,close,volume,close_time
2020-01-01T00:00:00.000000Z,1.3254003524780273,1.3270995616912842,1.3218770027160645,1.326259970664978,0,2020-01-02T00:00:00.000000Z
2020-01-02T00:00:00.000000Z,1.3250473737716675,1.3267878293991089,1.312508225440979,1.3250298500061035,0,2020-01-03T00:00:00.000000Z
2020-01-03T00:00:00.000000Z,1.314388632774353,1.316118597984314,1.3054831027984619,1.3152703046798706,0,2020-01-04T00:00:00.000000Z
2020-01-06T00:00:00.000000Z,1.3081300258636475,1.3173998594284058,1.3065404891967773,1.3080102205276489,0,2020-01-07T00:00:00.000000Z
2020-01-07T00:00:00.000000Z,1.3171932697296143,1.3212134838104248,1.3096375465393066,1.317002534866333,0,2020-01-08T00:00:00.000000Z
2020-01-08T00:00:00.000000Z,1.311131477355957,1.3169505596160889,1.3082668781280518,1.3113721609115601,0,2020-01-09T00:00:00.000000Z
2020-01-09T00:00:00.000000Z,1.3105816841125488,1.312456488609314,1.3015071153640747,1.3105130195617676,0,2020-01-10T00:00:00.000000Z
2020-01-10T00:00:00.000000Z,1.3069332838058472,1.3095690011978149,1.3049379587173462,1.3070186376571655,0,2020-01-11T00:00:00.000000Z
2020-01-13T00:00:00.000000Z,1.3043761253356934,1.3046314716339111,1.2961931228637695,1.3045634031295776,0,2020-01-14T00:00:00.000000Z
2020-01-14T00:00:00.000000Z,1.298770546913147,1.3018969297409058,1.2956725358963013,1.2988194227218628,0,2020-01-15T00:00:00.000000Z
2020-01-15T00:00:00.000000Z,1.3022528886795044,1.3041210174560547,1.2989206314086914,1.3022528886795044,0,2020-01-16T00:00:00.000000Z
2020-01-16T00:00:00.000000Z,1.3041210174560547,1.3081642389297485,1.302897572517395,1.3041210174560547,0,2020-01-17T00:00:00.000000Z
2020-01-17T00:00:00.000000Z,1.3077878952026367,1.3115785121917725,1.3017781972885132,1.3078734874725342,0,2020-01-18T00:00:00.000000Z
2020-01-20T00:00:00.000000Z,1.3007115125656128,1.3009653091430664,1.2964787483215332,1.3007283210754395,0,2020-01-21T00:00:00.000000Z
2020-01-21T00:00:00.000000Z,1.3007283210754395,1.3084039688110352,1.2995991706848145,1.3005592823028564,0,2020-01-22T00:00:00.000000Z
2020-01-22T00:00:00.000000Z,1.3046314716339111,1.3149763345718384,1.3037809133529663,1.3048017024993896,0,2020-01-23T00:00:00.000000Z
2020-01-23T00:00:00.000000Z,1.3147515058517456,1.3151837587356567,1.3098434209823608,1.3144749402999878,0,2020-01-24T00:00:00.000000Z
2020-01-24T00:00:00.000000Z,1.3119915723800659,1.3160665035247803,1.3059945106506348,1.3119915723800659,0,2020-01-25T00:00:00.000000Z
2020-01-27T00:00:00.000000Z,1.3061650991439819,1.3103067874908447,1.3051422834396362,1.3061821460723877,0,2020-01-28T00:00:00.000000Z
2020-01-28T00:00:00.000000Z,1.3059945106506348,1.3068478107452393,1.2977573871612549,1.3060115575790405,0,2020-01-29T00:00:00.000000Z
2020-01-29T00:00:00.000000Z,1.3024003505706787,1.3031013011932373,1.2991230487823486,1.3024563789367676,0,2020-01-30T00:00:00.000000Z
2020-01-30T00:00:00.000000Z,1.3022528886795044,1.3109596967697144,1.2980438470840454,1.3022021055221558,0,2020-01-31T00:00:00.000000Z
2020-01-31T00:00:00.000000Z,1.3086265325546265,1.3196094036102295,1.3086265325546265,1.3089004755020142,0,2020-02-01T00:00:00.000000Z
2020-02-03T00:00:00.000000Z,1.3180787563323975,1.3183393478393555,1.3001364469528198,1.31816565990448,0,2020-02-04T00:00:00.000000Z
2020-02-04T00:00:00.000000Z,1.2997310161590576,1.3042571544647217,1.2943978309631348,1.2997479438781738,0,2020-02-05T00:00:00.000000Z
2020-02-05T00:00:00.000000Z,1.3031353950500488,1.3070015907287598,1.2958570718765259,1.3032711744308472,0,2020-02-06T00:00:00.000000Z
2020-02-06T00:00:00.000000Z,1.2997140884399414,1.3000519275665283,1.2924071550369263,1.2997140884399414,0,2020-02-07T00:00:00.000000Z
2020-02-07T00:00:00.000000Z,1.2930086851119995,1.2955045700073242,1.2900062799453735,1.2930254936218262,0,2020-02-08T00:00:00.000000Z
2020-02-10T00:00:00.000000Z,1.2888922691345215,1.2948336601257324,1.2874155044555664,1.2891582250595093,0,2020-02-11T00:00:00.000000Z
2020-02-11T00:00:00.000000Z,1.2916558980941772,1.2968486547470093,1.289607048034668,1.2918227910995483,0,2020-02-12T00:00:00.000000Z
2020-02-12T00:00:00.000000Z,1.2956557273864746,1.2992074489593506,1.2953367233276367,1.2956557273864746,0,2020-02-13T00:00:00.000000Z
2020-02-13T00:00:00.000000Z,1.2958570718765259,1.3068649768829346,1.2945318222045898,1.295756459236145,0,2020-02-14T00:00:00.000000Z
2020-02-14T00:00:00.000000Z,1.3044782876968384,1.3063356876373291,1.3003901243209839,1.3046824932098389,0,2020-02-15T00:00:00.000000Z
2020-02-17T00:00:00.000000Z,1.3050911426544189,1.3053126335144043,1.300440788269043,1.3052955865859985,0,2020-02-18T00:00:00.000000Z
2020-02-18T00:00:00.000000Z,1.3005423545837402,1.3049037456512451,1.2972524166107178,1.3008975982666016,0,2020-02-19T00:00:00.000000Z
2020-02-19T00:00:00.000000Z,1.299984335899353,1.3021681308746338,1.2928081750869751,1.3002209663391113,0,2020-02-20T00:00:00.000000Z
2020-02-20T00:00:00.000000Z,1.2928247451782227,1.2930420637130737,1.2851488590240479,1.2928247451782227,0,2020-02-21T00:00:00.000000Z
2020-02-21T00:00:00.000000Z,1.2881451845169067,1.2976900339126587,1.2879626750946045,1.2883278131484985,0,2020-02-22T00:00:00.000000Z
2020-02-24T00:00:00.000000Z,1.2952026128768921,1.2954995632171631,1.2888922691345215,1.29537034034729,0,2020-02-25T00:00:00.000000Z
2020-02-25T00:00:00.000000Z,1.2925240993499756,1.3017951250076294,1.2916558980941772,1.292657732963562,0,2020-02-26T00:00:00.000000Z
2020-02-26T00:00:00.000000Z,1.3002378940582275,1.3010668754577637,1.2913223505020142,1.3003394603729248,0,2020-02-27T00:00:00.000000Z
2020-02-27T00:00:00.000000Z,1.2907222509384155,1.2945318222045898,1.2862563133239746,1.2906889915466309,0,2020-02-28T00:00:00.000000Z
2020-02-28T00:00:00.000000Z,1.2889255285263062,1.2918895483016968,1.2754452228546143,1.2888922691345215,0,2020-02-29T00:00:00.000000Z
2020-03-02T00:00:00.000000Z,1.2805572748184204,1.2851818799972534,1.2741937637329102,1.2807048559188843,0,2020-03-03T00:00:00.000000Z
2020-03-03T00:00:00.000000Z,1.2766337394714355,1.2837464809417725,1.275982141494751,1.2767152786254883,0,2020-03-04T00:00:00.000000Z
2020-03-04T00:00:00.000000Z,1.2821171283721924,1.2846039533615112,1.2771555185317993,1.2820841073989868,0,2020-03-05T00:00:00.000000Z
2020-03-05T00:00:00.000000Z,1.2872166633605957,1.2945822477340698,1.2861737012863159,1.2874983549118042,0,2020-03-06T00:00:00.000000Z
2020-03-06T00:00:00.000000Z,1.2949995994567871,1.3049719333648682,1.2949995994567871,1.2950683832168579,0,2020-03-07T00:00:00.000000Z
2020-03-09T00:00:00.000000Z,1.3096548318862915,1.3199751377105713,1.3036450147628784,1.3099292516708374,0,2020-03-10T00:00:00.000000Z
2020-03-10T00:00:00.000000Z,1.3075313568115234,1.308832049369812,1.2934435606002808,1.3075313568115234,0,2020-03-11T00:00:00.000000Z
2020-03-11T00:00:00.000000Z,1.2906889915466309,1.2977406978607178,1.2855453491210938,1.2909722328186035,0,2020-03-12T00:00:00.000000Z
2020-03-12T00:00:00.000000Z,1.2817555665969849,1.2851818799972534,1.2542959451675415,1.2818212509155273,0,2020-03-13T00:00:00.000000Z
2020-03-13T00:00:00.000000Z,1.2572765350341797,1.2624987363815308,1.2400639057159424,1.2570235729217529,0,2020-03-14T00:00:00.000000Z
2020-03-16T00:00:00.000000Z,1.2400332689285278,1.2400332689285278,1.2222847938537598,1.2399870157241821,0,2020-03-17T00:00:00.000000Z
2020-03-17T00:00:00.000000Z,1.2269337177276611,1.2270541191101074,1.2009271383285522,1.2266627550125122,0,2020-03-18T00:00:00.000000Z
2020-03-18T00:00:00.000000Z,1.2116072177886963,1.2130328416824341,1.1746463775634766,1.2121652364730835,0,2020-03-19T00:00:00.000000Z
2020-03-19T00:00:00.000000Z,1.1611031293869019,1.1788560152053833,1.1476839780807495,1.1625338792800903,0,2020-03-20T00:00:00.000000Z
2020-03-20T00:00:00.000000Z,1.1496366262435913,1.1924351453781128,1.1482111215591431,1.1494385004043579,0,2020-03-21T00:00:00.000000Z
2020-03-23T00:00:00.000000Z,1.1608604192733765,1.171165943145752,1.1480264663696289,1.162304162979126,0,2020-03-24T00:00:00.000000Z
2020-03-24T00:00:00.000000Z,1.1597833633422852,1.1789672374725342,1.1583727598190308,1.1595547199249268,0,2020-03-25T00:00:00.000000Z
2020-03-25T00:00:00.000000Z,1.1791479587554932,1.1973179578781128,1.1647138595581055,1.1792036294937134,0,2020-03-26T00:00:00.000000Z
2020-03-26T00:00:00.000000Z,1.1844131946563721,1.2139163017272949,1.1822566986083984,1.1851149797439575,0,2020-03-27T00:00:00.000000Z
2020-03-27T00:00:00.000000Z,1.2193337678909302,1.2379914522171021,1.2153474092483521,1.2200626134872437,0,2020-03-28T00:00:00.000000Z
2020-03-30T00:00:00.000000Z,1.2448649406433105,1.2467273473739624,1.2319822311401367,1.245319128036499,0,2020-03-31T00:00:00.000000Z
2020-03-31T00:00:00.000000Z,1.2365524768829346,1.2469450235366821,1.2267379760742188,1.2371643781661987,0,2020-04-01T00:00:00.000000Z
2020-04-01T00:00:00.000000Z,1.2411566972732544,1.2438429594039917,1.2335019111633301,1.2408487796783447,0,2020-04-02T00:00:00.000000Z
2020-04-02T00:00:00.000000Z,1.2381753921508789,1.2465564012527466,1.235498309135437,1.238236665725708,0,2020-04-03T00:00:00.000000Z
2020-04-06T00:00:00.000000Z,1.2219561338424683,1.2327415943145752,1.2212845087051392,1.2220158576965332,0,2020-04-07T00:00:00.000000Z
2020-04-07T00:00:00.000000Z,1.2234810590744019,1.238236665725708,1.2220456600189209,1.2240501642227173,0,2020-04-08T00:00:00.000000Z
2020-04-08T00:00:00.000000Z,1.2337453365325928,1.2418040037155151,1.2289540767669678,1.2338672876358032,0,2020-04-09T00:00:00.000000Z
2020-04-09T00:00:00.000000Z,1.2391726970672607,1.2475205659866333,1.2362467050552368,1.2393108606338501,0,2020-04-10T00:00:00.000000Z
2020-04-10T00:00:00.000000Z,1.2459816932678223,1.2488136291503906,1.2449579238891602,1.2454850673675537,0,2020-04-11T00:00:00.000000Z
2020-04-13T00:00:00.000000Z,1.2459040880203247,1.253337025642395,1.2455781698226929,1.2461059093475342,0,2020-04-14T00:00:00.000000Z
2020-04-14T00:00:00.000000Z,1.2520345449447632,1.2620844841003418,1.2511730194091797,1.2523951530456543,0,2020-04-15T00:00:00.000000Z
2020-04-15T00:00:00.000000Z,1.262403130531311,1.262785792350769,1.2440750598907471,1.2626262903213501,0,2020-04-16T00:00:00.000000Z
2020-04-16T00:00:00.000000Z,1.2521913051605225,1.2526618242263794,1.2414340972900391,1.2520972490310669,0,2020-04-17T00:00:00.000000Z
2020-04-17T00:00:00.000000Z,1.2487823963165283,1.2523167133331299,1.2408641576766968,1.2487823963165283,0,2020-04-18T00:00:00.000000Z
2020-04-20T00:00:00.000000Z,1.248751163482666,1.2491568326950073,1.2418195009231567,1.248751163482666,0,2020-04-21T00:00:00.000000Z
2020-04-21T00:00:00.000000Z,1.2442454099655151,1.2444001436233521,1.2263468503952026,1.2442762851715088,0,2020-04-22T00:00:00.000000Z
2020-04-22T00:00:00.000000Z,1.2302392721176147,1.2383134365081787,1.2275964021682739,1.2298610210418701,0,2020-04-23T00:00:00.000000Z
2020-04-23T00:00:00.000000Z,1.2322555780410767,1.2415728569030762,1.23093581199646,1.2323921918869019,0,2020-04-24T00:00:00.000000Z
2020-04-24T00:00:00.000000Z,1.235315203666687,1.2374246120452881,1.2299668788909912,1.235223650932312,0,2020-04-25T00:00:00.000000Z
2020-04-27T00:00:00.000000Z,1.2368583679199219,1.2453765869140625,1.2361245155334473,1.2366595268249512,0,2020-04-28T00:00:00.000000Z
2020-04-28T00:00:00.000000Z,1.2422360181808472,1.2518464326858521,1.2405717372894287,1.2422668933868408,0,2020-04-29T00:00:00.000000Z
2020-04-29T00:00:00.000000Z,1.2433944940567017,1.2486264705657959,1.2390499114990234,1.2435646057128906,0,2020-04-30T00:00:00.000000Z
2020-04-30T00:00:00.000000Z,1.2469139099121094,1.2637752294540405,1.242992639541626,1.2471472024917603,0,2020-05-01T00:00:00.000000Z
2020-05-04T00:00:00.000000Z,1.2456557750701904,1.2468827962875366,1.240648627281189,1.2454230785369873,0,2020-05-05T00:00:00.000000Z
2020-05-05T00:00:00.000000Z,1.2448184490203857,1.2480343580245972,1.2422205209732056,1.2445551156997681,0,2020-05-06T00:00:00.000000Z
2020-05-06T00:00:00.000000Z,1.2445240020751953,1.2450199127197266,1.2337758541107178,1.2444202899932861,0,2020-05-07T00:00:00.000000Z
2020-05-07T00:00:00.000000Z,1.2327415943145752,1.2414649724960327,1.2269939184188843,1.2325593233108521,0,2020-05-08T00:00:00.000000Z
2020-05-08T00:00:00.000000Z,1.2374093532562256,1.2463544607162476,1.2357732057571411,1.2375931739807129,0,2020-05-09T00:00:00.000000Z
2020-05-11T00:00:00.000000Z,1.2416344881057739,1.2437810897827148,1.22857666015625,1.2417423725128174,0,2020-05-12T00:00:00.000000Z
2020-05-12T00:00:00.000000Z,1.2332280874252319,1.2376236915588379,1.2288635969161987,1.2333498001098633,0,2020-05-13T00:00:00.000000Z
2020-05-13T00:00:00.000000Z,1.2253700494766235,1.2337453365325928,1.222195029258728,1.2254902124404907,0,2020-05-14T00:00:00.000000Z
2020-05-15T00:00:00.000000Z,1.2233912944793701,1.2238104343414307,1.2116365432739258,1.2233912944793701,0,2020-05-16T00:00:00.000000Z
2020-05-19T00:00:00.000000Z,1.2202562093734741,1.2269337177276611,1.2184869050979614,1.2200031280517578,0,2020-05-20T00:00:00.000000Z
2020-05-20T00:00:00.000000Z,1.2259409427642822,1.2286974191665649,1.2223145961761475,1.2255953550338745,0,2020-05-21T00:00:00.000000Z
2020-05-21T00:00:00.000000Z,1.2235409021377563,1.224949836730957,1.218650221824646,1.2236906290054321,0,2020-05-22T00:00:00.000000Z
2020-05-22T00:00:00.000000Z,1.2226134538650513,1.2235409021377563,1.2163379192352295,1.2223445177078247,0,2020-05-23T00:00:00.000000Z
2020-05-25T00:00:00.000000Z,1.2186651229858398,1.2203902006149292,1.2165006399154663,1.218605637550354,0,2020-05-26T00:00:00.000000Z
2020-05-26T00:00:00.000000Z,1.2200478315353394,1.2362773418426514,1.2198543548583984,1.2201371192932129,0,2020-05-27T00:00:00.000000Z
2020-05-27T00:00:00.000000Z,1.2335019111633301,1.2349338531494141,1.2209415435791016,1.2335019111633301,0,2020-05-28T00:00:00.000000Z
2020-05-28T00:00:00.000000Z,1.2263166904449463,1.2335019111633301,1.2235409021377563,1.2264822721481323,0,2020-05-29T00:00:00.000000Z
2020-05-29T00:00:00.000000Z,1.2319670915603638,1.2392188310623169,1.2293318510055542,1.2321492433547974,0,2020-05-30T00:00:00.000000Z
2020-06-01T00:00:00.000000Z,1.2345373630523682,1.2485017776489258,1.2345373630523682,1.2347996234893799,0,2020-06-02T00:00:00.000000Z
2020-06-02T00:00:00.000000Z,1.2488448619842529,1.2575452327728271,1.2479565143585205,1.2487044334411621,0,2020-06-03T00:00:00.000000Z
2020-06-03T00:00:00.000000Z,1.2578933238983154,1.261304497718811,1.2554926872253418,1.2581465244293213,0,2020-06-04T00:00:00.000000Z
2020-06-04T00:00:00.000000Z,1.2574503421783447,1.2622278928756714,1.2501562833786011,1.2575136423110962,0,2020-06-05T00:00:00.000000Z
2020-06-05T00:00:00.000000Z,1.2602870464324951,1.2729772329330444,1.2584314346313477,1.2609069347381592,0,2020-06-06T00:00:00.000000Z
2020-06-09T00:00:00.000000Z,1.2732366323471069,1.2754939794540405,1.2626900672912598,1.2735283374786377,0,2020-06-10T00:00:00.000000Z
2020-06-10T00:00:00.000000Z,1.2711325883865356,1.280032753944397,1.2707449197769165,1.2711325883865356,0,2020-06-11T00:00:00.000000Z
2020-06-11T00:00:00.000000Z,1.2714234590530396,1.2750385999679565,1.2624987363815308,1.2710679769515991,0,2020-06-12T00:00:00.000000Z
2020-06-12T00:00:00.000000Z,1.2575610876083374,1.2650861740112305,1.2523324489593506,1.257703423500061,0,2020-06-13T00:00:00.000000Z
2020-06-15T00:00:00.000000Z,1.2512356042861938,1.2578458786010742,1.2456247806549072,1.2508755922317505,0,2020-06-16T00:00:00.000000Z
2020-06-16T00:00:00.000000Z,1.2638230323791504,1.2687134742736816,1.2560290098190308,1.2637752294540405,0,2020-06-17T00:00:00.000000Z
2020-06-17T00:00:00.000000Z,1.2583839893341064,1.2587324380874634,1.2514234781265259,1.2585107088088989,0,2020-06-18T00:00:00.000000Z
2020-06-18T00:00:00.000000Z,1.2551618814468384,1.2563287019729614,1.2404638528823853,1.2552721500396729,0,2020-06-19T00:00:00.000000Z
2020-06-19T00:00:00.000000Z,1.2424829006195068,1.2454850673675537,1.2350863218307495,1.2426837682723999,0,2020-06-20T00:00:00.000000Z
2020-06-22T00:00:00.000000Z,1.2345526218414307,1.2455006837844849,1.2337301969528198,1.2348117828369141,0,2020-06-23T00:00:00.000000Z
2020-06-23T00:00:00.000000Z,1.2499375343322754,1.2531641721725464,1.2433789968490601,1.2501562833786011,0,2020-06-24T00:00:00.000000Z
2020-06-24T00:00:00.000000Z,1.2528030872344971,1.2543007135391235,1.2416961193084717,1.2524893283843994,0,2020-06-25T00:00:00.000000Z
2020-06-25T00:00:00.000000Z,1.2415112257003784,1.2464165687561035,1.2393569946289062,1.2412954568862915,0,2020-06-26T00:00:00.000000Z
2020-06-26T00:00:00.000000Z,1.2424211502075195,1.2436883449554443,1.2317243814468384,1.2425447702407837,0,2020-06-27T00:00:00.000000Z
2020-06-29T00:00:00.000000Z,1.234095573425293,1.2390038967132568,1.2254151105880737,1.2342174053192139,0,2020-06-30T00:00:00.000000Z
2020-06-30T00:00:00.000000Z,1.2310721874237061,1.2392034530639648,1.2260010242462158,1.2310571670532227,0,2020-07-01T00:00:00.000000Z
2020-07-01T00:00:00.000000Z,1.2388657331466675,1.2477384805679321,1.2360328435897827,1.2389271259307861,0,2020-07-02T00:00:00.000000Z
2020-07-02T00:00:00.000000Z,1.2468206882476807,1.2529758214950562,1.2461835145950317,1.2464786767959595,0,2020-07-03T00:00:00.000000Z
2020-07-03T00:00:00.000000Z,1.2466963529586792,1.2486264705657959,1.2440750598907471,1.2466403245925903,0,2020-07-04T00:00:00.000000Z
2020-07-07T00:00:00.000000Z,1.2494533061981201,1.2590969800949097,1.2463854551315308,1.249547004699707,0,2020-07-08T00:00:00.000000Z
2020-07-08T00:00:00.000000Z,1.2537927627563477,1.2600330114364624,1.25101637840271,1.2542802095413208,0,2020-07-09T00:00:00.000000Z
2020-07-09T00:00:00.000000Z,1.2612725496292114,1.2669453620910645,1.2602235078811646,1.2613521814346313,0,2020-07-10T00:00:00.000000Z
2020-07-10T00:00:00.000000Z,1.2606525421142578,1.2663998603820801,1.2569130659103394,1.2605094909667969,0,2020-07-11T00:00:00.000000Z
2020-07-13T00:00:00.000000Z,1.2626900672912598,1.2666405439376831,1.259303092956543,1.2627506256103516,0,2020-07-14T00:00:00.000000Z
2020-07-14T00:00:00.000000Z,1.2549728155136108,1.2559658288955688,1.24819016456604,1.2551776170730591,0,2020-07-15T00:00:00.000000Z
2020-07-15T00:00:00.000000Z,1.2571184635162354,1.2649741172790527,1.2564393281936646,1.2569288015365601,0,2020-07-16T00:00:00.000000Z
2020-07-16T00:00:00.000000Z,1.2590335607528687,1.2624349594116211,1.2520972490310669,1.2591001987457275,0,2020-07-17T00:00:00.000000Z
2020-07-17T00:00:00.000000Z,1.2560131549835205,1.2572289705276489,1.2513452768325806,1.2559500932693481,0,2020-07-18T00:00:00.000000Z
2020-07-20T00:00:00.000000Z,1.2572289705276489,1.265934944152832,1.2519091367721558,1.2571184635162354,0,2020-07-21T00:00:00.000000Z
2020-07-21T00:00:00.000000Z,1.2664639949798584,1.2751361131668091,1.2652782201766968,1.266175389289856,0,2020-07-22T00:00:00.000000Z
2020-07-22T00:00:00.000000Z,1.2734473943710327,1.2740801572799683,1.2645741701126099,1.2730745077133179,0,2020-07-23T00:00:00.000000Z
2020-07-23T00:00:00.000000Z,1.2730907201766968,1.275982141494751,1.2674272060394287,1.2729934453964233,0,2020-07-24T00:00:00.000000Z
2020-07-24T00:00:00.000000Z,1.273058295249939,1.2794759273529053,1.2720056772232056,1.2730745077133179,0,2020-07-25T00:00:00.000000Z
2020-07-28T00:00:00.000000Z,1.2888756990432739,1.2948838472366333,1.2841421365737915,1.2889753580093384,0,2020-07-29T00:00:00.000000Z
2020-07-29T00:00:00.000000Z,1.292724609375,1.299376368522644,1.2912722826004028,1.2923737764358521,0,2020-07-30T00:00:00.000000Z
2020-07-30T00:00:00.000000Z,1.2982629537582397,1.3069844245910645,1.2945654392242432,1.2982461452484131,0,2020-07-31T00:00:00.000000Z
2020-07-31T00:00:00.000000Z,1.3117506504058838,1.3169677257537842,1.3106675148010254,1.311785101890564,0,2020-08-01T00:00:00.000000Z
2020-08-03T00:00:00.000000Z,1.3101009130477905,1.3111659288406372,1.3005930185317993,1.3101695775985718,0,2020-08-04T00:00:00.000000Z
2020-08-04T00:00:00.000000Z,1.307805061340332,1.3106331825256348,1.298419713973999,1.3078734874725342,0,2020-08-05T00:00:00.000000Z
2020-08-05T00:00:00.000000Z,1.3086949586868286,1.3162050247192383,1.3060456514358521,1.3086093664169312,0,2020-08-06T00:00:00.000000Z
2020-08-06T00:00:00.000000Z,1.3126977682113647,1.3185132741928101,1.3119744062423706,1.3126804828643799,0,2020-08-07T00:00:00.000000Z
2020-08-07T00:00:00.000000Z,1.3134391307830811,1.3148033618927002,1.3011684417724609,1.3138015270233154,0,2020-08-08T00:00:00.000000Z
2020-08-10T00:00:00.000000Z,1.3052955865859985,1.3102039098739624,1.3019646406173706,1.3052273988723755,0,2020-08-11T00:00:00.000000Z
2020-08-11T00:00:00.000000Z,1.3076168298721313,1.3131287097930908,1.3057386875152588,1.3077194690704346,0,2020-08-12T00:00:00.000000Z
2020-08-12T00:00:00.000000Z,1.3054318428039551,1.3066771030426025,1.3007283210754395,1.3050740957260132,0,2020-08-13T00:00:00.000000Z
2020-08-13T00:00:00.000000Z,1.3049719333648682,1.3121638298034668,1.3045003414154053,1.3048017024993896,0,2020-08-14T00:00:00.000000Z
2020-08-14T00:00:00.000000Z,1.3070015907287598,1.3141640424728394,1.3050740957260132,1.3070528507232666,0,2020-08-15T00:00:00.000000Z
2020-08-17T00:00:00.000000Z,1.3104442358016968,1.3121292591094971,1.3074800968170166,1.3107001781463623,0,2020-08-18T00:00:00.000000Z
2020-08-18T00:00:00.000000Z,1.3107877969741821,1.324047327041626,1.3107191324234009,1.3107877969741821,0,2020-08-19T00:00:00.000000Z
2020-08-19T00:00:00.000000Z,1.3253107070922852,1.3267350196838379,1.3173668384552002,1.3253985643386841,0,2020-08-20T00:00:00.000000Z
2020-08-20T00:00:00.000000Z,1.310753345489502,1.3193656206130981,1.3066089153289795,1.3110799789428711,0,2020-08-21T00:00:00.000000Z
2020-08-21T00:00:00.000000Z,1.3221566677093506,1.325486421585083,1.3064039945602417,1.3220343589782715,0,2020-08-22T00:00:00.000000Z
2020-08-24T00:00:00.000000Z,1.3092775344848633,1.3149243593215942,1.3064552545547485,1.3094146251678467,0,2020-08-25T00:00:00.000000Z
2020-08-25T00:00:00.000000Z,1.3072066307067871,1.3170545101165771,1.305977463722229,1.307138204574585,0,2020-08-26T00:00:00.000000Z
2020-08-26T00:00:00.000000Z,1.3149243593215942,1.3212482929229736,1.3118194341659546,1.3152183294296265,0,2020-08-27T00:00:00.000000Z
2020-08-27T00:00:00.000000Z,1.3218945264816284,1.327980637550354,1.3166730403900146,1.3219819068908691,0,2020-08-28T00:00:00.000000Z
2020-08-28T00:00:00.000000Z,1.3199700117111206,1.3353630304336548,1.3188261985778809,1.3199577331542969,0,2020-08-29T00:00:00.000000Z
2020-08-31T00:00:00.000000Z,1.3355057239532471,1.33931565284729,1.3302648067474365,1.3356484174728394,0,2020-09-01T00:00:00.000000Z
2020-09-01T00:00:00.000000Z,1.3365052938461304,1.3480722904205322,1.3356484174728394,1.3364516496658325,0,2020-09-02T00:00:00.000000Z
2020-09-02T00:00:00.000000Z,1.3400514125823975,1.3401411771774292,1.3285329341888428,1.3399437665939331,0,2020-09-03T00:00:00.000000Z
2020-09-04T00:00:00.000000Z,1.3266997337341309,1.3318239450454712,1.317800760269165,1.3262248039245605,0,2020-09-05T00:00:00.000000Z
2020-09-07T00:00:00.000000Z,1.3248367309570312,1.3259083032608032,1.3143022060394287,1.3245735168457031,0,2020-09-08T00:00:00.000000Z
2020-09-08T00:00:00.000000Z,1.316257119178772,1.3166556358337402,1.3012192249298096,1.3162224292755127,0,2020-09-09T00:00:00.000000Z
2020-09-09T00:00:00.000000Z,1.2967981100082397,1.3017951250076294,1.2887262105941772,1.2968486547470093,0,2020-09-10T00:00:00.000000Z
2020-09-10T00:00:00.000000Z,1.2998830080032349,1.3033561706542969,1.2844060659408569,1.2999167442321777,0,2020-09-11T00:00:00.000000Z
2020-09-11T00:00:00.000000Z,1.2810822725296021,1.2860082387924194,1.2765848636627197,1.2808295488357544,0,2020-09-12T00:00:00.000000Z
2020-09-14T00:00:00.000000Z,1.2809838056564331,1.2915056943893433,1.2791976928710938,1.2806557416915894,0,2020-09-15T00:00:00.000000Z
2020-09-15T00:00:00.000000Z,1.2846865653991699,1.2924906015396118,1.2817226648330688,1.2849671840667725,0,2020-09-16T00:00:00.000000Z
2020-09-16T00:00:00.000000Z,1.2883278131484985,1.3005760908126831,1.2878299951553345,1.2884771823883057,0,2020-09-17T00:00:00.000000Z
2020-09-17T00:00:00.000000Z,1.2961090803146362,1.2995114326477051,1.2866535186767578,1.2959998846054077,0,2020-09-18T00:00:00.000000Z
2020-09-18T00:00:00.000000Z,1.2984147071838379,1.2999167442321777,1.2936609983444214,1.2975554466247559,0,2020-09-19T00:00:00.000000Z
2020-09-21T00:00:00.000000Z,1.2933430671691895,1.2966132164001465,1.278159499168396,1.2932761907577515,0,2020-09-22T00:00:00.000000Z
2020-09-22T00:00:00.000000Z,1.2816734313964844,1.2865873575210571,1.2714072465896606,1.2820513248443604,0,2020-09-23T00:00:00.000000Z
2020-09-23T00:00:00.000000Z,1.2743561267852783,1.2775797843933105,1.2679574489593506,1.2744048833847046,0,2020-09-24T00:00:00.000000Z
2020-09-24T00:00:00.000000Z,1.271795392036438,1.2774492502212524,1.2692770957946777,1.2717468738555908,0,2020-09-25T00:00:00.000000Z
2020-09-25T00:00:00.000000Z,1.2756567001342773,1.2803769111633301,1.269132137298584,1.2757054567337036,0,2020-09-26T00:00:00.000000Z
2020-09-28T00:00:00.000000Z,1.2765392065048218,1.2919062376022339,1.2753149271011353,1.2766826152801514,0,2020-09-29T00:00:00.000000Z
2020-09-29T00:00:00.000000Z,1.2872829437255859,1.2898732423782349,1.2836475372314453,1.2873492240905762,0,2020-09-30T00:00:00.000000Z
2020-09-30T00:00:00.000000Z,1.2865046262741089,1.2939623594284058,1.2807868719100952,1.2866535186767578,0,2020-10-01T00:00:00.000000Z
2020-10-01T00:00:00.000000Z,1.2918227910995483,1.2980270385742188,1.2822978496551514,1.2917560338973999,0,2020-10-02T00:00:00.000000Z
2020-10-02T00:00:00.000000Z,1.288560152053833,1.2951018810272217,1.2839607000350952,1.2886265516281128,0,2020-10-03T00:00:00.000000Z
2020-10-05T00:00:00.000000Z,1.2928081750869751,1.2987519502639771,1.2901561260223389,1.2931090593338013,0,2020-10-06T00:00:00.000000Z
2020-10-06T00:00:00.000000Z,1.2992074489593506,1.3008975982666016,1.2923402786254883,1.2992581129074097,0,2020-10-07T00:00:00.000000Z
2020-10-07T00:00:00.000000Z,1.2884771823883057,1.2929251194000244,1.2850332260131836,1.2883278131484985,0,2020-10-08T00:00:00.000000Z
2020-10-08T00:00:00.000000Z,1.2916558980941772,1.2969328165054321,1.2896569967269897,1.2917560338973999,0,2020-10-09T00:00:00.000000Z
2020-10-09T00:00:00.000000Z,1.293928861618042,1.3015071153640747,1.2926744222640991,1.29404616355896,0,2020-10-10T00:00:00.000000Z
2020-10-12T00:00:00.000000Z,1.3029316663742065,1.3079760074615479,1.3005592823028564,1.3031693696975708,0,2020-10-13T00:00:00.000000Z
2020-10-13T00:00:00.000000Z,1.3065917491912842,1.3067454099655151,1.2961931228637695,1.3065747022628784,0,2020-10-14T00:00:00.000000Z
2020-10-14T00:00:00.000000Z,1.2933264970779419,1.3062674999237061,1.2866700887680054,1.2935272455215454,0,2020-10-15T00:00:00.000000Z
2020-10-15T00:00:00.000000Z,1.3014394044876099,1.3029316663742065,1.2892578840255737,1.3012362718582153,0,2020-10-16T00:00:00.000000Z
2020-10-16T00:00:00.000000Z,1.2903059720993042,1.2961763143539429,1.2873326539993286,1.2902060747146606,0,2020-10-17T00:00:00.000000Z
2020-10-19T00:00:00.000000Z,1.2927746772766113,1.3022867441177368,1.2924906015396118,1.2927746772766113,0,2020-10-20T00:00:00.000000Z
2020-10-20T00:00:00.000000Z,1.2946995496749878,1.2977911233901978,1.2912722826004028,1.2948671579360962,0,2020-10-21T00:00:00.000000Z
2020-10-22T00:00:00.000000Z,1.313111424446106,1.3149935007095337,1.307172417640686,1.3131976127624512,0,2020-10-23T00:00:00.000000Z
2020-10-23T00:00:00.000000Z,1.3078391551971436,1.3114409446716309,1.3022699356079102,1.307805061340332,0,2020-10-24T00:00:00.000000Z
2020-10-26T00:00:00.000000Z,1.3053637742996216,1.3072578907012939,1.2995451688766479,1.3054660558700562,0,2020-10-27T00:00:00.000000Z
2020-10-27T00:00:00.000000Z,1.3017274141311646,1.3077878952026367,1.3002548217773438,1.3015749454498291,0,2020-10-28T00:00:00.000000Z
2020-10-28T00:00:00.000000Z,1.3031693696975708,1.3063528537750244,1.2918394804000854,1.303186297416687,0,2020-10-29T00:00:00.000000Z
2020-10-29T00:00:00.000000Z,1.2987856864929199,1.3025243282318115,1.2883609533309937,1.2989881038665771,0,2020-10-30T00:00:00.000000Z
2020-10-30T00:00:00.000000Z,1.2932093143463135,1.2987519502639771,1.2900062799453735,1.2931926250457764,0,2020-10-31T00:00:00.000000Z
2020-11-02T00:00:00.000000Z,1.2927078008651733,1.294247031211853,1.2856775522232056,1.2926744222640991,0,2020-11-03T00:00:00.000000Z
2020-11-03T00:00:00.000000Z,1.2924004793167114,1.3077024221420288,1.2916058301925659,1.2923903465270996,0,2020-11-04T00:00:00.000000Z
2020-11-04T00:00:00.000000Z,1.3132666349411011,1.3137669563293457,1.2917894124984741,1.3121638298034668,0,2020-11-05T00:00:00.000000Z
2020-11-05T00:00:00.000000Z,1.2961090803146362,1.3132493495941162,1.2942638397216797,1.2966804504394531,0,2020-11-06T00:00:00.000000Z
2020-11-06T00:00:00.000000Z,1.3138360977172852,1.3175925016403198,1.3095518350601196,1.3139395713806152,0,2020-11-07T00:00:00.000000Z
2020-11-09T00:00:00.000000Z,1.3179224729537964,1.3205852508544922,1.3121638298034668,1.318061351776123,0,2020-11-10T00:00:00.000000Z
2020-11-10T00:00:00.000000Z,1.3167597055435181,1.3276333808898926,1.3158761262893677,1.3169677257537842,0,2020-11-11T00:00:00.000000Z
2020-11-11T00:00:00.000000Z,1.3261544704437256,1.329451322555542,1.3194352388381958,1.3261544704437256,0,2020-11-12T00:00:00.000000Z
2020-11-12T00:00:00.000000Z,1.3224014043807983,1.3228738307952881,1.3125598430633545,1.3224189281463623,0,2020-11-13T00:00:00.000000Z
2020-11-13T00:00:00.000000Z,1.3123877048492432,1.3186870813369751,1.311131477355957,1.3121638298034668,0,2020-11-14T00:00:00.000000Z
2020-11-16T00:00:00.000000Z,1.3219819068908691,1.3241876363754272,1.3168637752532959,1.3220518827438354,0,2020-11-17T00:00:00.000000Z
2020-11-17T00:00:00.000000Z,1.3223140239715576,1.3271400928497314,1.3193831443786621,1.3222091197967529,0,2020-11-18T00:00:00.000000Z
2020-11-18T00:00:00.000000Z,1.3259258270263672,1.3311147689819336,1.3245033025741577,1.3259083032608032,0,2020-11-19T00:00:00.000000Z
2020-11-19T00:00:00.000000Z,1.3244857788085938,1.3263497352600098,1.3199577331542969,1.3256446123123169,0,2020-11-20T00:00:00.000000Z
2020-11-23T00:00:00.000000Z,1.3303357362747192,1.3397642374038696,1.3266646862030029,1.3305126428604126,0,2020-11-24T00:00:00.000000Z
2020-11-24T00:00:00.000000Z,1.332356333732605,1.3379716873168945,1.3295927047729492,1.3329067230224609,0,2020-11-25T00:00:00.000000Z
2020-11-25T00:00:00.000000Z,1.3362374305725098,1.3393514156341553,1.3307074308395386,1.3363267183303833,0,2020-11-26T00:00:00.000000Z
2020-11-26T00:00:00.000000Z,1.3384730815887451,1.3398700952529907,1.3323030471801758,1.3385447263717651,0,2020-11-27T00:00:00.000000Z
2020-11-27T00:00:00.000000Z,1.3352204561233521,1.338114857673645,1.3295927047729492,1.3354523181915283,0,2020-11-28T00:00:00.000000Z
2020-11-30T00:00:00.000000Z,1.3330667018890381,1.3381328582763672,1.3306366205215454,1.3331911563873291,0,2020-12-01T00:00:00.000000Z
2020-12-01T00:00:00.000000Z,1.3337246179580688,1.3438512086868286,1.331912636756897,1.3336889743804932,0,2020-12-02T00:00:00.000000Z
2020-12-02T00:00:00.000000Z,1.3422278165817261,1.3441402912139893,1.3291686773300171,1.3422638177871704,0,2020-12-03T00:00:00.000000Z
2020-12-03T00:00:00.000000Z,1.3370950222015381,1.350001335144043,1.3354344367980957,1.3370771408081055,0,2020-12-04T00:00:00.000000Z
2020-12-04T00:00:00.000000Z,1.3452612161636353,1.3537662029266357,1.3418135643005371,1.345496654510498,0,2020-12-05T00:00:00.000000Z
2020-12-07T00:00:00.000000Z,1.3415615558624268,1.343652606010437,1.3227407932281494,1.3417415618896484,0,2020-12-08T00:00:00.000000Z
2020-12-08T00:00:00.000000Z,1.3357020616531372,1.3384909629821777,1.3291686773300171,1.3357375860214233,0,2020-12-09T00:00:00.000000Z
2020-12-09T00:00:00.000000Z,1.3366482257843018,1.3476543426513672,1.3362730741500854,1.3365589380264282,0,2020-12-10T00:00:00.000000Z
2020-12-10T00:00:00.000000Z,1.3366659879684448,1.3389569520950317,1.3249948024749756,1.3367018699645996,0,2020-12-11T00:00:00.000000Z
2020-12-11T00:00:00.000000Z,1.3302295207977295,1.3324999809265137,1.3136979341506958,1.3305658102035522,0,2020-12-12T00:00:00.000000Z
2020-12-14T00:00:00.000000Z,1.3318239450454712,1.3443751335144043,1.3293275833129883,1.3318239450454712,0,2020-12-15T00:00:00.000000Z
2020-12-15T00:00:00.000000Z,1.3325392007827759,1.3448632955551147,1.3285152912139893,1.3330844640731812,0,2020-12-16T00:00:00.000000Z
2020-12-16T00:00:00.000000Z,1.3447601795196533,1.3550136089324951,1.3435442447662354,1.3444474935531616,0,2020-12-17T00:00:00.000000Z
2020-12-17T00:00:00.000000Z,1.3502929210662842,1.3621937036514282,1.3496733903884888,1.3502929210662842,0,2020-12-18T00:00:00.000000Z
2020-12-18T00:00:00.000000Z,1.35694420337677,1.3572388887405396,1.3474729061126709,1.3570178747177124,0,2020-12-19T00:00:00.000000Z
2020-12-21T00:00:00.000000Z,1.3402670621871948,1.3411837816238403,1.3192263841629028,1.3401951789855957,0,2020-12-22T00:00:00.000000Z
2020-12-22T00:00:00.000000Z,1.3448271751403809,1.3456594944000244,1.3309553861618042,1.3449536561965942,0,2020-12-23T00:00:00.000000Z
2020-12-23T00:00:00.000000Z,1.3397462368011475,1.3561345338821411,1.3372917175292969,1.3399437665939331,0,2020-12-24T00:00:00.000000Z
2020-12-25T00:00:00.000000Z,1.3569625616073608,1.3612998723983765,1.3515340089797974,1.3552008867263794,0,2020-12-26T00:00:00.000000Z
2020-12-28T00:00:00.000000Z,1.3573677539825439,1.3577731847763062,1.3435983657836914,1.3572388887405396,0,2020-12-29T00:00:00.000000Z
2020-12-29T00:00:00.000000Z,1.3465656042098999,1.3520638942718506,1.3461849689483643,1.3466018438339233,0,2020-12-30T00:00:00.000000Z
2020-12-30T00:00:00.000000Z,1.3497644662857056,1.3617484569549561,1.3494548797607422,1.3499903678894043,0,2020-12-31T00:00:00.000000Z
2020-12-31T00:00:00.000000Z,1.3629920482635498,1.3684569597244263,1.3609329462051392,1.3630663156509399,0,2021-01-01T00:00:00.000000Z
2021-01-01T00:00:00.000000Z,1.3690004348754883,1.3690004348754883,1.3666000366210938,1.3673007488250732,0,2021-01-02T00:00:00.000000Z
2021-01-04T00:00:00.000000Z,1.3682698011398315,1.3703792095184326,1.3549033403396606,1.3684196472167969,0,2021-01-05T00:00:00.000000Z
2021-01-05T00:00:00.000000Z,1.3572940826416016,1.3625833988189697,1.3555645942687988,1.3571596145629883,0,2021-01-06T00:00:00.000000Z
2021-01-06T00:00:00.000000Z,1.3626390695571899,1.3669792413711548,1.3542977571487427,1.3629549741744995,0,2021-01-07T00:00:00.000000Z
2021-01-07T00:00:00.000000Z,1.3622308969497681,1.3633822202682495,1.3541328907012939,1.3625277280807495,0,2021-01-08T00:00:00.000000Z
2021-01-08T00:00:00.000000Z,1.3568152189254761,1.3631778955459595,1.3540412187576294,1.3569625616073608,0,2021-01-09T00:00:00.000000Z
2021-01-11T00:00:00.000000Z,1.3521004915237427,1.3529785871505737,1.3454241752624512,1.3516253232955933,0,2021-01-12T00:00:00.000000Z
2021-01-12T00:00:00.000000Z,1.3525760173797607,1.3635681867599487,1.3507671356201172,1.3524113893508911,0,2021-01-13T00:00:00.000000Z
2021-01-13T00:00:00.000000Z,1.3668895959854126,1.3699944019317627,1.3622493743896484,1.3670539855957031,0,2021-01-14T00:00:00.000000Z
2021-01-14T00:00:00.000000Z,1.3647218942642212,1.3693190813064575,1.3617299795150757,1.364926815032959,0,2021-01-15T00:00:00.000000Z
2021-01-15T00:00:00.000000Z,1.3683634996414185,1.3697879314422607,1.3574045896530151,1.3683634996414185,0,2021-01-16T00:00:00.000000Z
2021-01-18T00:00:00.000000Z,1.3574230670928955,1.3589910268783569,1.3521004915237427,1.3575335741043091,0,2021-01-19T00:00:00.000000Z
2021-01-20T00:00:00.000000Z,1.364498496055603,1.3714599609375,1.3624163866043091,1.3644241094589233,0,2021-01-21T00:00:00.000000Z
2021-01-21T00:00:00.000000Z,1.3666616678237915,1.3745326995849609,1.3660643100738525,1.3668484687805176,0,2021-01-22T00:00:00.000000Z
2021-01-22T00:00:00.000000Z,1.3730417490005493,1.3737396001815796,1.3637169599533081,1.3729474544525146,0,2021-01-23T00:00:00.000000Z
2021-01-25T00:00:00.000000Z,1.368719220161438,1.3722879886627197,1.3651131391525269,1.3688204288482666,0,2021-01-26T00:00:00.000000Z
2021-01-26T00:00:00.000000Z,1.3675587177276611,1.3744193315505981,1.36104416847229,1.3678992986679077,0,2021-01-27T00:00:00.000000Z
2021-01-27T00:00:00.000000Z,1.3741737604141235,1.3759889602661133,1.3662322759628296,1.374154806137085,0,2021-01-28T00:00:00.000000Z
2021-01-28T00:00:00.000000Z,1.367353081703186,1.3732680082321167,1.3631592988967896,1.3669419288635254,0,2021-01-29T00:00:00.000000Z
2021-01-29T00:00:00.000000Z,1.3726459741592407,1.375118613243103,1.365877628326416,1.3725008964538574,0,2021-01-30T00:00:00.000000Z
2021-02-01T00:00:00.000000Z,1.3698067665100098,1.3756861686706543,1.3658030033111572,1.3697690963745117,0,2021-02-02T00:00:00.000000Z
2021-02-02T00:00:00.000000Z,1.3675587177276611,1.3709522485733032,1.3613591194152832,1.3678767681121826,0,2021-02-03T00:00:00.000000Z
2021-02-03T00:00:00.000000Z,1.3662135601043701,1.3682323694229126,1.3621008396148682,1.3659336566925049,0,2021-02-04T00:00:00.000000Z
2021-02-04T00:00:00.000000Z,1.3650386333465576,1.3698630332946777,1.3571467399597168,1.3649082183837891,0,2021-02-05T00:00:00.000000Z
2021-02-05T00:00:00.000000Z,1.3672783374786377,1.3740037679672241,1.3667550086975098,1.3676148653030396,0,2021-02-06T00:00:00.000000Z
2021-02-08T00:00:00.000000Z,1.3739283084869385,1.3749861717224121,1.3682510852813721,1.3738716840744019,0,2021-02-09T00:00:00.000000Z
2021-02-09T00:00:00.000000Z,1.374570369720459,1.3798813819885254,1.3743815422058105,1.374570369720459,0,2021-02-10T00:00:00.000000Z
2021-02-10T00:00:00.000000Z,1.3816543817520142,1.386599063873291,1.3804528713226318,1.3817994594573975,0,2021-02-11T00:00:00.000000Z
2021-02-11T00:00:00.000000Z,1.3832405805587769,1.3856172561645508,1.3810819387435913,1.3832597732543945,0,2021-02-12T00:00:00.000000Z
2021-02-12T00:00:00.000000Z,1.3811010122299194,1.3856749534606934,1.3776950836181641,1.3810247182846069,0,2021-02-13T00:00:00.000000Z
2021-02-15T00:00:00.000000Z,1.3871549367904663,1.3919705152511597,1.3866894245147705,1.3871549367904663,0,2021-02-16T00:00:00.000000Z
2021-02-16T00:00:00.000000Z,1.3913624286651611,1.3951476812362671,1.3870587348937988,1.3914785385131836,0,2021-02-17T00:00:00.000000Z
2021-02-17T00:00:00.000000Z,1.3886381387710571,1.390259861946106,1.3831450939178467,1.3888117074966431,0,2021-02-18T00:00:00.000000Z
2021-02-18T00:00:00.000000Z,1.3865971565246582,1.3984448909759521,1.3840639591217041,1.3866355419158936,0,2021-02-19T00:00:00.000000Z
2021-02-19T00:00:00.000000Z,1.3968042135238647,1.4035087823867798,1.395206093788147,1.3967455625534058,0,2021-02-20T00:00:00.000000Z
2021-02-22T00:00:00.000000Z,1.4027606248855591,1.4075981378555298,1.3981516361236572,1.403114914894104,0,2021-02-23T00:00:00.000000Z
2021-02-23T00:00:00.000000Z,1.4070239067077637,1.4114724397659302,1.4057382345199585,1.4071228504180908,0,2021-02-24T00:00:00.000000Z
2021-02-24T00:00:00.000000Z,1.4120903015136719,1.4217066764831543,1.4087086915969849,1.4120305776596069,0,2021-02-25T00:00:00.000000Z
2021-02-25T00:00:00.000000Z,1.4145472049713135,1.4182183742523193,1.4100593328475952,1.4148274660110474,0,2021-02-26T00:00:00.000000Z
2021-02-26T00:00:00.000000Z,1.4005405902862549,1.4020133018493652,1.3890818357467651,1.4008152484893799,0,2021-02-27T00:00:00.000000Z
2021-03-01T00:00:00.000000Z,1.3976240158081055,1.3999720811843872,1.3905692100524902,1.3972529172897339,0,2021-03-02T00:00:00.000000Z
2021-03-02T00:00:00.000000Z,1.3928741216659546,1.39621901512146,1.3859821557998657,1.3929517269134521,0,2021-03-03T00:00:00.000000Z
2021-03-03T00:00:00.000000Z,1.3954786062240601,1.4003249406814575,1.3922922611236572,1.3954981565475464,0,2021-03-04T00:00:00.000000Z
2021-03-04T00:00:00.000000Z,1.3923697471618652,1.4011095762252808,1.3917883634567261,1.3926994800567627,0,2021-03-05T00:00:00.000000Z
2021-03-05T00:00:00.000000Z,1.389506459236145,1.3905304670333862,1.3781697750091553,1.3894098997116089,0,2021-03-06T00:00:00.000000Z
2021-03-08T00:00:00.000000Z,1.3848114013671875,1.3859994411468506,1.3802813291549683,1.385367751121521,0,2021-03-09T00:00:00.000000Z
2021-03-09T00:00:00.000000Z,1.3824374675750732,1.3921177387237549,1.3803384304046631,1.3823610544204712,0,2021-03-10T00:00:00.000000Z
2021-03-10T00:00:00.000000Z,1.388709545135498,1.3934174776077271,1.3846771717071533,1.3890432119369507,0,2021-03-11T00:00:00.000000Z
2021-03-11T00:00:00.000000Z,1.3931301832199097,1.3980538845062256,1.3921760320663452,1.3931456804275513,0,2021-03-12T00:00:00.000000Z
2021-03-12T00:00:00.000000Z,1.398640513420105,1.4004033803939819,1.3867894411087036,1.3989927768707275,0,2021-03-13T00:00:00.000000Z
2021-03-15T00:00:00.000000Z,1.3930875062942505,1.3948947191238403,1.3854252099990845,1.3929517269134521,0,2021-03-16T00:00:00.000000Z
2021-03-16T00:00:00.000000Z,1.3900278806686401,1.3901245594024658,1.3811391592025757,1.3899120092391968,0,2021-03-17T00:00:00.000000Z
2021-03-17T00:00:00.000000Z,1.3902791738510132,1.3926994800567627,1.3868856430053711,1.3902212381362915,0,2021-03-18T00:00:00.000000Z
2021-03-18T00:00:00.000000Z,1.3973115682601929,1.4000504016876221,1.3898347616195679,1.3975849151611328,0,2021-03-19T00:00:00.000000Z
2021-03-19T00:00:00.000000Z,1.392311692237854,1.3956539630889893,1.3832789659500122,1.3925055265426636,0,2021-03-20T00:00:00.000000Z
2021-03-22T00:00:00.000000Z,1.3834894895553589,1.3875206708908081,1.3818835020065308,1.3832597732543945,0,2021-03-23T00:00:00.000000Z
2021-03-23T00:00:00.000000Z,1.3860205411911011,1.3863087892532349,1.375591516494751,1.3862512111663818,0,2021-03-24T00:00:00.000000Z
2021-03-24T00:00:00.000000Z,1.3736263513565063,1.3742493391036987,1.3674839735031128,1.3730417490005493,0,2021-03-25T00:00:00.000000Z
2021-03-25T00:00:00.000000Z,1.3690191507339478,1.3739094734191895,1.3670727014541626,1.3688879013061523,0,2021-03-26T00:00:00.000000Z
2021-03-26T00:00:00.000000Z,1.3747783899307251,1.3809865713119507,1.3743437528610229,1.3749105930328369,0,2021-03-27T00:00:00.000000Z
2021-03-29T00:00:00.000000Z,1.3789299726486206,1.3846579790115356,1.3757239580154419,1.3791011571884155,0,2021-03-30T00:00:00.000000Z
2021-03-30T00:00:00.000000Z,1.3774673938751221,1.3783597946166992,1.3708207607269287,1.3775053024291992,0,2021-03-31T00:00:00.000000Z
2021-03-31T00:00:00.000000Z,1.3747594356536865,1.3810247182846069,1.3718174695968628,1.3746649026870728,0,2021-04-01T00:00:00.000000Z
2021-04-01T00:00:00.000000Z,1.3788729906082153,1.3837000131607056,1.3749295473098755,1.3786258697509766,0,2021-04-02T00:00:00.000000Z
2021-04-02T00:00:00.000000Z,1.383508563041687,1.3854252099990845,1.3814444541931152,1.383508563041687,0,2021-04-03T00:00:00.000000Z
2021-04-05T00:00:00.000000Z,1.3829728364944458,1.3913817405700684,1.3814253807067871,1.383125901222229,0,2021-04-06T00:00:00.000000Z
2021-04-06T00:00:00.000000Z,1.3913236856460571,1.3919821977615356,1.3819408416748047,1.3914011716842651,0,2021-04-07T00:00:00.000000Z
2021-04-07T00:00:00.000000Z,1.3830685615539551,1.3839681148529053,1.3730227947235107,1.383125901222229,0,2021-04-08T00:00:00.000000Z
2021-04-08T00:00:00.000000Z,1.3740227222442627,1.3783597946166992,1.372043251991272,1.3743815422058105,0,2021-04-09T00:00:00.000000Z
2021-04-09T00:00:00.000000Z,1.3736263513565063,1.3753266334533691,1.3671848773956299,1.373437762260437,0,2021-04-10T00:00:00.000000Z
2021-04-12T00:00:00.000000Z,1.3708583116531372,1.3777141571044922,1.3670539855957031,1.3712154626846313,0,2021-04-13T00:00:00.000000Z
2021-04-13T00:00:00.000000Z,1.3754211664199829,1.376900315284729,1.3702759742736816,1.3753834962844849,0,2021-04-14T00:00:00.000000Z
2021-04-14T00:00:00.000000Z,1.3762730360031128,1.3808912038803101,1.3750618696212769,1.3759700059890747,0,2021-04-15T00:00:00.000000Z
2021-04-15T00:00:00.000000Z,1.377790093421936,1.3808912038803101,1.3762730360031128,1.3779228925704956,0,2021-04-16T00:00:00.000000Z
2021-04-16T00:00:00.000000Z,1.3784737586975098,1.3827624320983887,1.3718926906585693,1.3785498142242432,0,2021-04-17T00:00:00.000000Z
2021-04-19T00:00:00.000000Z,1.3819408416748047,1.3991885185241699,1.3810437917709351,1.3818453550338745,0,2021-04-20T00:00:00.000000Z
2021-04-20T00:00:00.000000Z,1.3992079496383667,1.4009525775909424,1.3935922384262085,1.3993842601776123,0,2021-04-21T00:00:00.000000Z
2021-04-21T00:00:00.000000Z,1.3937282562255859,1.3948947191238403,1.3886960744857788,1.3938837051391602,0,2021-04-22T00:00:00.000000Z
2021-04-22T00:00:00.000000Z,1.3932796716690063,1.3950893878936768,1.3828580379486084,1.3931845426559448,0,2021-04-23T00:00:00.000000Z
2021-04-23T00:00:00.000000Z,1.3844088315963745,1.3896608352661133,1.3837192058563232,1.3840255737304688,0,2021-04-24T00:00:00.000000Z
2021-04-27T00:00:00.000000Z,1.3894678354263306,1.392350435256958,1.3859437704086304,1.3895643949508667,0,2021-04-28T00:00:00.000000Z
2021-04-28T00:00:00.000000Z,1.3903005123138428,1.392195463180542,1.3862512111663818,1.3903564214706421,0,2021-04-29T00:00:00.000000Z
2021-04-29T00:00:00.000000Z,1.395673394203186,1.3975849151611328,1.3933010101318359,1.395673394203186,0,2021-04-30T00:00:00.000000Z
2021-04-30T00:00:00.000000Z,1.3950504064559937,1.395868182182312,1.3810247182846069,1.3952839374542236,0,2021-05-01T00:00:00.000000Z
2021-05-03T00:00:00.000000Z,1.381921648979187,1.3931069374084473,1.3805481195449829,1.3819791078567505,0,2021-05-04T00:00:00.000000Z
2021-05-04T00:00:00.000000Z,1.3903951644897461,1.3906271457672119,1.3840639591217041,1.3903758525848389,0,2021-05-05T00:00:00.000000Z
2021-05-05T00:00:00.000000Z,1.3888696432113647,1.3926413059234619,1.3877902030944824,1.3888117074966431,0,2021-05-06T00:00:00.000000Z
2021-05-06T00:00:00.000000Z,1.3912463188171387,1.3938252925872803,1.3866548538208008,1.3909753561019897,0,2021-05-07T00:00:00.000000Z
2021-05-07T00:00:00.000000Z,1.3896416425704956,1.4000699520111084,1.3891975879669189,1.3898540735244751,0,2021-05-08T00:00:00.000000Z
2021-05-10T00:00:00.000000Z,1.4037491083145142,1.4157688617706299,1.4015810489654541,1.4041197299957275,0,2021-05-11T00:00:00.000000Z
2021-05-11T00:00:00.000000Z,1.4132277965545654,1.4157888889312744,1.4106560945510864,1.4131278991699219,0,2021-05-12T00:00:00.000000Z
2021-05-12T00:00:00.000000Z,1.4137272834777832,1.4150274991989136,1.4078360795974731,1.4138271808624268,0,2021-05-13T00:00:00.000000Z
2021-05-13T00:00:00.000000Z,1.4060347080230713,1.4079351425170898,1.4007956981658936,1.4063708782196045,0,2021-05-14T00:00:00.000000Z
2021-05-14T00:00:00.000000Z,1.4046916961669922,1.4110342264175415,1.4037057161331177,1.4050863981246948,0,2021-05-15T00:00:00.000000Z
2021-05-17T00:00:00.000000Z,1.4099997282028198,1.4128285646438599,1.407855749130249,1.4101786613464355,0,2021-05-18T00:00:00.000000Z
2021-05-18T00:00:00.000000Z,1.4148474931716919,1.4220503568649292,1.4146872758865356,1.4148674011230469,0,2021-05-19T00:00:00.000000Z
2021-05-19T00:00:00.000000Z,1.4190032482147217,1.4202003479003906,1.413407564163208,1.41880202293396,0,2021-05-20T00:00:00.000000Z
2021-05-20T00:00:00.000000Z,1.4107954502105713,1.4181380271911621,1.4103178977966309,1.4106162786483765,0,2021-05-21T00:00:00.000000Z
2021-05-21T00:00:00.000000Z,1.4186811447143555,1.423345685005188,1.4154281616210938,1.4185603857040405,0,2021-05-22T00:00:00.000000Z
2021-05-24T00:00:00.000000Z,1.414027214050293,1.4171332120895386,1.411851167678833,1.4142870903015137,0,2021-05-25T00:00:00.000000Z
2021-05-25T00:00:00.000000Z,1.4156886339187622,1.4210398197174072,1.4117714166641235,1.4156085252761841,0,2021-05-26T00:00:00.000000Z
2021-05-26T00:00:00.000000Z,1.4143270254135132,1.417635440826416,1.4119307994842529,1.4143872261047363,0,2021-05-27T00:00:00.000000Z
2021-05-27T00:00:00.000000Z,1.4113130569458008,1.4194867610931396,1.4092248678207397,1.4116119146347046,0,2021-05-28T00:00:00.000000Z
2021-05-28T00:00:00.000000Z,1.4203536510467529,1.4206564426422119,1.4137072563171387,1.4203739166259766,0,2021-05-29T00:00:00.000000Z
2021-05-31T00:00:00.000000Z,1.4182385206222534,1.4216864109039307,1.4165911674499512,1.4180374145507812,0,2021-06-01T00:00:00.000000Z
2021-06-01T00:00:00.000000Z,1.4227584600448608,1.4247246980667114,1.4155683517456055,1.4226775169372559,0,2021-06-02T00:00:00.000000Z
2021-06-02T00:00:00.000000Z,1.4156686067581177,1.4184397459030151,1.4115123748779297,1.4157087802886963,0,2021-06-03T00:00:00.000000Z
2021-06-03T00:00:00.000000Z,1.4172135591506958,1.4201923608779907,1.4093042612075806,1.4171934127807617,0,2021-06-04T00:00:00.000000Z
2021-06-04T00:00:00.000000Z,1.4110342264175415,1.420051097869873,1.4085994958877563,1.4109944105148315,0,2021-06-05T00:00:00.000000Z
2021-06-07T00:00:00.000000Z,1.4161899089813232,1.418399453163147,1.4112334251403809,1.4164307117462158,0,2021-06-08T00:00:00.000000Z
2021-06-08T00:00:00.000000Z,1.4176493883132935,1.4186408519744873,1.4123696088790894,1.4176555871963501,0,2021-06-09T00:00:00.000000Z
2021-06-09T00:00:00.000000Z,1.4148274660110474,1.4188421964645386,1.4115720987319946,1.4149875640869141,0,2021-06-10T00:00:00.000000Z
2021-06-10T00:00:00.000000Z,1.411113977432251,1.4170527458190918,1.4075585603713989,1.4112334251403809,0,2021-06-11T00:00:00.000000Z
2021-06-11T00:00:00.000000Z,1.4171130657196045,1.4186408519744873,1.410636305809021,1.4170126914978027,0,2021-06-12T00:00:00.000000Z
2021-06-14T00:00:00.000000Z,1.4120305776596069,1.4124293327331543,1.4071624279022217,1.4119307994842529,0,2021-06-15T00:00:00.000000Z
2021-06-15T00:00:00.000000Z,1.4110342264175415,1.4128483533859253,1.4036861658096313,1.4109944105148315,0,2021-06-16T00:00:00.000000Z
2021-06-16T00:00:00.000000Z,1.4083118438720703,1.4132277965545654,1.4076972007751465,1.4081531763076782,0,2021-06-17T00:00:00.000000Z
2021-06-17T00:00:00.000000Z,1.3983472585678101,1.4009525775909424,1.3912075757980347,1.3990709781646729,0,2021-06-18T00:00:00.000000Z
2021-06-18T00:00:00.000000Z,1.3939030170440674,1.3945056200027466,1.3797100782394409,1.3938642740249634,0,2021-06-19T00:00:00.000000Z
2021-06-21T00:00:00.000000Z,1.3816543817520142,1.3919821977615356,1.378720760345459,1.3817117214202881,0,2021-06-22T00:00:00.000000Z
2021-06-22T00:00:00.000000Z,1.392311692237854,1.3930486440658569,1.3863281011581421,1.392540454864502,0,2021-06-23T00:00:00.000000Z
2021-06-23T00:00:00.000000Z,1.394875168800354,1.4001679420471191,1.3924860954284668,1.3949919939041138,0,2021-06-24T00:00:00.000000Z
2021-06-24T00:00:00.000000Z,1.3968236446380615,1.3986600637435913,1.3891589641571045,1.3967455625534058,0,2021-06-25T00:00:00.000000Z
2021-06-25T00:00:00.000000Z,1.3917883634567261,1.3937282562255859,1.3892168998718262,1.3916915655136108,0,2021-06-26T00:00:00.000000Z
2021-06-28T00:00:00.000000Z,1.3896995782852173,1.3939224481582642,1.3876746892929077,1.389506459236145,0,2021-06-29T00:00:00.000000Z
2021-06-29T00:00:00.000000Z,1.3879250288009644,1.388117790222168,1.3815971612930298,1.3879058361053467,0,2021-06-30T00:00:00.000000Z
2021-06-30T00:00:00.000000Z,1.3841787576675415,1.3871549367904663,1.3805290460586548,1.3842746019363403,0,2021-07-01T00:00:00.000000Z
2021-07-01T00:00:00.000000Z,1.3827624320983887,1.383317232131958,1.3763866424560547,1.3829153776168823,0,2021-07-02T00:00:00.000000Z
2021-07-02T00:00:00.000000Z,1.3759700059890747,1.3797670602798462,1.3738716840744019,1.3759511709213257,0,2021-07-03T00:00:00.000000Z
2021-07-05T00:00:00.000000Z,1.3829345703125,1.3863856792449951,1.381921648979187,1.383125901222229,0,2021-07-06T00:00:00.000000Z
2021-07-06T00:00:00.000000Z,1.3853293657302856,1.3898540735244751,1.3789869546890259,1.3856172561645508,0,2021-07-07T00:00:00.000000Z
2021-07-07T00:00:00.000000Z,1.3800908327102661,1.3840504884719849,1.3757429122924805,1.3805670738220215,0,2021-07-08T00:00:00.000000Z
2021-07-08T00:00:00.000000Z,1.3799575567245483,1.3802813291549683,1.3742493391036987,1.3801099061965942,0,2021-07-09T00:00:00.000000Z
2021-07-09T00:00:00.000000Z,1.3793102502822876,1.3877323865890503,1.376045823097229,1.3790820837020874,0,2021-07-10T00:00:00.000000Z
2021-07-12T00:00:00.000000Z,1.3898540735244751,1.3910139799118042,1.3840447664260864,1.3899506330490112,0,2021-07-13T00:00:00.000000Z
2021-07-13T00:00:00.000000Z,1.3889660835266113,1.3906271457672119,1.3801670074462891,1.3886960744857788,0,2021-07-14T00:00:00.000000Z
2021-07-14T00:00:00.000000Z,1.3804336786270142,1.3891011476516724,1.380243182182312,1.3806052207946777,0,2021-07-15T00:00:00.000000Z
2021-07-15T00:00:00.000000Z,1.3857133388519287,1.389757513999939,1.3814061880111694,1.3858093023300171,0,2021-07-16T00:00:00.000000Z
2021-07-16T00:00:00.000000Z,1.3829728364944458,1.3861935138702393,1.3774294853210449,1.3829728364944458,0,2021-07-17T00:00:00.000000Z
2021-07-20T00:00:00.000000Z,1.3668671846389771,1.3688691854476929,1.3573677539825439,1.3669979572296143,0,2021-07-21T00:00:00.000000Z
2021-07-21T00:00:00.000000Z,1.3634566068649292,1.3694878816604614,1.359194278717041,1.3633265495300293,0,2021-07-22T00:00:00.000000Z
2021-07-22T00:00:00.000000Z,1.3712606430053711,1.3787587881088257,1.3693002462387085,1.3714035749435425,0,2021-07-23T00:00:00.000000Z
2021-07-23T00:00:00.000000Z,1.3774104118347168,1.3780938386917114,1.3721185922622681,1.377389669418335,0,2021-07-24T00:00:00.000000Z
2021-07-26T00:00:00.000000Z,1.3757239580154419,1.3832980394363403,1.3737962245941162,1.3757808208465576,0,2021-07-27T00:00:00.000000Z
2021-07-27T00:00:00.000000Z,1.3825522661209106,1.3892748355865479,1.3768035173416138,1.3829153776168823,0,2021-07-28T00:00:00.000000Z
2021-07-28T00:00:00.000000Z,1.3886767625808716,1.3896608352661133,1.384638786315918,1.3882719278335571,0,2021-07-29T00:00:00.000000Z
2021-07-29T00:00:00.000000Z,1.3908206224441528,1.3982102870941162,1.3899892568588257,1.3906852006912231,0,2021-07-30T00:00:00.000000Z
2021-07-30T00:00:00.000000Z,1.3964334726333618,1.3984057903289795,1.3897188901901245,1.3964334726333618,0,2021-07-31T00:00:00.000000Z
2021-08-02T00:00:00.000000Z,1.3896608352661133,1.3933398723602295,1.3885031938552856,1.3896223306655884,0,2021-08-03T00:00:00.000000Z
2021-08-03T00:00:00.000000Z,1.3891011476516724,1.3940001726150513,1.3885996341705322,1.3892748355865479,0,2021-08-04T00:00:00.000000Z
2021-08-04T00:00:00.000000Z,1.3915947675704956,1.3956929445266724,1.390143871307373,1.3917883634567261,0,2021-08-05T00:00:00.000000Z
2021-08-05T00:00:00.000000Z,1.3890239000320435,1.3947584629058838,1.3875976800918579,1.3890432119369507,0,2021-08-06T00:00:00.000000Z
2021-08-06T00:00:00.000000Z,1.3927770853042603,1.3933204412460327,1.3862512111663818,1.3927576541900635,0,2021-08-07T00:00:00.000000Z
2021-08-09T00:00:00.000000Z,1.3867702484130859,1.3893519639968872,1.3846579790115356,1.3868471384048462,0,2021-08-10T00:00:00.000000Z
2021-08-10T00:00:00.000000Z,1.3848496675491333,1.3870587348937988,1.3833745718002319,1.3849073648452759,0,2021-08-11T00:00:00.000000Z
2021-08-11T00:00:00.000000Z,1.3837000131607056,1.3872126340866089,1.3805290460586548,1.3836042881011963,0,2021-08-12T00:00:00.000000Z
2021-08-12T00:00:00.000000Z,1.3868471384048462,1.3878093957901001,1.3823610544204712,1.3866932392120361,0,2021-08-13T00:00:00.000000Z
2021-08-13T00:00:00.000000Z,1.3811582326889038,1.3862127065658569,1.3793102502822876,1.3811582326889038,0,2021-08-14T00:00:00.000000Z
2021-08-16T00:00:00.000000Z,1.3866355419158936,1.3874243497848511,1.3829728364944458,1.3863856792449951,0,2021-08-17T00:00:00.000000Z
2021-08-17T00:00:00.000000Z,1.3842746019363403,1.3842746019363403,1.3736640214920044,1.3842746019363403,0,2021-08-18T00:00:00.000000Z
2021-08-18T00:00:00.000000Z,1.3740037679672241,1.3770312070846558,1.3733999729156494,1.3740416765213013,0,2021-08-19T00:00:00.000000Z
2021-08-19T00:00:00.000000Z,1.3744381666183472,1.3749673366546631,1.3654114007949829,1.3743815422058105,0,2021-08-20T00:00:00.000000Z
2021-08-20T00:00:00.000000Z,1.3631778955459595,1.3642565011978149,1.3603591918945312,1.3630849123001099,0,2021-08-21T00:00:00.000000Z
2021-08-24T00:00:00.000000Z,1.3724575042724609,1.3747594356536865,1.3695815801620483,1.37247633934021,0,2021-08-25T00:00:00.000000Z
2021-08-25T00:00:00.000000Z,1.3727778196334839,1.3742871284484863,1.3699193000793457,1.3725517988204956,0,2021-08-26T00:00:00.000000Z
2021-08-26T00:00:00.000000Z,1.3764625787734985,1.3769552707672119,1.3710650205612183,1.3766520023345947,0,2021-08-27T00:00:00.000000Z
2021-08-27T00:00:00.000000Z,1.3696004152297974,1.3780938386917114,1.3681013584136963,1.3702384233474731,0,2021-08-28T00:00:00.000000Z
2021-08-30T00:00:00.000000Z,1.3765193223953247,1.3776761293411255,1.3736263513565063,1.3762996196746826,0,2021-08-31T00:00:00.000000Z
2021-08-31T00:00:00.000000Z,1.376064658164978,1.3804336786270142,1.3744193315505981,1.376045823097229,0,2021-09-01T00:00:00.000000Z
2021-09-01T00:00:00.000000Z,1.3753701448440552,1.379824161529541,1.373173713684082,1.3753398656845093,0,2021-09-02T00:00:00.000000Z
2021-09-02T00:00:00.000000Z,1.3774104118347168,1.3835850954055786,1.3768225908279419,1.3771638870239258,0,2021-09-03T00:00:00.000000Z
2021-09-03T00:00:00.000000Z,1.3837957382202148,1.387462854385376,1.3819791078567505,1.3836808204650879,0,2021-09-04T00:00:00.000000Z
2021-09-06T00:00:00.000000Z,1.3859302997589111,1.3860014677047729,1.3819408416748047,1.3859245777130127,0,2021-09-07T00:00:00.000000Z
2021-09-07T00:00:00.000000Z,1.3840255737304688,1.3856940269470215,1.3770121335983276,1.3839489221572876,0,2021-09-08T00:00:00.000000Z
2021-09-08T00:00:00.000000Z,1.3779798746109009,1.3791201114654541,1.37285315990448,1.3779798746109009,0,2021-09-09T00:00:00.000000Z
2021-09-09T00:00:00.000000Z,1.3766520023345947,1.3854061365127563,1.3754004240036011,1.3767657279968262,0,2021-09-10T00:00:00.000000Z
2021-09-10T00:00:00.000000Z,1.3838915824890137,1.3888888359069824,1.3834320306777954,1.3839681148529053,0,2021-09-11T00:00:00.000000Z
2021-09-13T00:00:00.000000Z,1.3840255737304688,1.3852334022521973,1.3797861337661743,1.3840830326080322,0,2021-09-14T00:00:00.000000Z
2021-09-14T00:00:00.000000Z,1.3841214179992676,1.3913236856460571,1.383125901222229,1.3838149309158325,0,2021-09-15T00:00:00.000000Z
2021-09-15T00:00:00.000000Z,1.3808530569076538,1.3851950168609619,1.3793102502822876,1.3810247182846069,0,2021-09-16T00:00:00.000000Z
2021-09-16T00:00:00.000000Z,1.384696364402771,1.3850415945053101,1.3764625787734985,1.3848881721496582,0,2021-09-17T00:00:00.000000Z
2021-09-17T00:00:00.000000Z,1.3799384832382202,1.3814061880111694,1.3743627071380615,1.3797005414962769,0,2021-09-18T00:00:00.000000Z
2021-09-20T00:00:00.000000Z,1.3728721141815186,1.3729851245880127,1.3647406101226807,1.3729662895202637,0,2021-09-21T00:00:00.000000Z
2021-09-21T00:00:00.000000Z,1.3660643100738525,1.3693565130233765,1.3642191886901855,1.366269588470459,0,2021-09-22T00:00:00.000000Z
2021-09-22T00:00:00.000000Z,1.3659336566925049,1.3678019046783447,1.3617855310440063,1.3657469749450684,0,2021-09-23T00:00:00.000000Z
2021-09-23T00:00:00.000000Z,1.3620080947875977,1.3749485015869141,1.3612850904464722,1.3617113828659058,0,2021-09-24T00:00:00.000000Z
2021-09-24T00:00:00.000000Z,1.3721938133239746,1.3737697601318359,1.3659522533416748,1.3722503185272217,0,2021-09-25T00:00:00.000000Z
2021-09-27T00:00:00.000000Z,1.3669419288635254,1.3728721141815186,1.3659336566925049,1.3669044971466064,0,2021-09-28T00:00:00.000000Z
2021-09-28T00:00:00.000000Z,1.3700994253158569,1.3717796802520752,1.3525393009185791,1.3701633214950562,0,2021-09-29T00:00:00.000000Z
2021-09-29T00:00:00.000000Z,1.3541511297225952,1.3554543256759644,1.3424079418182373,1.3542244434356689,0,2021-09-30T00:00:00.000000Z
2021-09-30T00:00:00.000000Z,1.342624306678772,1.3517167568206787,1.3417415618896484,1.3426424264907837,0,2021-10-01T00:00:00.000000Z
2021-10-01T00:00:00.000000Z,1.3469645977020264,1.3573493957519531,1.3436344861984253,1.3469827175140381,0,2021-10-02T00:00:00.000000Z
2021-10-04T00:00:00.000000Z,1.3570915460586548,1.363977313041687,1.353363037109375,1.3570915460586548,0,2021-10-05T00:00:00.000000Z
2021-10-05T00:00:00.000000Z,1.3607664108276367,1.3650014400482178,1.3585848808288574,1.3607479333877563,0,2021-10-06T00:00:00.000000Z
2021-10-06T00:00:00.000000Z,1.3625648021697998,1.3631405830383301,1.3544628620147705,1.3627691268920898,0,2021-10-07T00:00:00.000000Z
2021-10-07T00:00:00.000000Z,1.3592681884765625,1.363735556602478,1.357183575630188,1.3592127561569214,0,2021-10-08T00:00:00.000000Z
2021-10-08T00:00:00.000000Z,1.361952543258667,1.3653740882873535,1.3584926128387451,1.3620266914367676,0,2021-10-09T00:00:00.000000Z
2021-10-11T00:00:00.000000Z,1.3618227243423462,1.3674278259277344,1.3612850904464722,1.3616558313369751,0,2021-10-12T00:00:00.000000Z
2021-10-12T00:00:00.000000Z,1.3592866659164429,1.363735556602478,1.3570362329483032,1.3590649366378784,0,2021-10-13T00:00:00.000000Z
2021-10-13T00:00:00.000000Z,1.3577179908752441,1.3647592067718506,1.3576995134353638,1.3578838109970093,0,2021-10-14T00:00:00.000000Z
2021-10-14T00:00:00.000000Z,1.3670727014541626,1.373437762260437,1.3658963441848755,1.3669232130050659,0,2021-10-15T00:00:00.000000Z
2021-10-15T00:00:00.000000Z,1.3668671846389771,1.3773535490036011,1.3668671846389771,1.3668859004974365,0,2021-10-16T00:00:00.000000Z
2021-10-18T00:00:00.000000Z,1.3760079145431519,1.3764055967330933,1.3710838556289673,1.3761594295501709,0,2021-10-19T00:00:00.000000Z
2021-10-20T00:00:00.000000Z,1.3794815540313721,1.3823610544204712,1.3743247985839844,1.3793197870254517,0,2021-10-21T00:00:00.000000Z
2021-10-21T00:00:00.000000Z,1.3823610544204712,1.383399486541748,1.378720760345459,1.3822999000549316,0,2021-10-22T00:00:00.000000Z
2021-10-22T00:00:00.000000Z,1.3791201114654541,1.3814253807067871,1.3743060827255249,1.3791201114654541,0,2021-10-23T00:00:00.000000Z
2021-10-25T00:00:00.000000Z,1.3766520023345947,1.3791772127151489,1.3743437528610229,1.3762730360031128,0,2021-10-26T00:00:00.000000Z
2021-10-26T00:00:00.000000Z,1.3766140937805176,1.3829537630081177,1.3758186101913452,1.37644362449646,0,2021-10-27T00:00:00.000000Z
2021-10-27T00:00:00.000000Z,1.3768415451049805,1.3780368566513062,1.3710838556289673,1.3766140937805176,0,2021-10-28T00:00:00.000000Z
2021-10-28T00:00:00.000000Z,1.3732490539550781,1.3815207481384277,1.3723068237304688,1.3732868432998657,0,2021-10-29T00:00:00.000000Z
2021-10-29T00:00:00.000000Z,1.380071759223938,1.3804528713226318,1.3681762218475342,1.380071759223938,0,2021-10-30T00:00:00.000000Z
2021-11-01T00:00:00.000000Z,1.3686443567276001,1.3692440986633301,1.364237904548645,1.36832594871521,0,2021-11-02T00:00:00.000000Z
2021-11-02T00:00:00.000000Z,1.3659336566925049,1.3667176961898804,1.3610812425613403,1.365541934967041,0,2021-11-03T00:00:00.000000Z
2021-11-03T00:00:00.000000Z,1.3617484569549561,1.3664562702178955,1.361136794090271,1.3617392778396606,0,2021-11-04T00:00:00.000000Z
2021-11-05T00:00:00.000000Z,1.3509496450424194,1.3509862422943115,1.3425881862640381,1.3508602380752563,0,2021-11-06T00:00:00.000000Z
2021-11-08T00:00:00.000000Z,1.3489633798599243,1.3579760789871216,1.3451888561248779,1.3491271734237671,0,2021-11-09T00:00:00.000000Z
2021-11-09T00:00:00.000000Z,1.35637366771698,1.3605442047119141,1.3526308536529541,1.3564507961273193,0,2021-11-10T00:00:00.000000Z
2021-11-10T00:00:00.000000Z,1.3560976982116699,1.3566679954528809,1.3468376398086548,1.3560001850128174,0,2021-11-11T00:00:00.000000Z
2021-11-11T00:00:00.000000Z,1.3412736654281616,1.3432736396789551,1.3370234966278076,1.3412736654281616,0,2021-11-12T00:00:00.000000Z
2021-11-12T00:00:00.000000Z,1.3367197513580322,1.3422818183898926,1.33539879322052,1.3366482257843018,0,2021-11-13T00:00:00.000000Z
2021-11-15T00:00:00.000000Z,1.3416875600814819,1.3449536561965942,1.3403927087783813,1.3417055606842041,0,2021-11-16T00:00:00.000000Z
2021-11-17T00:00:00.000000Z,1.342426061630249,1.349017858505249,1.3402670621871948,1.3424620628356934,0,2021-11-18T00:00:00.000000Z
2021-11-18T00:00:00.000000Z,1.3489633798599243,1.3513896465301514,1.3465402126312256,1.3491635322570801,0,2021-11-19T00:00:00.000000Z
2021-11-19T00:00:00.000000Z,1.3498373031616211,1.3509862422943115,1.3408420085906982,1.3499648571014404,0,2021-11-20T00:00:00.000000Z
2021-11-22T00:00:00.000000Z,1.3433601856231689,1.3449898958206177,1.3392258882522583,1.3434540033340454,0,2021-11-23T00:00:00.000000Z
2021-11-23T00:00:00.000000Z,1.3397642374038696,1.3408420085906982,1.3344186544418335,1.3397642374038696,0,2021-11-24T00:00:00.000000Z
2021-11-24T00:00:00.000000Z,1.3375779390335083,1.3389748334884644,1.3324805498123169,1.3375958204269409,0,2021-11-25T00:00:00.000000Z
2021-11-25T00:00:00.000000Z,1.3331022262573242,1.3353006839752197,1.3306542634963989,1.3330667018890381,0,2021-11-26T00:00:00.000000Z
2021-11-26T00:00:00.000000Z,1.3313452005386353,1.3348461389541626,1.3280565738677979,1.331416130065918,0,2021-11-27T00:00:00.000000Z
2021-11-29T00:00:00.000000Z,1.3339558839797974,1.3363088369369507,1.3290272951126099,1.334098219871521,0,2021-11-30T00:00:00.000000Z
2021-11-30T00:00:00.000000Z,1.3316643238067627,1.3369340896606445,1.3206201791763306,1.3315047025680542,0,2021-12-01T00:00:00.000000Z
2021-12-01T00:00:00.000000Z,1.3295927047729492,1.3351134061813354,1.3277214765548706,1.3295927047729492,0,2021-12-02T00:00:00.000000Z
2021-12-02T00:00:00.000000Z,1.3279330730438232,1.3332622051239014,1.3272457122802734,1.3280000686645508,0,2021-12-03T00:00:00.000000Z
2021-12-03T00:00:00.000000Z,1.3300702571868896,1.3308136463165283,1.321143627166748,1.3299994468688965,0,2021-12-04T00:00:00.000000Z
2021-12-06T00:00:00.000000Z,1.323293924331665,1.3285505771636963,1.3223839998245239,1.3237318992614746,0,2021-12-07T00:00:00.000000Z
2021-12-07T00:00:00.000000Z,1.3264182806015015,1.3289742469787598,1.3210563659667969,1.326435923576355,0,2021-12-08T00:00:00.000000Z
2021-12-08T00:00:00.000000Z,1.3248542547225952,1.326259970664978,1.3174710273742676,1.3246086835861206,0,2021-12-09T00:00:00.000000Z
2021-12-09T00:00:00.000000Z,1.3210039138793945,1.3217023611068726,1.3176271915435791,1.3210039138793945,0,2021-12-10T00:00:00.000000Z
2021-12-10T00:00:00.000000Z,1.3224889039993286,1.3271048069000244,1.3190872669219971,1.3224014043807983,0,2021-12-11T00:00:00.000000Z
2021-12-13T00:00:00.000000Z,1.3258028030395508,1.3268758058547974,1.3222440481185913,1.3257148265838623,0,2021-12-14T00:00:00.000000Z
2021-12-14T00:00:00.000000Z,1.3213355541229248,1.325556755065918,1.3190872669219971,1.3213530778884888,0,2021-12-15T00:00:00.000000Z
2021-12-15T00:00:00.000000Z,1.3231364488601685,1.328285813331604,1.3208119869232178,1.3230506181716919,0,2021-12-16T00:00:00.000000Z
2021-12-16T00:00:00.000000Z,1.3264006376266479,1.3373274803161621,1.324310302734375,1.3263126611709595,0,2021-12-17T00:00:00.000000Z
2021-12-17T00:00:00.000000Z,1.3324273824691772,1.3340448141098022,1.3257676362991333,1.3323739767074585,0,2021-12-18T00:00:00.000000Z
2021-12-20T00:00:00.000000Z,1.3229963779449463,1.3243454694747925,1.317401647567749,1.3229438066482544,0,2021-12-21T00:00:00.000000Z
2021-12-21T00:00:00.000000Z,1.3209865093231201,1.3261193037033081,1.3199751377105713,1.3210004568099976,0,2021-12-22T00:00:00.000000Z
2021-12-22T00:00:00.000000Z,1.3269991874694824,1.3362374305725098,1.3241350650787354,1.3269639015197754,0,2021-12-23T00:00:00.000000Z
2021-12-23T00:00:00.000000Z,1.3352025747299194,1.3437248468399048,1.3345077037811279,1.3352025747299194,0,2021-12-24T00:00:00.000000Z
2021-12-24T00:00:00.000000Z,1.3409138917922974,1.3425701856613159,1.3394052982330322,1.3406623601913452,0,2021-12-25T00:00:00.000000Z
2021-12-27T00:00:00.000000Z,1.3405202627182007,1.3440697193145752,1.3392258882522583,1.3404303789138794,0,2021-12-28T00:00:00.000000Z
2021-12-28T00:00:00.000000Z,1.3444474935531616,1.3462574481964111,1.3418315649032593,1.3442666530609131,0,2021-12-29T00:00:00.000000Z
2021-12-29T00:00:00.000000Z,1.3433998823165894,1.3499284982681274,1.3409138917922974,1.3433277606964111,0,2021-12-30T00:00:00.000000Z
2021-12-30T00:00:00.000000Z,1.3497644662857056,1.352155327796936,1.3455327749252319,1.349879264831543,0,2021-12-31T00:00:00.000000Z
2021-12-31T00:00:00.000000Z,1.3498920202255249,1.3548483848571777,1.3467469215393066,1.3498373031616211,0,2022-01-01T00:00:00.000000Z
2022-01-03T00:00:00.000000Z,1.3522284030914307,1.353179931640625,1.3432736396789551,1.3522284030914307,0,2022-01-04T00:00:00.000000Z
2022-01-04T00:00:00.000000Z,1.3482794761657715,1.3556748628616333,1.3460761308670044,1.3483266830444336,0,2022-01-05T00:00:00.000000Z
2022-01-05T00:00:00.000000Z,1.3530517816543579,1.3573309183120728,1.3522651195526123,1.3531433343887329,0,2022-01-06T00:00:00.000000Z
2022-01-06T00:00:00.000000Z,1.355546236038208,1.3557482957839966,1.3491089344024658,1.3555645942687988,0,2022-01-07T00:00:00.000000Z
2022-01-07T00:00:00.000000Z,1.3533997535705566,1.3583449125289917,1.3529419898986816,1.353363037109375,0,2022-01-08T00:00:00.000000Z
2022-01-10T00:00:00.000000Z,1.3590834140777588,1.3601926565170288,1.3534179925918579,1.3592311143875122,0,2022-01-11T00:00:00.000000Z
2022-01-11T00:00:00.000000Z,1.3581697940826416,1.3624163866043091,1.3562816381454468,1.3580313920974731,0,2022-01-12T00:00:00.000000Z
2022-01-12T00:00:00.000000Z,1.3634008169174194,1.3699380159378052,1.3622123003005981,1.3633265495300293,0,2022-01-13T00:00:00.000000Z
2022-01-13T00:00:00.000000Z,1.3706891536712646,1.3749485015869141,1.3705576658248901,1.3709993362426758,0,2022-01-14T00:00:00.000000Z
2022-01-14T00:00:00.000000Z,1.3712906837463379,1.3741927146911621,1.3667699098587036,1.3713659048080444,0,2022-01-15T00:00:00.000000Z
2022-01-17T00:00:00.000000Z,1.367353081703186,1.3688992261886597,1.3638657331466675,1.367353081703186,0,2022-01-18T00:00:00.000000Z
2022-01-18T00:00:00.000000Z,1.3648002147674561,1.3661202192306519,1.3576257228851318,1.3648002147674561,0,2022-01-19T00:00:00.000000Z
2022-01-19T00:00:00.000000Z,1.3600815534591675,1.3648151159286499,1.3589357137680054,1.3600261211395264,0,2022-01-20T00:00:00.000000Z
2022-01-20T00:00:00.000000Z,1.3609515428543091,1.3661575317382812,1.3601555824279785,1.3608589172363281,0,2022-01-21T00:00:00.000000Z
2022-01-21T00:00:00.000000Z,1.3600261211395264,1.3603591918945312,1.3547565937042236,1.3597671985626221,0,2022-01-22T00:00:00.000000Z
2022-01-24T00:00:00.000000Z,1.3554911613464355,1.3566679954528809,1.3443028926849365,1.3555830717086792,0,2022-01-25T00:00:00.000000Z
2022-01-25T00:00:00.000000Z,1.348981499671936,1.3500559329986572,1.3437067270278931,1.3489269018173218,0,2022-01-26T00:00:00.000000Z
2022-01-26T00:00:00.000000Z,1.3510409593582153,1.3524478673934937,1.3494184017181396,1.3510775566101074,0,2022-01-27T00:00:00.000000Z
2022-01-28T00:00:00.000000Z,1.3388494253158569,1.3432012796401978,1.3365589380264282,1.3388315439224243,0,2022-01-29T00:00:00.000000Z
2022-01-31T00:00:00.000000Z,1.3402130603790283,1.3454241752624512,1.3395309448242188,1.3403388261795044,0,2022-02-01T00:00:00.000000Z
2022-02-01T00:00:00.000000Z,1.3442666530609131,1.3514060974121094,1.3435803651809692,1.3445378541946411,0,2022-02-02T00:00:00.000000Z
2022-02-02T00:00:00.000000Z,1.3523930311203003,1.3584926128387451,1.3517167568206787,1.3525393009185791,0,2022-02-03T00:00:00.000000Z
2022-02-03T00:00:00.000000Z,1.3564472198486328,1.3625463247299194,1.3539128303527832,1.3565024137496948,0,2022-02-04T00:00:00.000000Z
2022-02-04T00:00:00.000000Z,1.3596193790435791,1.3616558313369751,1.3508037328720093,1.3598412275314331,0,2022-02-05T00:00:00.000000Z
2022-02-07T00:00:00.000000Z,1.353363037109375,1.3550318479537964,1.3491816520690918,1.3533447980880737,0,2022-02-08T00:00:00.000000Z
2022-02-08T00:00:00.000000Z,1.3538395166397095,1.3566679954528809,1.3509862422943115,1.3537807464599609,0,2022-02-09T00:00:00.000000Z
2022-02-09T00:00:00.000000Z,1.3548115491867065,1.3588248491287231,1.3538211584091187,1.3547565937042236,0,2022-02-10T00:00:00.000000Z
2022-02-10T00:00:00.000000Z,1.3533997535705566,1.3643310070037842,1.3525393009185791,1.3533265590667725,0,2022-02-11T00:00:00.000000Z
2022-02-11T00:00:00.000000Z,1.3549767732620239,1.360877513885498,1.3515340089797974,1.3551788330078125,0,2022-02-12T00:00:00.000000Z
2022-02-14T00:00:00.000000Z,1.3570178747177124,1.3572204113006592,1.349582314491272,1.3569625616073608,0,2022-02-15T00:00:00.000000Z
2022-02-15T00:00:00.000000Z,1.3533265590667725,1.3566864728927612,1.349017858505249,1.3532898426055908,0,2022-02-16T00:00:00.000000Z
2022-02-16T00:00:00.000000Z,1.3541145324707031,1.3589910268783569,1.3539128303527832,1.3541145324707031,0,2022-02-17T00:00:00.000000Z
2022-02-17T00:00:00.000000Z,1.3582342863082886,1.3636425733566284,1.3558034896850586,1.3584926128387451,0,2022-02-18T00:00:00.000000Z
2022-02-18T00:00:00.000000Z,1.3615444898605347,1.3640704154968262,1.3574415445327759,1.3618782758712769,0,2022-02-19T00:00:00.000000Z
2022-02-21T00:00:00.000000Z,1.3591794967651367,1.3638285398483276,1.3587141036987305,1.359342098236084,0,2022-02-22T00:00:00.000000Z
2022-02-22T00:00:00.000000Z,1.3595268726348877,1.3605442047119141,1.3540045022964478,1.3596007823944092,0,2022-02-23T00:00:00.000000Z
2022-02-23T00:00:00.000000Z,1.3590834140777588,1.361952543258667,1.354921817779541,1.3589357137680054,0,2022-02-24T00:00:00.000000Z
2022-02-24T00:00:00.000000Z,1.3544628620147705,1.3547382354736328,1.3275980949401855,1.3545730113983154,0,2022-02-25T00:00:00.000000Z
2022-02-25T00:00:00.000000Z,1.3372201919555664,1.3439054489135742,1.3368983268737793,1.3373274803161621,0,2022-02-26T00:00:00.000000Z
2022-02-28T00:00:00.000000Z,1.337005615234375,1.3431112766265869,1.3342584371566772,1.3373274803161621,0,2022-03-01T00:00:00.000000Z
2022-03-01T00:00:00.000000Z,1.3422818183898926,1.3437248468399048,1.3312033414840698,1.3422818183898926,0,2022-03-02T00:00:00.000000Z
2022-03-02T00:00:00.000000Z,1.3333333730697632,1.3370950222015381,1.327404260635376,1.3335111141204834,0,2022-03-03T00:00:00.000000Z
2022-03-03T00:00:00.000000Z,1.3397282361984253,1.3417955636978149,1.3320368528366089,1.3396924734115601,0,2022-03-04T00:00:00.000000Z
2022-03-04T00:00:00.000000Z,1.3351312875747681,1.3351312875747681,1.3205330371856689,1.3350956439971924,0,2022-03-05T00:00:00.000000Z
2022-03-07T00:00:00.000000Z,1.3212482929229736,1.3225939273834229,1.3103927373886108,1.3212482929229736,0,2022-03-08T00:00:00.000000Z
2022-03-08T00:00:00.000000Z,1.3114066123962402,1.3142850399017334,1.3083696365356445,1.3112295866012573,0,2022-03-09T00:00:00.000000Z
2022-03-09T00:00:00.000000Z,1.3102554082870483,1.3182351589202881,1.3099292516708374,1.3099292516708374,0,2022-03-10T00:00:00.000000Z
2022-03-10T00:00:00.000000Z,1.3188437223434448,1.3194701671600342,1.3107362985610962,1.3185653686523438,0,2022-03-11T00:00:00.000000Z
2022-03-11T00:00:00.000000Z,1.3103067874908447,1.3124909400939941,1.3052444458007812,1.3103240728378296,0,2022-03-12T00:00:00.000000Z
2022-03-14T00:00:00.000000Z,1.304955005645752,1.3078734874725342,1.3010499477386475,1.3050298690795898,0,2022-03-15T00:00:00.000000Z
2022-03-15T00:00:00.000000Z,1.3010838031768799,1.3088662624359131,1.3001364469528198,1.3011853694915771,0,2022-03-16T00:00:00.000000Z
2022-03-16T00:00:00.000000Z,1.3045003414154053,1.3114409446716309,1.3036619424819946,1.3046485185623169,0,2022-03-17T00:00:00.000000Z
2022-03-17T00:00:00.000000Z,1.314077615737915,1.3211086988449097,1.3089518547058105,1.3141123056411743,0,2022-03-18T00:00:00.000000Z
2022-03-18T00:00:00.000000Z,1.3160492181777954,1.31816565990448,1.3112002611160278,1.3160406351089478,0,2022-03-19T00:00:00.000000Z
2022-03-21T00:00:00.000000Z,1.3160665035247803,1.3209865093231201,1.3128355741500854,1.3160839080810547,0,2022-03-22T00:00:00.000000Z
2022-03-22T00:00:00.000000Z,1.3167943954467773,1.3272457122802734,1.3120949268341064,1.3168290853500366,0,2022-03-23T00:00:00.000000Z
2022-03-23T00:00:00.000000Z,1.3269639015197754,1.3298933506011963,1.3176271915435791,1.3266470432281494,0,2022-03-24T00:00:00.000000Z
2022-03-24T00:00:00.000000Z,1.3206549882888794,1.3214752674102783,1.3157894611358643,1.3206027746200562,0,2022-03-25T00:00:00.000000Z
2022-03-25T00:00:00.000000Z,1.3195919990539551,1.3225588798522949,1.3161704540252686,1.3195745944976807,0,2022-03-26T00:00:00.000000Z
2022-03-28T00:00:00.000000Z,1.3176966905593872,1.3178876638412476,1.3068649768829346,1.3176271915435791,0,2022-03-29T00:00:00.000000Z
2022-03-29T00:00:00.000000Z,1.3099979162216187,1.3159279823303223,1.3052273988723755,1.3103584051132202,0,2022-03-30T00:00:00.000000Z
2022-03-30T00:00:00.000000Z,1.3092947006225586,1.318061351776123,1.3091576099395752,1.3093804121017456,0,2022-03-31T00:00:00.000000Z
2022-03-31T00:00:00.000000Z,1.3136806488037109,1.3170892000198364,1.3109596967697144,1.3138878345489502,0,2022-04-01T00:00:00.000000Z
2022-04-04T00:00:00.000000Z,1.3105130195617676,1.3136289119720459,1.3095176219940186,1.3103755712509155,0,2022-04-05T00:00:00.000000Z
2022-04-05T00:00:00.000000Z,1.3113033771514893,1.3166903257369995,1.3100494146347046,1.3114582300186157,0,2022-04-06T00:00:00.000000Z
2022-04-06T00:00:00.000000Z,1.3076339960098267,1.3106846809387207,1.3046654462814331,1.3077365159988403,0,2022-04-07T00:00:00.000000Z
2022-04-07T00:00:00.000000Z,1.307172417640686,1.3106675148010254,1.3055000305175781,1.3072066307067871,0,2022-04-08T00:00:00.000000Z
2022-04-08T00:00:00.000000Z,1.3068649768829346,1.3078734874725342,1.2984820604324341,1.3069332838058472,0,2022-04-09T00:00:00.000000Z
2022-04-11T00:00:00.000000Z,1.3029484748840332,1.3057557344436646,1.2989881038665771,1.303220272064209,0,2022-04-12T00:00:00.000000Z
2022-04-12T00:00:00.000000Z,1.3023545742034912,1.3053637742996216,1.2996971607208252,1.3024225234985352,0,2022-04-13T00:00:00.000000Z
2022-04-13T00:00:00.000000Z,1.3003494739532471,1.3071553707122803,1.2974375486373901,1.3002548217773438,0,2022-04-14T00:00:00.000000Z
2022-04-14T00:00:00.000000Z,1.3122154474258423,1.3147515058517456,1.3038150072097778,1.3120260238647461,0,2022-04-15T00:00:00.000000Z
2022-04-15T00:00:00.000000Z,1.3061650991439819,1.3076680898666382,1.3052785396575928,1.3070015907287598,0,2022-04-16T00:00:00.000000Z
2022-04-18T00:00:00.000000Z,1.3057729005813599,1.3057729005813599,1.3007960319519043,1.3057557344436646,0,2022-04-19T00:00:00.000000Z
2022-04-19T00:00:00.000000Z,1.3007622957229614,1.3039849996566772,1.2983304262161255,1.3009822368621826,0,2022-04-20T00:00:00.000000Z
2022-04-20T00:00:00.000000Z,1.3015749454498291,1.3066771030426025,1.2997984886169434,1.301371693611145,0,2022-04-21T00:00:00.000000Z
2022-04-21T00:00:00.000000Z,1.3068137168884277,1.308832049369812,1.3024225234985352,1.3068820238113403,0,2022-04-22T00:00:00.000000Z
2022-04-22T00:00:00.000000Z,1.3024055957794189,1.3033730983734131,1.2840760946273804,1.3026261329650879,0,2022-04-23T00:00:00.000000Z
2022-04-26T00:00:00.000000Z,1.2737231254577637,1.2772371768951416,1.261304497718811,1.2739989757537842,0,2022-04-27T00:00:00.000000Z
2022-04-27T00:00:00.000000Z,1.2584472894668579,1.2600805759429932,1.2503907680511475,1.2583998441696167,0,2022-04-28T00:00:00.000000Z
2022-04-28T00:00:00.000000Z,1.2539657354354858,1.2566760778427124,1.2414032220840454,1.2541857957839966,0,2022-04-29T00:00:00.000000Z
2022-05-02T00:00:00.000000Z,1.2573791742324829,1.2596362829208374,1.2505314350128174,1.2573871612548828,0,2022-05-03T00:00:00.000000Z
2022-05-03T00:00:00.000000Z,1.2501094341278076,1.2566444873809814,1.2493799924850464,1.2498282194137573,0,2022-05-04T00:00:00.000000Z
2022-05-04T00:00:00.000000Z,1.2499375343322754,1.2537612915039062,1.246742844581604,1.2500405311584473,0,2022-05-05T00:00:00.000000Z
2022-05-05T00:00:00.000000Z,1.2618932723999023,1.2631685733795166,1.2327568531036377,1.261813759803772,0,2022-05-06T00:00:00.000000Z
2022-05-06T00:00:00.000000Z,1.2366442680358887,1.2380222082138062,1.2277697324752808,1.2364147901535034,0,2022-05-07T00:00:00.000000Z
2022-05-09T00:00:00.000000Z,1.2328935861587524,1.2404947280883789,1.2262115478515625,1.2326656579971313,0,2022-05-10T00:00:00.000000Z
2022-05-10T00:00:00.000000Z,1.2334866523742676,1.2374706268310547,1.2293771505355835,1.2338824272155762,0,2022-05-11T00:00:00.000000Z
2022-05-11T00:00:00.000000Z,1.230754017829895,1.2398025989532471,1.2281994819641113,1.2309207916259766,0,2022-05-12T00:00:00.000000Z
2022-05-12T00:00:00.000000Z,1.223466157913208,1.224814772605896,1.2171372175216675,1.2234212160110474,0,2022-05-13T00:00:00.000000Z
2022-05-13T00:00:00.000000Z,1.2204350233078003,1.2245148420333862,1.2157167196273804,1.2206137180328369,0,2022-05-14T00:00:00.000000Z
2022-05-16T00:00:00.000000Z,1.2261513471603394,1.2297248840332031,1.2218962907791138,1.2258507013320923,0,2022-05-17T00:00:00.000000Z
2022-05-17T00:00:00.000000Z,1.2327111959457397,1.2498124837875366,1.2322099208831787,1.2324832677841187,0,2022-05-18T00:00:00.000000Z
2022-05-18T00:00:00.000000Z,1.2490476369857788,1.2500624656677246,1.2374246120452881,1.2484394311904907,0,2022-05-19T00:00:00.000000Z
2022-05-19T00:00:00.000000Z,1.2347661256790161,1.2522697448730469,1.2340651750564575,1.2345831394195557,0,2022-05-20T00:00:00.000000Z
2022-05-20T00:00:00.000000Z,1.2465564012527466,1.2498750686645508,1.243966817855835,1.2462146282196045,0,2022-05-21T00:00:00.000000Z
2022-05-23T00:00:00.000000Z,1.250687837600708,1.2601124048233032,1.2501249313354492,1.2504063844680786,0,2022-05-24T00:00:00.000000Z
2022-05-24T00:00:00.000000Z,1.2567708492279053,1.2596838474273682,1.2472715377807617,1.256754994392395,0,2022-05-25T00:00:00.000000Z
2022-05-25T00:00:00.000000Z,1.2541544437408447,1.2557923793792725,1.2484238147735596,1.2542959451675415,0,2022-05-26T00:00:00.000000Z
2022-05-26T00:00:00.000000Z,1.2587007284164429,1.2621163129806519,1.2553036212921143,1.2586104869842529,0,2022-05-27T00:00:00.000000Z
2022-05-27T00:00:00.000000Z,1.2618615627288818,1.2666244506835938,1.2587165832519531,1.2617341279983521,0,2022-05-28T00:00:00.000000Z
2022-05-30T00:00:00.000000Z,1.2625147104263306,1.26603102684021,1.2617659568786621,1.2628335952758789,0,2022-05-31T00:00:00.000000Z
2022-05-31T00:00:00.000000Z,1.2645262479782104,1.2648460865020752,1.2562499046325684,1.2647020816802979,0,2022-06-01T00:00:00.000000Z
2022-06-01T00:00:00.000000Z,1.2609704732894897,1.2616863250732422,1.246012806892395,1.2608909606933594,0,2022-06-02T00:00:00.000000Z
2022-06-02T00:00:00.000000Z,1.2484238147735596,1.256960391998291,1.2470382452011108,1.2483147382736206,0,2022-06-03T00:00:00.000000Z
2022-06-03T00:00:00.000000Z,1.2577824592590332,1.2590018510818481,1.2494533061981201,1.2579249143600464,0,2022-06-04T00:00:00.000000Z
2022-06-06T00:00:00.000000Z,1.2488292455673218,1.257703423500061,1.2479876279830933,1.2492301464080811,0,2022-06-07T00:00:00.000000Z
2022-06-07T00:00:00.000000Z,1.2523167133331299,1.2594457864761353,1.2434408664703369,1.2523481845855713,0,2022-06-08T00:00:00.000000Z
2022-06-08T00:00:00.000000Z,1.2586057186126709,1.2589859962463379,1.2515017986297607,1.2587324380874634,0,2022-06-09T00:00:00.000000Z
2022-06-09T00:00:00.000000Z,1.254217267036438,1.2553982734680176,1.2492972612380981,1.2540285587310791,0,2022-06-10T00:00:00.000000Z
2022-06-10T00:00:00.000000Z,1.2493752241134644,1.2518151998519897,1.2315573692321777,1.2492972612380981,0,2022-06-11T00:00:00.000000Z
2022-06-13T00:00:00.000000Z,1.2278074026107788,1.2300122976303101,1.2127680778503418,1.2274909019470215,0,2022-06-14T00:00:00.000000Z
2022-06-14T00:00:00.000000Z,1.2144027948379517,1.220271110534668,1.199256420135498,1.2144765853881836,0,2022-06-15T00:00:00.000000Z
2022-06-15T00:00:00.000000Z,1.2013454437255859,1.2125327587127686,1.1992132663726807,1.2012588977813721,0,2022-06-16T00:00:00.000000Z
2022-06-16T00:00:00.000000Z,1.218145489692688,1.2344917058944702,1.205036997795105,1.2174336910247803,0,2022-06-17T00:00:00.000000Z
2022-06-20T00:00:00.000000Z,1.2228227853775024,1.2277772426605225,1.2200626134872437,1.2228227853775024,0,2022-06-21T00:00:00.000000Z
2022-06-21T00:00:00.000000Z,1.2250097990036011,1.2319215536117554,1.2249196767807007,1.2251749038696289,0,2022-06-22T00:00:00.000000Z
2022-06-22T00:00:00.000000Z,1.2264070510864258,1.23146653175354,1.2168558835983276,1.2266627550125122,0,2022-06-23T00:00:00.000000Z
2022-06-23T00:00:00.000000Z,1.2253249883651733,1.2294678688049316,1.2171818017959595,1.2250849008560181,0,2022-06-24T00:00:00.000000Z
2022-06-24T00:00:00.000000Z,1.2261964082717896,1.2316787242889404,1.2243498563766479,1.2260762453079224,0,2022-06-25T00:00:00.000000Z
2022-06-27T00:00:00.000000Z,1.2288031578063965,1.2330759763717651,1.2239753007888794,1.2282446622848511,0,2022-06-28T00:00:00.000000Z
2022-06-28T00:00:00.000000Z,1.2267531156539917,1.2291052341461182,1.2187690734863281,1.2267379760742188,0,2022-06-29T00:00:00.000000Z
2022-06-29T00:00:00.000000Z,1.2186353206634521,1.2212249040603638,1.2106831073760986,1.2189769744873047,0,2022-06-30T00:00:00.000000Z
2022-06-30T00:00:00.000000Z,1.2131063938140869,1.2186205387115479,1.2094384431838989,1.2131799459457397,0,2022-07-01T00:00:00.000000Z
2022-07-01T00:00:00.000000Z,1.2159976959228516,1.2162047624588013,1.198063850402832,1.2160863876342773,0,2022-07-02T00:00:00.000000Z
2022-07-04T00:00:00.000000Z,1.2105804681777954,1.2165154218673706,1.2086344957351685,1.2102727890014648,0,2022-07-05T00:00:00.000000Z
2022-07-05T00:00:00.000000Z,1.2114017009735107,1.2126061916351318,1.1900511980056763,1.211445689201355,0,2022-07-06T00:00:00.000000Z
2022-07-06T00:00:00.000000Z,1.1949572563171387,1.1986383199691772,1.1877613067626953,1.1949144601821899,0,2022-07-07T00:00:00.000000Z
2022-07-07T00:00:00.000000Z,1.1918951272964478,1.2021831274032593,1.1910008192062378,1.1923214197158813,0,2022-07-08T00:00:00.000000Z
2022-07-08T00:00:00.000000Z,1.2031956911087036,1.2055310010910034,1.1921935081481934,1.2028049230575562,0,2022-07-09T00:00:00.000000Z
2022-07-11T00:00:00.000000Z,1.2017786502838135,1.2019952535629272,1.1869436502456665,1.2016630172729492,0,2022-07-12T00:00:00.000000Z
2022-07-12T00:00:00.000000Z,1.1899944543838501,1.1912136077880859,1.1811256408691406,1.1900936365127563,0,2022-07-13T00:00:00.000000Z
2022-07-13T00:00:00.000000Z,1.1882693767547607,1.1959433555603027,1.1835299730300903,1.1877753734588623,0,2022-07-14T00:00:00.000000Z
2022-07-14T00:00:00.000000Z,1.1861974000930786,1.1884106397628784,1.1763184070587158,1.1863803863525391,0,2022-07-15T00:00:00.000000Z
2022-07-15T00:00:00.000000Z,1.1838662624359131,1.1873664855957031,1.1805957555770874,1.1839643716812134,0,2022-07-16T00:00:00.000000Z
2022-07-18T00:00:00.000000Z,1.1887921094894409,1.2030220031738281,1.1875497102737427,1.1888344287872314,0,2022-07-19T00:00:00.000000Z
2022-07-19T00:00:00.000000Z,1.1950715780258179,1.2042824029922485,1.1929330825805664,1.1948287487030029,0,2022-07-20T00:00:00.000000Z
2022-07-20T00:00:00.000000Z,1.2004225254058838,1.2036591768264771,1.195828914642334,1.2003505229949951,0,2022-07-21T00:00:00.000000Z
2022-07-21T00:00:00.000000Z,1.1966159343719482,1.2002352476119995,1.1893010139465332,1.1971746683120728,0,2022-07-22T00:00:00.000000Z
2022-07-22T00:00:00.000000Z,1.1996880769729614,1.2064181566238403,1.1920230388641357,1.1996161937713623,0,2022-07-23T00:00:00.000000Z
2022-07-25T00:00:00.000000Z,1.198422908782959,1.2083132266998291,1.1962151527404785,1.1986957788467407,0,2022-07-26T00:00:00.000000Z
2022-07-26T00:00:00.000000Z,1.205763578414917,1.2092190980911255,1.1965444087982178,1.2055164575576782,0,2022-07-27T00:00:00.000000Z
2022-07-27T00:00:00.000000Z,1.2038184404373169,1.2086637020111084,1.2022265195846558,1.2036880254745483,0,2022-07-28T00:00:00.000000Z
2022-07-28T00:00:00.000000Z,1.2166634798049927,1.2190513610839844,1.2104486227035522,1.2163082361221313,0,2022-07-29T00:00:00.000000Z
2022-07-29T00:00:00.000000Z,1.2174484729766846,1.2242598533630371,1.2067092657089233,1.2173447608947754,0,2022-07-30T00:00:00.000000Z
2022-08-01T00:00:00.000000Z,1.2167818546295166,1.2291958332061768,1.2164857387542725,1.2167373895645142,0,2022-08-02T00:00:00.000000Z
2022-08-02T00:00:00.000000Z,1.2259559631347656,1.2278375625610352,1.2181751728057861,1.2254151105880737,0,2022-08-03T00:00:00.000000Z
2022-08-03T00:00:00.000000Z,1.2147864103317261,1.2207329273223877,1.2101556062698364,1.2142995595932007,0,2022-08-04T00:00:00.000000Z
2022-08-04T00:00:00.000000Z,1.2139458656311035,1.2195122241973877,1.2071754932403564,1.2138278484344482,0,2022-08-05T00:00:00.000000Z
2022-08-05T00:00:00.000000Z,1.2159237861633301,1.2167521715164185,1.2007685899734497,1.215849757194519,0,2022-08-06T00:00:00.000000Z
2022-08-08T00:00:00.000000Z,1.2063890695571899,1.2135186195373535,1.2048628330230713,1.2059526443481445,0,2022-08-09T00:00:00.000000Z
2022-08-09T00:00:00.000000Z,1.2085030078887939,1.2129298448562622,1.2068257331848145,1.208473801612854,0,2022-08-10T00:00:00.000000Z
2022-08-10T00:00:00.000000Z,1.2072628736495972,1.2274457216262817,1.2067239284515381,1.207423210144043,0,2022-08-11T00:00:00.000000Z
2022-08-11T00:00:00.000000Z,1.2212845087051392,1.2248897552490234,1.2182939052581787,1.2212995290756226,0,2022-08-12T00:00:00.000000Z
2022-08-12T00:00:00.000000Z,1.2196609973907471,1.2210012674331665,1.2103606462478638,1.2196162939071655,0,2022-08-13T00:00:00.000000Z
2022-08-15T00:00:00.000000Z,1.2129886150360107,1.2147716283798218,1.2051241397857666,1.2127974033355713,0,2022-08-16T00:00:00.000000Z
2022-08-16T00:00:00.000000Z,1.2055600881576538,1.2116365432739258,1.2009415626525879,1.205690860748291,0,2022-08-17T00:00:00.000000Z
2022-08-17T00:00:00.000000Z,1.2096725702285767,1.2138131856918335,1.2029930353164673,1.209818959236145,0,2022-08-18T00:00:00.000000Z
2022-08-18T00:00:00.000000Z,1.2045869827270508,1.2078169584274292,1.1968880891799927,1.2045146226882935,0,2022-08-19T00:00:00.000000Z
2022-08-19T00:00:00.000000Z,1.1933743953704834,1.1933743953704834,1.1793286800384521,1.1932747364044189,0,2022-08-20T00:00:00.000000Z
2022-08-22T00:00:00.000000Z,1.1817677021026611,1.1838523149490356,1.1742602586746216,1.1818095445632935,0,2022-08-23T00:00:00.000000Z
2022-08-23T00:00:00.000000Z,1.1767059564590454,1.187324047088623,1.1720031499862671,1.1766505241394043,0,2022-08-24T00:00:00.000000Z
2022-08-24T00:00:00.000000Z,1.1831519603729248,1.1865352392196655,1.1758756637573242,1.18327796459198,0,2022-08-25T00:00:00.000000Z
2022-08-25T00:00:00.000000Z,1.1790227890014648,1.1862958669662476,1.1785920858383179,1.1791757345199585,0,2022-08-26T00:00:00.000000Z
2022-08-26T00:00:00.000000Z,1.1825922727584839,1.1900086402893066,1.1753091812133789,1.1824007034301758,0,2022-08-27T00:00:00.000000Z
2022-08-29T00:00:00.000000Z,1.1691803932189941,1.1742602586746216,1.164958119392395,1.1694538593292236,0,2022-08-30T00:00:00.000000Z
2022-08-30T00:00:00.000000Z,1.1721267700195312,1.1758065223693848,1.162304162979126,1.172250509262085,0,2022-08-31T00:00:00.000000Z
2022-08-31T00:00:00.000000Z,1.1660856008529663,1.1694538593292236,1.1600254774093628,1.1659767627716064,0,2022-09-01T00:00:00.000000Z
2022-09-01T00:00:00.000000Z,1.15968918800354,1.1617100238800049,1.1503244638442993,1.1598505973815918,0,2022-09-02T00:00:00.000000Z
2022-09-02T00:00:00.000000Z,1.1547343730926514,1.1588560342788696,1.1531364917755127,1.1548944711685181,0,2022-09-03T00:00:00.000000Z
2022-09-05T00:00:00.000000Z,1.1478551626205444,1.1520737409591675,1.1445183753967285,1.1474601030349731,0,2022-09-06T00:00:00.000000Z
2022-09-06T00:00:00.000000Z,1.1568851470947266,1.1607661247253418,1.1496235132217407,1.156644344329834,0,2022-09-07T00:00:00.000000Z
2022-09-07T00:00:00.000000Z,1.1512778997421265,1.1523658037185669,1.1409533023834229,1.151185154914856,0,2022-09-08T00:00:00.000000Z
2022-09-08T00:00:00.000000Z,1.152246356010437,1.1560158729553223,1.1461580991744995,1.1519808769226074,0,2022-09-09T00:00:00.000000Z
2022-09-09T00:00:00.000000Z,1.1520471572875977,1.1648629903793335,1.1516624689102173,1.1521600484848022,0,2022-09-10T00:00:00.000000Z
2022-09-12T00:00:00.000000Z,1.1618045568466187,1.1711248159408569,1.1601735353469849,1.1619395017623901,0,2022-09-13T00:00:00.000000Z
2022-09-13T00:00:00.000000Z,1.1689754724502563,1.1737639904022217,1.1520339250564575,1.1689754724502563,0,2022-09-14T00:00:00.000000Z
2022-09-14T00:00:00.000000Z,1.15035080909729,1.1589365005493164,1.1480792760848999,1.1506155729293823,0,2022-09-15T00:00:00.000000Z
2022-09-15T00:00:00.000000Z,1.154294490814209,1.1548677682876587,1.1469862461090088,1.1544944047927856,0,2022-09-16T00:00:00.000000Z
2022-09-16T00:00:00.000000Z,1.1454753875732422,1.1480661630630493,1.1352670192718506,1.1452654600143433,0,2022-09-17T00:00:00.000000Z
2022-09-19T00:00:00.000000Z,1.1436413526535034,1.1441648006439209,1.1355764865875244,1.1433144807815552,0,2022-09-20T00:00:00.000000Z
2022-09-20T00:00:00.000000Z,1.1448458433151245,1.1460398435592651,1.1383945941925049,1.1443217992782593,0,2022-09-21T00:00:00.000000Z
2022-09-21T00:00:00.000000Z,1.1380707025527954,1.1385631561279297,1.1306205987930298,1.1380578279495239,0,2022-09-22T00:00:00.000000Z
2022-09-22T00:00:00.000000Z,1.125517725944519,1.1362861394882202,1.1213151216506958,1.1255937814712524,0,2022-09-23T00:00:00.000000Z
2022-09-23T00:00:00.000000Z,1.1263036727905273,1.1273448467254639,1.0898588895797729,1.126417875289917,0,2022-09-24T00:00:00.000000Z
2022-09-26T00:00:00.000000Z,1.0799136161804199,1.0915601253509521,1.0379042625427246,1.0797386169433594,0,2022-09-27T00:00:00.000000Z
2022-09-27T00:00:00.000000Z,1.0770059823989868,1.0835410356521606,1.0738486051559448,1.0772843360900879,0,2022-09-28T00:00:00.000000Z
2022-09-28T00:00:00.000000Z,1.0728462934494019,1.0839638710021973,1.054162859916687,1.0727541446685791,0,2022-09-29T00:00:00.000000Z
2022-09-29T00:00:00.000000Z,1.0834587812423706,1.1065618991851807,1.0764493942260742,1.0835996866226196,0,2022-09-30T00:00:00.000000Z
2022-09-30T00:00:00.000000Z,1.1161835193634033,1.1233935356140137,1.1026816368103027,1.1169440746307373,0,2022-10-01T00:00:00.000000Z
2022-10-03T00:00:00.000000Z,1.1136478185653687,1.1332343816757202,1.1087949275970459,1.114057183265686,0,2022-10-04T00:00:00.000000Z
2022-10-04T00:00:00.000000Z,1.1339668035507202,1.1445969343185425,1.1282224655151367,1.1334141492843628,0,2022-10-05T00:00:00.000000Z
2022-10-05T00:00:00.000000Z,1.1450556516647339,1.1494913101196289,1.1227755546569824,1.1451343297958374,0,2022-10-06T00:00:00.000000Z
2022-10-06T00:00:00.000000Z,1.1355893611907959,1.1383427381515503,1.1120378971099854,1.13553786277771,0,2022-10-07T00:00:00.000000Z
2022-10-07T00:00:00.000000Z,1.1165200471878052,1.1223722696304321,1.1092008352279663,1.1162084341049194,0,2022-10-08T00:00:00.000000Z
2022-10-10T00:00:00.000000Z,1.107444167137146,1.111086368560791,1.102353572845459,1.1072726249694824,0,2022-10-11T00:00:00.000000Z
2022-10-11T00:00:00.000000Z,1.10784912109375,1.117131233215332,1.1001826524734497,1.1076405048370361,0,2022-10-12T00:00:00.000000Z
2022-10-12T00:00:00.000000Z,1.0967799425125122,1.109865665435791,1.0926454067230225,1.0967799425125122,0,2022-10-13T00:00:00.000000Z
2022-10-13T00:00:00.000000Z,1.1099271774291992,1.1361957788467407,1.1058276891708374,1.11055588722229,0,2022-10-14T00:00:00.000000Z
2022-10-14T00:00:00.000000Z,1.1301478147506714,1.1358731985092163,1.1161960363388062,1.1303905248641968,0,2022-10-15T00:00:00.000000Z
2022-10-17T00:00:00.000000Z,1.1238733530044556,1.1438636779785156,1.1217050552368164,1.124416708946228,0,2022-10-18T00:00:00.000000Z
2022-10-18T00:00:00.000000Z,1.1355248689651489,1.1412007808685303,1.1258091926574707,1.1353960037231445,0,2022-10-19T00:00:00.000000Z
2022-10-19T00:00:00.000000Z,1.1339540481567383,1.1349835395812988,1.122246265411377,1.134429931640625,0,2022-10-20T00:00:00.000000Z
2022-10-20T00:00:00.000000Z,1.1209505796432495,1.1333242654800415,1.1173683404922485,1.1211013793945312,0,2022-10-21T00:00:00.000000Z
2022-10-21T00:00:00.000000Z,1.1225360631942749,1.1293182373046875,1.1063781976699829,1.1221455335617065,0,2022-10-22T00:00:00.000000Z
2022-10-24T00:00:00.000000Z,1.1336454153060913,1.1379801034927368,1.1274846792221069,1.1344685554504395,0,2022-10-25T00:00:00.000000Z
2022-10-25T00:00:00.000000Z,1.1305439472198486,1.1499539613723755,1.1273703575134277,1.1307740211486816,0,2022-10-26T00:00:00.000000Z
2022-10-26T00:00:00.000000Z,1.1460660696029663,1.162358283996582,1.1434190273284912,1.146223783493042,0,2022-10-27T00:00:00.000000Z
2022-10-27T00:00:00.000000Z,1.1633453369140625,1.1644154787063599,1.1550945043563843,1.1638191938400269,0,2022-10-28T00:00:00.000000Z
2022-10-28T00:00:00.000000Z,1.1567380428314209,1.1600120067596436,1.1506155729293823,1.1566041707992554,0,2022-10-29T00:00:00.000000Z
2022-10-31T00:00:00.000000Z,1.1600793600082397,1.1613322496414185,1.1479870080947876,1.1595950126647949,0,2022-11-01T00:00:00.000000Z
2022-11-01T00:00:00.000000Z,1.1471836566925049,1.1565239429473877,1.1446754932403564,1.146815299987793,0,2022-11-02T00:00:00.000000Z
2022-11-02T00:00:00.000000Z,1.1492139101028442,1.1527377367019653,1.1458560228347778,1.1489498615264893,0,2022-11-03T00:00:00.000000Z
2022-11-03T00:00:00.000000Z,1.1382261514663696,1.1421784162521362,1.1162582635879517,1.1384334564208984,0,2022-11-04T00:00:00.000000Z
2022-11-04T00:00:00.000000Z,1.1170812845230103,1.1333756446838379,1.1163331270217896,1.1171187162399292,0,2022-11-05T00:00:00.000000Z
2022-11-07T00:00:00.000000Z,1.1337867975234985,1.148316502571106,1.1295350790023804,1.1331573724746704,0,2022-11-08T00:00:00.000000Z
2022-11-08T00:00:00.000000Z,1.1513441801071167,1.1597565412521362,1.1431314945220947,1.1517950296401978,0,2022-11-09T00:00:00.000000Z
2022-11-09T00:00:00.000000Z,1.1548811197280884,1.1566845178604126,1.1359248161315918,1.1552680730819702,0,2022-11-10T00:00:00.000000Z
2022-11-10T00:00:00.000000Z,1.1369062662124634,1.1682789325714111,1.1365057229995728,1.1368157863616943,0,2022-11-11T00:00:00.000000Z
2022-11-11T00:00:00.000000Z,1.1699190139770508,1.1799967288970947,1.1648901700973511,1.1695632934570312,0,2022-11-12T00:00:00.000000Z
2022-11-14T00:00:00.000000Z,1.179746150970459,1.1828299760818481,1.1711933612823486,1.1799131631851196,0,2022-11-15T00:00:00.000000Z
2022-11-15T00:00:00.000000Z,1.1752538681030273,1.2004081010818481,1.1742877960205078,1.1752496957778931,0,2022-11-16T00:00:00.000000Z
2022-11-16T00:00:00.000000Z,1.1881141662597656,1.1941438913345337,1.183249831199646,1.1880435943603516,0,2022-11-17T00:00:00.000000Z
2022-11-17T00:00:00.000000Z,1.1918951272964478,1.1955716609954834,1.1764705181121826,1.191525936126709,0,2022-11-18T00:00:00.000000Z
2022-11-18T00:00:00.000000Z,1.1859441995620728,1.1950000524520874,1.1859301328659058,1.1860145330429077,0,2022-11-19T00:00:00.000000Z
2022-11-21T00:00:00.000000Z,1.1886649131774902,1.1887637376785278,1.1780505180358887,1.1886366605758667,0,2022-11-22T00:00:00.000000Z
2022-11-22T00:00:00.000000Z,1.1824523210525513,1.1902211904525757,1.1823126077651978,1.1827600002288818,0,2022-11-23T00:00:00.000000Z
2022-11-23T00:00:00.000000Z,1.1898953914642334,1.2078316211700439,1.1873382329940796,1.1894567012786865,0,2022-11-24T00:00:00.000000Z
2022-11-24T00:00:00.000000Z,1.2078461647033691,1.2154213190078735,1.2060543298721313,1.2073503732681274,0,2022-11-25T00:00:00.000000Z
2022-11-25T00:00:00.000000Z,1.2110203504562378,1.2130005359649658,1.2061853408813477,1.2113430500030518,0,2022-11-26T00:00:00.000000Z
2022-11-28T00:00:00.000000Z,1.2060543298721313,1.2117980718612671,1.2022699117660522,1.2054728269577026,0,2022-11-29T00:00:00.000000Z
2022-11-29T00:00:00.000000Z,1.1963152885437012,1.2063744068145752,1.1954858303070068,1.1960291862487793,0,2022-11-30T00:00:00.000000Z
2022-11-30T00:00:00.000000Z,1.19438636302948,1.202747106552124,1.1903769969940186,1.1946860551834106,0,2022-12-01T00:00:00.000000Z
2022-12-01T00:00:00.000000Z,1.2075544595718384,1.2296946048736572,1.2073649168014526,1.2077498435974121,0,2022-12-02T00:00:00.000000Z
2022-12-02T00:00:00.000000Z,1.2254451513290405,1.2296493053436279,1.2139163017272949,1.2259259223937988,0,2022-12-03T00:00:00.000000Z
2022-12-05T00:00:00.000000Z,1.229755163192749,1.2344764471054077,1.2165449857711792,1.2297248840332031,0,2022-12-06T00:00:00.000000Z
2022-12-06T00:00:00.000000Z,1.2193634510040283,1.2263318300247192,1.2158941030502319,1.2192445993423462,0,2022-12-07T00:00:00.000000Z
2022-12-07T00:00:00.000000Z,1.213386058807373,1.2223743200302124,1.2107857465744019,1.2133007049560547,0,2022-12-08T00:00:00.000000Z
2022-12-08T00:00:00.000000Z,1.2213442325592041,1.2246646881103516,1.2156428098678589,1.2212398052215576,0,2022-12-09T00:00:00.000000Z
2022-12-09T00:00:00.000000Z,1.2234810590744019,1.2323466539382935,1.2222847938537598,1.2236007452011108,0,2022-12-10T00:00:00.000000Z
2022-12-12T00:00:00.000000Z,1.2236756086349487,1.2300122976303101,1.2213442325592041,1.2239153385162354,0,2022-12-13T00:00:00.000000Z
2022-12-13T00:00:00.000000Z,1.2270089387893677,1.2441525459289551,1.2251448631286621,1.2270842790603638,0,2022-12-14T00:00:00.000000Z
2022-12-14T00:00:00.000000Z,1.235559344291687,1.2422051429748535,1.2343850135803223,1.2356662750244141,0,2022-12-15T00:00:00.000000Z
2022-12-15T00:00:00.000000Z,1.2419275045394897,1.2425447702407837,1.2204350233078003,1.2419428825378418,0,2022-12-16T00:00:00.000000Z
2022-12-16T00:00:00.000000Z,1.2191256284713745,1.2222548723220825,1.2122387886047363,1.2189176082611084,0,2022-12-17T00:00:00.000000Z
2022-12-19T00:00:00.000000Z,1.216071605682373,1.224155068397522,1.2123415470123291,1.2160272598266602,0,2022-12-20T00:00:00.000000Z
2022-12-20T00:00:00.000000Z,1.2156000137329102,1.221926212310791,1.2086929082870483,1.2153326272964478,0,2022-12-21T00:00:00.000000Z
2022-12-21T00:00:00.000000Z,1.2189176082611084,1.2190364599227905,1.2071025371551514,1.2189176082611084,0,2022-12-22T00:00:00.000000Z
2022-12-22T00:00:00.000000Z,1.2077294588088989,1.2146240472793579,1.1994291543960571,1.2077397108078003,0,2022-12-23T00:00:00.000000Z
2022-12-23T00:00:00.000000Z,1.2038909196853638,1.2090144157409668,1.2020530700683594,1.203992486000061,0,2022-12-24T00:00:00.000000Z
2022-12-26T00:00:00.000000Z,1.2060005664825439,1.2096140384674072,1.2054002285003662,1.2060005664825439,0,2022-12-27T00:00:00.000000Z
2022-12-27T00:00:00.000000Z,1.2083569765090942,1.2112256288528442,1.2003360986709595,1.2084153890609741,0,2022-12-28T00:00:00.000000Z
2022-12-28T00:00:00.000000Z,1.2027760744094849,1.2124150991439819,1.2003360986709595,1.2027326822280884,0,2022-12-29T00:00:00.000000Z
2022-12-29T00:00:00.000000Z,1.2032970190048218,1.2075835466384888,1.2015476226806641,1.2028483152389526,0,2022-12-30T00:00:00.000000Z
2022-12-30T00:00:00.000000Z,1.2056617736816406,1.2106831073760986,1.2012734413146973,1.2056326866149902,0,2022-12-31T00:00:00.000000Z
2023-01-02T00:00:00.000000Z,1.2120183706283569,1.2123415470123291,1.2037605047225952,1.2120330333709717,0,2023-01-03T00:00:00.000000Z
2023-01-03T00:00:00.000000Z,1.2064036130905151,1.2089997529983521,1.1903769969940186,1.206287145614624,0,2023-01-04T00:00:00.000000Z
2023-01-04T00:00:00.000000Z,1.1967735290527344,1.2086637020111084,1.1967735290527344,1.1969740390777588,0,2023-01-05T00:00:00.000000Z
2023-01-05T00:00:00.000000Z,1.205269455909729,1.2078169584274292,1.1878036260604858,1.2057054042816162,0,2023-01-06T00:00:00.000000Z
2023-01-06T00:00:00.000000Z,1.1910291910171509,1.2067528963088989,1.1844552755355835,1.1912277936935425,0,2023-01-07T00:00:00.000000Z
2023-01-09T00:00:00.000000Z,1.2120771408081055,1.2207329273223877,1.2095261812210083,1.2116365432739258,0,2023-01-10T00:00:00.000000Z
2023-01-10T00:00:00.000000Z,1.2184720039367676,1.2198096513748169,1.2112549543380737,1.2184869050979614,0,2023-01-11T00:00:00.000000Z
2023-01-11T00:00:00.000000Z,1.2154507637023926,1.2177894115447998,1.2101849317550659,1.2154507637023926,0,2023-01-12T00:00:00.000000Z
2023-01-12T00:00:00.000000Z,1.2160124778747559,1.2237355709075928,1.2097164392471313,1.2159533500671387,0,2023-01-13T00:00:00.000000Z
2023-01-13T00:00:00.000000Z,1.2216426134109497,1.2246947288513184,1.2151849269866943,1.2217769622802734,0,2023-01-14T00:00:00.000000Z
2023-01-16T00:00:00.000000Z,1.2224639654159546,1.2288635969161987,1.2174336910247803,1.2226732969284058,0,2023-01-17T00:00:00.000000Z
2023-01-17T00:00:00.000000Z,1.2208819389343262,1.2299820184707642,1.2170631885528564,1.2207776308059692,0,2023-01-18T00:00:00.000000Z
2023-01-18T00:00:00.000000Z,1.228365421295166,1.2433171272277832,1.2256554365158081,1.228471040725708,0,2023-01-19T00:00:00.000000Z
2023-01-19T00:00:00.000000Z,1.2346745729446411,1.2375471591949463,1.2313905954360962,1.2347661256790161,0,2023-01-20T00:00:00.000000Z
2023-01-20T00:00:00.000000Z,1.2392034530639648,1.2399994134902954,1.2336541414260864,1.2393262386322021,0,2023-01-21T00:00:00.000000Z
2023-01-23T00:00:00.000000Z,1.2407255172729492,1.244926929473877,1.2324681282043457,1.2406332492828369,0,2023-01-24T00:00:00.000000Z
2023-01-24T00:00:00.000000Z,1.2379301786422729,1.2413724660873413,1.2264971733093262,1.2379761934280396,0,2023-01-25T00:00:00.000000Z
2023-01-25T00:00:00.000000Z,1.2332433462142944,1.2399102449417114,1.2285615205764771,1.2329239845275879,0,2023-01-26T00:00:00.000000Z
2023-01-26T00:00:00.000000Z,1.2411566972732544,1.2430853843688965,1.2345983982086182,1.2412492036819458,0,2023-01-27T00:00:00.000000Z
2023-01-27T00:00:00.000000Z,1.2414957284927368,1.2419275045394897,1.2348117828369141,1.2415266036987305,0,2023-01-28T00:00:00.000000Z
2023-01-30T00:00:00.000000Z,1.2401254177093506,1.241757869720459,1.2368737459182739,1.2400301694869995,0,2023-01-31T00:00:00.000000Z
2023-01-31T00:00:00.000000Z,1.235223650932312,1.2370114326477051,1.2286370992660522,1.2353609800338745,0,2023-02-01T00:00:00.000000Z
2023-02-01T00:00:00.000000Z,1.2307844161987305,1.2347203493118286,1.2303149700164795,1.2308903932571411,0,2023-02-02T00:00:00.000000Z
2023-02-02T00:00:00.000000Z,1.2388657331466675,1.2401869297027588,1.2240650653839111,1.2390038967132568,0,2023-02-03T00:00:00.000000Z
2023-02-03T00:00:00.000000Z,1.222195029258728,1.2266175746917725,1.206578254699707,1.2222995758056641,0,2023-02-04T00:00:00.000000Z
2023-02-06T00:00:00.000000Z,1.2044564485549927,1.2078461647033691,1.2006387710571289,1.2045146226882935,0,2023-02-07T00:00:00.000000Z
2023-02-07T00:00:00.000000Z,1.2027181386947632,1.2060005664825439,1.1963152885437012,1.2026747465133667,0,2023-02-08T00:00:00.000000Z
2023-02-08T00:00:00.000000Z,1.2054728269577026,1.2110350131988525,1.2039633989334106,1.2054582834243774,0,2023-02-09T00:00:00.000000Z
2023-02-09T00:00:00.000000Z,1.2072920799255371,1.2192445993423462,1.2057781219482422,1.2071462869644165,0,2023-02-10T00:00:00.000000Z
2023-02-10T00:00:00.000000Z,1.2116659879684448,1.2138426303863525,1.2060399055480957,1.2116806507110596,0,2023-02-11T00:00:00.000000Z
2023-02-13T00:00:00.000000Z,1.2051241397857666,1.2143733501434326,1.2032536268234253,1.2052258253097534,0,2023-02-14T00:00:00.000000Z
2023-02-14T00:00:00.000000Z,1.2151259183883667,1.2257004976272583,1.212106466293335,1.2152144908905029,0,2023-02-15T00:00:00.000000Z
2023-02-15T00:00:00.000000Z,1.2174781560897827,1.218145489692688,1.1991126537322998,1.2174336910247803,0,2023-02-16T00:00:00.000000Z
2023-02-16T00:00:00.000000Z,1.2041809558868408,1.207394003868103,1.1967161893844604,1.2039779424667358,0,2023-02-17T00:00:00.000000Z
2023-02-17T00:00:00.000000Z,1.1974613666534424,1.2031377553939819,1.1916821002960205,1.197533130645752,0,2023-02-18T00:00:00.000000Z
2023-02-20T00:00:00.000000Z,1.202833890914917,1.2056472301483154,1.2015476226806641,1.2029786109924316,0,2023-02-21T00:00:00.000000Z
2023-02-21T00:00:00.000000Z,1.2037171125411987,1.2143881320953369,1.1991269588470459,1.2039200067520142,0,2023-02-22T00:00:00.000000Z
2023-02-22T00:00:00.000000Z,1.2109909057617188,1.2135627269744873,1.2058508396148682,1.2109322547912598,0,2023-02-23T00:00:00.000000Z
2023-02-23T00:00:00.000000Z,1.2049063444137573,1.2075399160385132,1.2013454437255859,1.2049934864044189,0,2023-02-24T00:00:00.000000Z
2023-02-24T00:00:00.000000Z,1.201735258102417,1.2040649652481079,1.1931465864181519,1.2017786502838135,0,2023-02-25T00:00:00.000000Z
2023-02-27T00:00:00.000000Z,1.1951143741607666,1.205690860748291,1.1923214197158813,1.1952428817749023,0,2023-02-28T00:00:00.000000Z
2023-02-28T00:00:00.000000Z,1.2063016891479492,1.2142553329467773,1.2027615308761597,1.2061562538146973,0,2023-03-01T00:00:00.000000Z
2023-03-01T00:00:00.000000Z,1.2031377553939819,1.2088243961334229,1.1966875791549683,1.2033549547195435,0,2023-03-02T00:00:00.000000Z
2023-03-02T00:00:00.000000Z,1.2030364274978638,1.2036300897598267,1.1927623748779297,1.2029930353164673,0,2023-03-03T00:00:00.000000Z
2023-03-03T00:00:00.000000Z,1.1950429677963257,1.2018797397613525,1.1949286460876465,1.1951572895050049,0,2023-03-04T00:00:00.000000Z
2023-03-06T00:00:00.000000Z,1.203050971031189,1.2048047780990601,1.1994434595108032,1.2028483152389526,0,2023-03-07T00:00:00.000000Z
2023-03-07T00:00:00.000000Z,1.2026747465133667,1.2064036130905151,1.1852554082870483,1.2026457786560059,0,2023-03-08T00:00:00.000000Z
2023-03-08T00:00:00.000000Z,1.1829419136047363,1.1857894659042358,1.180790901184082,1.1827740669250488,0,2023-03-09T00:00:00.000000Z
2023-03-09T00:00:00.000000Z,1.1849464178085327,1.1935452222824097,1.1833759546279907,1.1850166320800781,0,2023-03-10T00:00:00.000000Z
2023-03-10T00:00:00.000000Z,1.1923925876617432,1.2109763622283936,1.1911568641662598,1.1922503709793091,0,2023-03-11T00:00:00.000000Z
2023-03-13T00:00:00.000000Z,1.2077147960662842,1.21761155128479,1.205153226852417,1.2079336643218994,0,2023-03-14T00:00:00.000000Z
2023-03-14T00:00:00.000000Z,1.2168114185333252,1.2202116250991821,1.2141520977020264,1.2171372175216675,0,2023-03-15T00:00:00.000000Z
2023-03-15T00:00:00.000000Z,1.2151997089385986,1.218145489692688,1.2019087076187134,1.2152144908905029,0,2023-03-16T00:00:00.000000Z
2023-03-16T00:00:00.000000Z,1.2068257331848145,1.2116659879684448,1.2029350996017456,1.2069277763366699,0,2023-03-17T00:00:00.000000Z
2023-03-17T00:00:00.000000Z,1.2111802101135254,1.2176560163497925,1.2103167772293091,1.2110495567321777,0,2023-03-18T00:00:00.000000Z
2023-03-20T00:00:00.000000Z,1.2188136577606201,1.2265123128890991,1.2168114185333252,1.2187690734863281,0,2023-03-21T00:00:00.000000Z
2023-03-21T00:00:00.000000Z,1.2274758815765381,1.2281843423843384,1.2182939052581787,1.2276264429092407,0,2023-03-22T00:00:00.000000Z
2023-03-22T00:00:00.000000Z,1.222583532333374,1.2295737266540527,1.2209266424179077,1.2225087881088257,0,2023-03-23T00:00:00.000000Z
2023-03-23T00:00:00.000000Z,1.2278677225112915,1.2342631816864014,1.2266627550125122,1.2279732227325439,0,2023-03-24T00:00:00.000000Z
2023-03-24T00:00:00.000000Z,1.2279430627822876,1.2289994955062866,1.2192296981811523,1.228154182434082,0,2023-03-25T00:00:00.000000Z
2023-03-27T00:00:00.000000Z,1.2241849899291992,1.2291052341461182,1.221985936164856,1.2246003150939941,0,2023-03-28T00:00:00.000000Z
2023-03-28T00:00:00.000000Z,1.2297248840332031,1.2349033355712891,1.2281994819641113,1.229755163192749,0,2023-03-29T00:00:00.000000Z
2023-03-29T00:00:00.000000Z,1.2336236238479614,1.2360023260116577,1.2304997444152832,1.2330456972122192,0,2023-03-30T00:00:00.000000Z
2023-03-30T00:00:00.000000Z,1.2311177253723145,1.2383594512939453,1.2295434474945068,1.2313603162765503,0,2023-03-31T00:00:00.000000Z
2023-03-31T00:00:00.000000Z,1.2387275695800781,1.2422668933868408,1.2345069646835327,1.2387275695800781,0,2023-04-01T00:00:00.000000Z
2023-04-03T00:00:00.000000Z,1.2288937568664551,1.2420046329498291,1.2276867628097534,1.2286974191665649,0,2023-04-04T00:00:00.000000Z
2023-04-04T00:00:00.000000Z,1.2420971393585205,1.2520345449447632,1.2396335601806641,1.2423131465911865,0,2023-04-05T00:00:00.000000Z
2023-04-05T00:00:00.000000Z,1.2499531507492065,1.2514704465866089,1.2436264753341675,1.2498437166213989,0,2023-04-06T00:00:00.000000Z
2023-04-06T00:00:00.000000Z,1.2464786767959595,1.2486264705657959,1.2414340972900391,1.2463078498840332,0,2023-04-07T00:00:00.000000Z
2023-04-07T00:00:00.000000Z,1.2441060543060303,1.2456247806549072,1.2394338846206665,1.2439001798629761,0,2023-04-08T00:00:00.000000Z
2023-04-10T00:00:00.000000Z,1.243456244468689,1.2442762851715088,1.2348728179931641,1.2431625127792358,0,2023-04-11T00:00:00.000000Z
2023-04-11T00:00:00.000000Z,1.2395106554031372,1.245733380317688,1.2387735843658447,1.2392188310623169,0,2023-04-12T00:00:00.000000Z
2023-04-12T00:00:00.000000Z,1.2430081367492676,1.2483458518981934,1.2399563789367676,1.2431007623672485,0,2023-04-13T00:00:00.000000Z
2023-04-13T00:00:00.000000Z,1.2491412162780762,1.2536669969558716,1.2479876279830933,1.2492660284042358,0,2023-04-14T00:00:00.000000Z
2023-04-14T00:00:00.000000Z,1.2523167133331299,1.2547051906585693,1.2414340972900391,1.2525300979614258,0,2023-04-15T00:00:00.000000Z
2023-04-17T00:00:00.000000Z,1.2402024269104004,1.2439358234405518,1.235498309135437,1.2400178909301758,0,2023-04-18T00:00:00.000000Z
2023-04-18T00:00:00.000000Z,1.2374246120452881,1.2449734210968018,1.2368124723434448,1.2375471591949463,0,2023-04-19T00:00:00.000000Z
2023-04-19T00:00:00.000000Z,1.2429616451263428,1.2473337650299072,1.2393569946289062,1.2425447702407837,0,2023-04-20T00:00:00.000000Z
2023-04-20T00:00:00.000000Z,1.2428845167160034,1.2466340065002441,1.2406332492828369,1.2428845167160034,0,2023-04-21T00:00:00.000000Z
2023-04-21T00:00:00.000000Z,1.2439358234405518,1.2447099685668945,1.2370419502258301,1.2440905570983887,0,2023-04-22T00:00:00.000000Z
2023-04-24T00:00:00.000000Z,1.2448339462280273,1.2468360662460327,1.2413570880889893,1.2449734210968018,0,2023-04-25T00:00:00.000000Z
2023-04-25T00:00:00.000000Z,1.2499531507492065,1.250687837600708,1.2388503551483154,1.25,0,2023-04-26T00:00:00.000000Z
2023-04-26T00:00:00.000000Z,1.2416189908981323,1.251157283782959,1.2403562068939209,1.2414803504943848,0,2023-04-27T00:00:00.000000Z
2023-04-27T00:00:00.000000Z,1.2471472024917603,1.2493752241134644,1.2438739538192749,1.2471472024917603,0,2023-04-28T00:00:00.000000Z
2023-04-28T00:00:00.000000Z,1.2500624656677246,1.258130669593811,1.2448649406433105,1.249750018119812,0,2023-04-29T00:00:00.000000Z
2023-05-01T00:00:00.000000Z,1.2558395862579346,1.2569999694824219,1.2489539384841919,1.2557607889175415,0,2023-05-02T00:00:00.000000Z
2023-05-02T00:00:00.000000Z,1.2487356662750244,1.2512198686599731,1.2436573505401611,1.2485953569412231,0,2023-05-03T00:00:00.000000Z
2023-05-03T00:00:00.000000Z,1.2479720115661621,1.25520920753479,1.2469605207443237,1.2476606369018555,0,2023-05-04T00:00:00.000000Z
2023-05-04T00:00:00.000000Z,1.2568656206130981,1.2596838474273682,1.2552248239517212,1.2568972110748291,0,2023-05-05T00:00:00.000000Z
2023-05-05T00:00:00.000000Z,1.2582573890686035,1.2651021480560303,1.2565971612930298,1.2583364248275757,0,2023-05-06T00:00:00.000000Z
2023-05-08T00:00:00.000000Z,1.2631046772003174,1.2669453620910645,1.2628176212310791,1.2630568742752075,0,2023-05-09T00:00:00.000000Z
2023-05-09T00:00:00.000000Z,1.2612725496292114,1.2639188766479492,1.2580515146255493,1.2612725496292114,0,2023-05-10T00:00:00.000000Z
2023-05-10T00:00:00.000000Z,1.2625625133514404,1.2679092884063721,1.2604142427444458,1.2624667882919312,0,2023-05-11T00:00:00.000000Z
2023-05-11T00:00:00.000000Z,1.2628973722457886,1.2640626430511475,1.2499843835830688,1.2626996040344238,0,2023-05-12T00:00:00.000000Z
2023-05-12T00:00:00.000000Z,1.25101637840271,1.2540915012359619,1.2459505796432495,1.2508130073547363,0,2023-05-13T00:00:00.000000Z
2023-05-15T00:00:00.000000Z,1.2453765869140625,1.252536416053772,1.2445551156997681,1.2450973987579346,0,2023-05-16T00:00:00.000000Z
2023-05-16T00:00:00.000000Z,1.2525991201400757,1.2545791864395142,1.246680736541748,1.2525207996368408,0,2023-05-17T00:00:00.000000Z
2023-05-17T00:00:00.000000Z,1.2487044334411621,1.2494065761566162,1.2422051429748535,1.2484394311904907,0,2023-05-18T00:00:00.000000Z
2023-05-18T00:00:00.000000Z,1.2482525110244751,1.2493752241134644,1.2400639057159424,1.2482805252075195,0,2023-05-19T00:00:00.000000Z
2023-05-19T00:00:00.000000Z,1.2413108348846436,1.2478630542755127,1.2393877506256104,1.2412338256835938,0,2023-05-20T00:00:00.000000Z
2023-05-22T00:00:00.000000Z,1.2461214065551758,1.2472560405731201,1.2414957284927368,1.2461059093475342,0,2023-05-23T00:00:00.000000Z
2023-05-23T00:00:00.000000Z,1.2435954809188843,1.2446944713592529,1.237332820892334,1.2434408664703369,0,2023-05-24T00:00:00.000000Z
2023-05-24T00:00:00.000000Z,1.2418503761291504,1.2464165687561035,1.2358037233352661,1.2417269945144653,0,2023-05-25T00:00:00.000000Z
2023-05-25T00:00:00.000000Z,1.2368431091308594,1.2385895252227783,1.2319064140319824,1.2371032238006592,0,2023-05-26T00:00:00.000000Z
2023-05-26T00:00:00.000000Z,1.2319064140319824,1.2394338846206665,1.2312238216400146,1.2318304777145386,0,2023-05-27T00:00:00.000000Z
2023-05-29T00:00:00.000000Z,1.2345983982086182,1.2373174428939819,1.2336692810058594,1.2346898317337036,0,2023-05-30T00:00:00.000000Z
2023-05-30T00:00:00.000000Z,1.2347356081008911,1.2445240020751953,1.232848048210144,1.2349338531494141,0,2023-05-31T00:00:00.000000Z
2023-05-31T00:00:00.000000Z,1.2414649724960327,1.24251389503479,1.2349033355712891,1.241187572479248,0,2023-06-01T00:00:00.000000Z
2023-06-01T00:00:00.000000Z,1.2445551156997681,1.2536983489990234,1.2403254508972168,1.2446944713592529,0,2023-06-02T00:00:00.000000Z
2023-06-02T00:00:00.000000Z,1.2529600858688354,1.2545193433761597,1.245810866355896,1.2525991201400757,0,2023-06-03T00:00:00.000000Z
2023-06-05T00:00:00.000000Z,1.242992639541626,1.2440905570983887,1.2369654178619385,1.2430236339569092,0,2023-06-06T00:00:00.000000Z
2023-06-06T00:00:00.000000Z,1.2432862520217896,1.2458419799804688,1.2393569946289062,1.2433171272277832,0,2023-06-07T00:00:00.000000Z
2023-06-07T00:00:00.000000Z,1.2431471347808838,1.2499687671661377,1.239618182182312,1.2428536415100098,0,2023-06-08T00:00:00.000000Z
2023-06-08T00:00:00.000000Z,1.2447254657745361,1.2557134628295898,1.2441989183425903,1.2445859909057617,0,2023-06-09T00:00:00.000000Z
2023-06-09T00:00:00.000000Z,1.2558870315551758,1.2591286897659302,1.2535727024078369,1.2559500932693481,0,2023-06-10T00:00:00.000000Z
2023-06-12T00:00:00.000000Z,1.2578141689300537,1.2599377632141113,1.2487980127334595,1.2580990791320801,0,2023-06-13T00:00:00.000000Z
2023-06-13T00:00:00.000000Z,1.2514861822128296,1.261957049369812,1.2514861822128296,1.2515331506729126,0,2023-06-14T00:00:00.000000Z
2023-06-14T00:00:00.000000Z,1.2607160806655884,1.2699863910675049,1.2600805759429932,1.2606843709945679,0,2023-06-15T00:00:00.000000Z
2023-06-15T00:00:00.000000Z,1.2671540975570679,1.2765359878540039,1.2631046772003174,1.26708984375,0,2023-06-16T00:00:00.000000Z
2023-06-16T00:00:00.000000Z,1.2786252498626709,1.2847690582275391,1.2768945693969727,1.278576135635376,0,2023-06-17T00:00:00.000000Z
2023-06-19T00:00:00.000000Z,1.2833675146102905,1.2840003967285156,1.2786579132080078,1.2830382585525513,0,2023-06-20T00:00:00.000000Z
2023-06-20T00:00:00.000000Z,1.2794922590255737,1.2805737257003784,1.2715204954147339,1.2794759273529053,0,2023-06-21T00:00:00.000000Z
2023-06-21T00:00:00.000000Z,1.2764707803726196,1.2797870635986328,1.2693593502044678,1.2765359878540039,0,2023-06-22T00:00:00.000000Z
2023-06-22T00:00:00.000000Z,1.2771228551864624,1.2817226648330688,1.2730258703231812,1.2772045135498047,0,2023-06-23T00:00:00.000000Z
2023-06-23T00:00:00.000000Z,1.274518609046936,1.2750499248504639,1.269196629524231,1.2747135162353516,0,2023-06-24T00:00:00.000000Z
2023-06-26T00:00:00.000000Z,1.2732527256011963,1.274827241897583,1.2689712047576904,1.2729610204696655,0,2023-06-27T00:00:00.000000Z
2023-06-27T00:00:00.000000Z,1.2709225416183472,1.2759170532226562,1.27048659324646,1.2711971998214722,0,2023-06-28T00:00:00.000000Z
2023-06-28T00:00:00.000000Z,1.2744535207748413,1.2751361131668091,1.2608274221420288,1.2744698524475098,0,2023-06-29T00:00:00.000000Z
2023-06-29T00:00:00.000000Z,1.2641266584396362,1.266592264175415,1.2592555284500122,1.2642544507980347,0,2023-06-30T00:00:00.000000Z
2023-06-30T00:00:00.000000Z,1.2614953517913818,1.2726207971572876,1.2601441144943237,1.2614636421203613,0,2023-07-01T00:00:00.000000Z
2023-07-03T00:00:00.000000Z,1.2693576812744141,1.2719409465789795,1.26603102684021,1.2693254947662354,0,2023-07-04T00:00:00.000000Z
2023-07-04T00:00:00.000000Z,1.2690355777740479,1.2736419439315796,1.2684721946716309,1.2692931890487671,0,2023-07-05T00:00:00.000000Z
2023-07-05T00:00:00.000000Z,1.2720866203308105,1.2734149694442749,1.2689228057861328,1.2717629671096802,0,2023-07-06T00:00:00.000000Z
2023-07-06T00:00:00.000000Z,1.2706319093704224,1.2780369520187378,1.2676199674606323,1.2704542875289917,0,2023-07-07T00:00:00.000000Z
2023-07-07T00:00:00.000000Z,1.2742263078689575,1.2840101718902588,1.272718071937561,1.2742749452590942,0,2023-07-08T00:00:00.000000Z
2023-07-11T00:00:00.000000Z,1.2863225936889648,1.2933264970779419,1.2859750986099243,1.2864713668823242,0,2023-07-12T00:00:00.000000Z
2023-07-12T00:00:00.000000Z,1.2934937477111816,1.3002209663391113,1.2905057668685913,1.2934770584106445,0,2023-07-13T00:00:00.000000Z
2023-07-13T00:00:00.000000Z,1.2997984886169434,1.3113378286361694,1.29902184009552,1.2996295690536499,0,2023-07-14T00:00:00.000000Z
2023-07-14T00:00:00.000000Z,1.3131458759307861,1.3142330646514893,1.3095176219940186,1.3128528594970703,0,2023-07-15T00:00:00.000000Z
2023-07-17T00:00:00.000000Z,1.3091232776641846,1.3107191324234009,1.3054488897323608,1.3090204000473022,0,2023-07-18T00:00:00.000000Z
2023-07-18T00:00:00.000000Z,1.3070870637893677,1.312456488609314,1.3051252365112305,1.307172417640686,0,2023-07-19T00:00:00.000000Z
2023-07-19T00:00:00.000000Z,1.303508996963501,1.3039510250091553,1.287166953086853,1.303508996963501,0,2023-07-20T00:00:00.000000Z
2023-07-20T00:00:00.000000Z,1.2939791679382324,1.2965123653411865,1.2841916084289551,1.2939791679382324,0,2023-07-21T00:00:00.000000Z
2023-07-21T00:00:00.000000Z,1.2869682312011719,1.2903891801834106,1.2817883491516113,1.2872332334518433,0,2023-07-22T00:00:00.000000Z
2023-07-24T00:00:00.000000Z,1.2851818799972534,1.2883443832397461,1.2799180746078491,1.2853471040725708,0,2023-07-25T00:00:00.000000Z
2023-07-25T00:00:00.000000Z,1.2812464237213135,1.2877304553985596,1.281065821647644,1.2812627553939819,0,2023-07-26T00:00:00.000000Z
2023-07-26T00:00:00.000000Z,1.2893409729003906,1.2936275005340576,1.2876144647598267,1.2893908023834229,0,2023-07-27T00:00:00.000000Z
2023-07-27T00:00:00.000000Z,1.2928582429885864,1.2995451688766479,1.2827255725860596,1.292724609375,0,2023-07-28T00:00:00.000000Z
2023-07-28T00:00:00.000000Z,1.2794268131256104,1.2885268926620483,1.2764707803726196,1.2793776988983154,0,2023-07-29T00:00:00.000000Z
2023-07-31T00:00:00.000000Z,1.2853800058364868,1.2873326539993286,1.2829558849334717,1.2853965759277344,0,2023-08-01T00:00:00.000000Z
2023-08-01T00:00:00.000000Z,1.2832028865814209,1.2838617563247681,1.2741613388061523,1.2834005355834961,0,2023-08-02T00:00:00.000000Z
2023-08-02T00:00:00.000000Z,1.2791157960891724,1.2797379493713379,1.268182635307312,1.2795741558074951,0,2023-08-03T00:00:00.000000Z
2023-08-03T00:00:00.000000Z,1.2717629671096802,1.2728476524353027,1.2625943422317505,1.2720379829406738,0,2023-08-04T00:00:00.000000Z
2023-08-04T00:00:00.000000Z,1.2716174125671387,1.2782655954360962,1.2691644430160522,1.2716336250305176,0,2023-08-05T00:00:00.000000Z
2023-08-07T00:00:00.000000Z,1.2751199007034302,1.2786087989807129,1.2713911533355713,1.2747948169708252,0,2023-08-08T00:00:00.000000Z
2023-08-08T00:00:00.000000Z,1.278592586517334,1.278592586517334,1.2685847282409668,1.2782002687454224,0,2023-08-09T00:00:00.000000Z
2023-08-09T00:00:00.000000Z,1.2744373083114624,1.2778409719467163,1.2712457180023193,1.2741613388061523,0,2023-08-10T00:00:00.000000Z
2023-08-10T00:00:00.000000Z,1.2718924283981323,1.2811315059661865,1.2710840702056885,1.2720056772232056,0,2023-08-11T00:00:00.000000Z
2023-08-11T00:00:00.000000Z,1.2666244506835938,1.2737069129943848,1.2666244506835938,1.2670094966888428,0,2023-08-12T00:00:00.000000Z
2023-08-14T00:00:00.000000Z,1.2695027589797974,1.2716336250305176,1.2619092464447021,1.2695027589797974,0,2023-08-15T00:00:00.000000Z
2023-08-15T00:00:00.000000Z,1.2686170339584351,1.275266170501709,1.2677003145217896,1.2685203552246094,0,2023-08-16T00:00:00.000000Z
2023-08-16T00:00:00.000000Z,1.2700186967849731,1.2765848636627197,1.268842339515686,1.2701315879821777,0,2023-08-17T00:00:00.000000Z
2023-08-17T00:00:00.000000Z,1.2727018594741821,1.2786742448806763,1.2705188989639282,1.2728151082992554,0,2023-08-18T00:00:00.000000Z
2023-08-18T00:00:00.000000Z,1.2747948169708252,1.2766337394714355,1.2690838575363159,1.2750222682952881,0,2023-08-19T00:00:00.000000Z
2023-08-21T00:00:00.000000Z,1.2741774320602417,1.2765034437179565,1.2711002826690674,1.2741937637329102,0,2023-08-22T00:00:00.000000Z
2023-08-22T00:00:00.000000Z,1.2761287689208984,1.2800983190536499,1.2721028327941895,1.2760798931121826,0,2023-08-23T00:00:00.000000Z
2023-08-23T00:00:00.000000Z,1.2731716632843018,1.2764055728912354,1.2616386413574219,1.2731555700302124,0,2023-08-24T00:00:00.000000Z
2023-08-24T00:00:00.000000Z,1.2720866203308105,1.2728961706161499,1.2629451751708984,1.2720541954040527,0,2023-08-25T00:00:00.000000Z
2023-08-25T00:00:00.000000Z,1.2593348026275635,1.2647020816802979,1.2548782825469971,1.2592872381210327,0,2023-08-26T00:00:00.000000Z
2023-08-28T00:00:00.000000Z,1.2591921091079712,1.2610658407211304,1.2567392587661743,1.2589701414108276,0,2023-08-29T00:00:00.000000Z
2023-08-29T00:00:00.000000Z,1.261299729347229,1.2635675668716431,1.2563918828964233,1.2611136436462402,0,2023-08-30T00:00:00.000000Z
2023-08-30T00:00:00.000000Z,1.2639029026031494,1.2743724584579468,1.2620048522949219,1.2636793851852417,0,2023-08-31T00:00:00.000000Z
2023-08-31T00:00:00.000000Z,1.2713103294372559,1.2734634876251221,1.2654383182525635,1.2711794376373291,0,2023-09-01T00:00:00.000000Z
2023-09-01T00:00:00.000000Z,1.2671381235122681,1.2710033655166626,1.2590494155883789,1.2672826051712036,0,2023-09-02T00:00:00.000000Z
2023-09-04T00:00:00.000000Z,1.2591286897659302,1.2643502950668335,1.2589067220687866,1.2591445446014404,0,2023-09-05T00:00:00.000000Z
2023-09-05T00:00:00.000000Z,1.2626262903213501,1.2631845474243164,1.2529443502426147,1.2623074054718018,0,2023-09-06T00:00:00.000000Z
2023-09-06T00:00:00.000000Z,1.2568340301513672,1.2588274478912354,1.2484861612319946,1.2570552825927734,0,2023-09-07T00:00:00.000000Z
2023-09-07T00:00:00.000000Z,1.2499531507492065,1.2507973909378052,1.2448649406433105,1.2498750686645508,0,2023-09-08T00:00:00.000000Z
2023-09-08T00:00:00.000000Z,1.2475516796112061,1.2513139247894287,1.2468827962875366,1.2475050687789917,0,2023-09-09T00:00:00.000000Z
2023-09-11T00:00:00.000000Z,1.248907208442688,1.2547523975372314,1.2483770847320557,1.2489992380142212,0,2023-09-12T00:00:00.000000Z
2023-09-12T00:00:00.000000Z,1.2507504224777222,1.2521756887435913,1.246074914932251,1.2508755922317505,0,2023-09-13T00:00:00.000000Z
2023-09-13T00:00:00.000000Z,1.2495313882827759,1.251157283782959,1.2442454099655151,1.2491724491119385,0,2023-09-14T00:00:00.000000Z
2023-09-14T00:00:00.000000Z,1.2487667798995972,1.2507035732269287,1.2403408288955688,1.2489539384841919,0,2023-09-15T00:00:00.000000Z
2023-09-15T00:00:00.000000Z,1.2400485277175903,1.2445551156997681,1.2386507987976074,1.2401869297027588,0,2023-09-16T00:00:00.000000Z
2023-09-18T00:00:00.000000Z,1.2397565841674805,1.2410335540771484,1.2371184825897217,1.2397565841674805,0,2023-09-19T00:00:00.000000Z
2023-09-19T00:00:00.000000Z,1.2386049032211304,1.2424366474151611,1.2371797561645508,1.2383747100830078,0,2023-09-20T00:00:00.000000Z
2023-09-20T00:00:00.000000Z,1.2393416166305542,1.240941047668457,1.2337149381637573,1.2393569946289062,0,2023-09-21T00:00:00.000000Z
2023-09-21T00:00:00.000000Z,1.2327568531036377,1.233167290687561,1.2247997522354126,1.2328935861587524,0,2023-09-22T00:00:00.000000Z
2023-09-25T00:00:00.000000Z,1.2242748737335205,1.2251899242401123,1.2196015119552612,1.2241849899291992,0,2023-09-26T00:00:00.000000Z
2023-09-26T00:00:00.000000Z,1.2214336395263672,1.2215232849121094,1.2160863876342773,1.2213143110275269,0,2023-09-27T00:00:00.000000Z
2023-09-27T00:00:00.000000Z,1.2146536111831665,1.2164266109466553,1.2129592895507812,1.2146830558776855,0,2023-09-28T00:00:00.000000Z
2023-09-28T00:00:00.000000Z,1.2137248516082764,1.2223445177078247,1.2121212482452393,1.2135332822799683,0,2023-09-29T00:00:00.000000Z
2023-09-29T00:00:00.000000Z,1.2208521366119385,1.2271444797515869,1.2182493209838867,1.2204796075820923,0,2023-09-30T00:00:00.000000Z
2023-10-02T00:00:00.000000Z,1.2191107273101807,1.2219561338424683,1.2116365432739258,1.2193039655685425,0,2023-10-03T00:00:00.000000Z
2023-10-03T00:00:00.000000Z,1.2088828086853027,1.210097074508667,1.2054582834243774,1.2091168165206909,0,2023-10-04T00:00:00.000000Z
2023-10-04T00:00:00.000000Z,1.2078461647033691,1.2175966501235962,1.2042534351348877,1.2078461647033691,0,2023-10-05T00:00:00.000000Z
2023-10-05T00:00:00.000000Z,1.213651180267334,1.2173891067504883,1.2109030485153198,1.2137395143508911,0,2023-10-06T00:00:00.000000Z
2023-10-06T00:00:00.000000Z,1.2188730239868164,1.2260762453079224,1.2107710838317871,1.2187690734863281,0,2023-10-07T00:00:00.000000Z
2023-10-09T00:00:00.000000Z,1.222195029258728,1.2224340438842773,1.2164266109466553,1.222090482711792,0,2023-10-10T00:00:00.000000Z
2023-10-10T00:00:00.000000Z,1.2252498865127563,1.2287729978561401,1.2213293313980103,1.2250398397445679,0,2023-10-11T00:00:00.000000Z
2023-10-11T00:00:00.000000Z,1.2291958332061768,1.2336083650588989,1.2270541191101074,1.2291355133056641,0,2023-10-12T00:00:00.000000Z
2023-10-12T00:00:00.000000Z,1.2316939830780029,1.2330759763717651,1.2207180261611938,1.2316333055496216,0,2023-10-13T00:00:00.000000Z
2023-10-13T00:00:00.000000Z,1.218397855758667,1.2223445177078247,1.2132682800292969,1.2183235883712769,0,2023-10-14T00:00:00.000000Z
2023-10-16T00:00:00.000000Z,1.2154803276062012,1.2199585437774658,1.2144323587417603,1.2153768539428711,0,2023-10-17T00:00:00.000000Z
2023-10-17T00:00:00.000000Z,1.2212547063827515,1.2216874361038208,1.2134743928909302,1.2211503982543945,0,2023-10-18T00:00:00.000000Z
2023-10-18T00:00:00.000000Z,1.2178043127059937,1.2211652994155884,1.2140341997146606,1.2178784608840942,0,2023-10-19T00:00:00.000000Z
2023-10-19T00:00:00.000000Z,1.2143585681915283,1.2158941030502319,1.2092776298522949,1.214343786239624,0,2023-10-20T00:00:00.000000Z
2023-10-20T00:00:00.000000Z,1.2137248516082764,1.2160272598266602,1.2094823122024536,1.2137248516082764,0,2023-10-21T00:00:00.000000Z
2023-10-23T00:00:00.000000Z,1.2163822650909424,1.2236157655715942,1.2143291234970093,1.2163970470428467,0,2023-10-24T00:00:00.000000Z
2023-10-24T00:00:00.000000Z,1.2251448631286621,1.2288333177566528,1.2159533500671387,1.2250248193740845,0,2023-10-25T00:00:00.000000Z
2023-10-25T00:00:00.000000Z,1.2163230180740356,1.2177301645278931,1.2115631103515625,1.216189980506897,0,2023-10-26T00:00:00.000000Z
2023-10-26T00:00:00.000000Z,1.2102141380310059,1.213194727897644,1.2070443630218506,1.210345983505249,0,2023-10-27T00:00:00.000000Z
2023-10-27T00:00:00.000000Z,1.2136069536209106,1.2161750793457031,1.2106537818908691,1.2137100696563721,0,2023-10-28T00:00:00.000000Z
2023-10-30T00:00:00.000000Z,1.2113136053085327,1.2165894508361816,1.2092629671096802,1.2113723754882812,0,2023-10-31T00:00:00.000000Z
2023-10-31T00:00:00.000000Z,1.216519832611084,1.2199287414550781,1.2120037078857422,1.2165746688842773,0,2023-11-01T00:00:00.000000Z
2023-11-01T00:00:00.000000Z,1.2151259183883667,1.2165154218673706,1.2097749710083008,1.2152144908905029,0,2023-11-02T00:00:00.000000Z
2023-11-02T00:00:00.000000Z,1.2184275388717651,1.2224191427230835,1.2156428098678589,1.2182197570800781,0,2023-11-03T00:00:00.000000Z
2023-11-03T00:00:00.000000Z,1.2190959453582764,1.2374552488327026,1.2185462713241577,1.2191851139068604,0,2023-11-04T00:00:00.000000Z
2023-11-06T00:00:00.000000Z,1.2372256517410278,1.2429462671279907,1.2366900444030762,1.237378716468811,0,2023-11-07T00:00:00.000000Z
2023-11-07T00:00:00.000000Z,1.2344460487365723,1.2347599267959595,1.2277169227600098,1.2345526218414307,0,2023-11-08T00:00:00.000000Z
2023-11-08T00:00:00.000000Z,1.22901451587677,1.2301334142684937,1.2243348360061646,1.2291808128356934,0,2023-11-09T00:00:00.000000Z
2023-11-09T00:00:00.000000Z,1.2286069393157959,1.2309207916259766,1.2253850698471069,1.2285012006759644,0,2023-11-10T00:00:00.000000Z
2023-11-10T00:00:00.000000Z,1.2215979099273682,1.2238254547119141,1.2189027070999146,1.2217023372650146,0,2023-11-11T00:00:00.000000Z
2023-11-13T00:00:00.000000Z,1.2230321168899536,1.2271745204925537,1.2224639654159546,1.2228227853775024,0,2023-11-14T00:00:00.000000Z
2023-11-14T00:00:00.000000Z,1.2280335426330566,1.2487980127334595,1.2265423536300659,1.228063702583313,0,2023-11-15T00:00:00.000000Z
2023-11-15T00:00:00.000000Z,1.2494065761566162,1.2499217987060547,1.2405717372894287,1.2494533061981201,0,2023-11-16T00:00:00.000000Z
2023-11-16T00:00:00.000000Z,1.2423748970031738,1.2455161809921265,1.2378230094909668,1.2422360181808472,0,2023-11-17T00:00:00.000000Z
2023-11-17T00:00:00.000000Z,1.2415728569030762,1.2442454099655151,1.2375931739807129,1.2414957284927368,0,2023-11-18T00:00:00.000000Z
2023-11-20T00:00:00.000000Z,1.2454074621200562,1.25101637840271,1.2446789741516113,1.2454540729522705,0,2023-11-21T00:00:00.000000Z
2023-11-21T00:00:00.000000Z,1.2509069442749023,1.2558395862579346,1.2505784034729004,1.2509069442749023,0,2023-11-22T00:00:00.000000Z
2023-11-22T00:00:00.000000Z,1.2545477151870728,1.2548782825469971,1.244926929473877,1.2544218301773071,0,2023-11-23T00:00:00.000000Z
2023-11-23T00:00:00.000000Z,1.2491099834442139,1.2562813758850098,1.2489851713180542,1.2490007877349854,0,2023-11-24T00:00:00.000000Z
2023-11-24T00:00:00.000000Z,1.2532898187637329,1.2616704702377319,1.252536416053772,1.2533526420593262,0,2023-11-25T00:00:00.000000Z
2023-11-27T00:00:00.000000Z,1.260096549987793,1.2644143104553223,1.2592079639434814,1.2600330114364624,0,2023-11-28T00:00:00.000000Z
2023-11-28T00:00:00.000000Z,1.2635675668716431,1.2714072465896606,1.2608274221420288,1.2634397745132446,0,2023-11-29T00:00:00.000000Z
2023-11-29T00:00:00.000000Z,1.2713426351547241,1.2732527256011963,1.2666405439376831,1.2712295055389404,0,2023-11-30T00:00:00.000000Z
2023-11-30T00:00:00.000000Z,1.2695833444595337,1.2710033655166626,1.2605571746826172,1.2696397304534912,0,2023-12-01T00:00:00.000000Z
2023-12-01T00:00:00.000000Z,1.2631845474243164,1.2689712047576904,1.2616068124771118,1.2631685733795166,0,2023-12-02T00:00:00.000000Z
2023-12-05T00:00:00.000000Z,1.2634079456329346,1.2650541067123413,1.2583364248275757,1.2634079456329346,0,2023-12-06T00:00:00.000000Z
2023-12-06T00:00:00.000000Z,1.2594934701919556,1.2613840103149414,1.2581782341003418,1.2594457864761353,0,2023-12-07T00:00:00.000000Z
2023-12-07T00:00:00.000000Z,1.2558002471923828,1.2593823671340942,1.2545477151870728,1.2558711767196655,0,2023-12-08T00:00:00.000000Z
2023-12-08T00:00:00.000000Z,1.2588101625442505,1.2601124048233032,1.2504688501358032,1.2589544057846069,0,2023-12-09T00:00:00.000000Z
2023-12-11T00:00:00.000000Z,1.2557450532913208,1.2591286897659302,1.2535884380340576,1.2554770708084106,0,2023-12-12T00:00:00.000000Z
2023-12-12T00:00:00.000000Z,1.2554140090942383,1.2608431577682495,1.2518621683120728,1.2554612159729004,0,2023-12-13T00:00:00.000000Z
2023-12-13T00:00:00.000000Z,1.2569699287414551,1.2570710182189941,1.2506252527236938,1.2570710182189941,0,2023-12-14T00:00:00.000000Z
2023-12-14T00:00:00.000000Z,1.2621641159057617,1.2779062986373901,1.2614158391952515,1.2622915506362915,0,2023-12-15T00:00:00.000000Z
2023-12-15T00:00:00.000000Z,1.2771065235137939,1.2790995836257935,1.2685526609420776,1.2771391868591309,0,2023-12-16T00:00:00.000000Z
2023-12-18T00:00:00.000000Z,1.2672826051712036,1.2703574895858765,1.2630568742752075,1.2672343254089355,0,2023-12-19T00:00:00.000000Z
2023-12-19T00:00:00.000000Z,1.2653422355651855,1.2761451005935669,1.2650221586227417,1.2651821374893188,0,2023-12-20T00:00:00.000000Z
2023-12-21T00:00:00.000000Z,1.2640626430511475,1.2692127227783203,1.261479377746582,1.2641266584396362,0,2023-12-22T00:00:00.000000Z
2023-12-22T00:00:00.000000Z,1.2686170339584351,1.2745348215103149,1.2680699825286865,1.268499493598938,0,2023-12-23T00:00:00.000000Z
2023-12-25T00:00:00.000000Z,1.2677003145217896,1.2746647596359253,1.2677003145217896,1.2677003145217896,0,2023-12-26T00:00:00.000000Z
2023-12-26T00:00:00.000000Z,1.27048659324646,1.2719409465789795,1.2685526609420776,1.27048659324646,0,2023-12-27T00:00:00.000000Z
2023-12-27T00:00:00.000000Z,1.2728314399719238,1.2801146507263184,1.2700508832931519,1.272718071937561,0,2023-12-28T00:00:00.000000Z
2023-12-28T00:00:00.000000Z,1.2802294492721558,1.2826762199401855,1.2740151882171631,1.2800819873809814,0,2023-12-29T00:00:00.000000Z
2023-12-29T00:00:00.000000Z,1.2735446691513062,1.2772533893585205,1.2702767848968506,1.2733986377716064,0,2023-12-30T00:00:00.000000Z
2024-01-01T00:00:00.000000Z,1.2729998826980591,1.2732998132705688,1.2693576812744141,1.2729998826980591,0,2024-01-02T00:00:00.000000Z
2024-01-02T00:00:00.000000Z,1.2728476524353027,1.2760635614395142,1.2612408399581909,1.2728800773620605,0,2024-01-03T00:00:00.000000Z
2024-01-03T00:00:00.000000Z,1.262371301651001,1.2652462720870972,1.2618296146392822,1.2623074054718018,0,2024-01-04T00:00:00.000000Z
2024-01-04T00:00:00.000000Z,1.2675235271453857,1.2728151082992554,1.2657907009124756,1.2674272060394287,0,2024-01-05T00:00:00.000000Z
2024-01-05T00:00:00.000000Z,1.2682147026062012,1.2770087718963623,1.2612885236740112,1.2684078216552734,0,2024-01-06T00:00:00.000000Z
2024-01-08T00:00:00.000000Z,1.2716983556747437,1.2765034437179565,1.2675074338912964,1.2717791795730591,0,2024-01-09T00:00:00.000000Z
2024-01-09T00:00:00.000000Z,1.2741937637329102,1.2765034437179565,1.2691644430160522,1.274518609046936,0,2024-01-10T00:00:00.000000Z
2024-01-10T00:00:00.000000Z,1.2714558839797974,1.2742099761962891,1.268729567527771,1.2712942361831665,0,2024-01-11T00:00:00.000000Z
2024-01-11T00:00:00.000000Z,1.274518609046936,1.2774654626846313,1.2690999507904053,1.274518609046936,0,2024-01-12T00:00:00.000000Z
2024-01-12T00:00:00.000000Z,1.277955174446106,1.2784616947174072,1.2721351385116577,1.2777756452560425,0,2024-01-13T00:00:00.000000Z
2024-01-15T00:00:00.000000Z,1.2736419439315796,1.2740151882171631,1.2714234590530396,1.273658275604248,0,2024-01-16T00:00:00.000000Z
2024-01-16T00:00:00.000000Z,1.2717145681381226,1.2717145681381226,1.2621003389358521,1.2716174125671387,0,2024-01-17T00:00:00.000000Z
2024-01-17T00:00:00.000000Z,1.2639204263687134,1.269551157951355,1.2597472667694092,1.26385498046875,0,2024-01-18T00:00:00.000000Z
2024-01-18T00:00:00.000000Z,1.2677645683288574,1.27048659324646,1.2650541067123413,1.2676842212677002,0,2024-01-19T00:00:00.000000Z
2024-01-19T00:00:00.000000Z,1.2711971998214722,1.2716174125671387,1.2663196325302124,1.2709871530532837,0,2024-01-20T00:00:00.000000Z
2024-01-22T00:00:00.000000Z,1.2700831890106201,1.2730745077133179,1.2688262462615967,1.2699863910675049,0,2024-01-23T00:00:00.000000Z
2024-01-23T00:00:00.000000Z,1.2708257436752319,1.2747135162353516,1.2655344009399414,1.2706964015960693,0,2024-01-24T00:00:00.000000Z
2024-01-24T00:00:00.000000Z,1.269422173500061,1.2773675918579102,1.2686814069747925,1.269196629524231,0,2024-01-25T00:00:00.000000Z
2024-01-25T00:00:00.000000Z,1.2718439102172852,1.2742263078689575,1.2692931890487671,1.271876335144043,0,2024-01-26T00:00:00.000000Z
2024-01-26T00:00:00.000000Z,1.2706964015960693,1.2757542133331299,1.2677323818206787,1.2708257436752319,0,2024-01-27T00:00:00.000000Z
2024-01-29T00:00:00.000000Z,1.2697122097015381,1.2719409465789795,1.2663196325302124,1.2697607278823853,0,2024-01-30T00:00:00.000000Z
2024-01-30T00:00:00.000000Z,1.2714072465896606,1.2721351385116577,1.2642863988876343,1.2713264226913452,0,2024-01-31T00:00:00.000000Z
2024-01-31T00:00:00.000000Z,1.2695188522338867,1.2749247550964355,1.2667849063873291,1.269551157951355,0,2024-02-01T00:00:00.000000Z
2024-02-01T00:00:00.000000Z,1.2680699825286865,1.2725398540496826,1.2626293897628784,1.2678449153900146,0,2024-02-02T00:00:00.000000Z
2024-02-02T00:00:00.000000Z,1.27472984790802,1.2772860527038574,1.262371301651001,1.27472984790802,0,2024-02-03T00:00:00.000000Z
2024-02-05T00:00:00.000000Z,1.2616863250732422,1.2629930973052979,1.2520031929016113,1.2621959447860718,0,2024-02-06T00:00:00.000000Z
2024-02-06T00:00:00.000000Z,1.2534469366073608,1.2594616413116455,1.2534469366073608,1.2534469366073608,0,2024-02-07T00:00:00.000000Z
2024-02-07T00:00:00.000000Z,1.260398268699646,1.2641905546188354,1.2597631216049194,1.2606525421142578,0,2024-02-08T00:00:00.000000Z
2024-02-08T00:00:00.000000Z,1.2627538442611694,1.2639029026031494,1.2574820518493652,1.2627378702163696,0,2024-02-09T00:00:00.000000Z
2024-02-09T00:00:00.000000Z,1.2621481418609619,1.2642225027084351,1.260096549987793,1.2620525360107422,0,2024-02-10T00:00:00.000000Z
2024-02-12T00:00:00.000000Z,1.2638709545135498,1.2654062509536743,1.2607479095458984,1.2637271881103516,0,2024-02-13T00:00:00.000000Z
2024-02-13T00:00:00.000000Z,1.2627538442611694,1.268343448638916,1.2577824592590332,1.2627538442611694,0,2024-02-14T00:00:00.000000Z
2024-02-14T00:00:00.000000Z,1.2591286897659302,1.2610993385314941,1.2536983489990234,1.2590652704238892,0,2024-02-15T00:00:00.000000Z
2024-02-15T00:00:00.000000Z,1.2568181753158569,1.2596521377563477,1.2542644739151001,1.2568340301513672,0,2024-02-16T00:00:00.000000Z
2024-02-16T00:00:00.000000Z,1.2599219083786011,1.2602394819259644,1.2554454803466797,1.2599219083786011,0,2024-02-17T00:00:00.000000Z
2024-02-19T00:00:00.000000Z,1.2611136436462402,1.262977123260498,1.2583364248275757,1.2611136436462402,0,2024-02-20T00:00:00.000000Z
2024-02-20T00:00:00.000000Z,1.2588274478912354,1.2667046785354614,1.2580199241638184,1.2587641477584839,0,2024-02-21T00:00:00.000000Z
2024-02-21T00:00:00.000000Z,1.2626422643661499,1.2637910842895508,1.260398268699646,1.2627378702163696,0,2024-02-22T00:00:00.000000Z
2024-02-22T00:00:00.000000Z,1.2638869285583496,1.2709709405899048,1.2612568140029907,1.2638070583343506,0,2024-02-23T00:00:00.000000Z
2024-02-23T00:00:00.000000Z,1.2661433219909668,1.2701799869537354,1.2649741172790527,1.2663677930831909,0,2024-02-24T00:00:00.000000Z
2024-02-26T00:00:00.000000Z,1.2671059370040894,1.2699542045593262,1.2657266855239868,1.2672665119171143,0,2024-02-27T00:00:00.000000Z
2024-02-27T00:00:00.000000Z,1.268455982208252,1.269689679145813,1.2661913633346558,1.268455982208252,0,2024-02-28T00:00:00.000000Z
2024-02-28T00:00:00.000000Z,1.2680699825286865,1.2684237957000732,1.2624667882919312,1.2681664228439331,0,2024-02-29T00:00:00.000000Z
2024-02-29T00:00:00.000000Z,1.2661913633346558,1.2682147026062012,1.2629133462905884,1.2663036584854126,0,2024-03-01T00:00:00.000000Z
2024-03-01T00:00:00.000000Z,1.2627220153808594,1.2656145095825195,1.2601124048233032,1.2625465393066406,0,2024-03-02T00:00:00.000000Z
2024-03-04T00:00:00.000000Z,1.266127347946167,1.2706642150878906,1.2656785249710083,1.26603102684021,0,2024-03-05T00:00:00.000000Z
2024-03-05T00:00:00.000000Z,1.2690355777740479,1.2733501195907593,1.2672665119171143,1.269196629524231,0,2024-03-06T00:00:00.000000Z
2024-03-06T00:00:00.000000Z,1.2705026865005493,1.27611243724823,1.2690355777740479,1.27048659324646,0,2024-03-07T00:00:00.000000Z
2024-03-07T00:00:00.000000Z,1.2736419439315796,1.2798854112625122,1.272394061088562,1.2735446691513062,0,2024-03-08T00:00:00.000000Z
2024-03-08T00:00:00.000000Z,1.2813777923583984,1.2890584468841553,1.2801966667175293,1.2815583944320679,0,2024-03-09T00:00:00.000000Z
2024-03-11T00:00:00.000000Z,1.2856113910675049,1.2862398624420166,1.279606819152832,1.2855123281478882,0,2024-03-12T00:00:00.000000Z
2024-03-12T00:00:00.000000Z,1.2818540334701538,1.2825446128845215,1.274827241897583,1.2819806337356567,0,2024-03-13T00:00:00.000000Z
2024-03-13T00:00:00.000000Z,1.2796560525894165,1.2809016704559326,1.2776123285293579,1.2795906066894531,0,2024-03-14T00:00:00.000000Z
2024-03-14T00:00:00.000000Z,1.2801966667175293,1.2823472023010254,1.2730745077133179,1.2802129983901978,0,2024-03-15T00:00:00.000000Z
2024-03-15T00:00:00.000000Z,1.2746485471725464,1.2759170532226562,1.2730745077133179,1.2745835781097412,0,2024-03-16T00:00:00.000000Z
2024-03-18T00:00:00.000000Z,1.2731878757476807,1.2748597860336304,1.2722645998001099,1.2731393575668335,0,2024-03-19T00:00:00.000000Z
2024-03-19T00:00:00.000000Z,1.272718071937561,1.2729123830795288,1.2669775485992432,1.272718071937561,0,2024-03-20T00:00:00.000000Z
2024-03-20T00:00:00.000000Z,1.2717791795730591,1.2730096578598022,1.26850426197052,1.2719409465789795,0,2024-03-21T00:00:00.000000Z
2024-03-21T00:00:00.000000Z,1.2798361778259277,1.2803933620452881,1.2660471200942993,1.2798361778259277,0,2024-03-22T00:00:00.000000Z
2024-03-22T00:00:00.000000Z,1.2661433219909668,1.2675877809524536,1.257735013961792,1.2661913633346558,0,2024-03-23T00:00:00.000000Z
2024-03-25T00:00:00.000000Z,1.2597948312759399,1.2651821374893188,1.2592713832855225,1.2597948312759399,0,2024-03-26T00:00:00.000000Z
2024-03-26T00:00:00.000000Z,1.2636953592300415,1.2667849063873291,1.2625943422317505,1.2637910842895508,0,2024-03-27T00:00:00.000000Z
2024-03-27T00:00:00.000000Z,1.2628335952758789,1.2639029026031494,1.2606048583984375,1.2628495693206787,0,2024-03-28T00:00:00.000000Z
2024-03-28T00:00:00.000000Z,1.2617102861404419,1.2649741172790527,1.2586500644683838,1.2616704702377319,0,2024-03-29T00:00:00.000000Z
2024-03-29T00:00:00.000000Z,1.2624191045761108,1.2648141384124756,1.2610341310501099,1.2626262903213501,0,2024-03-30T00:00:00.000000Z
2024-04-01T00:00:00.000000Z,1.2638230323791504,1.2643823623657227,1.2540757656097412,1.2637271881103516,0,2024-04-02T00:00:00.000000Z
2024-04-02T00:00:00.000000Z,1.2547523975372314,1.2578616142272949,1.2540757656097412,1.2545477151870728,0,2024-04-03T00:00:00.000000Z
2024-04-03T00:00:00.000000Z,1.2576559782028198,1.2635515928268433,1.2563602924346924,1.2576876878738403,0,2024-04-04T00:00:00.000000Z
2024-04-04T00:00:00.000000Z,1.2653903961181641,1.2681664228439331,1.2645422220230103,1.2651821374893188,0,2024-04-05T00:00:00.000000Z
2024-04-05T00:00:00.000000Z,1.2639667987823486,1.2650061845779419,1.2575768232345581,1.2640194892883301,0,2024-04-06T00:00:00.000000Z
2024-04-08T00:00:00.000000Z,1.2626262903213501,1.2655825614929199,1.2613521814346313,1.2625305652618408,0,2024-04-09T00:00:00.000000Z
2024-04-09T00:00:00.000000Z,1.265982985496521,1.2709063291549683,1.2650221586227417,1.2658709287643433,0,2024-04-10T00:00:00.000000Z
2024-04-10T00:00:00.000000Z,1.2677693367004395,1.2705351114273071,1.2534940242767334,1.2677645683288574,0,2024-04-11T00:00:00.000000Z
2024-04-11T00:00:00.000000Z,1.2536983489990234,1.2577667236328125,1.2511699199676514,1.2537612915039062,0,2024-04-12T00:00:00.000000Z
2024-04-12T00:00:00.000000Z,1.2556346654891968,1.2558870315551758,1.2428845167160034,1.2554770708084106,0,2024-04-13T00:00:00.000000Z
2024-04-15T00:00:00.000000Z,1.246012806892395,1.2498437166213989,1.2443537712097168,1.2461835145950317,0,2024-04-16T00:00:00.000000Z
2024-04-16T00:00:00.000000Z,1.2446944713592529,1.2473493814468384,1.2411398887634277,1.2447409629821777,0,2024-04-17T00:00:00.000000Z
2024-04-17T00:00:00.000000Z,1.2431007623672485,1.2481745481491089,1.241773247718811,1.2431007623672485,0,2024-04-18T00:00:00.000000Z
2024-04-18T00:00:00.000000Z,1.2453609704971313,1.2484550476074219,1.2437810897827148,1.2453765869140625,0,2024-04-19T00:00:00.000000Z
2024-04-19T00:00:00.000000Z,1.2436264753341675,1.2468827962875366,1.2392034530639648,1.2437657117843628,0,2024-04-20T00:00:00.000000Z
2024-04-22T00:00:00.000000Z,1.2376236915588379,1.2392648458480835,1.2301182746887207,1.2375777959823608,0,2024-04-23T00:00:00.000000Z
2024-04-23T00:00:00.000000Z,1.235010027885437,1.2457954883575439,1.2333345413208008,1.2350252866744995,0,2024-04-24T00:00:00.000000Z
2024-04-24T00:00:00.000000Z,1.2455006837844849,1.2467273473739624,1.2423903942108154,1.2453300952911377,0,2024-04-25T00:00:00.000000Z
2024-04-25T00:00:00.000000Z,1.2459661960601807,1.2523481845855713,1.2455781698226929,1.2459505796432495,0,2024-04-26T00:00:00.000000Z
2024-04-26T00:00:00.000000Z,1.2507973909378052,1.2541544437408447,1.2450664043426514,1.2509069442749023,0,2024-04-27T00:00:00.000000Z
2024-04-29T00:00:00.000000Z,1.2510946989059448,1.2554926872253418,1.2508443593978882,1.2510477304458618,0,2024-04-30T00:00:00.000000Z
2024-04-30T00:00:00.000000Z,1.2559974193572998,1.2562813758850098,1.2505627870559692,1.2559815645217896,0,2024-05-01T00:00:00.000000Z
2024-05-01T00:00:00.000000Z,1.2489384412765503,1.2498437166213989,1.2468206882476807,1.2490164041519165,0,2024-05-02T00:00:00.000000Z
2024-05-02T00:00:00.000000Z,1.2537140846252441,1.2547051906585693,1.2472871541976929,1.2539342641830444,0,2024-05-03T00:00:00.000000Z
2024-05-03T00:00:00.000000Z,1.2539970874786377,1.2629451751708984,1.2529915571212769,1.2540600299835205,0,2024-05-04T00:00:00.000000Z
2024-05-06T00:00:00.000000Z,1.2541072368621826,1.2594300508499146,1.2539499998092651,1.2541072368621826,0,2024-05-07T00:00:00.000000Z
2024-05-07T00:00:00.000000Z,1.2559974193572998,1.2570235729217529,1.2531641721725464,1.2559815645217896,0,2024-05-08T00:00:00.000000Z
2024-05-08T00:00:00.000000Z,1.2503281831741333,1.2505627870559692,1.2467273473739624,1.2501406669616699,0,2024-05-09T00:00:00.000000Z
2024-05-09T00:00:00.000000Z,1.2493597269058228,1.252065896987915,1.2449114322662354,1.2493284940719604,0,2024-05-10T00:00:00.000000Z
2024-05-10T00:00:00.000000Z,1.252536416053772,1.2541544437408447,1.2503907680511475,1.2525677680969238,0,2024-05-11T00:00:00.000000Z
2024-05-13T00:00:00.000000Z,1.2523481845855713,1.2569130659103394,1.2518621683120728,1.2522854804992676,0,2024-05-14T00:00:00.000000Z
2024-05-14T00:00:00.000000Z,1.2559658288955688,1.259303092956543,1.2511730194091797,1.2561867237091064,0,2024-05-15T00:00:00.000000Z
2024-05-15T00:00:00.000000Z,1.2584631443023682,1.2671059370040894,1.2584631443023682,1.2585265636444092,0,2024-05-16T00:00:00.000000Z
2024-05-16T00:00:00.000000Z,1.2689228057861328,1.2700508832931519,1.2645422220230103,1.2690032720565796,0,2024-05-17T00:00:00.000000Z
2024-05-17T00:00:00.000000Z,1.2672665119171143,1.2708579301834106,1.2645422220230103,1.2672007083892822,0,2024-05-18T00:00:00.000000Z
2024-05-20T00:00:00.000000Z,1.2707933187484741,1.2712942361831665,1.2691482305526733,1.2706480026245117,0,2024-05-21T00:00:00.000000Z
2024-05-21T00:00:00.000000Z,1.2710517644882202,1.2727342844009399,1.2692931890487671,1.2710840702056885,0,2024-05-22T00:00:00.000000Z
2024-05-22T00:00:00.000000Z,1.2710356712341309,1.2761287689208984,1.270099401473999,1.2711325883865356,0,2024-05-23T00:00:00.000000Z
2024-05-23T00:00:00.000000Z,1.2720866203308105,1.2746973037719727,1.2706156969070435,1.2721028327941895,0,2024-05-24T00:00:00.000000Z
2024-05-24T00:00:00.000000Z,1.2693737745285034,1.2751361131668091,1.2682790756225586,1.2694060802459717,0,2024-05-25T00:00:00.000000Z
2024-05-27T00:00:00.000000Z,1.2734473943710327,1.2778997421264648,1.2734473943710327,1.2736095190048218,0,2024-05-28T00:00:00.000000Z
2024-05-28T00:00:00.000000Z,1.277269721031189,1.2799836397171021,1.2763078212738037,1.2772371768951416,0,2024-05-29T00:00:00.000000Z
2024-05-29T00:00:00.000000Z,1.2760001420974731,1.2771717309951782,1.2707126140594482,1.2758356332778931,0,2024-05-30T00:00:00.000000Z
2024-05-30T00:00:00.000000Z,1.2698252201080322,1.2747622728347778,1.268182635307312,1.2697993516921997,0,2024-05-31T00:00:00.000000Z
2024-05-31T00:00:00.000000Z,1.2730258703231812,1.2765523195266724,1.270163893699646,1.2730420827865601,0,2024-06-01T00:00:00.000000Z
2024-06-03T00:00:00.000000Z,1.2744048833847046,1.2793940305709839,1.269551157951355,1.2743724584579468,0,2024-06-04T00:00:00.000000Z
2024-06-04T00:00:00.000000Z,1.2810165882110596,1.2817226648330688,1.2744373083114624,1.2810165882110596,0,2024-06-05T00:00:00.000000Z
2024-06-05T00:00:00.000000Z,1.2773023843765259,1.2795250415802002,1.2757705450057983,1.2773023843765259,0,2024-06-06T00:00:00.000000Z
2024-06-06T00:00:00.000000Z,1.2793940305709839,1.281065821647644,1.2765523195266724,1.2794759273529053,0,2024-06-07T00:00:00.000000Z
2024-06-07T00:00:00.000000Z,1.2794268131256104,1.2810822725296021,1.2717468738555908,1.2793285846710205,0,2024-06-08T00:00:00.000000Z
2024-06-10T00:00:00.000000Z,1.2728703022003174,1.2732366323471069,1.2689067125320435,1.2729448080062866,0,2024-06-11T00:00:00.000000Z
2024-06-11T00:00:00.000000Z,1.2725884914398193,1.274941086769104,1.2707610130310059,1.2726370096206665,0,2024-06-12T00:00:00.000000Z
2024-06-12T00:00:00.000000Z,1.273836612701416,1.2860082387924194,1.2733597755432129,1.2740476131439209,0,2024-06-13T00:00:00.000000Z
2024-06-13T00:00:00.000000Z,1.2796725034713745,1.2806065082550049,1.2752825021743774,1.27962327003479,0,2024-06-14T00:00:00.000000Z
2024-06-14T00:00:00.000000Z,1.2754452228546143,1.2764871120452881,1.2658067941665649,1.2755101919174194,0,2024-06-15T00:00:00.000000Z
2024-06-17T00:00:00.000000Z,1.2683917284011841,1.2690838575363159,1.265982985496521,1.2683112621307373,0,2024-06-18T00:00:00.000000Z
2024-06-18T00:00:00.000000Z,1.2714234590530396,1.2720379829406738,1.2669453620910645,1.2715997695922852,0,2024-06-19T00:00:00.000000Z
2024-06-19T00:00:00.000000Z,1.2708257436752319,1.2739989757537842,1.2702445983886719,1.2707449197769165,0,2024-06-20T00:00:00.000000Z
2024-06-21T00:00:00.000000Z,1.2660471200942993,1.2669775485992432,1.2625625133514404,1.2660471200942993,0,2024-06-22T00:00:00.000000Z
2024-06-24T00:00:00.000000Z,1.2639667987823486,1.269841194152832,1.2633600234985352,1.2639029026031494,0,2024-06-25T00:00:00.000000Z
2024-06-25T00:00:00.000000Z,1.2683112621307373,1.2702445983886719,1.2671540975570679,1.268343448638916,0,2024-06-26T00:00:00.000000Z
2024-06-26T00:00:00.000000Z,1.2684721946716309,1.269196629524231,1.2620844841003418,1.268399715423584,0,2024-06-27T00:00:00.000000Z
2024-06-27T00:00:00.000000Z,1.2621481418609619,1.2669453620910645,1.2613521814346313,1.262179970741272,0,2024-06-28T00:00:00.000000Z
2024-06-28T00:00:00.000000Z,1.2643823623657227,1.266175389289856,1.2620208263397217,1.2645741701126099,0,2024-06-29T00:00:00.000000Z
2024-07-01T00:00:00.000000Z,1.2650221586227417,1.2695349454879761,1.2637431621551514,1.2648621797561646,0,2024-07-02T00:00:00.000000Z
2024-07-02T00:00:00.000000Z,1.2646220922470093,1.2685364484786987,1.2616386413574219,1.2645741701126099,0,2024-07-03T00:00:00.000000Z
2024-07-03T00:00:00.000000Z,1.2688101530075073,1.2777103185653687,1.2679092884063721,1.2690355777740479,0,2024-07-04T00:00:00.000000Z
2024-07-04T00:00:00.000000Z,1.2747784852981567,1.2767316102981567,1.2740476131439209,1.2747784852981567,0,2024-07-05T00:00:00.000000Z
2024-07-08T00:00:00.000000Z,1.2807377576828003,1.2846865653991699,1.2802459001541138,1.2806508541107178,0,2024-07-09T00:00:00.000000Z
2024-07-09T00:00:00.000000Z,1.2814697027206421,1.2824623584747314,1.2779226303100586,1.2815583944320679,0,2024-07-10T00:00:00.000000Z
2024-07-10T00:00:00.000000Z,1.2788705825805664,1.2847524881362915,1.2785271406173706,1.2787723541259766,0,2024-07-11T00:00:00.000000Z
2024-07-11T00:00:00.000000Z,1.2854297161102295,1.2948671579360962,1.2850496768951416,1.2852644920349121,0,2024-07-12T00:00:00.000000Z
2024-07-12T00:00:00.000000Z,1.2925240993499756,1.2992074489593506,1.2903226613998413,1.2923737764358521,0,2024-07-13T00:00:00.000000Z
2024-07-15T00:00:00.000000Z,1.2967814207077026,1.2995451688766479,1.2962770462036133,1.2966804504394531,0,2024-07-16T00:00:00.000000Z
2024-07-16T00:00:00.000000Z,1.2970000505447388,1.2980270385742188,1.2940125465393066,1.2970000505447388,0,2024-07-17T00:00:00.000000Z
2024-07-17T00:00:00.000000Z,1.297808051109314,1.3044612407684326,1.2966804504394531,1.29776930809021,0,2024-07-18T00:00:00.000000Z
2024-07-18T00:00:00.000000Z,1.3008638620376587,1.3012869358062744,1.2969664335250854,1.3007453680038452,0,2024-07-19T00:00:00.000000Z
2024-07-22T00:00:00.000000Z,1.2932428121566772,1.2941465377807617,1.2906723022460938,1.2933096885681152,0,2024-07-23T00:00:00.000000Z
2024-07-23T00:00:00.000000Z,1.2933264970779419,1.2934937477111816,1.2888591289520264,1.2932428121566772,0,2024-07-24T00:00:00.000000Z
2024-07-24T00:00:00.000000Z,1.2903226613998413,1.2938284873962402,1.2878466844558716,1.2901561260223389,0,2024-07-25T00:00:00.000000Z
2024-07-25T00:00:00.000000Z,1.2898398637771606,1.2913390398025513,1.2862894535064697,1.289989709854126,0,2024-07-26T00:00:00.000000Z
2024-07-26T00:00:00.000000Z,1.2855618000030518,1.2874983549118042,1.2850496768951416,1.2856775522232056,0,2024-07-27T00:00:00.000000Z
2024-07-29T00:00:00.000000Z,1.286719799041748,1.2888425588607788,1.2807048559188843,1.2868356704711914,0,2024-07-30T00:00:00.000000Z
2024-07-30T00:00:00.000000Z,1.2857933044433594,1.2865046262741089,1.2821005582809448,1.286041259765625,0,2024-07-31T00:00:00.000000Z
2024-07-31T00:00:00.000000Z,1.283812403678894,1.2854461669921875,1.2822486162185669,1.2836971282958984,0,2024-08-01T00:00:00.000000Z
2024-08-01T00:00:00.000000Z,1.2853471040725708,1.2861737012863159,1.2756078243255615,1.2853139638900757,0,2024-08-02T00:00:00.000000Z
2024-08-02T00:00:00.000000Z,1.2728476524353027,1.2840267419815063,1.2708903551101685,1.2728961706161499,0,2024-08-03T00:00:00.000000Z
2024-08-05T00:00:00.000000Z,1.2788213491439819,1.2816240787506104,1.2711488008499146,1.278788685798645,0,2024-08-06T00:00:00.000000Z
2024-08-06T00:00:00.000000Z,1.278788685798645,1.2801638841629028,1.2673146724700928,1.2788705825805664,0,2024-08-07T00:00:00.000000Z
2024-08-07T00:00:00.000000Z,1.2683273553848267,1.273577094078064,1.2683273553848267,1.2684721946716309,0,2024-08-08T00:00:00.000000Z
2024-08-08T00:00:00.000000Z,1.2684882879257202,1.2742099761962891,1.2666244506835938,1.2680377960205078,0,2024-08-09T00:00:00.000000Z
2024-08-09T00:00:00.000000Z,1.2745997905731201,1.2774165868759155,1.272718071937561,1.2747459411621094,0,2024-08-10T00:00:00.000000Z
2024-08-12T00:00:00.000000Z,1.2749898433685303,1.2794595956802368,1.2748922109603882,1.2750385999679565,0,2024-08-13T00:00:00.000000Z
2024-08-13T00:00:00.000000Z,1.2772371768951416,1.2836146354675293,1.276519775390625,1.2771228551864624,0,2024-08-14T00:00:00.000000Z
2024-08-14T00:00:00.000000Z,1.2866203784942627,1.2868853807449341,1.2823965549468994,1.2866700887680054,0,2024-08-15T00:00:00.000000Z
2024-08-15T00:00:00.000000Z,1.2825281620025635,1.2870675325393677,1.2799836397171021,1.2828736305236816,0,2024-08-16T00:00:00.000000Z
2024-08-16T00:00:00.000000Z,1.2859750986099243,1.2914557456970215,1.2858428955078125,1.2859420776367188,0,2024-08-17T00:00:00.000000Z
2024-08-19T00:00:00.000000Z,1.2948336601257324,1.2997479438781738,1.2941633462905884,1.2947162389755249,0,2024-08-20T00:00:00.000000Z
2024-08-20T00:00:00.000000Z,1.29902184009552,1.3044441938400269,1.2975554466247559,1.2990386486053467,0,2024-08-21T00:00:00.000000Z
2024-08-21T00:00:00.000000Z,1.303508996963501,1.3078734874725342,1.3011684417724609,1.3035430908203125,0,2024-08-22T00:00:00.000000Z
2024-08-22T00:00:00.000000Z,1.3092947006225586,1.3129045963287354,1.3082156181335449,1.309346079826355,0,2024-08-23T00:00:00.000000Z
2024-08-23T00:00:00.000000Z,1.3097577095031738,1.3229963779449463,1.3092775344848633,1.3097747564315796,0,2024-08-24T00:00:00.000000Z
2024-08-26T00:00:00.000000Z,1.3214752674102783,1.3222440481185913,1.3182524442672729,1.3212658166885376,0,2024-08-27T00:00:00.000000Z
2024-08-27T00:00:00.000000Z,1.3192107677459717,1.3245910406112671,1.3180805444717407,1.3191741704940796,0,2024-08-28T00:00:00.000000Z
2024-08-28T00:00:00.000000Z,1.3256446123123169,1.326259970664978,1.3192611932754517,1.3257501125335693,0,2024-08-29T00:00:00.000000Z
2024-08-29T00:00:00.000000Z,1.3194527626037598,1.3227006196975708,1.3146650791168213,1.3193656206130981,0,2024-08-30T00:00:00.000000Z
2024-08-30T00:00:00.000000Z,1.3165169954299927,1.3201320171356201,1.3126460313796997,1.3166210651397705,0,2024-08-31T00:00:00.000000Z
2024-09-02T00:00:00.000000Z,1.3130769729614258,1.3154432773590088,1.3120776414871216,1.3128528594970703,0,2024-09-03T00:00:00.000000Z
2024-09-03T00:00:00.000000Z,1.3141123056411743,1.3147515058517456,1.3090033531188965,1.3141986131668091,0,2024-09-04T00:00:00.000000Z
2024-09-04T00:00:00.000000Z,1.3113549947738647,1.317488431930542,1.3102381229400635,1.3114066123962402,0,2024-09-05T00:00:00.000000Z
2024-09-05T00:00:00.000000Z,1.3144749402999878,1.3188087940216064,1.3138878345489502,1.3144749402999878,0,2024-09-06T00:00:00.000000Z
2024-09-06T00:00:00.000000Z,1.3177313804626465,1.3234341144561768,1.3129907846450806,1.3177487850189209,0,2024-09-07T00:00:00.000000Z
2024-09-09T00:00:00.000000Z,1.3132321834564209,1.314388632774353,1.3071553707122803,1.3133355379104614,0,2024-09-10T00:00:00.000000Z
2024-09-10T00:00:00.000000Z,1.3069844245910645,1.310753345489502,1.3049889802932739,1.307138204574585,0,2024-09-11T00:00:00.000000Z
2024-09-11T00:00:00.000000Z,1.3082156181335449,1.3111659288406372,1.3003225326538086,1.3080273866653442,0,2024-09-12T00:00:00.000000Z
2024-09-12T00:00:00.000000Z,1.3039170503616333,1.3083868026733398,1.3032711744308472,1.3039510250091553,0,2024-09-13T00:00:00.000000Z
2024-09-13T00:00:00.000000Z,1.3133183717727661,1.3156856298446655,1.3116475343704224,1.3132321834564209,0,2024-09-14T00:00:00.000000Z
2024-09-16T00:00:00.000000Z,1.3135944604873657,1.3213878870010376,1.3135944604873657,1.3137997388839722,0,2024-09-17T00:00:00.000000Z
2024-09-17T00:00:00.000000Z,1.3210737705230713,1.3230313062667847,1.3159972429275513,1.3210737705230713,0,2024-09-18T00:00:00.000000Z
2024-09-18T00:00:00.000000Z,1.3167597055435181,1.3252933025360107,1.3156163692474365,1.3167423009872437,0,2024-09-19T00:00:00.000000Z
2024-09-19T00:00:00.000000Z,1.3203411102294922,1.3311856985092163,1.3155124187469482,1.3201146125793457,0,2024-09-20T00:00:00.000000Z
2024-09-20T00:00:00.000000Z,1.3283035755157471,1.3341338634490967,1.3270519971847534,1.3281799554824829,0,2024-09-21T00:00:00.000000Z
2024-09-23T00:00:00.000000Z,1.3312742710113525,1.336023211479187,1.3251352310180664,1.3313983678817749,0,2024-09-24T00:00:00.000000Z
2024-09-24T00:00:00.000000Z,1.3349709510803223,1.3399257659912109,1.3333333730697632,1.3349887132644653,0,2024-09-25T00:00:00.000000Z
2024-09-25T00:00:00.000000Z,1.3427324295043945,1.3429667949676514,1.3336889743804932,1.3427324295043945,0,2024-09-26T00:00:00.000000Z
2024-09-26T00:00:00.000000Z,1.3314870595932007,1.3432915210723877,1.331416130065918,1.3315792083740234,0,2024-09-27T00:00:00.000000Z
2024-09-27T00:00:00.000000Z,1.3412017822265625,1.3428225517272949,1.3361660242080688,1.3413815498352051,0,2024-09-28T00:00:00.000000Z
2024-09-30T00:00:00.000000Z,1.3383297920227051,1.3424620628356934,1.3363088369369507,1.3383297920227051,0,2024-10-01T00:00:00.000000Z
2024-10-01T00:00:00.000000Z,1.3377926349639893,1.3390465974807739,1.3264709711074829,1.3376137018203735,0,2024-10-02T00:00:00.000000Z
2024-10-02T00:00:00.000000Z,1.3274747133255005,1.3305480480194092,1.3248717784881592,1.327404260635376,0,2024-10-03T00:00:00.000000Z
2024-10-04T00:00:00.000000Z,1.3130424022674561,1.3175230026245117,1.3073091506958008,1.3130252361297607,0,2024-10-05T00:00:00.000000Z
2024-10-07T00:00:00.000000Z,1.3124047517776489,1.3134045600891113,1.3060115575790405,1.3125253915786743,0,2024-10-08T00:00:00.000000Z
2024-10-08T00:00:00.000000Z,1.3086093664169312,1.3113721609115601,1.3065404891967773,1.3084723949432373,0,2024-10-09T00:00:00.000000Z
2024-10-09T00:00:00.000000Z,1.3094146251678467,1.3103755712509155,1.3058410882949829,1.3094832897186279,0,2024-10-10T00:00:00.000000Z
2024-10-10T00:00:00.000000Z,1.3067111968994141,1.309346079826355,1.3027619123458862,1.306830883026123,0,2024-10-11T00:00:00.000000Z
2024-10-11T00:00:00.000000Z,1.3061650991439819,1.3082156181335449,1.3043251037597656,1.3062163591384888,0,2024-10-12T00:00:00.000000Z
2024-10-14T00:00:00.000000Z,1.3049379587173462,1.3072236776351929,1.303152322769165,1.3049037456512451,0,2024-10-15T00:00:00.000000Z
2024-10-15T00:00:00.000000Z,1.3068478107452393,1.3101867437362671,1.3036279678344727,1.3067454099655151,0,2024-10-16T00:00:00.000000Z
2024-10-16T00:00:00.000000Z,1.3065575361251831,1.3077365159988403,1.2983640432357788,1.3065917491912842,0,2024-10-17T00:00:00.000000Z
2024-10-17T00:00:00.000000Z,1.2991737127304077,1.302032470703125,1.2975890636444092,1.29902184009552,0,2024-10-18T00:00:00.000000Z
2024-10-18T00:00:00.000000Z,1.301608681678772,1.3068649768829346,1.3012362718582153,1.3015749454498291,0,2024-10-19T00:00:00.000000Z
2024-10-21T00:00:00.000000Z,1.3051422834396362,1.3053126335144043,1.2979763746261597,1.3052616119384766,0,2024-10-22T00:00:00.000000Z
2024-10-22T00:00:00.000000Z,1.2983134984970093,1.3015241622924805,1.2946492433547974,1.2982965707778931,0,2024-10-23T00:00:00.000000Z
2024-10-23T00:00:00.000000Z,1.2981956005096436,1.2996126413345337,1.2937614917755127,1.2982797622680664,0,2024-10-24T00:00:00.000000Z
2024-10-24T00:00:00.000000Z,1.2916392087936401,1.2986844778060913,1.2912222146987915,1.2913722991943359,0,2024-10-25T00:00:00.000000Z
2024-10-25T00:00:00.000000Z,1.2974039316177368,1.2999167442321777,1.295706033706665,1.2973365783691406,0,2024-10-26T00:00:00.000000Z
2024-10-28T00:00:00.000000Z,1.2958235740661621,1.3000857830047607,1.2940628528594971,1.2958235740661621,0,2024-10-29T00:00:00.000000Z
2024-10-29T00:00:00.000000Z,1.2975554466247559,1.3007622957229614,1.2958402633666992,1.2974711656570435,0,2024-10-30T00:00:00.000000Z
2024-10-30T00:00:00.000000Z,1.3011684417724609,1.3039339780807495,1.2939456701278687,1.3014055490493774,0,2024-10-31T00:00:00.000000Z
2024-10-31T00:00:00.000000Z,1.2958739995956421,1.2998830080032349,1.2847524881362915,1.2959579229354858,0,2024-11-01T00:00:00.000000Z
2024-11-01T00:00:00.000000Z,1.2894740104675293,1.2979259490966797,1.2885435819625854,1.2897733449935913,0,2024-11-02T00:00:00.000000Z
2024-11-04T00:00:00.000000Z,1.2953032255172729,1.3000519275665283,1.2936275005340576,1.2953401803970337,0,2024-11-05T00:00:00.000000Z
2024-11-05T00:00:00.000000Z,1.2953367233276367,1.3021341562271118,1.2948838472366333,1.2954542636871338,0,2024-11-06T00:00:00.000000Z
2024-11-06T00:00:00.000000Z,1.3040530681610107,1.3043761253356934,1.2836312055587769,1.3043591976165771,0,2024-11-07T00:00:00.000000Z
2024-11-07T00:00:00.000000Z,1.2883278131484985,1.3009145259857178,1.2877471446990967,1.2883278131484985,0,2024-11-08T00:00:00.000000Z
2024-11-08T00:00:00.000000Z,1.2983640432357788,1.2985326051712036,1.2903226613998413,1.2982292175292969,0,2024-11-09T00:00:00.000000Z
2024-11-11T00:00:00.000000Z,1.2915725708007812,1.292657732963562,1.2856611013412476,1.2917059659957886,0,2024-11-12T00:00:00.000000Z
2024-11-13T00:00:00.000000Z,1.273739218711853,1.276242733001709,1.2689549922943115,1.2739177942276001,0,2024-11-14T00:00:00.000000Z
2024-11-14T00:00:00.000000Z,1.2707772254943848,1.2720379829406738,1.2631398439407349,1.27068030834198,0,2024-11-15T00:00:00.000000Z
2024-11-15T00:00:00.000000Z,1.2666405439376831,1.269841194152832,1.2616068124771118,1.2667849063873291,0,2024-11-16T00:00:00.000000Z
2024-11-18T00:00:00.000000Z,1.2619729042053223,1.2662235498428345,1.2614953517913818,1.2617659568786621,0,2024-11-19T00:00:00.000000Z
2024-11-19T00:00:00.000000Z,1.2679253816604614,1.2688745260238647,1.261479377746582,1.2679253816604614,0,2024-11-20T00:00:00.000000Z
2024-11-20T00:00:00.000000Z,1.2694865465164185,1.2714558839797974,1.2633121013641357,1.2694543600082397,0,2024-11-21T00:00:00.000000Z
2024-11-21T00:00:00.000000Z,1.2655985355377197,1.2661433219909668,1.2581623792648315,1.2655344009399414,0,2024-11-22T00:00:00.000000Z
2024-11-22T00:00:00.000000Z,1.2585422992706299,1.2594457864761353,1.2488604784011841,1.2584789991378784,0,2024-11-23T00:00:00.000000Z
2024-11-25T00:00:00.000000Z,1.2589067220687866,1.2612725496292114,1.2542331218719482,1.2593823671340942,0,2024-11-26T00:00:00.000000Z
2024-11-26T00:00:00.000000Z,1.2530543804168701,1.2616544961929321,1.2508755922317505,1.2533055543899536,0,2024-11-27T00:00:00.000000Z
2024-11-27T00:00:00.000000Z,1.2575452327728271,1.2692931890487671,1.2567708492279053,1.2573871612548828,0,2024-11-28T00:00:00.000000Z
2024-11-28T00:00:00.000000Z,1.2674914598464966,1.2691482305526733,1.2645741701126099,1.2677645683288574,0,2024-11-29T00:00:00.000000Z
2024-11-29T00:00:00.000000Z,1.2696478366851807,1.2748761177062988,1.2673628330230713,1.2696800231933594,0,2024-11-30T00:00:00.000000Z
2024-12-02T00:00:00.000000Z,1.2705672979354858,1.2722160816192627,1.2619411945343018,1.270163893699646,0,2024-12-03T00:00:00.000000Z
2024-12-03T00:00:00.000000Z,1.2658067941665649,1.2696800231933594,1.2640306949615479,1.2658548355102539,0,2024-12-04T00:00:00.000000Z
2024-12-04T00:00:00.000000Z,1.2674272060394287,1.2717468738555908,1.2635835409164429,1.2674272060394287,0,2024-12-05T00:00:00.000000Z
2024-12-05T00:00:00.000000Z,1.2701315879821777,1.2770249843597412,1.2693576812744141,1.2701154947280884,0,2024-12-06T00:00:00.000000Z
2024-12-06T00:00:00.000000Z,1.2759333848953247,1.2809674739837646,1.2731555700302124,1.2759333848953247,0,2024-12-07T00:00:00.000000Z
2024-12-09T00:00:00.000000Z,1.2746647596359253,1.2798033952713013,1.2717791795730591,1.2749296426773071,0,2024-12-10T00:00:00.000000Z
2024-12-10T00:00:00.000000Z,1.2748434543609619,1.276650071144104,1.2725237607955933,1.2749085426330566,0,2024-12-11T00:00:00.000000Z
2024-12-11T00:00:00.000000Z,1.2780369520187378,1.2782166004180908,1.2714719772338867,1.2780042886734009,0,2024-12-12T00:00:00.000000Z
2024-12-12T00:00:00.000000Z,1.276650071144104,1.2787723541259766,1.2673307657241821,1.2766337394714355,0,2024-12-13T00:00:00.000000Z
2024-12-13T00:00:00.000000Z,1.2675557136535645,1.2679253816604614,1.2609069347381592,1.2677323818206787,0,2024-12-14T00:00:00.000000Z
2024-12-17T00:00:00.000000Z,1.2695188522338867,1.2720541954040527,1.2667688131332397,1.2690355777740479,0,2024-12-18T00:00:00.000000Z
2024-12-18T00:00:00.000000Z,1.2708903551101685,1.2723132371902466,1.2680377960205078,1.2710840702056885,0,2024-12-19T00:00:00.000000Z
2024-12-19T00:00:00.000000Z,1.2570394277572632,1.2666244506835938,1.2526618242263794,1.2567708492279053,0,2024-12-20T00:00:00.000000Z
2024-12-20T00:00:00.000000Z,1.249750018119812,1.2591128349304199,1.2476201057434082,1.2497968673706055,0,2024-12-21T00:00:00.000000Z
2024-12-23T00:00:00.000000Z,1.2571974992752075,1.2588117122650146,1.2510946989059448,1.256991982460022,0,2024-12-24T00:00:00.000000Z
2024-12-24T00:00:00.000000Z,1.2533683776855469,1.2574030160903931,1.2524266242980957,1.2534469366073608,0,2024-12-25T00:00:00.000000Z
2024-12-25T00:00:00.000000Z,1.2536041736602783,1.2813055515289307,1.240999698638916,1.2536041736602783,0,2024-12-26T00:00:00.000000Z
2024-12-26T00:00:00.000000Z,1.2543903589248657,1.2549996376037598,1.2502655982971191,1.254374623298645,0,2024-12-27T00:00:00.000000Z
2024-12-27T00:00:00.000000Z,1.2529443502426147,1.2591445446014404,1.2506722211837769,1.2529758214950562,0,2024-12-28T00:00:00.000000Z
2024-12-30T00:00:00.000000Z,1.2579566240310669,1.2607479095458984,1.2508130073547363,1.257880687713623,0,2024-12-31T00:00:00.000000Z
2024-12-31T00:00:00.000000Z,1.254900336265564,1.2568181753158569,1.2514861822128296,1.254909873008728,0,2025-01-01T00:00:00.000000Z
2025-01-02T00:00:00.000000Z,1.2521003484725952,1.2540757656097412,1.2360633611679077,1.2519248723983765,0,2025-01-03T00:00:00.000000Z
2025-01-03T00:00:00.000000Z,1.2380222082138062,1.2419891357421875,1.2378842830657959,1.2380222082138062,0,2025-01-04T00:00:00.000000Z
2025-01-06T00:00:00.000000Z,1.24251389503479,1.2550673484802246,1.2418966293334961,1.2426837682723999,0,2025-01-07T00:00:00.000000Z
2025-01-07T00:00:00.000000Z,1.2510634660720825,1.2576401233673096,1.2485017776489258,1.2510946989059448,0,2025-01-08T00:00:00.000000Z
2025-01-08T00:00:00.000000Z,1.2476606369018555,1.2494065761566162,1.2322555780410767,1.247785210609436,0,2025-01-09T00:00:00.000000Z
2025-01-09T00:00:00.000000Z,1.2359411716461182,1.2366442680358887,1.2245897054672241,1.2359870672225952,0,2025-01-10T00:00:00.000000Z
2025-01-10T00:00:00.000000Z,1.229906439781189,1.2321947813034058,1.2196757793426514,1.2299367189407349,0,2025-01-11T00:00:00.000000Z
2025-01-13T00:00:00.000000Z,1.2204201221466064,1.2207627296447754,1.2101263999938965,1.2204945087432861,0,2025-01-14T00:00:00.000000Z
2025-01-14T00:00:00.000000Z,1.2231218814849854,1.2242898941040039,1.2141668796539307,1.2233314514160156,0,2025-01-15T00:00:00.000000Z
2025-01-15T00:00:00.000000Z,1.2210757732391357,1.2306934595108032,1.216944694519043,1.2213442325592041,0,2025-01-16T00:00:00.000000Z
2025-01-16T00:00:00.000000Z,1.2243348360061646,1.2248448133468628,1.2177004814147949,1.2243348360061646,0,2025-01-17T00:00:00.000000Z
2025-01-17T00:00:00.000000Z,1.223466157913208,1.2244248390197754,1.2162491083145142,1.2236906290054321,0,2025-01-18T00:00:00.000000Z
2025-01-20T00:00:00.000000Z,1.2175670862197876,1.2323921918869019,1.2166634798049927,1.2171002626419067,0,2025-01-21T00:00:00.000000Z
2025-01-21T00:00:00.000000Z,1.2333194017410278,1.2345222234725952,1.2231967449188232,1.233136773109436,0,2025-01-22T00:00:00.000000Z
2025-01-22T00:00:00.000000Z,1.234126091003418,1.2375471591949463,1.23093581199646,1.2335399389266968,0,2025-01-23T00:00:00.000000Z
2025-01-23T00:00:00.000000Z,1.2315695285797119,1.2358037233352661,1.2294225692749023,1.2314208745956421,0,2025-01-24T00:00:00.000000Z
2025-01-24T00:00:00.000000Z,1.235467791557312,1.2495627403259277,1.2350252866744995,1.2353914976119995,0,2025-01-25T00:00:00.000000Z
2025-01-27T00:00:00.000000Z,1.2459661960601807,1.2523951530456543,1.242714524269104,1.2459352016448975,0,2025-01-28T00:00:00.000000Z
2025-01-28T00:00:00.000000Z,1.2454074621200562,1.2465718984603882,1.2416189908981323,1.2460592985153198,0,2025-01-29T00:00:00.000000Z
2025-01-29T00:00:00.000000Z,1.2442607879638672,1.2462767362594604,1.2394338846206665,1.2441680431365967,0,2025-01-30T00:00:00.000000Z
2025-01-30T00:00:00.000000Z,1.2455161809921265,1.2475829124450684,1.2425910234451294,1.2455301284790039,0,2025-01-31T00:00:00.000000Z
2025-01-31T00:00:00.000000Z,1.2422515153884888,1.2455471754074097,1.2388964891433716,1.2423903942108154,0,2025-02-01T00:00:00.000000Z
2025-02-03T00:00:00.000000Z,1.2291355133056641,1.2435336112976074,1.2250398397445679,1.2291958332061768,0,2025-02-04T00:00:00.000000Z
2025-02-04T00:00:00.000000Z,1.2435646057128906,1.2493128776550293,1.2382980585098267,1.2431780099868774,0,2025-02-05T00:00:00.000000Z
2025-02-05T00:00:00.000000Z,1.2477540969848633,1.2548468112945557,1.2464631795883179,1.2478163242340088,0,2025-02-06T00:00:00.000000Z
2025-02-06T00:00:00.000000Z,1.2502344846725464,1.2509851455688477,1.2368583679199219,1.2504063844680786,0,2025-02-07T00:00:00.000000Z
2025-02-07T00:00:00.000000Z,1.2435799837112427,1.2490476369857788,1.2389885187149048,1.2437502145767212,0,2025-02-08T00:00:00.000000Z
2025-02-10T00:00:00.000000Z,1.2390345335006714,1.2421588897705078,1.2373174428939819,1.2391574382781982,0,2025-02-11T00:00:00.000000Z
2025-02-11T00:00:00.000000Z,1.2361550331115723,1.2425756454467773,1.2334562540054321,1.2360633611679077,0,2025-02-12T00:00:00.000000Z
2025-02-12T00:00:00.000000Z,1.2452524900436401,1.2464165687561035,1.2379301786422729,1.245159387588501,0,2025-02-13T00:00:00.000000Z
2025-02-13T00:00:00.000000Z,1.2452058792114258,1.2540285587310791,1.2444467544555664,1.2450664043426514,0,2025-02-14T00:00:00.000000Z
2025-02-14T00:00:00.000000Z,1.2567076683044434,1.2630249261856079,1.2550673484802246,1.2563445568084717,0,2025-02-15T00:00:00.000000Z
2025-02-17T00:00:00.000000Z,1.2584631443023682,1.2613998651504517,1.2581149339675903,1.2584155797958374,0,2025-02-18T00:00:00.000000Z
2025-02-18T00:00:00.000000Z,1.2621641159057617,1.2623871564865112,1.2583681344985962,1.2621481418609619,0,2025-02-19T00:00:00.000000Z
2025-02-19T00:00:00.000000Z,1.2626262903213501,1.2639029026031494,1.2571184635162354,1.2625784873962402,0,2025-02-20T00:00:00.000000Z
2025-02-20T00:00:00.000000Z,1.2583839893341064,1.2648781538009644,1.2581465244293213,1.2584155797958374,0,2025-02-21T00:00:00.000000Z
2025-02-21T00:00:00.000000Z,1.2670094966888428,1.2678771018981934,1.2631845474243164,1.2670401334762573,0,2025-02-22T00:00:00.000000Z
2025-02-24T00:00:00.000000Z,1.2649260759353638,1.269196629524231,1.2614158391952515,1.2649900913238525,0,2025-02-25T00:00:00.000000Z
2025-02-25T00:00:00.000000Z,1.2618932723999023,1.2678127288818359,1.2609069347381592,1.2617819309234619,0,2025-02-26T00:00:00.000000Z
2025-02-26T00:00:00.000000Z,1.2673468589782715,1.2707933187484741,1.2636793851852417,1.2674431800842285,0,2025-02-27T00:00:00.000000Z
2025-02-27T00:00:00.000000Z,1.2681005001068115,1.2688906192779541,1.261702299118042,1.2682307958602905,0,2025-02-28T00:00:00.000000Z
2025-02-28T00:00:00.000000Z,1.2597948312759399,1.2622597217559814,1.2575136423110962,1.259890079498291,0,2025-03-01T00:00:00.000000Z
2025-03-03T00:00:00.000000Z,1.260159969329834,1.2711325883865356,1.2584472894668579,1.260398268699646,0,2025-03-04T00:00:00.000000Z
2025-03-04T00:00:00.000000Z,1.2702445983886719,1.2753963470458984,1.2679204940795898,1.2701476812362671,0,2025-03-05T00:00:00.000000Z
2025-03-05T00:00:00.000000Z,1.2795741558074951,1.2878134250640869,1.2768783569335938,1.2794268131256104,0,2025-03-06T00:00:00.000000Z
2025-03-06T00:00:00.000000Z,1.2889920473098755,1.2923069000244141,1.286852240562439,1.2891913652420044,0,2025-03-07T00:00:00.000000Z
2025-03-07T00:00:00.000000Z,1.2883775234222412,1.2944984436035156,1.287697434425354,1.2885303497314453,0,2025-03-08T00:00:00.000000Z
2025-03-10T00:00:00.000000Z,1.2933264970779419,1.2946324348449707,1.2876144647598267,1.2932428121566772,0,2025-03-11T00:00:00.000000Z
2025-03-11T00:00:00.000000Z,1.2875978946685791,1.2955213785171509,1.2873326539993286,1.2875481843948364,0,2025-03-12T00:00:00.000000Z
2025-03-12T00:00:00.000000Z,1.294481635093689,1.2988194227218628,1.2914507389068604,1.294481635093689,0,2025-03-13T00:00:00.000000Z
2025-03-13T00:00:00.000000Z,1.2964956760406494,1.2973533868789673,1.2922234535217285,1.2964283227920532,0,2025-03-14T00:00:00.000000Z
2025-03-14T00:00:00.000000Z,1.2956725358963013,1.2959076166152954,1.2912389039993286,1.2958402633666992,0,2025-03-15T00:00:00.000000Z
2025-03-17T00:00:00.000000Z,1.2927913665771484,1.2994775772094727,1.2927913665771484,1.2930588722229004,0,2025-03-18T00:00:00.000000Z
2025-03-18T00:00:00.000000Z,1.2986000776290894,1.3006099462509155,1.2954374551773071,1.2985326051712036,0,2025-03-19T00:00:00.000000Z
2025-03-19T00:00:00.000000Z,1.3000519275665283,1.3003731966018677,1.2955548763275146,1.3000519275665283,0,2025-03-20T00:00:00.000000Z
2025-03-20T00:00:00.000000Z,1.3010668754577637,1.3015241622924805,1.2937448024749756,1.3010668754577637,0,2025-03-21T00:00:00.000000Z
2025-03-21T00:00:00.000000Z,1.2966468334197998,1.2971178293228149,1.2891415357589722,1.2967981100082397,0,2025-03-22T00:00:00.000000Z
2025-03-24T00:00:00.000000Z,1.2925240993499756,1.2972356081008911,1.2909888029098511,1.2924572229385376,0,2025-03-25T00:00:00.000000Z
2025-03-25T00:00:00.000000Z,1.292290210723877,1.2960922718048096,1.2904558181762695,1.2924238443374634,0,2025-03-26T00:00:00.000000Z
2025-03-26T00:00:00.000000Z,1.2945318222045898,1.294732928276062,1.2876144647598267,1.2943308353424072,0,2025-03-27T00:00:00.000000Z
2025-03-27T00:00:00.000000Z,1.2877304553985596,1.2992243766784668,1.2877304553985596,1.2877637147903442,0,2025-03-28T00:00:00.000000Z
2025-03-28T00:00:00.000000Z,1.2951186895370483,1.2968822717666626,1.2923569679260254,1.2952026128768921,0,2025-03-29T00:00:00.000000Z
2025-03-31T00:00:00.000000Z,1.2939958572387695,1.2972524166107178,1.2890751361846924,1.2938284873962402,0,2025-04-01T00:00:00.000000Z
2025-04-01T00:00:00.000000Z,1.2919896841049194,1.2940963506698608,1.2880107164382935,1.2920898199081421,0,2025-04-02T00:00:00.000000Z
2025-04-02T00:00:00.000000Z,1.2922400236129761,1.2979763746261597,1.2903059720993042,1.2923069000244141,0,2025-04-03T00:00:00.000000Z
2025-04-03T00:00:00.000000Z,1.3044782876968384,1.3204457759857178,1.3028467893600464,1.3046314716339111,0,2025-04-04T00:00:00.000000Z
2025-04-04T00:00:00.000000Z,1.3090033531188965,1.3112174272537231,1.2915558815002441,1.3088662624359131,0,2025-04-05T00:00:00.000000Z
2025-04-07T00:00:00.000000Z,1.2912389039993286,1.2933598756790161,1.2722808122634888,1.2910722494125366,0,2025-04-08T00:00:00.000000Z
2025-04-08T00:00:00.000000Z,1.2738852500915527,1.2795906066894531,1.2726532220840454,1.2734960317611694,0,2025-04-09T00:00:00.000000Z
2025-04-09T00:00:00.000000Z,1.2787560224533081,1.2860578298568726,1.2753963470458984,1.2790995836257935,0,2025-04-10T00:00:00.000000Z
2025-04-10T00:00:00.000000Z,1.2826762199401855,1.2978248596191406,1.2824294567108154,1.2825446128845215,0,2025-04-11T00:00:00.000000Z
2025-04-11T00:00:00.000000Z,1.2994269132614136,1.3142850399017334,1.2987519502639771,1.2992074489593506,0,2025-04-12T00:00:00.000000Z
2025-04-15T00:00:00.000000Z,1.3173494338989258,1.3251878023147583,1.3166210651397705,1.3174536228179932,0,2025-04-16T00:00:00.000000Z
2025-04-16T00:00:00.000000Z,1.3231889009475708,1.3292568922042847,1.3228038549423218,1.323101282119751,0,2025-04-17T00:00:00.000000Z
2025-04-17T00:00:00.000000Z,1.323328971862793,1.327351450920105,1.3205852508544922,1.3233989477157593,0,2025-04-18T00:00:00.000000Z
2025-04-22T00:00:00.000000Z,1.3381506204605103,1.34217369556427,1.3358268737792969,1.3379716873168945,0,2025-04-23T00:00:00.000000Z
2025-04-23T00:00:00.000000Z,1.3273161649703979,1.3339202404022217,1.3253458738327026,1.3273161649703979,0,2025-04-24T00:00:00.000000Z
2025-04-24T00:00:00.000000Z,1.3265414237976074,1.3330844640731812,1.3261016607284546,1.3264534473419189,0,2025-04-25T00:00:00.000000Z
2025-04-25T00:00:00.000000Z,1.3327469825744629,1.3330134153366089,1.327492356300354,1.3326226472854614,0,2025-04-26T00:00:00.000000Z
2025-04-28T00:00:00.000000Z,1.3290096521377563,1.3419395685195923,1.3281270265579224,1.3290096521377563,0,2025-04-29T00:00:00.000000Z
2025-04-29T00:00:00.000000Z,1.343508243560791,1.3442305326461792,1.3381506204605103,1.3436164855957031,0,2025-04-30T00:00:00.000000Z
2025-04-30T00:00:00.000000Z,1.3412736654281616,1.3414356708526611,1.3310616016387939,1.3410794734954834,0,2025-05-01T00:00:00.000000Z
2025-05-01T00:00:00.000000Z,1.3321610689163208,1.3345255851745605,1.3265942335128784,1.3323917388916016,0,2025-05-02T00:00:00.000000Z
2025-05-02T00:00:00.000000Z,1.3286564350128174,1.3330667018890381,1.3267878293991089,1.3286387920379639,0,2025-05-03T00:00:00.000000Z
2025-05-05T00:00:00.000000Z,1.3270871639251709,1.3336178064346313,1.3262423276901245,1.3271929025650024,0,2025-05-06T00:00:00.000000Z
2025-05-06T00:00:00.000000Z,1.3290272951126099,1.3400514125823975,1.3262248039245605,1.3292568922042847,0,2025-05-07T00:00:00.000000Z
2025-05-07T00:00:00.000000Z,1.335309624671936,1.3377031087875366,1.3324273824691772,1.3355948925018311,0,2025-05-08T00:00:00.000000Z
2025-05-08T00:00:00.000000Z,1.3291332721710205,1.3357020616531372,1.3251526355743408,1.3294159173965454,0,2025-05-09T00:00:00.000000Z
2025-05-09T00:00:00.000000Z,1.3240823745727539,1.3317884206771851,1.3213530778884888,1.323539137840271,0,2025-05-10T00:00:00.000000Z
2025-05-12T00:00:00.000000Z,1.3284798860549927,1.3299640417098999,1.3141986131668091,1.3289036750793457,0,2025-05-13T00:00:00.000000Z
2025-05-13T00:00:00.000000Z,1.3178355693817139,1.3281270265579224,1.3175404071807861,1.3177834749221802,0,2025-05-14T00:00:00.000000Z
2025-05-14T00:00:00.000000Z,1.3304595947265625,1.3360588550567627,1.3287447690963745,1.3304418325424194,0,2025-05-15T00:00:00.000000Z
2025-05-15T00:00:00.000000Z,1.326435923576355,1.3318772315979004,1.3260664939880371,1.3263479471206665,0,2025-05-16T00:00:00.000000Z
2025-05-16T00:00:00.000000Z,1.3303179740905762,1.3331911563873291,1.325468897819519,1.3306896686553955,0,2025-05-17T00:00:00.000000Z
2025-05-19T00:00:00.000000Z,1.3305658102035522,1.3403388261795044,1.3291862010955811,1.3305498361587524,0,2025-05-20T00:00:00.000000Z
2025-05-20T00:00:00.000000Z,1.3359695672988892,1.3396205902099609,1.3335466384887695,1.3360053300857544,0,2025-05-21T00:00:00.000000Z
2025-05-21T00:00:00.000000Z,1.3398540019989014,1.3468012809753418,1.3389748334884644,1.3397821187973022,0,2025-05-22T00:00:00.000000Z
2025-05-22T00:00:00.000000Z,1.3422459363937378,1.3441040515899658,1.3392080068588257,1.3419036865234375,0,2025-05-23T00:00:00.000000Z
2025-05-27T00:00:00.000000Z,1.3566679954528809,1.3587141036987305,1.3501471281051636,1.3565207719802856,0,2025-05-28T00:00:00.000000Z
2025-05-28T00:00:00.000000Z,1.3515157699584961,1.3522467613220215,1.3451164960861206,1.3513330221176147,0,2025-05-29T00:00:00.000000Z
2025-05-29T00:00:00.000000Z,1.3426964282989502,1.3507490158081055,1.3421016931533813,1.3431472778320312,0,2025-05-30T00:00:00.000000Z
2025-05-30T00:00:00.000000Z,1.3499648571014404,1.3511505126953125,1.3450984954833984,1.3498992919921875,0,2025-05-31T00:00:00.000000Z
2025-06-03T00:00:00.000000Z,1.3557300567626953,1.355821967124939,1.3494731187820435,1.3556748628616333,0,2025-06-04T00:00:00.000000Z
2025-06-04T00:00:00.000000Z,1.3531616926193237,1.3581051826477051,1.3502565622329712,1.3531433343887329,0,2025-06-05T00:00:00.000000Z
2025-06-05T00:00:00.000000Z,1.3551788330078125,1.3617299795150757,1.3541328907012939,1.3552155494689941,0,2025-06-06T00:00:00.000000Z
2025-06-06T00:00:00.000000Z,1.357994556427002,1.3585406541824341,1.3508037328720093,1.3579576015472412,0,2025-06-07T00:00:00.000000Z
2025-06-09T00:00:00.000000Z,1.3537296056747437,1.3581604957580566,1.3524478673934937,1.3538211584091187,0,2025-06-10T00:00:00.000000Z
2025-06-10T00:00:00.000000Z,1.3553808927536011,1.3564839363098145,1.3458950519561768,1.3556748628616333,0,2025-06-11T00:00:00.000000Z
2025-06-11T00:00:00.000000Z,1.3508584499359131,1.3557300567626953,1.3464748859405518,1.3508219718933105,0,2025-06-12T00:00:00.000000Z
2025-06-12T00:00:00.000000Z,1.3568705320358276,1.3623607158660889,1.3526124954223633,1.3567416667938232,0,2025-06-13T00:00:00.000000Z
2025-06-13T00:00:00.000000Z,1.3630663156509399,1.3632521629333496,1.3517167568206787,1.3627691268920898,0,2025-06-14T00:00:00.000000Z
2025-06-16T00:00:00.000000Z,1.3547013998031616,1.362323522567749,1.3536012172698975,1.3557006120681763,0,2025-06-17T00:00:00.000000Z
2025-06-17T00:00:00.000000Z,1.3568521738052368,1.3580129146575928,1.3497644662857056,1.3565576076507568,0,2025-06-18T00:00:00.000000Z
2025-06-18T00:00:00.000000Z,1.343075156211853,1.3477089405059814,1.3427865505218506,1.3430029153823853,0,2025-06-19T00:00:00.000000Z
2025-06-19T00:00:00.000000Z,1.3415075540542603,1.3450080156326294,1.3383835554122925,1.3416515588760376,0,2025-06-20T00:00:00.000000Z
2025-06-20T00:00:00.000000Z,1.3478723764419556,1.3511322736740112,1.3456052541732788,1.3476725816726685,0,2025-06-21T00:00:00.000000Z
2025-06-23T00:00:00.000000Z,1.3436886072158813,1.3505300283432007,1.3373453617095947,1.3435983657836914,0,2025-06-24T00:00:00.000000Z
2025-06-24T00:00:00.000000Z,1.3546464443206787,1.3646661043167114,1.3537478446960449,1.3545364141464233,0,2025-06-25T00:00:00.000000Z
2025-06-25T00:00:00.000000Z,1.361488938331604,1.3634381294250488,1.3592497110366821,1.361488938331604,0,2025-06-26T00:00:00.000000Z
2025-06-26T00:00:00.000000Z,1.3691315650939941,1.3764814138412476,1.3678767681121826,1.3691878318786621,0,2025-06-27T00:00:00.000000Z
2025-06-27T00:00:00.000000Z,1.3726835250854492,1.3751753568649292,1.3705388307571411,1.37247633934021,0,2025-06-28T00:00:00.000000Z
2025-06-30T00:00:00.000000Z,1.372062087059021,1.3741360902786255,1.3676148653030396,1.3719680309295654,0,2025-07-01T00:00:00.000000Z
2025-07-01T00:00:00.000000Z,1.373437762260437,1.3788729906082153,1.3705388307571411,1.3730605840682983,0,2025-07-02T00:00:00.000000Z
2025-07-02T00:00:00.000000Z,1.3747216463088989,1.3753266334533691,1.3567600250244141,1.3747216463088989,0,2025-07-03T00:00:00.000000Z
2025-07-03T00:00:00.000000Z,1.3651504516601562,1.3675214052200317,1.359194278717041,1.3650014400482178,0,2025-07-04T00:00:00.000000Z
2025-07-04T00:00:00.000000Z,1.3666430711746216,1.3681762218475342,1.3635309934616089,1.3668297529220581,0,2025-07-05T00:00:00.000000Z
2025-07-07T00:00:00.000000Z,1.365075945854187,1.3657844066619873,1.3575890064239502,1.3651504516601562,0,2025-07-08T00:00:00.000000Z
2025-07-08T00:00:00.000000Z,1.3625463247299194,1.3646661043167114,1.3528138399124146,1.3623607158660889,0,2025-07-09T00:00:00.000000Z
2025-07-09T00:00:00.000000Z,1.3585295677185059,1.3618227243423462,1.3566128015518188,1.3585295677185059,0,2025-07-10T00:00:00.000000Z
2025-07-10T00:00:00.000000Z,1.3597116470336914,1.3620266914367676,1.3534363508224487,1.3593051433563232,0,2025-07-11T00:00:00.000000Z
2025-07-11T00:00:00.000000Z,1.3580313920974731,1.3581236600875854,1.3483812808990479,1.3579576015472412,0,2025-07-12T00:00:00.000000Z
2025-07-14T00:00:00.000000Z,1.3497098684310913,1.3504753112792969,1.3432736396789551,1.3493820428848267,0,2025-07-15T00:00:00.000000Z
2025-07-15T00:00:00.000000Z,1.3427324295043945,1.3466562032699585,1.3382043838500977,1.3428045511245728,0,2025-07-16T00:00:00.000000Z
2025-07-16T00:00:00.000000Z,1.3394231796264648,1.3477270603179932,1.3367375135421753,1.3393335342407227,0,2025-07-17T00:00:00.000000Z
2025-07-17T00:00:00.000000Z,1.3410757780075073,1.3418675661087036,1.3375958204269409,1.3411099910736084,0,2025-07-18T00:00:00.000000Z
2025-07-18T00:00:00.000000Z,1.3431472778320312,1.3474909067153931,1.3411656618118286,1.3432555198669434,0,2025-07-19T00:00:00.000000Z
2025-07-21T00:00:00.000000Z,1.3416335582733154,1.3510043621063232,1.3403208255767822,1.3415975570678711,0,2025-07-22T00:00:00.000000Z
2025-07-22T00:00:00.000000Z,1.348945140838623,1.3520090579986572,1.3463118076324463,1.348945140838623,0,2025-07-23T00:00:00.000000Z
2025-07-23T00:00:00.000000Z,1.3521736860275269,1.3575890064239502,1.3517167568206787,1.352155327796936,0,2025-07-24T00:00:00.000000Z
2025-07-24T00:00:00.000000Z,1.3579576015472412,1.3588987588882446,1.3523746728897095,1.3579576015472412,0,2025-07-25T00:00:00.000000Z
2025-07-25T00:00:00.000000Z,1.3509862422943115,1.3512235879898071,1.3418135643005371,1.3510043621063232,0,2025-07-26T00:00:00.000000Z
2025-07-28T00:00:00.000000Z,1.3439956903457642,1.3453338146209717,1.3392258882522583,1.3440859317779541,0,2025-07-29T00:00:00.000000Z
2025-07-29T00:00:00.000000Z,1.3358447551727295,1.3362016677856445,1.330866813659668,1.336023211479187,0,2025-07-30T00:00:00.000000Z
2025-07-30T00:00:00.000000Z,1.3356127738952637,1.3385447263717651,1.3272985219955444,1.3353630304336548,0,2025-07-31T00:00:00.000000Z
2025-07-31T00:00:00.000000Z,1.325556755065918,1.3282152414321899,1.3188261985778809,1.3257676362991333,0,2025-08-01T00:00:00.000000Z
2025-08-01T00:00:00.000000Z,1.3207422494888306,1.3305480480194092,1.3144059181213379,1.3209865093231201,0,2025-08-02T00:00:00.000000Z
2025-08-04T00:00:00.000000Z,1.3292216062545776,1.3330844640731812,1.325468897819519,1.3289920091629028,0,2025-08-05T00:00:00.000000Z
2025-08-05T00:00:00.000000Z,1.3299994468688965,1.3309553861618042,1.3263126611709595,1.3297518491744995,0,2025-08-06T00:00:00.000000Z
2025-08-06T00:00:00.000000Z,1.3298580646514893,1.3358982801437378,1.3283387422561646,1.3299463987350464,0,2025-08-07T00:00:00.000000Z
2025-08-07T00:00:00.000000Z,1.3357733488082886,1.3437248468399048,1.3347570896148682,1.3357912302017212,0,2025-08-08T00:00:00.000000Z
2025-08-08T00:00:00.000000Z,1.3451888561248779,1.3454785346984863,1.3419936895370483,1.345152735710144,0,2025-08-09T00:00:00.000000Z
2025-08-11T00:00:00.000000Z,1.3443931341171265,1.3476543426513672,1.3400335311889648,1.3444474935531616,0,2025-08-12T00:00:00.000000Z
2025-08-12T00:00:00.000000Z,1.3434358835220337,1.3523930311203003,1.3422278165817261,1.3435261249542236,0,2025-08-13T00:00:00.000000Z
2025-08-13T00:00:00.000000Z,1.3505300283432007,1.3585110902786255,1.3494184017181396,1.3504207134246826,0,2025-08-14T00:00:00.000000Z
2025-08-14T00:00:00.000000Z,1.3585665225982666,1.3594529628753662,1.3529237508773804,1.3585295677185059,0,2025-08-15T00:00:00.000000Z
2025-08-15T00:00:00.000000Z,1.3530151844024658,1.3575520515441895,1.3528321981430054,1.3530701398849487,0,2025-08-16T00:00:00.000000Z
2025-08-18T00:00:00.000000Z,1.355766773223877,1.3565999269485474,1.3512965440750122,1.3556381464004517,0,2025-08-19T00:00:00.000000Z
2025-08-19T00:00:00.000000Z,1.3508037328720093,1.3531067371368408,1.3488178253173828,1.3508219718933105,0,2025-08-20T00:00:00.000000Z
2025-08-20T00:00:00.000000Z,1.3485630750656128,1.3508949279785156,1.3448994159698486,1.3486795425415039,0,2025-08-21T00:00:00.000000Z
2025-08-21T00:00:00.000000Z,1.3466199636459351,1.3483085632324219,1.3410218954086304,1.3466380834579468,0,2025-08-22T00:00:00.000000Z
2025-08-22T00:00:00.000000Z,1.3416875600814819,1.3543713092803955,1.3391542434692383,1.3419395685195923,0,2025-08-23T00:00:00.000000Z
2025-08-25T00:00:00.000000Z,1.3509807586669922,1.3528138399124146,1.3484358787536621,1.35111403465271,0,2025-08-26T00:00:00.000000Z
2025-08-26T00:00:00.000000Z,1.3454241752624512,1.3492727279663086,1.343508243560791,1.3453518152236938,0,2025-08-27T00:00:00.000000Z
2025-08-28T00:00:00.000000Z,1.3504753112792969,1.3528138399124146,1.3485267162322998,1.3503841161727905,0,2025-08-29T00:00:00.000000Z
2025-08-29T00:00:00.000000Z,1.3509862422943115,1.3513878583908081,1.3448452949523926,1.35111403465271,0,2025-08-30T00:00:00.000000Z
2025-09-01T00:00:00.000000Z,1.3504207134246826,1.3549584150314331,1.3503658771514893,1.3503841161727905,0,2025-09-02T00:00:00.000000Z
2025-09-02T00:00:00.000000Z,1.3547013998031616,1.3548849821090698,1.3341693878173828,1.3547931909561157,0,2025-09-03T00:00:00.000000Z
2025-09-03T00:00:00.000000Z,1.3383656740188599,1.3453338146209717,1.3336355686187744,1.3383476734161377,0,2025-09-04T00:00:00.000000Z
2025-09-04T00:00:00.000000Z,1.344212532043457,1.3458588123321533,1.3417955636978149,1.3441582918167114,0,2025-09-05T00:00:00.000000Z
2025-09-05T00:00:00.000000Z,1.3444474935531616,1.3554543256759644,1.3442666530609131,1.3444474935531616,0,2025-09-06T00:00:00.000000Z
2025-09-08T00:00:00.000000Z,1.3492181301116943,1.3556381464004517,1.3484903573989868,1.3492909669876099,0,2025-09-09T00:00:00.000000Z
2025-09-09T00:00:00.000000Z,1.3552706241607666,1.3591573238372803,1.3525211811065674,1.3553073406219482,0,2025-09-10T00:00:00.000000Z
2025-09-10T00:00:00.000000Z,1.3520822525024414,1.3561527729034424,1.3516253232955933,1.3521096706390381,0,2025-09-11T00:00:00.000000Z
2025-09-11T00:00:00.000000Z,1.3532531261444092,1.3577916622161865,1.3495277166366577,1.3534730672836304,0,2025-09-12T00:00:00.000000Z
2025-09-15T00:00:00.000000Z,1.3555278778076172,1.3619710206985474,1.3549401760101318,1.3553440570831299,0,2025-09-16T00:00:00.000000Z
2025-09-16T00:00:00.000000Z,1.3601741790771484,1.3670727014541626,1.3598780632019043,1.3602666854858398,0,2025-09-17T00:00:00.000000Z
2025-09-17T00:00:00.000000Z,1.3654673099517822,1.3669232130050659,1.3631405830383301,1.365392804145813,0,2025-09-18T00:00:00.000000Z
2025-09-18T00:00:00.000000Z,1.3628991842269897,1.3657469749450684,1.3536379337310791,1.3629734516143799,0,2025-09-19T00:00:00.000000Z
2025-09-19T00:00:00.000000Z,1.3555645942687988,1.3559303283691406,1.3465837240219116,1.3556013107299805,0,2025-09-20T00:00:00.000000Z
2025-09-22T00:00:00.000000Z,1.346293568611145,1.3513513803482056,1.3453699350357056,1.3464748859405518,0,2025-09-23T00:00:00.000000Z
2025-09-23T00:00:00.000000Z,1.3513878583908081,1.3536012172698975,1.3490725755691528,1.3514974117279053,0,2025-09-24T00:00:00.000000Z
2025-09-24T00:00:00.000000Z,1.3526124954223633,1.3526124954223633,1.3428767919540405,1.3524478673934937,0,2025-09-25T00:00:00.000000Z
2025-09-25T00:00:00.000000Z,1.3450080156326294,1.3466199636459351,1.3342405557632446,1.3452396392822266,0,2025-09-26T00:00:00.000000Z
2025-09-26T00:00:00.000000Z,1.3335111141204834,1.3413815498352051,1.3331378698348999,1.333653450012207,0,2025-09-27T00:00:00.000000Z
2025-09-29T00:00:00.000000Z,1.3407701253890991,1.3456052541732788,1.3407701253890991,1.3408241271972656,0,2025-09-30T00:00:00.000000Z
2025-09-30T00:00:00.000000Z,1.3435298204421997,1.3465837240219116,1.3415795564651489,1.3437248468399048,0,2025-10-01T00:00:00.000000Z
2025-10-01T00:00:00.000000Z,1.3441762924194336,1.352594256401062,1.3435623645782471,1.3443390130996704,0,2025-10-02T00:00:00.000000Z
2025-10-02T00:00:00.000000Z,1.3477815389633179,1.3509862422943115,1.3401951789855957,1.3480178117752075,0,2025-10-03T00:00:00.000000Z
2025-10-03T00:00:00.000000Z,1.3445920944213867,1.3484358787536621,1.3429849147796631,1.3446643352508545,0,2025-10-04T00:00:00.000000Z
2025-10-06T00:00:00.000000Z,1.3433457612991333,1.3484358787536621,1.3417955636978149,1.3433817625045776,0,2025-10-07T00:00:00.000000Z
2025-10-08T00:00:00.000000Z,1.3421016931533813,1.3438512086868286,1.3385089635848999,1.3421016931533813,0,2025-10-09T00:00:00.000000Z
2025-10-09T00:00:00.000000Z,1.3400155305862427,1.3419756889343262,1.3292216062545776,1.3401411771774292,0,2025-10-10T00:00:00.000000Z
2025-10-10T00:00:00.000000Z,1.3303710222244263,1.3359339237213135,1.3266646862030029,1.3304948806762695,0,2025-10-11T00:00:00.000000Z
2025-10-13T00:00:00.000000Z,1.3338135480880737,1.3366124629974365,1.331611156463623,1.3336178064346313,0,2025-10-14T00:00:00.000000Z
2025-10-14T00:00:00.000000Z,1.3333511352539062,1.3352917432785034,1.325065016746521,1.3332622051239014,0,2025-10-15T00:00:00.000000Z
2025-10-15T00:00:00.000000Z,1.3321077823638916,1.340356707572937,1.3321077823638916,1.3321610689163208,0,2025-10-16T00:00:00.000000Z
2025-10-16T00:00:00.000000Z,1.3402310609817505,1.3454241752624512,1.3400694131851196,1.3404465913772583,0,2025-10-17T00:00:00.000000Z
2025-10-17T00:00:00.000000Z,1.3444474935531616,1.3473457098007202,1.3392438888549805,1.3445558547973633,0,2025-10-18T00:00:00.000000Z
2025-10-20T00:00:00.000000Z,1.3426783084869385,1.3444474935531616,1.3399437665939331,1.3425881862640381,0,2025-10-21T00:00:00.000000Z
2025-10-21T00:00:00.000000Z,1.3403927087783813,1.3417415618896484,1.3361302614212036,1.3405184745788574,0,2025-10-22T00:00:00.000000Z
2025-10-22T00:00:00.000000Z,1.3366659879684448,1.33872389793396,1.330672025680542,1.336523175239563,0,2025-10-23T00:00:00.000000Z
2025-10-23T00:00:00.000000Z,1.335024356842041,1.3357733488082886,1.3311856985092163,1.3351848125457764,0,2025-10-24T00:00:00.000000Z
2025-10-24T00:00:00.000000Z,1.3327292203903198,1.3358982801437378,1.3293275833129883,1.3327469825744629,0,2025-10-25T00:00:00.000000Z
2025-10-27T00:00:00.000000Z,1.332356333732605,1.3352204561233521,1.3311147689819336,1.3322391510009766,0,2025-10-28T00:00:00.000000Z
2025-10-28T00:00:00.000000Z,1.3339380025863647,1.337005615234375,1.32501220703125,1.3341000080108643,0,2025-10-29T00:00:00.000000Z
2025-10-29T00:00:00.000000Z,1.3278449773788452,1.3280742168426514,1.3197661638259888,1.3279330730438232,0,2025-10-30T00:00:00.000000Z
2025-10-30T00:00:00.000000Z,1.319400429725647,1.3219294548034668,1.311785101890564,1.3195397853851318,0,2025-10-31T00:00:00.000000Z
2025-10-31T00:00:00.000000Z,1.3160146474838257,1.3165291547775269,1.3099464178085327,1.3159106969833374,0,2025-11-01T00:00:00.000000Z
2025-11-03T00:00:00.000000Z,1.3136461973190308,1.315028190612793,1.3110971450805664,1.3134735822677612,0,2025-11-04T00:00:00.000000Z
2025-11-04T00:00:00.000000Z,1.3131803274154663,1.3140604496002197,1.3035770654678345,1.3135254383087158,0,2025-11-05T00:00:00.000000Z
2025-11-05T00:00:00.000000Z,1.30218505859375,1.3051422834396362,1.3011684417724609,1.3021697998046875,0,2025-11-06T00:00:00.000000Z
2025-11-06T00:00:00.000000Z,1.3052785396575928,1.3124047517776489,1.3051507472991943,1.3052598237991333,0,2025-11-07T00:00:00.000000Z
2025-11-07T00:00:00.000000Z,1.3140604496002197,1.3174536228179932,1.3095518350601196,1.3140950202941895,0,2025-11-08T00:00:00.000000Z
2025-11-10T00:00:00.000000Z,1.3150626420974731,1.3190872669219971,1.3138360977172852,1.3142677545547485,0,2025-11-11T00:00:00.000000Z
2025-11-11T00:00:00.000000Z,1.3173148632049561,1.3183567523956299,1.3117679357528687,1.3172974586486816,0,2025-11-12T00:00:00.000000Z
2025-11-12T00:00:00.000000Z,1.3152875900268555,1.3155989646911621,1.3085922002792358,1.3152875900268555,0,2025-11-13T00:00:00.000000Z
2025-11-13T00:00:00.000000Z,1.3130252361297607,1.3213530778884888,1.3104099035263062,1.3127838373184204,0,2025-11-14T00:00:00.000000Z
2025-11-14T00:00:00.000000Z,1.3153568506240845,1.3192263841629028,1.3108221292495728,1.3152183294296265,0,2025-11-15T00:00:00.000000Z
2025-11-17T00:00:00.000000Z,1.3157376050949097,1.3193308115005493,1.3137152194976807,1.3160146474838257,0,2025-11-18T00:00:00.000000Z
2025-11-18T00:00:00.000000Z,1.3153740167617798,1.3175750970840454,1.3136979341506958,1.3156163692474365,0,2025-11-19T00:00:00.000000Z
2025-11-19T00:00:00.000000Z,1.3147515058517456,1.3156682252883911,1.3069674968719482,1.3147515058517456,0,2025-11-20T00:00:00.000000Z
2025-11-20T00:00:00.000000Z,1.3060967922210693,1.3121638298034668,1.3039339780807495,1.3061821460723877,0,2025-11-21T00:00:00.000000Z
2025-11-21T00:00:00.000000Z,1.3083696365356445,1.310289740562439,1.304036021232605,1.3084894418716431,0,2025-11-22T00:00:00.000000Z
2025-11-24T00:00:00.000000Z,1.3096890449523926,1.3118194341659546,1.3081300258636475,1.3096375465393066,0,2025-11-25T00:00:00.000000Z
2025-11-25T00:00:00.000000Z,1.3106160163879395,1.3195570707321167,1.3096497058868408,1.3106160163879395,0,2025-11-26T00:00:00.000000Z
2025-11-26T00:00:00.000000Z,1.3161011934280396,1.3235917091369629,1.3125942945480347,1.3158707618713379,0,2025-11-27T00:00:00.000000Z
2025-11-27T00:00:00.000000Z,1.3245033025741577,1.3269639015197754,1.3210737705230713,1.3244997262954712,0,2025-11-28T00:00:00.000000Z
2025-11-28T00:00:00.000000Z,1.3241350650787354,1.3250824213027954,1.3201842308044434,1.3241175413131714,0,2025-11-29T00:00:00.000000Z
2025-12-01T00:00:00.000000Z,1.3240823745727539,1.3274747133255005,1.3208295106887817,1.3239772319793701,0,2025-12-02T00:00:00.000000Z
2025-12-02T00:00:00.000000Z,1.3209865093231201,1.3222266435623169,1.3181829452514648,1.3209341764450073,0,2025-12-03T00:00:00.000000Z
2025-12-03T00:00:00.000000Z,1.3220866918563843,1.3347214460372925,1.3218246698379517,1.3219469785690308,0,2025-12-04T00:00:00.000000Z
2025-12-04T00:00:00.000000Z,1.3346858024597168,1.3384193181991577,1.3324450254440308,1.3348817825317383,0,2025-12-05T00:00:00.000000Z
2025-12-05T00:00:00.000000Z,1.3323917388916016,1.3362374305725098,1.3318772315979004,1.3321788311004639,0,2025-12-06T00:00:00.000000Z
2025-12-08T00:00:00.000000Z,1.3326581716537476,1.3347214460372925,1.3307782411575317,1.3324593305587769,0,2025-12-09T00:00:00.000000Z
2025-12-09T00:00:00.000000Z,1.3329778909683228,1.3355057239532471,1.3290272951126099,1.3326793909072876,0,2025-12-10T00:00:00.000000Z
2025-12-10T00:00:00.000000Z,1.3303604125976562,1.3340448141098022,1.3297696113586426,1.3303532600402832,0,2025-12-11T00:00:00.000000Z
2025-12-11T00:00:00.000000Z,1.3389031887054443,1.3437970876693726,1.3355948925018311,1.3388315439224243,0,2025-12-12T00:00:00.000000Z
2025-12-12T00:00:00.000000Z,1.3393874168395996,1.3400335311889648,1.3344007730484009,1.3390465974807739,0,2025-12-13T00:00:00.000000Z
2025-12-15T00:00:00.000000Z,1.336844801902771,1.3401411771774292,1.3354700803756714,1.3367732763290405,0,2025-12-16T00:00:00.000000Z
2025-12-16T00:00:00.000000Z,1.3379716873168945,1.345406174659729,1.335666298866272,1.3380612134933472,0,2025-12-17T00:00:00.000000Z
2025-12-17T00:00:00.000000Z,1.342624306678772,1.3426424264907837,1.3313628435134888,1.342499852180481,0,2025-12-18T00:00:00.000000Z
2025-12-18T00:00:00.000000Z,1.3374526500701904,1.3445378541946411,1.3342405557632446,1.3374598026275635,0,2025-12-19T00:00:00.000000Z
2025-12-19T00:00:00.000000Z,1.3384193181991577,1.3387418985366821,1.3357733488082886,1.3385393619537354,0,2025-12-20T00:00:00.000000Z
2025-12-23T00:00:00.000000Z,1.3468919992446899,1.3520638942718506,1.3468919992446899,1.3469899892807007,0,2025-12-24T00:00:00.000000Z
2025-12-24T00:00:00.000000Z,1.3513878583908081,1.3535462617874146,1.3493820428848267,1.3513604402542114,0,2025-12-25T00:00:00.000000Z
2025-12-26T00:00:00.000000Z,1.3507125377655029,1.3526674509048462,1.3477815389633179,1.3508949279785156,0,2025-12-27T00:00:00.000000Z
2025-12-29T00:00:00.000000Z,1.350074291229248,1.3513513803482056,1.3471279144287109,1.349727988243103,0,2025-12-30T00:00:00.000000Z
2025-12-30T00:00:00.000000Z,1.3509862422943115,1.3530151844024658,1.3451708555221558,1.3510993719100952,0,2025-12-31T00:00:00.000000Z
2025-12-31T00:00:00.000000Z,1.3467831611633301,1.3476543426513672,1.3403388261795044,1.3467197418212891,0,2026-01-01T00:00:00.000000Z
2026-01-02T00:00:00.000000Z,1.3474909067153931,1.3501653671264648,1.3435261249542236,1.3473638296127319,0,2026-01-03T00:00:00.000000Z
2026-01-05T00:00:00.000000Z,1.3439414501190186,1.3525576591491699,1.3415435552597046,1.3437970876693726,0,2026-01-06T00:00:00.000000Z
2026-01-06T00:00:00.000000Z,1.3534547090530396,1.3568152189254761,1.3492909669876099,1.3533997535705566,0,2026-01-07T00:00:00.000000Z
2026-01-07T00:00:00.000000Z,1.3500378131866455,1.3517532348632812,1.3470189571380615,1.3500559329986572,0,2026-01-08T00:00:00.000000Z
2026-01-08T00:00:00.000000Z,1.3459494113922119,1.3466380834579468,1.3417595624923706,1.3459312915802002,0,2026-01-09T00:00:00.000000Z
2026-01-09T00:00:00.000000Z,1.3435803651809692,1.3447185754776001,1.3394052982330322,1.3438005447387695,0,2026-01-10T00:00:00.000000Z
2026-01-12T00:00:00.000000Z,1.339441180229187,1.34865403175354,1.3392258882522583,1.3394231796264648,0,2026-01-13T00:00:00.000000Z
2026-01-13T00:00:00.000000Z,1.3466199636459351,1.3488723039627075,1.3426603078842163,1.3465656042098999,0,2026-01-14T00:00:00.000000Z
2026-01-14T00:00:00.000000Z,1.3425701856613159,1.3462574481964111,1.342065691947937,1.3426783084869385,0,2026-01-15T00:00:00.000000Z
2026-01-15T00:00:00.000000Z,1.3440680503845215,1.3446643352508545,1.3365589380264282,1.3442666530609131,0,2026-01-16T00:00:00.000000Z
2026-01-16T00:00:00.000000Z,1.338186502456665,1.3412916660308838,1.3367375135421753,1.3381328582763672,0,2026-01-17T00:00:00.000000Z
2026-01-19T00:00:00.000000Z,1.3403388261795044,1.3433637619018555,1.3382043838500977,1.3404287099838257,0,2026-01-20T00:00:00.000000Z
2026-01-20T00:00:00.000000Z,1.3419216871261597,1.3491635322570801,1.3410991430282593,1.3418315649032593,0,2026-01-21T00:00:00.000000Z
2026-01-21T00:00:00.000000Z,1.3439956903457642,1.3458588123321533,1.3402490615844727,1.3440859317779541,0,2026-01-22T00:00:00.000000Z
2026-01-22T00:00:00.000000Z,1.3417415618896484,1.3498009443283081,1.3410578966140747,1.3419395685195923,0,2026-01-23T00:00:00.000000Z
2026-01-23T00:00:00.000000Z,1.350001335144043,1.3597116470336914,1.3483449220657349,1.3501288890838623,0,2026-01-24T00:00:00.000000Z
2026-01-26T00:00:00.000000Z,1.3662508726119995,1.3712530136108398,1.3643310070037842,1.3662508726119995,0,2026-01-27T00:00:00.000000Z
2026-01-27T00:00:00.000000Z,1.3675214052200317,1.3790820837020874,1.3665122985839844,1.3677457571029663,0,2026-01-28T00:00:00.000000Z
2026-01-28T00:00:00.000000Z,1.3825522661209106,1.3829345703125,1.3751943111419678,1.3824374675750732,0,2026-01-29T00:00:00.000000Z
2026-01-29T00:00:00.000000Z,1.3823419809341431,1.3846771717071533,1.3748350143432617,1.382533073425293,0,2026-01-30T00:00:00.000000Z
2026-01-30T00:00:00.000000Z,1.3809102773666382,1.3814444541931152,1.371478796005249,1.380643367767334,0,2026-01-31T00:00:00.000000Z
2026-02-02T00:00:00.000000Z,1.3681013584136963,1.371441125869751,1.3627505302429199,1.3679141998291016,0,2026-02-03T00:00:00.000000Z
2026-02-03T00:00:00.000000Z,1.3674278259277344,1.3707268238067627,1.3652622699737549,1.3673156499862671,0,2026-02-04T00:00:00.000000Z
2026-02-04T00:00:00.000000Z,1.3697504997253418,1.3733245134353638,1.3644241094589233,1.3697504997253418,0,2026-02-05T00:00:00.000000Z
2026-02-05T00:00:00.000000Z,1.364628791809082,1.3654673099517822,1.3521188497543335,1.3644611835479736,0,2026-02-06T00:00:00.000000Z
2026-02-06T00:00:00.000000Z,1.3521188497543335,1.3615630865097046,1.3509862422943115,1.3520822525024414,0,2026-02-07T00:00:00.000000Z
2026-02-09T00:00:00.000000Z,1.3608589172363281,1.3691691160202026,1.3588618040084839,1.3608959913253784,0,2026-02-10T00:00:00.000000Z
2026-02-10T00:00:00.000000Z,1.3683072328567505,1.3698630332946777,1.3653740882873535,1.368344783782959,0,2026-02-11T00:00:00.000000Z
2026-02-11T00:00:00.000000Z,1.3633265495300293,1.3712906837463379,1.361952543258667,1.3634566068649292,0,2026-02-12T00:00:00.000000Z
2026-02-12T00:00:00.000000Z,1.3623793125152588,1.367128849029541,1.3605442047119141,1.362399697303772,0,2026-02-13T00:00:00.000000Z
2026-02-13T00:00:00.000000Z,1.361952543258667,1.364628791809082,1.3592127561569214,1.3620266914367676,0,2026-02-14T00:00:00.000000Z
2026-02-16T00:00:00.000000Z,1.3647406101226807,1.3662508726119995,1.3627134561538696,1.3647778034210205,0,2026-02-17T00:00:00.000000Z
2026-02-17T00:00:00.000000Z,1.3628619909286499,1.3629549741744995,1.3498009443283081,1.3627691268920898,0,2026-02-18T00:00:00.000000Z
2026-02-18T00:00:00.000000Z,1.3564103841781616,1.3582342863082886,1.3534547090530396,1.3564472198486328,0,2026-02-19T00:00:00.000000Z
2026-02-19T00:00:00.000000Z,1.349545955657959,1.3517532348632812,1.3435261249542236,1.349582314491272,0,2026-02-20T00:00:00.000000Z
2026-02-20T00:00:00.000000Z,1.3460580110549927,1.3514243364334106,1.3436344861984253,1.3461124897003174,0,2026-02-21T00:00:00.000000Z
2026-02-23T00:00:00.000000Z,1.3528686761856079,1.3535646200180054,1.3477815389633179,1.3533265590667725,0,2026-02-24T00:00:00.000000Z
2026-02-24T00:00:00.000000Z,1.3496370315551758,1.3537478446960449,1.3471460342407227,1.34969162940979,0,2026-02-25T00:00:00.000000Z
2026-02-25T00:00:00.000000Z,1.3496370315551758,1.3551236391067505,1.3491998910903931,1.3497462272644043,0,2026-02-26T00:00:00.000000Z
2026-02-26T00:00:00.000000Z,1.355821967124939,1.3574045896530151,1.3497098684310913,1.3558034896850586,0,2026-02-27T00:00:00.000000Z
2026-02-27T00:00:00.000000Z,1.3492363691329956,1.350548267364502,1.3441762924194336,1.3491452932357788,0,2026-02-28T00:00:00.000000Z
2026-03-02T00:00:00.000000Z,1.340752124786377,1.3456594944000244,1.3316820859909058,1.3406623601913452,0,2026-03-03T00:00:00.000000Z
2026-03-03T00:00:00.000000Z,1.3408960103988647,1.3425161838531494,1.325486421585083,1.3410578966140747,0,2026-03-04T00:00:00.000000Z
2026-03-04T00:00:00.000000Z,1.335309624671936,1.3404645919799805,1.3305480480194092,1.3353630304336548,0,2026-03-05T00:00:00.000000Z
2026-03-05T00:00:00.000000Z,1.3369520902633667,1.3386342525482178,1.3301233053207397,1.3369520902633667,0,2026-03-06T00:00:00.000000Z
2026-03-06T00:00:00.000000Z,1.3356841802597046,1.3408780097961426,1.3313806056976318,1.3357375860214233,0,2026-03-07T00:00:00.000000Z
2026-03-09T00:00:00.000000Z,1.3307074308395386,1.3398720026016235,1.3284975290298462,1.3301055431365967,0,2026-03-10T00:00:00.000000Z
2026-03-10T00:00:00.000000Z,1.3423900604248047,1.3481448888778687,1.3415075540542603,1.3424980640411377,0,2026-03-11T00:00:00.000000Z
2026-03-11T00:00:00.000000Z,1.3421918153762817,1.3457320928573608,1.3395847082138062,1.3419036865234375,0,2026-03-12T00:00:00.000000Z
2026-03-12T00:00:00.000000Z,1.3380612134933472,1.3409498929977417,1.3341693878173828,1.338186502456665,0,2026-03-13T00:00:00.000000Z
2026-03-13T00:00:00.000000Z,1.3352383375167847,1.3369699716567993,1.3233640193939209,1.3352507352828979,0,2026-03-14T00:00:00.000000Z
2026-03-16T00:00:00.000000Z,1.3249244689941406,1.3316465616226196,1.3232413530349731,1.3247665166854858,0,2026-03-17T00:00:00.000000Z
2026-03-17T00:00:00.000000Z,1.3312742710113525,1.3358982801437378,1.3274219036102295,1.3314337730407715,0,2026-03-18T00:00:00.000000Z
2026-03-18T00:00:00.000000Z,1.3357912302017212,1.3376137018203735,1.3306366205215454,1.3359518051147461,0,2026-03-19T00:00:00.000000Z
2026-03-19T00:00:00.000000Z,1.326435923576355,1.3388315439224243,1.3249069452285767,1.3265062570571899,0,2026-03-20T00:00:00.000000Z
2026-03-20T00:00:00.000000Z,1.3424620628356934,1.3436344861984253,1.3302825689315796,1.3425701856613159,0,2026-03-21T00:00:00.000000Z
2026-03-23T00:00:00.000000Z,1.3334755897521973,1.347636342048645,1.3259961605072021,1.3331555128097534,0,2026-03-24T00:00:00.000000Z
2026-03-24T00:00:00.000000Z,1.3425701856613159,1.3444112539291382,1.3367732763290405,1.342426061630249,0,2026-03-25T00:00:00.000000Z
2026-03-25T00:00:00.000000Z,1.3414715528488159,1.3436164855957031,1.3361302614212036,1.3416335582733154,0,2026-03-26T00:00:00.000000Z
2026-03-26T00:00:00.000000Z,1.336362361907959,1.3375958204269409,1.332356333732605,1.336362361907959,0,2026-03-27T00:00:00.000000Z
2026-03-27T00:00:00.000000Z,1.3336195945739746,1.3347997665405273,1.327527642250061,1.3335645198822021,0,2026-03-28T00:00:00.000000Z
2026-03-30T00:00:00.000000Z,1.323784351348877,1.3281975984573364,1.3175925016403198,1.3238370418548584,0,2026-03-31T00:00:00.000000Z
2026-03-31T00:00:00.000000Z,1.3173494338989258,1.326330304145813,1.316118597984314,1.3172800540924072,0,2026-04-01T00:00:00.000000Z
2026-04-01T00:00:00.000000Z,1.3240998983383179,1.3336000442504883,1.3222790956497192,1.324327826499939,0,2026-04-02T00:00:00.000000Z
2026-04-02T00:00:00.000000Z,1.3302825689315796,1.3314515352249146,1.3183915615081787,1.3302648067474365,0,2026-04-03T00:00:00.000000Z
2026-04-03T00:00:00.000000Z,1.3233640193939209,1.3245033025741577,1.3197835683822632,1.3230313062667847,0,2026-04-04T00:00:00.000000Z
2026-04-07T00:00:00.000000Z,1.323328971862793,1.3285505771636963,1.3212482929229736,1.3234164714813232,0,2026-04-08T00:00:00.000000Z
2026-04-08T00:00:00.000000Z,1.3402490615844727,1.3484176397323608,1.3380969762802124,1.3401771783828735,0,2026-04-09T00:00:00.000000Z
2026-04-09T00:00:00.000000Z,1.3394052982330322,1.3443931341171265,1.3382043838500977,1.3394052982330322,0,2026-04-10T00:00:00.000000Z
2026-04-10T00:00:00.000000Z,1.343021035194397,1.3479087352752686,1.3412736654281616,1.3430029153823853,0,2026-04-11T00:00:00.000000Z
2026-04-13T00:00:00.000000Z,1.3389569520950317,1.3465473651885986,1.3386881351470947,1.339441180229187,0,2026-04-14T00:00:00.000000Z
2026-04-14T00:00:00.000000Z,1.351186990737915,1.3588987588882446,1.3504297733306885,1.3515340089797974,0,2026-04-15T00:00:00.000000Z
2026-04-15T00:00:00.000000Z,1.3574783802032471,1.3579576015472412,1.3544628620147705,1.3575335741043091,0,2026-04-16T00:00:00.000000Z
2026-04-16T00:00:00.000000Z,1.3574230670928955,1.3594344854354858,1.3519177436828613,1.3573696613311768,0,2026-04-17T00:00:00.000000Z
2026-04-17T00:00:00.000000Z,1.3522651195526123,1.3598597049713135,1.3505666255950928,1.3526124954223633,0,2026-04-18T00:00:00.000000Z
2026-04-20T00:00:00.000000Z,1.3484358787536621,1.3544628620147705,1.3481813669204712,1.3484358787536621,0,2026-04-21T00:00:00.000000Z
2026-04-21T00:00:00.000000Z,1.3530151844024658,1.3538193702697754,1.3486176729202271,1.3531250953674316,0,2026-04-22T00:00:00.000000Z
2026-04-22T00:00:00.000000Z,1.3512235879898071,1.3535462617874146,1.3493455648422241,1.3509680032730103,0,2026-04-23T00:00:00.000000Z
2026-04-23T00:00:00.000000Z,1.3498555421829224,1.3518263101577759,1.3479633331298828,1.3500378131866455,0,2026-04-24T00:00:00.000000Z
2026-04-24T00:00:00.000000Z,1.3467651605606079,1.3519724607467651,1.3454241752624512,1.3466380834579468,0,2026-04-25T00:00:00.000000Z
2026-04-27T00:00:00.000000Z,1.3513878583908081,1.3575890064239502,1.3513513803482056,1.3515102863311768,0,2026-04-28T00:00:00.000000Z
2026-04-28T00:00:00.000000Z,1.3538029193878174,1.3542795181274414,1.3464386463165283,1.3538211584091187,0,2026-04-29T00:00:00.000000Z
2026-04-29T00:00:00.000000Z,1.3526674509048462,1.3528138399124146,1.3473457098007202,1.3524478673934937,0,2026-04-30T00:00:00.000000Z
2026-04-30T00:00:00.000000Z,1.348981499671936,1.3592866659164429,1.3455327749252319,1.3488596677780151,0,2026-05-01T00:00:00.000000Z
2026-05-01T00:00:00.000000Z,1.3603407144546509,1.3657844066619873,1.3588802814483643,1.3602666854858398,0,2026-05-02T00:00:00.000000Z
2026-05-04T00:00:00.000000Z,1.3581420183181763,1.3600630760192871,1.3526674509048462,1.3581420183181763,0,2026-05-05T00:00:00.000000Z
2026-05-05T00:00:00.000000Z,1.353179931640625,1.3578101396560669,1.3514426946640015,1.3531433343887329,0,2026-05-06T00:00:00.000000Z
2026-05-06T00:00:00.000000Z,1.3568521738052368,1.3643310070037842,1.3564103841781616,1.3568705320358276,0,2026-05-07T00:00:00.000000Z
2026-05-07T00:00:00.000000Z,1.3590649366378784,1.3631964921951294,1.3590649366378784,1.3591758012771606,0,2026-05-08T00:00:00.000000Z
2026-05-08T00:00:00.000000Z,1.3556013107299805,1.3629549741744995,1.3549767732620239,1.3555645942687988,0,2026-05-09T00:00:00.000000Z
2026-05-11T00:00:00.000000Z,1.3593975305557251,1.3652249574661255,1.3580683469772339,1.3594714403152466,0,2026-05-12T00:00:00.000000Z
2026-05-12T00:00:00.000000Z,1.3600630760192871,1.3604886531829834,1.3503477573394775,1.360470175743103,0,2026-05-13T00:00:00.000000Z
2026-05-13T00:00:00.000000Z,1.3536379337310791,1.3550686836242676,1.3487813472747803,1.3537001609802246,0,2026-05-14T00:00:00.000000Z
2026-05-14T00:00:00.000000Z,1.3526308536529541,1.353363037109375,1.3475091457366943,1.3526308536529541,0,2026-05-15T00:00:00.000000Z
2026-05-15T00:00:00.000000Z,1.3390465974807739,1.3392438888549805,1.3317352533340454,1.3391362428665161,0,2026-05-16T00:00:00.000000Z
2026-05-18T00:00:00.000000Z,1.3310616016387939,1.3424079418182373,1.3304418325424194,1.3308490514755249,0,2026-05-19T00:00:00.000000Z
2026-05-19T00:00:00.000000Z,1.3433637619018555,1.3433637619018555,1.338043212890625,1.3432012796401978,0,2026-05-20T00:00:00.000000Z
2026-05-20T00:00:00.000000Z,1.3392438888549805,1.3461849689483643,1.3378641605377197,1.3396027088165283,0,2026-05-21T00:00:00.000000Z
2026-05-21T00:00:00.000000Z,1.3434540033340454,1.3452432155609131,1.3393514156341553,1.3433998823165894,0,2026-05-22T00:00:00.000000Z
2026-05-22T00:00:00.000000Z,1.3429849147796631,1.3459494113922119,1.3414356708526611,1.3432555198669434,0,2026-05-23T00:00:00.000000Z
2026-05-25T00:00:00.000000Z,1.3481631278991699,1.3508037328720093,1.3471642732620239,1.3481631278991699,0,2026-05-26T00:00:00.000000Z
2026-05-26T00:00:00.000000Z,1.349582314491272,1.3497098684310913,1.3436344861984253,1.3496370315551758,0,2026-05-27T00:00:00.000000Z
2026-05-27T00:00:00.000000Z,1.3457139730453491,1.3458950519561768,1.3417415618896484,1.3455327749252319,0,2026-05-28T00:00:00.000000Z
2026-05-28T00:00:00.000000Z,1.3415615558624268,1.3447548151016235,1.336844801902771,1.3416515588760376,0,2026-05-29T00:00:00.000000Z
2026-05-29T00:00:00.000000Z,1.3444656133651733,1.3485448360443115,1.340985894203186,1.3444474935531616,0,2026-05-30T00:00:00.000000Z
2026-06-01T00:00:00.000000Z,1.3450441360473633,1.347636342048645,1.3408780097961426,1.345152735710144,0,2026-06-02T00:00:00.000000Z
2026-06-02T00:00:00.000000Z,1.3460218906402588,1.3481448888778687,1.3451708555221558,1.3460001945495605,0,2026-06-03T00:00:00.000000Z
2026-06-03T00:00:00.000000Z,1.3453155755996704,1.3473457098007202,1.3422459363937378,1.3454241752624512,0,2026-06-04T00:00:00.000000Z
2026-06-04T00:00:00.000000Z,1.3427144289016724,1.3462574481964111,1.3412736654281616,1.3427144289016724,0,2026-06-05T00:00:00.000000Z
2026-06-05T00:00:00.000000Z,1.3424620628356934,1.3482722043991089,1.3357375860214233,1.3427000045776367,0,2026-06-06T00:00:00.000000Z
2026-06-08T00:00:00.000000Z,1.3335645198822021,1.3369520902633667,1.3306896686553955,1.3335645198822021,0,2026-06-09T00:00:00.000000Z
2026-06-09T00:00:00.000000Z,1.333280086517334,1.3409318923950195,1.3332266807556152,1.3333333730697632,0,2026-06-10T00:00:00.000000Z
2026-06-10T00:00:00.000000Z,1.3372023105621338,1.3422638177871704,1.3369340896606445,1.3372201919555664,0,2026-06-11T00:00:00.000000Z
2026-06-11T00:00:00.000000Z,1.3365768194198608,1.3392258882522583,1.3325693607330322,1.3362016677856445,0,2026-06-12T00:00:00.000000Z
2026-06-12T00:00:00.000000Z,1.3412197828292847,1.3426424264907837,1.3385268449783325,1.3413815498352051,0,2026-06-13T00:00:00.000000Z
2026-06-15T00:00:00.000000Z,1.3453155755996704,1.3461124897003174,1.3418135643005371,1.344971776008606,0,2026-06-16T00:00:00.000000Z
2026-06-16T00:00:00.000000Z,1.3417415618896484,1.3441221714019775,1.3391596078872681,1.3415994644165039,0,2026-06-17T00:00:00.000000Z
2026-06-17T00:00:00.000000Z,1.3424980640411377,1.3435442447662354,1.3388851881027222,1.3426424264907837,0,2026-06-18T00:00:00.000000Z
2026-06-18T00:00:00.000000Z,1.330477237701416,1.3326226472854614,1.3207073211669922,1.3301233053207397,0,2026-06-19T00:00:00.000000Z
2026-06-19T00:00:00.000000Z,1.3205503225326538,1.3241524696350098,1.3163783550262451,1.3202017545700073,0,2026-06-20T00:00:00.000000Z
2026-06-22T00:00:00.000000Z,1.3208295106887817,1.327210545539856,1.3185132741928101,1.3207945823669434,0,2026-06-23T00:00:00.000000Z
2026-06-23T00:00:00.000000Z,1.324643611907959,1.3250298500061035,1.3186348676681519,1.3247138261795044,0,2026-06-24T00:00:00.000000Z
2026-06-24T00:00:00.000000Z,1.3200798034667969,1.3209341764450073,1.3143022060394287,1.3200099468231201,0,2026-06-25T00:00:00.000000Z
2026-06-25T00:00:00.000000Z,1.3162744045257568,1.3217023611068726,1.3153221607208252,1.3166556358337402,0,2026-06-26T00:00:00.000000Z
2026-06-26T00:00:00.000000Z,1.3190349340438843,1.3232064247131348,1.3181134462356567,1.318791389465332,0,2026-06-27T00:00:00.000000Z
2026-06-29T00:00:00.000000Z,1.3196094036102295,1.325556755065918,1.3194701671600342,1.319713830947876,0,2026-06-30T00:00:00.000000Z
2026-06-30T00:00:00.000000Z,1.3252756595611572,1.3275628089904785,1.3214752674102783,1.3253985643386841,0,2026-07-01T00:00:00.000000Z
2026-07-01T00:00:00.000000Z,1.32501220703125,1.3290272951126099,1.3221566677093506,1.325065016746521,0,2026-07-02T00:00:00.000000Z
2026-07-02T00:00:00.000000Z,1.32792067527771,1.3384552001953125,1.3275628089904785,1.3279330730438232,0,2026-07-03T00:00:00.000000Z
2026-07-03T00:00:00.000000Z,1.3340448141098022,1.3381685018539429,1.3335111141204834,1.3338704109191895,0,2026-07-04T00:00:00.000000Z
2026-07-06T00:00:00.000000Z,1.3350956439971924,1.3367553949356079,1.333031177520752,1.335309624671936,0,2026-07-07T00:00:00.000000Z
2026-07-07T00:00:00.000000Z,1.3394770622253418,1.3401771783828735,1.3361839056015015,1.3397893905639648,0,2026-07-08T00:00:00.000000Z
2026-07-08T00:00:00.000000Z,1.3344898223876953,1.3377926349639893,1.3324450254440308,1.3348907232284546,0,2026-07-09T00:00:00.000000Z
2026-07-09T00:00:00.000000Z,1.3394052982330322,1.3430029153823853,1.3384730815887451,1.3396205902099609,0,2026-07-10T00:00:00.000000Z
2026-07-10T00:00:00.000000Z,1.3413815498352051,1.3451708555221558,1.3401232957839966,1.3415615558624268,0,2026-07-11T00:00:00.000000Z
2026-07-13T00:00:00.000000Z,1.3386522531509399,1.3411476612091064,1.3367018699645996,1.3386881351470947,0,2026-07-14T00:00:00.000000Z
2026-07-14T00:00:00.000000Z,1.3351134061813354,1.343742847442627,1.3343117237091064,1.3347926139831543,0,2026-07-15T00:00:00.000000Z
2026-07-15T00:00:00.000000Z,1.3394949436187744,1.3497644662857056,1.3382581472396851,1.3397103548049927,0,2026-07-16T00:00:00.000000Z
2026-07-16T00:00:00.000000Z,1.3539128303527832,1.3544628620147705,1.3480722904205322,1.3541291952133179,0,2026-07-17T00:00:00.000000Z
2026-07-17T00:00:00.000000Z,1.3478542566299438,1.3482539653778076,1.3427144289016724,1.3478904962539673,0,2026-07-18T00:00:00.000000Z
2026-07-20T00:00:00.000000Z,1.3444293737411499,1.3480722904205322,1.3415435552597046,1.3446282148361206,0,2026-07-21T00:00:00.000000Z
2026-07-21T00:00:00.000000Z,1.3431833982467651,1.3455327749252319,1.3360946178436279,1.3431652784347534,0,2026-07-22T00:00:00.000000Z
2026-07-22T00:00:00.000000Z,1.3378821611404419,1.33931565284729,1.335666298866272,1.3379179239273071,0,2026-07-23T00:00:00.000000Z
2026-07-23T00:00:00.000000Z,1.3375958204269409,1.3394052982330322,1.3300524950027466,1.3375241756439209,0,2026-07-24T00:00:00.000000Z
2026-07-24T00:00:00.000000Z,1.331256628036499,1.334917426109314,1.3307428359985352,1.3312742710113525,0,2026-07-25T00:00:00.000000Z
2026-07-27T00:00:00.000000Z,1.3353452682495117,1.3364337682723999,1.3300348520278931,1.3351312875747681,0,2026-07-28T00:00:00.000000Z
2026-07-28T00:00:00.000000Z,1.3288860321044922,1.3311147689819336,1.3273161649703979,1.3289920091629028,0,2026-07-29T00:00:00.000000Z
