open_time,open,high,low,close,volume,close_time
2020-01-01T00:00:00.000000Z,0.70150822401046753,0.70450019836425781,0.70150822401046753,0.70170021057128906,0,2020-01-02T00:00:00.000000Z
2020-01-02T00:00:00.000000Z,0.70189225673675537,0.70209974050521851,0.69813001155853271,0.70195144414901733,0,2020-01-03T00:00:00.000000Z
2020-01-03T00:00:00.000000Z,0.69836986064910889,0.69866061210632324,0.69313997030258179,0.69851917028427124,0,2020-01-04T00:00:00.000000Z
2020-01-06T00:00:00.000000Z,0.69472908973693848,0.69590002298355103,0.69260233640670776,0.69442033767700195,0,2020-01-07T00:00:00.000000Z
2020-01-07T00:00:00.000000Z,0.69371986389160156,0.69409984350204468,0.68611109256744385,0.69373142719268799,0,2020-01-08T00:00:00.000000Z
2020-01-08T00:00:00.000000Z,0.68595105409622192,0.68859994411468506,0.68496996164321899,0.68603998422622681,0,2020-01-09T00:00:00.000000Z
2020-01-09T00:00:00.000000Z,0.68754035234451294,0.68806976079940796,0.68519997596740723,0.68738013505935669,0,2020-01-10T00:00:00.000000Z
2020-01-10T00:00:00.000000Z,0.68543851375579834,0.6906697154045105,0.68511921167373657,0.68532109260559082,0,2020-01-11T00:00:00.000000Z
2020-01-13T00:00:00.000000Z,0.68981218338012695,0.69220006465911865,0.68956005573272705,0.69006013870239258,0,2020-01-14T00:00:00.000000Z
2020-01-14T00:00:00.000000Z,0.68976980447769165,0.69099998474121094,0.68864977359771729,0.68989020586013794,0,2020-01-15T00:00:00.000000Z
2020-01-15T00:00:00.000000Z,0.68939989805221558,0.69139987230300903,0.68787997961044312,0.6896551251411438,0,2020-01-16T00:00:00.000000Z
2020-01-16T00:00:00.000000Z,0.69079858064651489,0.69349998235702515,0.68927013874053955,0.69077950716018677,0,2020-01-17T00:00:00.000000Z
2020-01-17T00:00:00.000000Z,0.68974983692169189,0.69129997491836548,0.68728995323181152,0.69010019302368164,0,2020-01-18T00:00:00.000000Z
2020-01-20T00:00:00.000000Z,0.68828809261322021,0.68899995088577271,0.68559831380844116,0.6881791353225708,0,2020-01-21T00:00:00.000000Z
2020-01-21T00:00:00.000000Z,0.68767988681793213,0.68819999694824219,0.68450021743774414,0.68763971328735352,0,2020-01-22T00:00:00.000000Z
2020-01-22T00:00:00.000000Z,0.68472981452941895,0.68580001592636108,0.68279010057449341,0.68468999862670898,0,2020-01-23T00:00:00.000000Z
2020-01-23T00:00:00.000000Z,0.68422847986221313,0.68800020217895508,0.68308806419372559,0.68429875373840332,0,2020-01-24T00:00:00.000000Z
2020-01-24T00:00:00.000000Z,0.68478143215179443,0.68580001592636108,0.6820300817489624,0.68398046493530273,0,2020-01-25T00:00:00.000000Z
2020-01-27T00:00:00.000000Z,0.68029063940048218,0.68189984560012817,0.67544019222259521,0.68018877506256104,0,2020-01-28T00:00:00.000000Z
2020-01-28T00:00:00.000000Z,0.67611014842987061,0.67669987678527832,0.67391800880432129,0.67617005109786987,0,2020-01-29T00:00:00.000000Z
2020-01-29T00:00:00.000000Z,0.67641013860702515,0.67800009250640869,0.67366832494735718,0.67642068862915039,0,2020-01-30T00:00:00.000000Z
2020-01-30T00:00:00.000000Z,0.67521035671234131,0.67527872323989868,0.6701698899269104,0.67521947622299194,0,2020-01-31T00:00:00.000000Z
2020-01-31T00:00:00.000000Z,0.67087078094482422,0.67289996147155762,0.66835987567901611,0.6708257794380188,0,2020-02-01T00:00:00.000000Z
2020-02-03T00:00:00.000000Z,0.66923201084136963,0.67090004682540894,0.66843980550765991,0.66936194896697998,0,2020-02-04T00:00:00.000000Z
2020-02-04T00:00:00.000000Z,0.66899919509887695,0.67352992296218872,0.66806066036224365,0.66904979944229126,0,2020-02-05T00:00:00.000000Z
2020-02-05T00:00:00.000000Z,0.67329001426696777,0.67749989032745361,0.67249041795730591,0.67317855358123779,0,2020-02-06T00:00:00.000000Z
2020-02-06T00:00:00.000000Z,0.67517846822738647,0.67660003900527954,0.67313778400421143,0.67517977952957153,0,2020-02-07T00:00:00.000000Z
2020-02-10T00:00:00.000000Z,0.66696012020111084,0.67080014944076538,0.66696012020111084,0.66723161935806274,0,2020-02-11T00:00:00.000000Z
2020-02-11T00:00:00.000000Z,0.6688694953918457,0.67365473508834839,0.66831070184707642,0.6690099835395813,0,2020-02-12T00:00:00.000000Z
2020-02-12T00:00:00.000000Z,0.67196172475814819,0.67510002851486206,0.67137974500656128,0.67209988832473755,0,2020-02-13T00:00:00.000000Z
2020-02-13T00:00:00.000000Z,0.67130988836288452,0.67443162202835083,0.67126977443695068,0.67131978273391724,0,2020-02-14T00:00:00.000000Z
2020-02-14T00:00:00.000000Z,0.67197978496551514,0.67310011386871338,0.6710999608039856,0.6721997857093811,0,2020-02-15T00:00:00.000000Z
2020-02-17T00:00:00.000000Z,0.67250853776931763,0.67344599962234497,0.67135989665985107,0.67259895801544189,0,2020-02-18T00:00:00.000000Z
2020-02-19T00:00:00.000000Z,0.66947978734970093,0.67074477672576904,0.66658979654312134,0.66960000991821289,0,2020-02-20T00:00:00.000000Z
2020-02-20T00:00:00.000000Z,0.66809016466140747,0.66919982433319092,0.66109013557434082,0.66840004920959473,0,2020-02-21T00:00:00.000000Z
2020-02-21T00:00:00.000000Z,0.66125977039337158,0.66396653652191162,0.65867996215820312,0.66138005256652832,0,2020-02-22T00:00:00.000000Z
2020-02-24T00:00:00.000000Z,0.66055870056152344,0.66209989786148071,0.65878021717071533,0.6606900691986084,0,2020-02-25T00:00:00.000000Z
2020-02-25T00:00:00.000000Z,0.66111987829208374,0.66239988803863525,0.65871810913085938,0.66120070219039917,0,2020-02-26T00:00:00.000000Z
2020-02-26T00:00:00.000000Z,0.6604500412940979,0.66060018539428711,0.65533977746963501,0.66051983833312988,0,2020-02-27T00:00:00.000000Z
2020-02-27T00:00:00.000000Z,0.6548917293548584,0.6591523289680481,0.65463876724243164,0.65465164184570312,0,2020-02-28T00:00:00.000000Z
2020-02-28T00:00:00.000000Z,0.65806007385253906,0.65849000215530396,0.64429998397827148,0.65802031755447388,0,2020-02-29T00:00:00.000000Z
2020-03-02T00:00:00.000000Z,0.65153795480728149,0.65689986944198608,0.64893978834152222,0.65163135528564453,0,2020-03-03T00:00:00.000000Z
2020-03-03T00:00:00.000000Z,0.65458005666732788,0.66450041532516479,0.65099924802780151,0.65474981069564819,0,2020-03-04T00:00:00.000000Z
2020-03-05T00:00:00.000000Z,0.66262990236282349,0.66370213031768799,0.65861833095550537,0.66269010305404663,0,2020-03-06T00:00:00.000000Z
2020-03-06T00:00:00.000000Z,0.66183090209960938,0.66582328081130981,0.65861010551452637,0.66155064105987549,0,2020-03-07T00:00:00.000000Z
2020-03-09T00:00:00.000000Z,0.66142374277114868,0.6683499813079834,0.63358992338180542,0.66135817766189575,0,2020-03-10T00:00:00.000000Z
2020-03-10T00:00:00.000000Z,0.66005986928939819,0.66049981117248535,0.64742940664291382,0.65979987382888794,0,2020-03-11T00:00:00.000000Z
2020-03-11T00:00:00.000000Z,0.64956998825073242,0.65394997596740723,0.64895874261856079,0.6499098539352417,0,2020-03-12T00:00:00.000000Z
2020-03-12T00:00:00.000000Z,0.64785009622573853,0.64809989929199219,0.62699854373931885,0.64793992042541504,0,2020-03-13T00:00:00.000000Z
2020-03-13T00:00:00.000000Z,0.62821012735366821,0.63230991363525391,0.61539977788925171,0.6274116039276123,0,2020-03-14T00:00:00.000000Z
2020-03-16T00:00:00.000000Z,0.61787128448486328,0.6189115047454834,0.60814005136489868,0.61776828765869141,0,2020-03-17T00:00:00.000000Z
2020-03-17T00:00:00.000000Z,0.61044991016387939,0.6148000955581665,0.59608006477355957,0.60994201898574829,0,2020-03-18T00:00:00.000000Z
2020-03-18T00:00:00.000000Z,0.59883004426956177,0.60267829895019531,0.58179110288619995,0.59922003746032715,0,2020-03-19T00:00:00.000000Z
2020-03-19T00:00:00.000000Z,0.57994985580444336,0.59623998403549194,0.55200004577636719,0.58097988367080688,0,2020-03-20T00:00:00.000000Z
2020-03-20T00:00:00.000000Z,0.57463997602462769,0.59785014390945435,0.57117724418640137,0.57429021596908569,0,2020-03-21T00:00:00.000000Z
2020-03-23T00:00:00.000000Z,0.57552629709243774,0.58402001857757568,0.57020998001098633,0.57533097267150879,0,2020-03-24T00:00:00.000000Z
2020-03-24T00:00:00.000000Z,0.58763003349304199,0.59741008281707764,0.58688890933990479,0.58766007423400879,0,2020-03-25T00:00:00.000000Z
2020-03-25T00:00:00.000000Z,0.59683996438980103,0.60699868202209473,0.59344995021820068,0.59755009412765503,0,2020-03-26T00:00:00.000000Z
2020-03-26T00:00:00.000000Z,0.59044003486633301,0.60654985904693604,0.58715009689331055,0.59080982208251953,0,2020-03-27T00:00:00.000000Z
2020-03-27T00:00:00.000000Z,0.60751014947891235,0.61309820413589478,0.60250002145767212,0.60791015625,0,2020-03-28T00:00:00.000000Z
2020-03-30T00:00:00.000000Z,0.61721920967102051,0.61823040246963501,0.61170011758804321,0.61805844306945801,0,2020-03-31T00:00:00.000000Z
2020-03-31T00:00:00.000000Z,0.6164315938949585,0.62096989154815674,0.6081700325012207,0.61689937114715576,0,2020-04-01T00:00:00.000000Z
2020-04-01T00:00:00.000000Z,0.61400997638702393,0.61463987827301025,0.60412007570266724,0.61369985342025757,0,2020-04-02T00:00:00.000000Z
2020-04-02T00:00:00.000000Z,0.60875982046127319,0.6118999719619751,0.60115987062454224,0.60913956165313721,0,2020-04-03T00:00:00.000000Z
2020-04-03T00:00:00.000000Z,0.60689002275466919,0.60759985446929932,0.59816980361938477,0.60632151365280151,0,2020-04-04T00:00:00.000000Z
2020-04-06T00:00:00.000000Z,0.59962821006774902,0.61055988073348999,0.59924018383026123,0.59947007894515991,0,2020-04-07T00:00:00.000000Z
2020-04-07T00:00:00.000000Z,0.61183035373687744,0.62084805965423584,0.60984981060028076,0.61175996065139771,0,2020-04-08T00:00:00.000000Z
2020-04-08T00:00:00.000000Z,0.61545014381408691,0.62367856502532959,0.61174052953720093,0.61521995067596436,0,2020-04-09T00:00:00.000000Z
2020-04-09T00:00:00.000000Z,0.62351912260055542,0.63129997253417969,0.61966007947921753,0.6235308051109314,0,2020-04-10T00:00:00.000000Z
2020-04-10T00:00:00.000000Z,0.63349997997283936,0.63699984550476074,0.63145983219146729,0.63326007127761841,0,2020-04-11T00:00:00.000000Z
2020-04-13T00:00:00.000000Z,0.633930504322052,0.63852882385253906,0.6332099437713623,0.63352084159851074,0,2020-04-14T00:00:00.000000Z
2020-04-14T00:00:00.000000Z,0.63981002569198608,0.64326059818267822,0.63766157627105713,0.64011061191558838,0,2020-04-15T00:00:00.000000Z
2020-04-15T00:00:00.000000Z,0.64337646961212158,0.64345920085906982,0.62853950262069702,0.64342987537384033,0,2020-04-16T00:00:00.000000Z
2020-04-16T00:00:00.000000Z,0.63090008497238159,0.63319993019104004,0.62664884328842163,0.6308901309967041,0,2020-04-17T00:00:00.000000Z
2020-04-17T00:00:00.000000Z,0.63617277145385742,0.63824355602264404,0.63168001174926758,0.63586008548736572,0,2020-04-18T00:00:00.000000Z
2020-04-20T00:00:00.000000Z,0.63401085138320923,0.63934123516082764,0.63372963666915894,0.63401889801025391,0,2020-04-21T00:00:00.000000Z
2020-04-21T00:00:00.000000Z,0.63464981317520142,0.63464981317520142,0.62551999092102051,0.63457012176513672,0,2020-04-22T00:00:00.000000Z
2020-04-22T00:00:00.000000Z,0.6296800971031189,0.63529980182647705,0.62816989421844482,0.62939989566802979,0,2020-04-23T00:00:00.000000Z
2020-04-23T00:00:00.000000Z,0.62979984283447266,0.64050006866455078,0.62886989116668701,0.62989985942840576,0,2020-04-24T00:00:00.000000Z
2020-04-24T00:00:00.000000Z,0.63784050941467285,0.63840979337692261,0.63386017084121704,0.63767987489700317,0,2020-04-25T00:00:00.000000Z
2020-04-27T00:00:00.000000Z,0.63971340656280518,0.64710009098052979,0.63950890302658081,0.63975435495376587,0,2020-04-28T00:00:00.000000Z
2020-04-28T00:00:00.000000Z,0.64529991149902344,0.65129184722900391,0.6435200572013855,0.64491164684295654,0,2020-04-29T00:00:00.000000Z
2020-04-29T00:00:00.000000Z,0.65028804540634155,0.65470010042190552,0.65012997388839722,0.65026992559432983,0,2020-04-30T00:00:00.000000Z
2020-04-30T00:00:00.000000Z,0.65549999475479126,0.65695983171463013,0.64916980266571045,0.65550130605697632,0,2020-05-01T00:00:00.000000Z
2020-05-01T00:00:00.000000Z,0.64958983659744263,0.64958983659744263,0.64186006784439087,0.64955013990402222,0,2020-05-02T00:00:00.000000Z
2020-05-04T00:00:00.000000Z,0.6380997896194458,0.64316129684448242,0.63732832670211792,0.63768190145492554,0,2020-05-05T00:00:00.000000Z
2020-05-05T00:00:00.000000Z,0.64280986785888672,0.64742016792297363,0.64182013273239136,0.64261156320571899,0,2020-05-06T00:00:00.000000Z
2020-05-06T00:00:00.000000Z,0.64333999156951904,0.64529991149902344,0.64081001281738281,0.64360004663467407,0,2020-05-07T00:00:00.000000Z
2020-05-08T00:00:00.000000Z,0.65037989616394043,0.6547999382019043,0.64995837211608887,0.65032994747161865,0,2020-05-09T00:00:00.000000Z
2020-05-11T00:00:00.000000Z,0.65353065729141235,0.65609997510910034,0.64650976657867432,0.65371012687683105,0,2020-05-12T00:00:00.000000Z
2020-05-12T00:00:00.000000Z,0.64855891466140747,0.65359985828399658,0.64332014322280884,0.64846640825271606,0,2020-05-13T00:00:00.000000Z
2020-05-13T00:00:00.000000Z,0.64573204517364502,0.65218979120254517,0.64535987377166748,0.64552986621856689,0,2020-05-14T00:00:00.000000Z
2020-05-14T00:00:00.000000Z,0.64514005184173584,0.64599978923797607,0.6405300498008728,0.64549440145492554,0,2020-05-15T00:00:00.000000Z
2020-05-15T00:00:00.000000Z,0.64711934328079224,0.64740008115768433,0.64036065340042114,0.64712351560592651,0,2020-05-16T00:00:00.000000Z
2020-05-18T00:00:00.000000Z,0.64269000291824341,0.65166103839874268,0.64209580421447754,0.64257854223251343,0,2020-05-19T00:00:00.000000Z
2020-05-19T00:00:00.000000Z,0.6523897647857666,0.65707987546920776,0.65110015869140625,0.65260010957717896,0,2020-05-20T00:00:00.000000Z
2020-05-20T00:00:00.000000Z,0.65430980920791626,0.6615598201751709,0.65283995866775513,0.65400940179824829,0,2020-05-21T00:00:00.000000Z
2020-05-21T00:00:00.000000Z,0.65893995761871338,0.65980470180511475,0.65492004156112671,0.65923011302947998,0,2020-05-22T00:00:00.000000Z
2020-05-22T00:00:00.000000Z,0.65693008899688721,0.65739995241165161,0.65075993537902832,0.65668940544128418,0,2020-05-23T00:00:00.000000Z
2020-05-25T00:00:00.000000Z,0.65479308366775513,0.65499979257583618,0.6521000862121582,0.6545788049697876,0,2020-05-26T00:00:00.000000Z
2020-05-26T00:00:00.000000Z,0.65485996007919312,0.66592085361480713,0.65438002347946167,0.65473991632461548,0,2020-05-27T00:00:00.000000Z
2020-05-27T00:00:00.000000Z,0.6646726131439209,0.6679999828338623,0.65730017423629761,0.66466999053955078,0,2020-05-28T00:00:00.000000Z
2020-05-28T00:00:00.000000Z,0.66204994916915894,0.66680002212524414,0.65893995761871338,0.66208064556121826,0,2020-05-29T00:00:00.000000Z
2020-05-29T00:00:00.000000Z,0.66338074207305908,0.66835987567901611,0.66206002235412598,0.66334986686706543,0,2020-05-30T00:00:00.000000Z
2020-06-01T00:00:00.000000Z,0.66592085361480713,0.67871981859207153,0.66592085361480713,0.66597849130630493,0,2020-06-02T00:00:00.000000Z
2020-06-02T00:00:00.000000Z,0.67879998683929443,0.68933188915252686,0.67757010459899902,0.67860007286071777,0,2020-06-03T00:00:00.000000Z
2020-06-03T00:00:00.000000Z,0.69152992963790894,0.69830012321472168,0.68575817346572876,0.69141995906829834,0,2020-06-04T00:00:00.000000Z
2020-06-04T00:00:00.000000Z,0.69291424751281738,0.69879978895187378,0.68838995695114136,0.69290465116500854,0,2020-06-05T00:00:00.000000Z
2020-06-05T00:00:00.000000Z,0.69419997930526733,0.70133018493652344,0.69320005178451538,0.69398999214172363,0,2020-06-06T00:00:00.000000Z
2020-06-08T00:00:00.000000Z,0.69930022954940796,0.70039981603622437,0.69627994298934937,0.70023989677429199,0,2020-06-09T00:00:00.000000Z
2020-06-09T00:00:00.000000Z,0.70229995250701904,0.70407658815383911,0.69003021717071533,0.70244944095611572,0,2020-06-10T00:00:00.000000Z
2020-06-10T00:00:00.000000Z,0.69401019811630249,0.70209974050521851,0.69330000877380371,0.69429981708526611,0,2020-06-11T00:00:00.000000Z
2020-06-11T00:00:00.000000Z,0.69676989316940308,0.69960010051727295,0.68813985586166382,0.69683009386062622,0,2020-06-12T00:00:00.000000Z
2020-06-12T00:00:00.000000Z,0.68302983045578003,0.69110983610153198,0.68010002374649048,0.68308806419372559,0,2020-06-13T00:00:00.000000Z
2020-06-15T00:00:00.000000Z,0.68292015790939331,0.68693017959594727,0.67800009250640869,0.68250072002410889,0,2020-06-16T00:00:00.000000Z
2020-06-16T00:00:00.000000Z,0.69613981246948242,0.69722849130630493,0.68379014730453491,0.695820152759552,0,2020-06-17T00:00:00.000000Z
2020-06-17T00:00:00.000000Z,0.68947017192840576,0.69205009937286377,0.68526005744934082,0.68953150510787964,0,2020-06-18T00:00:00.000000Z
2020-06-18T00:00:00.000000Z,0.68771058320999146,0.69029980897903442,0.68385982513427734,0.68757021427154541,0,2020-06-19T00:00:00.000000Z
2020-06-19T00:00:00.000000Z,0.68569988012313843,0.69109982252120972,0.6842200756072998,0.68572056293487549,0,2020-06-20T00:00:00.000000Z
2020-06-22T00:00:00.000000Z,0.68217939138412476,0.69105017185211182,0.68203055858612061,0.68229115009307861,0,2020-06-23T00:00:00.000000Z
2020-06-23T00:00:00.000000Z,0.69292867183685303,0.69749599695205688,0.6864200234413147,0.69316017627716064,0,2020-06-24T00:00:00.000000Z
2020-06-24T00:00:00.000000Z,0.69444012641906738,0.69640016555786133,0.68660002946853638,0.69402992725372314,0,2020-06-25T00:00:00.000000Z
2020-06-25T00:00:00.000000Z,0.68585973978042603,0.68899995088577271,0.68481987714767456,0.68567824363708496,0,2020-06-26T00:00:00.000000Z
2020-06-26T00:00:00.000000Z,0.68883997201919556,0.68979984521865845,0.68422996997833252,0.68881905078887939,0,2020-06-27T00:00:00.000000Z
2020-06-29T00:00:00.000000Z,0.68620991706848145,0.68897998332977295,0.68419015407562256,0.68619108200073242,0,2020-06-30T00:00:00.000000Z
2020-06-30T00:00:00.000000Z,0.68703967332839966,0.69111841917037964,0.68340092897415161,0.68719077110290527,0,2020-07-01T00:00:00.000000Z
2020-07-01T00:00:00.000000Z,0.69005018472671509,0.69437211751937866,0.68786007165908813,0.69020015001296997,0,2020-07-02T00:00:00.000000Z
2020-07-02T00:00:00.000000Z,0.69139987230300903,0.69497001171112061,0.6904299259185791,0.69132393598556519,0,2020-07-03T00:00:00.000000Z
2020-07-03T00:00:00.000000Z,0.69200992584228516,0.69458913803100586,0.69141995906829834,0.69191992282867432,0,2020-07-04T00:00:00.000000Z
2020-07-06T00:00:00.000000Z,0.69530004262924194,0.69875001907348633,0.69480007886886597,0.69484013319015503,0,2020-07-07T00:00:00.000000Z
2020-07-07T00:00:00.000000Z,0.69710016250610352,0.69979006052017212,0.69236016273498535,0.6976999044418335,0,2020-07-08T00:00:00.000000Z
2020-07-08T00:00:00.000000Z,0.6938517689704895,0.69746196269989014,0.69293010234832764,0.6942322850227356,0,2020-07-09T00:00:00.000000Z
2020-07-09T00:00:00.000000Z,0.6985289454460144,0.70020014047622681,0.69515895843505859,0.6989096999168396,0,2020-07-10T00:00:00.000000Z
2020-07-10T00:00:00.000000Z,0.69628185033798218,0.69676989316940308,0.69246995449066162,0.69589418172836304,0,2020-07-11T00:00:00.000000Z
2020-07-13T00:00:00.000000Z,0.69489997625350952,0.69919997453689575,0.69411182403564453,0.69502848386764526,0,2020-07-14T00:00:00.000000Z
2020-07-14T00:00:00.000000Z,0.69366985559463501,0.69739872217178345,0.6922600269317627,0.69401067495346069,0,2020-07-15T00:00:00.000000Z
2020-07-15T00:00:00.000000Z,0.69881004095077515,0.7037198543548584,0.69875830411911011,0.69889992475509644,0,2020-07-16T00:00:00.000000Z
2020-07-16T00:00:00.000000Z,0.70070010423660278,0.70121306180953979,0.69717991352081299,0.70091819763183594,0,2020-07-17T00:00:00.000000Z
2020-07-17T00:00:00.000000Z,0.697640061378479,0.69949978590011597,0.69752520322799683,0.69780021905899048,0,2020-07-18T00:00:00.000000Z
2020-07-20T00:00:00.000000Z,0.70027029514312744,0.70170021057128906,0.69749599695205688,0.70049989223480225,0,2020-07-21T00:00:00.000000Z
2020-07-21T00:00:00.000000Z,0.70245927572250366,0.71199715137481689,0.70161998271942139,0.70259255170822144,0,2020-07-22T00:00:00.000000Z
2020-07-22T00:00:00.000000Z,0.71397972106933594,0.71811223030090332,0.71137970685958862,0.71355992555618286,0,2020-07-23T00:00:00.000000Z
2020-07-23T00:00:00.000000Z,0.71387010812759399,0.71617847681045532,0.70933049917221069,0.71408164501190186,0,2020-07-24T00:00:00.000000Z
2020-07-24T00:00:00.000000Z,0.70991015434265137,0.71260595321655273,0.70651406049728394,0.71001046895980835,0,2020-07-25T00:00:00.000000Z
2020-07-27T00:00:00.000000Z,0.70999985933303833,0.71497005224227905,0.70981889963150024,0.70981889963150024,0,2020-07-28T00:00:00.000000Z
2020-07-28T00:00:00.000000Z,0.71580934524536133,0.71761751174926758,0.71146982908248901,0.71590006351470947,0,2020-07-29T00:00:00.000000Z
2020-07-29T00:00:00.000000Z,0.71608000993728638,0.71932095289230347,0.71497005224227905,0.71602463722229004,0,2020-07-30T00:00:00.000000Z
2020-07-30T00:00:00.000000Z,0.71760004758834839,0.71870005130767822,0.71241003274917603,0.71716976165771484,0,2020-07-31T00:00:00.000000Z
2020-07-31T00:00:00.000000Z,0.72025972604751587,0.72290903329849243,0.71546012163162231,0.7203676700592041,0,2020-08-01T00:00:00.000000Z
2020-08-03T00:00:00.000000Z,0.71477073431015015,0.71520012617111206,0.70772916078567505,0.71468901634216309,0,2020-08-04T00:00:00.000000Z
2020-08-04T00:00:00.000000Z,0.71162980794906616,0.71586006879806519,0.7106512188911438,0.71179443597793579,0,2020-08-05T00:00:00.000000Z
2020-08-05T00:00:00.000000Z,0.71769016981124878,0.72393995523452759,0.71674007177352905,0.71771025657653809,0,2020-08-06T00:00:00.000000Z
2020-08-06T00:00:00.000000Z,0.71999996900558472,0.7229999303817749,0.71760976314544678,0.71990972757339478,0,2020-08-07T00:00:00.000000Z
2020-08-07T00:00:00.000000Z,0.72296023368835449,0.72430020570755005,0.71600979566574097,0.72309976816177368,0,2020-08-08T00:00:00.000000Z
2020-08-10T00:00:00.000000Z,0.71575814485549927,0.71835005283355713,0.71408987045288086,0.71571201086044312,0,2020-08-11T00:00:00.000000Z
2020-08-11T00:00:00.000000Z,0.71553021669387817,0.71910005807876587,0.71462976932525635,0.71580016613006592,0,2020-08-12T00:00:00.000000Z
2020-08-12T00:00:00.000000Z,0.71490001678466797,0.71724998950958252,0.71103978157043457,0.71451997756958008,0,2020-08-13T00:00:00.000000Z
2020-08-13T00:00:00.000000Z,0.71710288524627686,0.71880906820297241,0.71568995714187622,0.71648633480072021,0,2020-08-14T00:00:00.000000Z
2020-08-14T00:00:00.000000Z,0.71479016542434692,0.71731019020080566,0.71329987049102783,0.71488004922866821,0,2020-08-15T00:00:00.000000Z
2020-08-17T00:00:00.000000Z,0.71940016746520996,0.72269999980926514,0.71720987558364868,0.71925890445709229,0,2020-08-18T00:00:00.000000Z
2020-08-18T00:00:00.000000Z,0.72152155637741089,0.72647017240524292,0.7209898829460144,0.7218131422996521,0,2020-08-19T00:00:00.000000Z
2020-08-19T00:00:00.000000Z,0.72535991668701172,0.72759974002838135,0.72285985946655273,0.72579473257064819,0,2020-08-20T00:00:00.000000Z
2020-08-20T00:00:00.000000Z,0.71845787763595581,0.71940016746520996,0.71374988555908203,0.71880394220352173,0,2020-08-21T00:00:00.000000Z
2020-08-21T00:00:00.000000Z,0.72062206268310547,0.72160482406616211,0.71406996250152588,0.72061169147491455,0,2020-08-22T00:00:00.000000Z
2020-08-24T00:00:00.000000Z,0.7160913348197937,0.72040915489196777,0.71556860208511353,0.71613746881484985,0,2020-08-25T00:00:00.000000Z
2020-08-25T00:00:00.000000Z,0.71687978506088257,0.71929973363876343,0.71540015935897827,0.71689003705978394,0,2020-08-26T00:00:00.000000Z
2020-08-26T00:00:00.000000Z,0.71982014179229736,0.72311806678771973,0.71882975101470947,0.71993207931518555,0,2020-08-27T00:00:00.000000Z
2020-08-27T00:00:00.000000Z,0.72447019815444946,0.72901177406311035,0.72191011905670166,0.72450119256973267,0,2020-08-28T00:00:00.000000Z
2020-08-28T00:00:00.000000Z,0.72699248790740967,0.73578101396560669,0.7256399393081665,0.72698986530303955,0,2020-08-29T00:00:00.000000Z
2020-08-31T00:00:00.000000Z,0.73703914880752563,0.73998981714248657,0.73421978950500488,0.73730003833770752,0,2020-09-01T00:00:00.000000Z
2020-09-01T00:00:00.000000Z,0.7381097674369812,0.74129974842071533,0.73683011531829834,0.73809999227523804,0,2020-09-02T00:00:00.000000Z
2020-09-02T00:00:00.000000Z,0.73764973878860474,0.73809999227523804,0.73021000623703003,0.73784941434860229,0,2020-09-03T00:00:00.000000Z
2020-09-03T00:00:00.000000Z,0.73289984464645386,0.73351430892944336,0.72697985172271729,0.73311096429824829,0,2020-09-04T00:00:00.000000Z
2020-09-04T00:00:00.000000Z,0.72590011358261108,0.7298998236656189,0.72240972518920898,0.72558408975601196,0,2020-09-05T00:00:00.000000Z
2020-09-07T00:00:00.000000Z,0.72812002897262573,0.72987371683120728,0.72712993621826172,0.72822076082229614,0,2020-09-08T00:00:00.000000Z
2020-09-08T00:00:00.000000Z,0.72803992033004761,0.73083013296127319,0.72187989950180054,0.72809982299804688,0,2020-09-09T00:00:00.000000Z
2020-09-09T00:00:00.000000Z,0.72097015380859375,0.72809982299804688,0.72065013647079468,0.7209399938583374,0,2020-09-10T00:00:00.000000Z
2020-09-10T00:00:00.000000Z,0.72780203819274902,0.73243969678878784,0.72628027200698853,0.72766005992889404,0,2020-09-11T00:00:00.000000Z
2020-09-11T00:00:00.000000Z,0.72643005847930908,0.73078048229217529,0.72598022222518921,0.72629976272583008,0,2020-09-12T00:00:00.000000Z
2020-09-14T00:00:00.000000Z,0.72839045524597168,0.73062026500701904,0.72649019956588745,0.72815179824829102,0,2020-09-15T00:00:00.000000Z
2020-09-15T00:00:00.000000Z,0.72812002897262573,0.73448401689529419,0.72680020332336426,0.72860008478164673,0,2020-09-16T00:00:00.000000Z
2020-09-16T00:00:00.000000Z,0.72951167821884155,0.73460006713867188,0.7290382981300354,0.72968196868896484,0,2020-09-17T00:00:00.000000Z
2020-09-17T00:00:00.000000Z,0.72963994741439819,0.73142188787460327,0.72557985782623291,0.72955000400543213,0,2020-09-18T00:00:00.000000Z
2020-09-18T00:00:00.000000Z,0.73179018497467041,0.73330986499786377,0.72835010290145874,0.73130959272384644,0,2020-09-19T00:00:00.000000Z
2020-09-21T00:00:00.000000Z,0.72938930988311768,0.73260021209716797,0.72006011009216309,0.72934144735336304,0,2020-09-22T00:00:00.000000Z
2020-09-22T00:00:00.000000Z,0.72283011674880981,0.72369998693466187,0.71659004688262939,0.72311806678771973,0,2020-09-23T00:00:00.000000Z
2020-09-23T00:00:00.000000Z,0.7174115777015686,0.71772050857543945,0.70882779359817505,0.71744251251220703,0,2020-09-24T00:00:00.000000Z
2020-09-24T00:00:00.000000Z,0.7071000337600708,0.70821535587310791,0.70176917314529419,0.70690011978149414,0,2020-09-25T00:00:00.000000Z
2020-09-25T00:00:00.000000Z,0.70563161373138428,0.70890015363693237,0.70070010423660278,0.70571625232696533,0,2020-09-26T00:00:00.000000Z
2020-09-28T00:00:00.000000Z,0.70432454347610474,0.70749980211257935,0.70333874225616455,0.70419061183929443,0,2020-09-29T00:00:00.000000Z
2020-09-29T00:00:00.000000Z,0.70962250232696533,0.71379977464675903,0.70750975608825684,0.70951974391937256,0,2020-09-30T00:00:00.000000Z
2020-09-30T00:00:00.000000Z,0.714580237865448,0.71720016002655029,0.71004974842071533,0.71436023712158203,0,2020-10-01T00:00:00.000000Z
2020-10-01T00:00:00.000000Z,0.71674978733062744,0.72099977731704712,0.71559017896652222,0.71665066480636597,0,2020-10-02T00:00:00.000000Z
2020-10-02T00:00:00.000000Z,0.71811223030090332,0.71859985589981079,0.71346014738082886,0.71828758716583252,0,2020-10-03T00:00:00.000000Z
2020-10-05T00:00:00.000000Z,0.71740132570266724,0.71942448616027832,0.71638005971908569,0.71772050857543945,0,2020-10-06T00:00:00.000000Z
2020-10-06T00:00:00.000000Z,0.71913009881973267,0.72087138891220093,0.71460014581680298,0.71932095289230347,0,2020-10-07T00:00:00.000000Z
2020-10-07T00:00:00.000000Z,0.71104031801223755,0.71515977382659912,0.70992982387542725,0.71100997924804688,0,2020-10-08T00:00:00.000000Z
2020-10-08T00:00:00.000000Z,0.71372491121292114,0.71702015399932861,0.71242827177047729,0.71382021903991699,0,2020-10-09T00:00:00.000000Z
2020-10-09T00:00:00.000000Z,0.71752017736434937,0.72420001029968262,0.71696919202804565,0.7177998423576355,0,2020-10-10T00:00:00.000000Z
2020-10-12T00:00:00.000000Z,0.72230851650238037,0.72379845380783081,0.72061997652053833,0.72245979309082031,0,2020-10-13T00:00:00.000000Z
2020-10-14T00:00:00.000000Z,0.71669995784759521,0.71919989585876465,0.71557992696762085,0.71644014120101929,0,2020-10-15T00:00:00.000000Z
2020-10-15T00:00:00.000000Z,0.71426016092300415,0.71479988098144531,0.70565009117126465,0.71414798498153687,0,2020-10-16T00:00:00.000000Z
2020-10-16T00:00:00.000000Z,0.70872980356216431,0.70982396602630615,0.70711004734039307,0.7088397741317749,0,2020-10-17T00:00:00.000000Z
2020-10-19T00:00:00.000000Z,0.7093999981880188,0.71179443597793579,0.70841997861862183,0.70959979295730591,0,2020-10-20T00:00:00.000000Z
2020-10-20T00:00:00.000000Z,0.70535987615585327,0.70601528882980347,0.70212000608444214,0.70561671257019043,0,2020-10-21T00:00:00.000000Z
2020-10-22T00:00:00.000000Z,0.71039986610412598,0.71180003881454468,0.70870018005371094,0.71056032180786133,0,2020-10-23T00:00:00.000000Z
2020-10-23T00:00:00.000000Z,0.71271008253097534,0.71580016613006592,0.71016019582748413,0.71261006593704224,0,2020-10-24T00:00:00.000000Z
2020-10-26T00:00:00.000000Z,0.71313959360122681,0.71470022201538086,0.71047002077102661,0.71320062875747681,0,2020-10-27T00:00:00.000000Z
2020-10-28T00:00:00.000000Z,0.71219998598098755,0.7157171368598938,0.70397007465362549,0.7123100757598877,0,2020-10-29T00:00:00.000000Z
2020-10-29T00:00:00.000000Z,0.70554006099700928,0.70791447162628174,0.70046013593673706,0.70552009344100952,0,2020-10-30T00:00:00.000000Z
2020-10-30T00:00:00.000000Z,0.7036401629447937,0.70709002017974854,0.70121800899505615,0.70375996828079224,0,2020-10-31T00:00:00.000000Z
2020-11-02T00:00:00.000000Z,0.70097225904464722,0.70540022850036621,0.69933986663818359,0.70081996917724609,0,2020-11-03T00:00:00.000000Z
2020-11-03T00:00:00.000000Z,0.70550024509429932,0.7174115777015686,0.70294815301895142,0.70536983013153076,0,2020-11-04T00:00:00.000000Z
2020-11-04T00:00:00.000000Z,0.71970975399017334,0.72160017490386963,0.70512014627456665,0.71968334913253784,0,2020-11-05T00:00:00.000000Z
2020-11-05T00:00:00.000000Z,0.71760004758834839,0.72752988338470459,0.71467983722686768,0.71804982423782349,0,2020-11-06T00:00:00.000000Z
2020-11-06T00:00:00.000000Z,0.72623223066329956,0.72879022359848022,0.7240898609161377,0.72627019882202148,0,2020-11-07T00:00:00.000000Z
2020-11-09T00:00:00.000000Z,0.72890013456344604,0.73396003246307373,0.72682875394821167,0.72867178916931152,0,2020-11-10T00:00:00.000000Z
2020-11-10T00:00:00.000000Z,0.7277601957321167,0.72960001230239868,0.7253577709197998,0.72820001840591431,0,2020-11-11T00:00:00.000000Z
2020-11-11T00:00:00.000000Z,0.72836023569107056,0.73177516460418701,0.72618001699447632,0.72816979885101318,0,2020-11-12T00:00:00.000000Z
2020-11-12T00:00:00.000000Z,0.72830986976623535,0.72941052913665771,0.7247999906539917,0.72842758893966675,0,2020-11-13T00:00:00.000000Z
2020-11-13T00:00:00.000000Z,0.72416013479232788,0.72635984420776367,0.722240149974823,0.72401857376098633,0,2020-11-14T00:00:00.000000Z
2020-11-16T00:00:00.000000Z,0.72874075174331665,0.73260021209716797,0.72808980941772461,0.72908085584640503,0,2020-11-17T00:00:00.000000Z
2020-11-17T00:00:00.000000Z,0.73198938369750977,0.73399877548217773,0.72896021604537964,0.73209977149963379,0,2020-11-18T00:00:00.000000Z
2020-11-18T00:00:00.000000Z,0.72962021827697754,0.73289984464645386,0.72733986377716064,0.72960001230239868,0,2020-11-19T00:00:00.000000Z
2020-11-23T00:00:00.000000Z,0.73126143217086792,0.73380005359649658,0.72666025161743164,0.73170018196105957,0,2020-11-24T00:00:00.000000Z
2020-11-24T00:00:00.000000Z,0.7295297384262085,0.73690015077590942,0.72921007871627808,0.72982043027877808,0,2020-11-25T00:00:00.000000Z
2020-11-25T00:00:00.000000Z,0.73659020662307739,0.73739999532699585,0.7325899600982666,0.73666995763778687,0,2020-11-26T00:00:00.000000Z
2020-11-26T00:00:00.000000Z,0.73659402132034302,0.73760014772415161,0.73542988300323486,0.73648548126220703,0,2020-11-27T00:00:00.000000Z
2020-11-27T00:00:00.000000Z,0.73561000823974609,0.73991858959197998,0.73530977964401245,0.73579996824264526,0,2020-11-28T00:00:00.000000Z
2020-11-30T00:00:00.000000Z,0.74013221263885498,0.74099981784820557,0.73489964008331299,0.74002814292907715,0,2020-12-01T00:00:00.000000Z
2020-12-01T00:00:00.000000Z,0.73597055673599243,0.73724019527435303,0.7343599796295166,0.73567980527877808,0,2020-12-02T00:00:00.000000Z
2020-12-02T00:00:00.000000Z,0.7379801869392395,0.73965972661972046,0.73524004220962524,0.73808908462524414,0,2020-12-03T00:00:00.000000Z
2020-12-03T00:00:00.000000Z,0.74138987064361572,0.74485015869140625,0.73984748125076294,0.74180012941360474,0,2020-12-04T00:00:00.000000Z
2020-12-04T00:00:00.000000Z,0.74419993162155151,0.74439990520477295,0.74129974842071533,0.74389982223510742,0,2020-12-05T00:00:00.000000Z
2020-12-07T00:00:00.000000Z,0.74310767650604248,0.74510979652404785,0.73730981349945068,0.74315738677978516,0,2020-12-08T00:00:00.000000Z
2020-12-08T00:00:00.000000Z,0.74178475141525269,0.74370014667510986,0.74006974697113037,0.74175995588302612,0,2020-12-09T00:00:00.000000Z
2020-12-09T00:00:00.000000Z,0.74119973182678223,0.74872714281082153,0.74092018604278564,0.74109971523284912,0,2020-12-10T00:00:00.000000Z
2020-12-10T00:00:00.000000Z,0.74340987205505371,0.75269973278045654,0.74340987205505371,0.74349993467330933,0,2020-12-11T00:00:00.000000Z
2020-12-11T00:00:00.000000Z,0.75250208377838135,0.75700229406356812,0.75207024812698364,0.75243979692459106,0,2020-12-12T00:00:00.000000Z
2020-12-14T00:00:00.000000Z,0.75503039360046387,0.75783014297485352,0.75289982557296753,0.75511026382446289,0,2020-12-15T00:00:00.000000Z
2020-12-15T00:00:00.000000Z,0.7535102367401123,0.75570023059844971,0.75079017877578735,0.75392037630081177,0,2020-12-16T00:00:00.000000Z
2020-12-16T00:00:00.000000Z,0.75568991899490356,0.75810009241104126,0.75468277931213379,0.75556093454360962,0,2020-12-17T00:00:00.000000Z
2020-12-17T00:00:00.000000Z,0.75711119174957275,0.76391863822937012,0.75697994232177734,0.75699996948242188,0,2020-12-18T00:00:00.000000Z
2020-12-18T00:00:00.000000Z,0.76142901182174683,0.76202088594436646,0.75830996036529541,0.76152992248535156,0,2020-12-19T00:00:00.000000Z
2020-12-21T00:00:00.000000Z,0.75877141952514648,0.76024818420410156,0.7463688850402832,0.7587425708770752,0,2020-12-22T00:00:00.000000Z
2020-12-22T00:00:00.000000Z,0.75754016637802124,0.75840020179748535,0.75181978940963745,0.75752007961273193,0,2020-12-23T00:00:00.000000Z
2020-12-23T00:00:00.000000Z,0.75498992204666138,0.758949875831604,0.75261026620864868,0.75517004728317261,0,2020-12-24T00:00:00.000000Z
2020-12-24T00:00:00.000000Z,0.75813978910446167,0.76064020395278931,0.75795990228652954,0.75795990228652954,0,2020-12-25T00:00:00.000000Z
2020-12-25T00:00:00.000000Z,0.76068013906478882,0.76622015237808228,0.7579001784324646,0.76068013906478882,0,2020-12-26T00:00:00.000000Z
2020-12-28T00:00:00.000000Z,0.76134788990020752,0.76240020990371704,0.75596016645431519,0.76119142770767212,0,2020-12-29T00:00:00.000000Z
2020-12-29T00:00:00.000000Z,0.75885778665542603,0.76250022649765015,0.75847792625427246,0.75889229774475098,0,2020-12-30T00:00:00.000000Z
2020-12-30T00:00:00.000000Z,0.76120012998580933,0.76862174272537231,0.76072007417678833,0.76098984479904175,0,2020-12-31T00:00:00.000000Z
2020-12-31T00:00:00.000000Z,0.76889955997467041,0.77414000034332275,0.76868975162506104,0.76892906427383423,0,2021-01-01T00:00:00.000000Z
2021-01-01T00:00:00.000000Z,0.77718013525009155,0.82076001167297363,0.76982295513153076,0.7702973484992981,0,2021-01-02T00:00:00.000000Z
2021-01-04T00:00:00.000000Z,0.77130019664764404,0.77419990301132202,0.76565980911254883,0.77123004198074341,0,2021-01-05T00:00:00.000000Z
2021-01-05T00:00:00.000000Z,0.76697999238967896,0.77530014514923096,0.7662893533706665,0.76709997653961182,0,2021-01-06T00:00:00.000000Z
2021-01-06T00:00:00.000000Z,0.7762799859046936,0.78203815221786499,0.77343106269836426,0.77660006284713745,0,2021-01-07T00:00:00.000000Z
2021-01-08T00:00:00.000000Z,0.77689999341964722,0.77989983558654785,0.77414000034332275,0.77689999341964722,0,2021-01-09T00:00:00.000000Z
2021-01-11T00:00:00.000000Z,0.77237969636917114,0.77304250001907349,0.76688879728317261,0.77165257930755615,0,2021-01-12T00:00:00.000000Z
2021-01-12T00:00:00.000000Z,0.77081984281539917,0.7740597128868103,0.76873993873596191,0.77074974775314331,0,2021-01-13T00:00:00.000000Z
2021-01-13T00:00:00.000000Z,0.77747982740402222,0.77827072143554688,0.77230989933013916,0.77760499715805054,0,2021-01-14T00:00:00.000000Z
2021-01-14T00:00:00.000000Z,0.77464014291763306,0.77931028604507446,0.772879958152771,0.77471339702606201,0,2021-01-15T00:00:00.000000Z
2021-01-15T00:00:00.000000Z,0.77756267786026001,0.77887988090515137,0.76824980974197388,0.77758020162582397,0,2021-01-16T00:00:00.000000Z
2021-01-18T00:00:00.000000Z,0.76853907108306885,0.77027952671051025,0.76605993509292603,0.76888769865036011,0,2021-01-19T00:00:00.000000Z
2021-01-19T00:00:00.000000Z,0.76855981349945068,0.77239996194839478,0.76855981349945068,0.76869863271713257,0,2021-01-20T00:00:00.000000Z
2021-01-20T00:00:00.000000Z,0.77124786376953125,0.77629989385604858,0.77020001411437988,0.77118009328842163,0,2021-01-21T00:00:00.000000Z
2021-01-21T00:00:00.000000Z,0.77549976110458374,0.77839970588684082,0.77489942312240601,0.77557015419006348,0,2021-01-22T00:00:00.000000Z
2021-01-22T00:00:00.000000Z,0.77614444494247437,0.77688008546829224,0.77036023139953613,0.77610224485397339,0,2021-01-23T00:00:00.000000Z
2021-01-25T00:00:00.000000Z,0.77155137062072754,0.77479982376098633,0.76839029788970947,0.77157998085021973,0,2021-01-26T00:00:00.000000Z
2021-01-26T00:00:00.000000Z,0.77150017023086548,0.77543002367019653,0.76699995994567871,0.7718997597694397,0,2021-01-27T00:00:00.000000Z
2021-01-27T00:00:00.000000Z,0.77531999349594116,0.77609986066818237,0.76503020524978638,0.77531397342681885,0,2021-01-28T00:00:00.000000Z
2021-01-28T00:00:00.000000Z,0.76517009735107422,0.76774019002914429,0.75930142402648926,0.76509982347488403,0,2021-01-29T00:00:00.000000Z
2021-01-29T00:00:00.000000Z,0.76720064878463745,0.7703697681427002,0.76369982957839966,0.76696991920471191,0,2021-01-30T00:00:00.000000Z
2021-02-01T00:00:00.000000Z,0.76206153631210327,0.76640093326568604,0.76135015487670898,0.76199764013290405,0,2021-02-02T00:00:00.000000Z
2021-02-02T00:00:00.000000Z,0.76332962512969971,0.76619017124176025,0.75666999816894531,0.76346015930175781,0,2021-02-03T00:00:00.000000Z
2021-02-03T00:00:00.000000Z,0.76090013980865479,0.76269972324371338,0.76024001836776733,0.76082074642181396,0,2021-02-04T00:00:00.000000Z
2021-02-04T00:00:00.000000Z,0.76363271474838257,0.76474994421005249,0.75900000333786011,0.76360005140304565,0,2021-02-05T00:00:00.000000Z
2021-02-05T00:00:00.000000Z,0.76009213924407959,0.76600003242492676,0.75843989849090576,0.76030021905899048,0,2021-02-06T00:00:00.000000Z
2021-02-08T00:00:00.000000Z,0.76788985729217529,0.77151566743850708,0.76525729894638062,0.76791995763778687,0,2021-02-09T00:00:00.000000Z
2021-02-09T00:00:00.000000Z,0.77055847644805908,0.77364647388458252,0.7704700231552124,0.77109980583190918,0,2021-02-10T00:00:00.000000Z
2021-02-10T00:00:00.000000Z,0.77409982681274414,0.77544987201690674,0.77199214696884155,0.77405011653900146,0,2021-02-11T00:00:00.000000Z
2021-02-11T00:00:00.000000Z,0.77246922254562378,0.77729976177215576,0.77131986618041992,0.77253484725952148,0,2021-02-12T00:00:00.000000Z
2021-02-12T00:00:00.000000Z,0.77539998292922974,0.77649998664855957,0.77193015813827515,0.77539998292922974,0,2021-02-13T00:00:00.000000Z
2021-02-15T00:00:00.000000Z,0.77639150619506836,0.77910017967224121,0.7760499119758606,0.7764095664024353,0,2021-02-16T00:00:00.000000Z
2021-02-16T00:00:00.000000Z,0.77853000164031982,0.78069984912872314,0.77458131313323975,0.77861970663070679,0,2021-02-17T00:00:00.000000Z
2021-02-17T00:00:00.000000Z,0.77369982004165649,0.77693015336990356,0.77251994609832764,0.77379018068313599,0,2021-02-18T00:00:00.000000Z
2021-02-18T00:00:00.000000Z,0.77589994668960571,0.77890115976333618,0.77317994832992554,0.77586978673934937,0,2021-02-19T00:00:00.000000Z
2021-02-19T00:00:00.000000Z,0.77681970596313477,0.78769993782043457,0.77583134174346924,0.77679979801177979,0,2021-02-20T00:00:00.000000Z
2021-02-22T00:00:00.000000Z,0.78830158710479736,0.79207915067672729,0.78570026159286499,0.78884881734848022,0,2021-02-23T00:00:00.000000Z
2021-02-23T00:00:00.000000Z,0.79146987199783325,0.79344993829727173,0.78838992118835449,0.79154002666473389,0,2021-02-24T00:00:00.000000Z
2021-02-24T00:00:00.000000Z,0.79090023040771484,0.79460304975509644,0.78988939523696899,0.79088270664215088,0,2021-02-25T00:00:00.000000Z
2021-02-25T00:00:00.000000Z,0.79750984907150269,0.8006899356842041,0.79484933614730835,0.7977026104927063,0,2021-02-26T00:00:00.000000Z
2021-02-26T00:00:00.000000Z,0.78655993938446045,0.78702980279922485,0.77118837833404541,0.78700000047683716,0,2021-02-27T00:00:00.000000Z
2021-03-01T00:00:00.000000Z,0.7753680944442749,0.77879983186721802,0.77229976654052734,0.7752419114112854,0,2021-03-02T00:00:00.000000Z
2021-03-02T00:00:00.000000Z,0.77723991870880127,0.78239977359771729,0.77371835708618164,0.77720010280609131,0,2021-03-03T00:00:00.000000Z
2021-03-03T00:00:00.000000Z,0.78259998559951782,0.78400623798370361,0.77740001678466797,0.78251975774765015,0,2021-03-04T00:00:00.000000Z
2021-03-04T00:00:00.000000Z,0.77543002367019653,0.78151863813400269,0.77543002367019653,0.77581024169921875,0,2021-03-05T00:00:00.000000Z
2021-03-05T00:00:00.000000Z,0.77165019512176514,0.77259993553161621,0.76256012916564941,0.77156031131744385,0,2021-03-06T00:00:00.000000Z
2021-03-08T00:00:00.000000Z,0.77074849605560303,0.771462082862854,0.76370859146118164,0.77091014385223389,0,2021-03-09T00:00:00.000000Z
2021-03-09T00:00:00.000000Z,0.76570850610733032,0.7718997597694397,0.76224738359451294,0.76566749811172485,0,2021-03-10T00:00:00.000000Z
2021-03-10T00:00:00.000000Z,0.77160495519638062,0.77440017461776733,0.76699000597000122,0.77178359031677246,0,2021-03-11T00:00:00.000000Z
2021-03-11T00:00:00.000000Z,0.77313989400863647,0.77841967344284058,0.77243989706039429,0.77320027351379395,0,2021-03-12T00:00:00.000000Z
2021-03-12T00:00:00.000000Z,0.77850997447967529,0.78009992837905884,0.77266973257064819,0.77876156568527222,0,2021-03-13T00:00:00.000000Z
2021-03-15T00:00:00.000000Z,0.77633726596832275,0.77760010957717896,0.77067726850509644,0.77629989385604858,0,2021-03-16T00:00:00.000000Z
2021-03-16T00:00:00.000000Z,0.77499973773956299,0.77570009231567383,0.7713502049446106,0.77501356601715088,0,2021-03-17T00:00:00.000000Z
2021-03-17T00:00:00.000000Z,0.77465933561325073,0.77471339702606201,0.77062022686004639,0.77455735206604004,0,2021-03-18T00:00:00.000000Z
2021-03-18T00:00:00.000000Z,0.78110963106155396,0.78489983081817627,0.77624988555908203,0.78130006790161133,0,2021-03-19T00:00:00.000000Z
2021-03-19T00:00:00.000000Z,0.77525985240936279,0.77709978818893433,0.77188014984130859,0.77536994218826294,0,2021-03-20T00:00:00.000000Z
2021-03-22T00:00:00.000000Z,0.77234989404678345,0.77549976110458374,0.77052998542785645,0.77225029468536377,0,2021-03-23T00:00:00.000000Z
2021-03-23T00:00:00.000000Z,0.77455735206604004,0.77471339702606201,0.76557016372680664,0.77455013990402222,0,2021-03-24T00:00:00.000000Z
2021-03-24T00:00:00.000000Z,0.76090186834335327,0.7630000114440918,0.75843989849090576,0.76047015190124512,0,2021-03-25T00:00:00.000000Z
2021-03-25T00:00:00.000000Z,0.75920975208282471,0.76149982213973999,0.75645256042480469,0.75910031795501709,0,2021-03-26T00:00:00.000000Z
2021-03-26T00:00:00.000000Z,0.75949984788894653,0.76369982957839966,0.75884044170379639,0.75940006971359253,0,2021-03-27T00:00:00.000000Z
2021-03-29T00:00:00.000000Z,0.76380014419555664,0.76552093029022217,0.76160013675689697,0.76373773813247681,0,2021-03-30T00:00:00.000000Z
2021-03-30T00:00:00.000000Z,0.7639501690864563,0.76629000902175903,0.75967985391616821,0.76411706209182739,0,2021-03-31T00:00:00.000000Z
2021-03-31T00:00:00.000000Z,0.7607918381690979,0.76382523775100708,0.75891011953353882,0.76087981462478638,0,2021-04-01T00:00:00.000000Z
2021-04-01T00:00:00.000000Z,0.75943988561630249,0.76109993457794189,0.75332009792327881,0.75940984487533569,0,2021-04-02T00:00:00.000000Z
2021-04-02T00:00:00.000000Z,0.76175969839096069,0.76399976015090942,0.75999969244003296,0.76190012693405151,0,2021-04-03T00:00:00.000000Z
2021-04-05T00:00:00.000000Z,0.76190012693405151,0.76615434885025024,0.75992000102996826,0.76209986209869385,0,2021-04-06T00:00:00.000000Z
2021-04-06T00:00:00.000000Z,0.76575011014938354,0.76629996299743652,0.76072233915328979,0.76587271690368652,0,2021-04-07T00:00:00.000000Z
2021-04-07T00:00:00.000000Z,0.76668894290924072,0.76781326532363892,0.76129978895187378,0.76669478416442871,0,2021-04-08T00:00:00.000000Z
2021-04-08T00:00:00.000000Z,0.76116013526916504,0.76490020751953125,0.76041001081466675,0.76138848066329956,0,2021-04-09T00:00:00.000000Z
2021-04-09T00:00:00.000000Z,0.76561999320983887,0.76639986038208008,0.7589297890663147,0.76590031385421753,0,2021-04-10T00:00:00.000000Z
2021-04-12T00:00:00.000000Z,0.76220089197158813,0.76382523775100708,0.75958001613616943,0.76260024309158325,0,2021-04-13T00:00:00.000000Z
2021-04-13T00:00:00.000000Z,0.76272004842758179,0.76509982347488403,0.75946003198623657,0.76277071237564087,0,2021-04-14T00:00:00.000000Z
2021-04-14T00:00:00.000000Z,0.76464992761611938,0.77340000867843628,0.7635919451713562,0.76474994421005249,0,2021-04-15T00:00:00.000000Z
2021-04-15T00:00:00.000000Z,0.77270019054412842,0.77612996101379395,0.77059000730514526,0.77250975370407104,0,2021-04-16T00:00:00.000000Z
2021-04-16T00:00:00.000000Z,0.77524793148040771,0.77597582340240479,0.77261000871658325,0.7751697301864624,0,2021-04-17T00:00:00.000000Z
2021-04-19T00:00:00.000000Z,0.77143824100494385,0.77869975566864014,0.77068918943405151,0.77140259742736816,0,2021-04-20T00:00:00.000000Z
2021-04-20T00:00:00.000000Z,0.77649998664855957,0.78159987926483154,0.77301979064941406,0.77670025825500488,0,2021-04-21T00:00:00.000000Z
2021-04-21T00:00:00.000000Z,0.77217096090316772,0.77629989385604858,0.7702023983001709,0.77237969636917114,0,2021-04-22T00:00:00.000000Z
2021-04-22T00:00:00.000000Z,0.77544987201690674,0.77651810646057129,0.77107006311416626,0.7754402756690979,0,2021-04-23T00:00:00.000000Z
2021-04-23T00:00:00.000000Z,0.77085548639297485,0.77459990978240967,0.77008968591690063,0.77053481340408325,0,2021-04-24T00:00:00.000000Z
2021-04-27T00:00:00.000000Z,0.77960973978042603,0.78040009737014771,0.77643007040023804,0.77997040748596191,0,2021-04-28T00:00:00.000000Z
2021-04-28T00:00:00.000000Z,0.77658987045288086,0.77760499715805054,0.77278017997741699,0.77700018882751465,0,2021-04-29T00:00:00.000000Z
2021-04-29T00:00:00.000000Z,0.78021377325057983,0.78181982040405273,0.77528995275497437,0.78012973070144653,0,2021-04-30T00:00:00.000000Z
2021-04-30T00:00:00.000000Z,0.77779006958007812,0.77851301431655884,0.77056026458740234,0.77776223421096802,0,2021-05-01T00:00:00.000000Z
2021-05-03T00:00:00.000000Z,0.77185982465744019,0.7766990065574646,0.77078002691268921,0.77229976654052734,0,2021-05-04T00:00:00.000000Z
2021-05-04T00:00:00.000000Z,0.7761998176574707,0.77629989385604858,0.76774841547012329,0.77589148283004761,0,2021-05-05T00:00:00.000000Z
2021-05-05T00:00:00.000000Z,0.77150017023086548,0.77539998292922974,0.77062976360321045,0.77137994766235352,0,2021-05-06T00:00:00.000000Z
2021-05-06T00:00:00.000000Z,0.77530199289321899,0.77769988775253296,0.77023029327392578,0.77511990070343018,0,2021-05-07T00:00:00.000000Z
2021-05-07T00:00:00.000000Z,0.77863001823425293,0.78628712892532349,0.7761799693107605,0.77873128652572632,0,2021-05-08T00:00:00.000000Z
2021-05-10T00:00:00.000000Z,0.78563231229782104,0.78939056396484375,0.78385019302368164,0.78587931394577026,0,2021-05-11T00:00:00.000000Z
2021-05-11T00:00:00.000000Z,0.78419995307922363,0.78556013107299805,0.78210973739624023,0.78389990329742432,0,2021-05-12T00:00:00.000000Z
2021-05-12T00:00:00.000000Z,0.78396016359329224,0.78437525033950806,0.77338922023773193,0.7838096022605896,0,2021-05-13T00:00:00.000000Z
2021-05-13T00:00:00.000000Z,0.7730603814125061,0.7747313380241394,0.76901012659072876,0.77323019504547119,0,2021-05-14T00:00:00.000000Z
2021-05-14T00:00:00.000000Z,0.77238982915878296,0.77816778421401978,0.77141982316970825,0.77262020111083984,0,2021-05-15T00:00:00.000000Z
2021-05-18T00:00:00.000000Z,0.77734988927841187,0.78135991096496582,0.77689999341964722,0.77736985683441162,0,2021-05-19T00:00:00.000000Z
2021-05-19T00:00:00.000000Z,0.77889508008956909,0.77969974279403687,0.77327024936676025,0.77899819612503052,0,2021-05-20T00:00:00.000000Z
2021-05-20T00:00:00.000000Z,0.77220016717910767,0.77839183807373047,0.7718997597694397,0.77203023433685303,0,2021-05-21T00:00:00.000000Z
2021-05-21T00:00:00.000000Z,0.7770611047744751,0.77829974889755249,0.77304250001907349,0.77700018882751465,0,2021-05-22T00:00:00.000000Z
2021-05-24T00:00:00.000000Z,0.7725527286529541,0.7754901647567749,0.77109920978546143,0.77300006151199341,0,2021-05-25T00:00:00.000000Z
2021-05-25T00:00:00.000000Z,0.7750898003578186,0.77764123678207397,0.77372968196868896,0.77508020401000977,0,2021-05-26T00:00:00.000000Z
2021-05-26T00:00:00.000000Z,0.77510005235671997,0.77978789806365967,0.77313810586929321,0.77531397342681885,0,2021-05-27T00:00:00.000000Z
2021-05-27T00:00:00.000000Z,0.77398186922073364,0.77579998970031738,0.77234989404678345,0.7739902138710022,0,2021-05-28T00:00:00.000000Z
2021-05-28T00:00:00.000000Z,0.77416998147964478,0.77490007877349854,0.7678297758102417,0.774250328540802,0,2021-05-29T00:00:00.000000Z
2021-05-31T00:00:00.000000Z,0.77089715003967285,0.7744133472442627,0.7701602578163147,0.77100998163223267,0,2021-06-01T00:00:00.000000Z
2021-06-01T00:00:00.000000Z,0.77440977096557617,0.7770007848739624,0.77312970161437988,0.77434980869293213,0,2021-06-02T00:00:00.000000Z
2021-06-02T00:00:00.000000Z,0.77563995122909546,0.7771601676940918,0.7716597318649292,0.77559000253677368,0,2021-06-03T00:00:00.000000Z
2021-06-03T00:00:00.000000Z,0.77459990978240967,0.77549976110458374,0.76498216390609741,0.77443015575408936,0,2021-06-04T00:00:00.000000Z
2021-06-04T00:00:00.000000Z,0.76650023460388184,0.77459990978240967,0.76523977518081665,0.76657724380493164,0,2021-06-05T00:00:00.000000Z
2021-06-07T00:00:00.000000Z,0.77399379014968872,0.77681970596313477,0.77270972728729248,0.77440017461776733,0,2021-06-08T00:00:00.000000Z
2021-06-08T00:00:00.000000Z,0.77570009231567383,0.77649998664855957,0.77334016561508179,0.77562969923019409,0,2021-06-09T00:00:00.000000Z
2021-06-09T00:00:00.000000Z,0.77369982004165649,0.77639991044998169,0.77267813682556152,0.77369982004165649,0,2021-06-10T00:00:00.000000Z
2021-06-10T00:00:00.000000Z,0.7729002833366394,0.77651810646057129,0.77225983142852783,0.77294981479644775,0,2021-06-11T00:00:00.000000Z
2021-06-11T00:00:00.000000Z,0.77474993467330933,0.77749007940292358,0.76910006999969482,0.77479982376098633,0,2021-06-12T00:00:00.000000Z
2021-06-14T00:00:00.000000Z,0.77102190256118774,0.77270019054412842,0.76938998699188232,0.77089118957519531,0,2021-06-15T00:00:00.000000Z
2021-06-15T00:00:00.000000Z,0.77127164602279663,0.77190274000167847,0.7675398588180542,0.77120029926300049,0,2021-06-16T00:00:00.000000Z
2021-06-16T00:00:00.000000Z,0.76859992742538452,0.77164065837860107,0.76848000288009644,0.76862174272537231,0,2021-06-17T00:00:00.000000Z
2021-06-17T00:00:00.000000Z,0.76127022504806519,0.76389992237091064,0.75530987977981567,0.76167267560958862,0,2021-06-18T00:00:00.000000Z
2021-06-18T00:00:00.000000Z,0.75564086437225342,0.75620085000991821,0.7479398250579834,0.75568991899490356,0,2021-06-19T00:00:00.000000Z
2021-06-21T00:00:00.000000Z,0.75021004676818848,0.75366979837417603,0.7479901909828186,0.75039976835250854,0,2021-06-22T00:00:00.000000Z
2021-06-23T00:00:00.000000Z,0.75553011894226074,0.76000028848648071,0.75383007526397705,0.75548100471496582,0,2021-06-24T00:00:00.000000Z
2021-06-24T00:00:00.000000Z,0.75747817754745483,0.75930142402648926,0.75681889057159424,0.75744378566741943,0,2021-06-25T00:00:00.000000Z
2021-06-25T00:00:00.000000Z,0.75809836387634277,0.76190477609634399,0.75809836387634277,0.75820761919021606,0,2021-06-26T00:00:00.000000Z
2021-06-28T00:00:00.000000Z,0.75949984788894653,0.76040017604827881,0.75559002161026001,0.75949984788894653,0,2021-06-29T00:00:00.000000Z
2021-06-29T00:00:00.000000Z,0.75684982538223267,0.75711691379547119,0.75085222721099854,0.75684016942977905,0,2021-06-30T00:00:00.000000Z
2021-06-30T00:00:00.000000Z,0.75141018629074097,0.75289982557296753,0.7492825984954834,0.75135999917984009,0,2021-07-01T00:00:00.000000Z
2021-07-01T00:00:00.000000Z,0.74953019618988037,0.75099998712539673,0.74640011787414551,0.74977016448974609,0,2021-07-02T00:00:00.000000Z
2021-07-02T00:00:00.000000Z,0.74671000242233276,0.750099778175354,0.74492889642715454,0.74658066034317017,0,2021-07-03T00:00:00.000000Z
2021-07-05T00:00:00.000000Z,0.7516818642616272,0.75400000810623169,0.7509198784828186,0.75185990333557129,0,2021-07-06T00:00:00.000000Z
2021-07-06T00:00:00.000000Z,0.75400000810623169,0.75985991954803467,0.74888980388641357,0.75430029630661011,0,2021-07-07T00:00:00.000000Z
2021-07-07T00:00:00.000000Z,0.74913996458053589,0.75340008735656738,0.74645978212356567,0.7494998574256897,0,2021-07-08T00:00:00.000000Z
2021-07-08T00:00:00.000000Z,0.74830979108810425,0.74847495555877686,0.74181991815567017,0.74844139814376831,0,2021-07-09T00:00:00.000000Z
2021-07-09T00:00:00.000000Z,0.74371564388275146,0.74871987104415894,0.74101024866104126,0.74332863092422485,0,2021-07-10T00:00:00.000000Z
2021-07-12T00:00:00.000000Z,0.74928820133209229,0.74969995021820068,0.74497991800308228,0.74900752305984497,0,2021-07-13T00:00:00.000000Z
2021-07-13T00:00:00.000000Z,0.74809980392456055,0.75052541494369507,0.7427985668182373,0.74809980392456055,0,2021-07-14T00:00:00.000000Z
2021-07-14T00:00:00.000000Z,0.74383008480072021,0.74859994649887085,0.74339991807937622,0.74419993162155151,0,2021-07-15T00:00:00.000000Z
2021-07-15T00:00:00.000000Z,0.74809980392456055,0.74861502647399902,0.74342256784439087,0.74803823232650757,0,2021-07-16T00:00:00.000000Z
2021-07-16T00:00:00.000000Z,0.742462158203125,0.74439990520477295,0.74004018306732178,0.74230009317398071,0,2021-07-17T00:00:00.000000Z
2021-07-19T00:00:00.000000Z,0.73890006542205811,0.7391999363899231,0.73300021886825562,0.73909997940063477,0,2021-07-20T00:00:00.000000Z
2021-07-20T00:00:00.000000Z,0.73375111818313599,0.73561972379684448,0.73006021976470947,0.73392021656036377,0,2021-07-21T00:00:00.000000Z
2021-07-21T00:00:00.000000Z,0.73390024900436401,0.73603016138076782,0.72897982597351074,0.73389112949371338,0,2021-07-22T00:00:00.000000Z
2021-07-22T00:00:00.000000Z,0.73520219326019287,0.73970019817352295,0.7343098521232605,0.73526167869567871,0,2021-07-23T00:00:00.000000Z
2021-07-23T00:00:00.000000Z,0.73824983835220337,0.7391999363899231,0.7357901930809021,0.73804986476898193,0,2021-07-24T00:00:00.000000Z
2021-07-26T00:00:00.000000Z,0.73665904998779297,0.73909825086593628,0.73330020904541016,0.73682194948196411,0,2021-07-27T00:00:00.000000Z
2021-07-27T00:00:00.000000Z,0.73860698938369751,0.73899996280670166,0.73378020524978638,0.73882526159286499,0,2021-07-28T00:00:00.000000Z
2021-07-28T00:00:00.000000Z,0.73678988218307495,0.7375800609588623,0.7324102520942688,0.7366374135017395,0,2021-07-29T00:00:00.000000Z
2021-07-29T00:00:00.000000Z,0.73779994249343872,0.74133986234664917,0.73601007461547852,0.73771011829376221,0,2021-07-30T00:00:00.000000Z
2021-07-30T00:00:00.000000Z,0.73960119485855103,0.74057620763778687,0.7345002293586731,0.73960995674133301,0,2021-07-31T00:00:00.000000Z
2021-08-02T00:00:00.000000Z,0.73423057794570923,0.73827975988388062,0.73297983407974243,0.73423057794570923,0,2021-08-03T00:00:00.000000Z
2021-08-03T00:00:00.000000Z,0.73623985052108765,0.74089992046356201,0.73588013648986816,0.73605996370315552,0,2021-08-04T00:00:00.000000Z
2021-08-04T00:00:00.000000Z,0.7396399974822998,0.7427213191986084,0.73710000514984131,0.73967999219894409,0,2021-08-05T00:00:00.000000Z
2021-08-05T00:00:00.000000Z,0.73824983835220337,0.74167472124099731,0.73782223463058472,0.73829996585845947,0,2021-08-06T00:00:00.000000Z
2021-08-06T00:00:00.000000Z,0.74049997329711914,0.74068588018417358,0.73479169607162476,0.74029988050460815,0,2021-08-07T00:00:00.000000Z
2021-08-09T00:00:00.000000Z,0.73380005359649658,0.73659402132034302,0.73289984464645386,0.73378336429595947,0,2021-08-10T00:00:00.000000Z
2021-08-10T00:00:00.000000Z,0.73300021886825562,0.73561865091323853,0.73161989450454712,0.73310017585754395,0,2021-08-11T00:00:00.000000Z
2021-08-11T00:00:00.000000Z,0.73445975780487061,0.73858028650283813,0.73249983787536621,0.73437988758087158,0,2021-08-12T00:00:00.000000Z
2021-08-12T00:00:00.000000Z,0.73722010850906372,0.73751747608184814,0.73361003398895264,0.73740875720977783,0,2021-08-13T00:00:00.000000Z
2021-08-13T00:00:00.000000Z,0.73401987552642822,0.73799979686737061,0.73337012529373169,0.73414969444274902,0,2021-08-14T00:00:00.000000Z
2021-08-16T00:00:00.000000Z,0.73669165372848511,0.73690015077590942,0.73203223943710327,0.736572265625,0,2021-08-17T00:00:00.000000Z
2021-08-18T00:00:00.000000Z,0.72554987668991089,0.7271997332572937,0.72315990924835205,0.72555989027023315,0,2021-08-19T00:00:00.000000Z
2021-08-19T00:00:00.000000Z,0.72315990924835205,0.72350001335144043,0.71455007791519165,0.72309976816177368,0,2021-08-20T00:00:00.000000Z
2021-08-20T00:00:00.000000Z,0.71479988098144531,0.71590006351470947,0.71073001623153687,0.71462005376815796,0,2021-08-21T00:00:00.000000Z
2021-08-24T00:00:00.000000Z,0.72086983919143677,0.72709983587265015,0.72014981508255005,0.72095972299575806,0,2021-08-25T00:00:00.000000Z
2021-08-25T00:00:00.000000Z,0.72505009174346924,0.72672837972640991,0.72376024723052979,0.72487980127334595,0,2021-08-26T00:00:00.000000Z
2021-08-26T00:00:00.000000Z,0.72778987884521484,0.72822600603103638,0.72420996427536011,0.72766005992889404,0,2021-08-27T00:00:00.000000Z
2021-08-27T00:00:00.000000Z,0.723552405834198,0.73099416494369507,0.72231006622314453,0.72383987903594971,0,2021-08-28T00:00:00.000000Z
2021-08-30T00:00:00.000000Z,0.73179656267166138,0.73200011253356934,0.72861975431442261,0.73159843683242798,0,2021-08-31T00:00:00.000000Z
2021-08-31T00:00:00.000000Z,0.72931480407714844,0.7342144250869751,0.72894799709320068,0.72912335395812988,0,2021-09-01T00:00:00.000000Z
2021-09-01T00:00:00.000000Z,0.73200011253356934,0.73722988367080688,0.73084986209869385,0.73179018497467041,0,2021-09-02T00:00:00.000000Z
2021-09-02T00:00:00.000000Z,0.73688006401062012,0.74090540409088135,0.73563975095748901,0.73680019378662109,0,2021-09-03T00:00:00.000000Z
2021-09-03T00:00:00.000000Z,0.73978173732757568,0.74779999256134033,0.73960012197494507,0.73993009328842163,0,2021-09-04T00:00:00.000000Z
2021-09-06T00:00:00.000000Z,0.74434113502502441,0.74459993839263916,0.7427489161491394,0.74450188875198364,0,2021-09-07T00:00:00.000000Z
2021-09-07T00:00:00.000000Z,0.74370014667510986,0.74653053283691406,0.73777872323989868,0.74367135763168335,0,2021-09-08T00:00:00.000000Z
2021-09-08T00:00:00.000000Z,0.73871010541915894,0.74040013551712036,0.73460817337036133,0.73865985870361328,0,2021-09-09T00:00:00.000000Z
2021-09-09T00:00:00.000000Z,0.73594021797180176,0.7394300103187561,0.73475009202957153,0.73637700080871582,0,2021-09-10T00:00:00.000000Z
2021-09-10T00:00:00.000000Z,0.73697400093078613,0.74112498760223389,0.73610007762908936,0.73708266019821167,0,2021-09-11T00:00:00.000000Z
2021-09-13T00:00:00.000000Z,0.73659998178482056,0.73768073320388794,0.7336999773979187,0.73681104183197021,0,2021-09-14T00:00:00.000000Z
2021-09-14T00:00:00.000000Z,0.73669981956481934,0.73750013113021851,0.73245048522949219,0.73659020662307739,0,2021-09-15T00:00:00.000000Z
2021-09-15T00:00:00.000000Z,0.7318999171257019,0.73380005359649658,0.73030012845993042,0.73170977830886841,0,2021-09-16T00:00:00.000000Z
2021-09-16T00:00:00.000000Z,0.73380005359649658,0.73469990491867065,0.72753989696502686,0.73412007093429565,0,2021-09-17T00:00:00.000000Z
2021-09-17T00:00:00.000000Z,0.72917014360427856,0.73222523927688599,0.72672992944717407,0.72914999723434448,0,2021-09-18T00:00:00.000000Z
2021-09-20T00:00:00.000000Z,0.7266121506690979,0.72709983587265015,0.72208940982818604,0.72640103101730347,0,2021-09-21T00:00:00.000000Z
2021-09-21T00:00:00.000000Z,0.72600549459457397,0.72840005159378052,0.722240149974823,0.72597020864486694,0,2021-09-22T00:00:00.000000Z
2021-09-22T00:00:00.000000Z,0.72320020198822021,0.72680020332336426,0.7225000262260437,0.72279977798461914,0,2021-09-23T00:00:00.000000Z
2021-09-23T00:00:00.000000Z,0.72337019443511963,0.73122990131378174,0.72237008810043335,0.72339999675750732,0,2021-09-24T00:00:00.000000Z
2021-09-24T00:00:00.000000Z,0.72997021675109863,0.731689453125,0.72369009256362915,0.72998028993606567,0,2021-09-25T00:00:00.000000Z
2021-09-27T00:00:00.000000Z,0.72660684585571289,0.72919994592666626,0.7250601053237915,0.7266121506690979,0,2021-09-28T00:00:00.000000Z
2021-09-28T00:00:00.000000Z,0.72812002897262573,0.73129993677139282,0.72309976816177368,0.72806012630462646,0,2021-09-29T00:00:00.000000Z
2021-09-29T00:00:00.000000Z,0.72448015213012695,0.72622013092041016,0.71821999549865723,0.72442775964736938,0,2021-09-30T00:00:00.000000Z
2021-09-30T00:00:00.000000Z,0.71782976388931274,0.72576838731765747,0.71782976388931274,0.71799981594085693,0,2021-10-01T00:00:00.000000Z
2021-10-01T00:00:00.000000Z,0.72288024425506592,0.72740024328231812,0.71937787532806396,0.72311806678771973,0,2021-10-02T00:00:00.000000Z
2021-10-04T00:00:00.000000Z,0.72759974002838135,0.73051357269287109,0.72525990009307861,0.72752141952514648,0,2021-10-05T00:00:00.000000Z
2021-10-05T00:00:00.000000Z,0.72893202304840088,0.72984975576400757,0.72515004873275757,0.7289697527885437,0,2021-10-06T00:00:00.000000Z
2021-10-07T00:00:00.000000Z,0.72829979658126831,0.73249983787536621,0.72711992263793945,0.728141188621521,0,2021-10-08T00:00:00.000000Z
2021-10-08T00:00:00.000000Z,0.73164021968841553,0.73380005359649658,0.72894001007080078,0.73167979717254639,0,2021-10-09T00:00:00.000000Z
2021-10-12T00:00:00.000000Z,0.7348402738571167,0.73860698938369751,0.7333797812461853,0.7348402738571167,0,2021-10-13T00:00:00.000000Z
2021-10-13T00:00:00.000000Z,0.73351430892944336,0.73790013790130615,0.73263990879058838,0.7335088849067688,0,2021-10-14T00:00:00.000000Z
2021-10-14T00:00:00.000000Z,0.73868012428283691,0.74269980192184448,0.73722988367080688,0.73860698938369751,0,2021-10-15T00:00:00.000000Z
2021-10-15T00:00:00.000000Z,0.74148988723754883,0.7439800500869751,0.74045002460479736,0.74137997627258301,0,2021-10-16T00:00:00.000000Z
2021-10-18T00:00:00.000000Z,0.74246764183044434,0.74261099100112915,0.73801827430725098,0.74247866868972778,0,2021-10-19T00:00:00.000000Z
2021-10-20T00:00:00.000000Z,0.74800026416778564,0.75182312726974487,0.74666982889175415,0.74771946668624878,0,2021-10-21T00:00:00.000000Z
2021-10-21T00:00:00.000000Z,0.75168979167938232,0.75471693277359009,0.74785923957824707,0.75152993202209473,0,2021-10-22T00:00:00.000000Z
2021-10-22T00:00:00.000000Z,0.74653053283691406,0.75142771005630493,0.74551200866699219,0.74637001752853394,0,2021-10-23T00:00:00.000000Z
2021-10-25T00:00:00.000000Z,0.74700003862380981,0.75079977512359619,0.74654000997543335,0.74690967798233032,0,2021-10-26T00:00:00.000000Z
2021-10-26T00:00:00.000000Z,0.74944990873336792,0.75260001420974731,0.74900025129318237,0.74917984008789062,0,2021-10-27T00:00:00.000000Z
2021-10-27T00:00:00.000000Z,0.7514299750328064,0.75369995832443237,0.7488398551940918,0.75129783153533936,0,2021-10-28T00:00:00.000000Z
2021-10-28T00:00:00.000000Z,0.75004124641418457,0.75557231903076172,0.74798011779785156,0.75007504224777222,0,2021-10-29T00:00:00.000000Z
2021-10-29T00:00:00.000000Z,0.75350004434585571,0.75551521778106689,0.75005811452865601,0.75316005945205688,0,2021-10-30T00:00:00.000000Z
2021-11-01T00:00:00.000000Z,0.75208890438079834,0.75359994173049927,0.74871987104415894,0.75182878971099854,0,2021-11-02T00:00:00.000000Z
2021-11-02T00:00:00.000000Z,0.75238883495330811,0.75340920686721802,0.74275994300842285,0.75204986333847046,0,2021-11-03T00:00:00.000000Z
2021-11-03T00:00:00.000000Z,0.74380022287368774,0.74521201848983765,0.74160981178283691,0.74389982223510742,0,2021-11-04T00:00:00.000000Z
2021-11-04T00:00:00.000000Z,0.74703246355056763,0.74703246355056763,0.73838883638381958,0.74690020084381104,0,2021-11-05T00:00:00.000000Z
2021-11-05T00:00:00.000000Z,0.74094933271408081,0.74119973182678223,0.73640960454940796,0.74093282222747803,0,2021-11-06T00:00:00.000000Z
2021-11-08T00:00:00.000000Z,0.73949730396270752,0.74327337741851807,0.73864024877548218,0.73959028720855713,0,2021-11-09T00:00:00.000000Z
2021-11-09T00:00:00.000000Z,0.74155920743942261,0.74321812391281128,0.73618996143341064,0.74147999286651611,0,2021-11-10T00:00:00.000000Z
2021-11-10T00:00:00.000000Z,0.73765021562576294,0.73932015895843506,0.73441010713577271,0.73761975765228271,0,2021-11-11T00:00:00.000000Z
2021-11-11T00:00:00.000000Z,0.73341208696365356,0.7342144250869751,0.72884011268615723,0.73341208696365356,0,2021-11-12T00:00:00.000000Z
2021-11-12T00:00:00.000000Z,0.72907978296279907,0.73260021209716797,0.72768974304199219,0.72919994592666626,0,2021-11-13T00:00:00.000000Z
2021-11-15T00:00:00.000000Z,0.7332722544670105,0.73710000514984131,0.73239153623580933,0.73325067758560181,0,2021-11-16T00:00:00.000000Z
2021-11-16T00:00:00.000000Z,0.73455959558486938,0.73700004816055298,0.73101019859313965,0.73448991775512695,0,2021-11-17T00:00:00.000000Z
2021-11-17T00:00:00.000000Z,0.73005008697509766,0.73045003414154053,0.72643005847930908,0.73016148805618286,0,2021-11-18T00:00:00.000000Z
2021-11-18T00:00:00.000000Z,0.72689735889434814,0.7293999195098877,0.7250601053237915,0.7268604040145874,0,2021-11-19T00:00:00.000000Z
2021-11-19T00:00:00.000000Z,0.72757959365844727,0.72919994592666626,0.72300988435745239,0.72790008783340454,0,2021-11-20T00:00:00.000000Z
2021-11-22T00:00:00.000000Z,0.72315990924835205,0.72715002298355103,0.72290903329849243,0.72316980361938477,0,2021-11-23T00:00:00.000000Z
2021-11-23T00:00:00.000000Z,0.72277992963790894,0.72390329837799072,0.72082984447479248,0.7228044867515564,0,2021-11-24T00:00:00.000000Z
2021-11-24T00:00:00.000000Z,0.72230011224746704,0.72290903329849243,0.71870005130767822,0.72221982479095459,0,2021-11-25T00:00:00.000000Z
2021-11-25T00:00:00.000000Z,0.72025972604751587,0.72108447551727295,0.71809983253479004,0.72020012140274048,0,2021-11-26T00:00:00.000000Z
2021-11-26T00:00:00.000000Z,0.71749907732009888,0.71769994497299194,0.71138936281204224,0.71737039089202881,0,2021-11-27T00:00:00.000000Z
2021-11-29T00:00:00.000000Z,0.71418881416320801,0.71609997749328613,0.71151083707809448,0.71428060531616211,0,2021-11-30T00:00:00.000000Z
2021-11-30T00:00:00.000000Z,0.71490001678466797,0.71720016002655029,0.70673978328704834,0.714580237865448,0,2021-12-01T00:00:00.000000Z
2021-12-01T00:00:00.000000Z,0.7126699686050415,0.71730870008468628,0.71219998598098755,0.71249985694885254,0,2021-12-02T00:00:00.000000Z
2021-12-02T00:00:00.000000Z,0.71075981855392456,0.71209853887557983,0.70852142572402954,0.71075981855392456,0,2021-12-03T00:00:00.000000Z
2021-12-03T00:00:00.000000Z,0.70881772041320801,0.70901870727539062,0.70104104280471802,0.70878005027770996,0,2021-12-04T00:00:00.000000Z
2021-12-06T00:00:00.000000Z,0.7016608715057373,0.70534795522689819,0.70072180032730103,0.70178985595703125,0,2021-12-07T00:00:00.000000Z
2021-12-07T00:00:00.000000Z,0.70511913299560547,0.71249985694885254,0.70403993129730225,0.70492035150527954,0,2021-12-08T00:00:00.000000Z
2021-12-08T00:00:00.000000Z,0.71224004030227661,0.71700984239578247,0.71178984642028809,0.71225982904434204,0,2021-12-09T00:00:00.000000Z
2021-12-09T00:00:00.000000Z,0.71689730882644653,0.71890723705291748,0.71360015869140625,0.71700006723403931,0,2021-12-10T00:00:00.000000Z
2021-12-10T00:00:00.000000Z,0.71469414234161377,0.71827208995819092,0.71341943740844727,0.71461242437362671,0,2021-12-11T00:00:00.000000Z
2021-12-13T00:00:00.000000Z,0.71666610240936279,0.7178998589515686,0.71114140748977661,0.71660959720611572,0,2021-12-14T00:00:00.000000Z
2021-12-14T00:00:00.000000Z,0.71323013305664062,0.71379977464675903,0.70928019285202026,0.7133176326751709,0,2021-12-15T00:00:00.000000Z
2021-12-15T00:00:00.000000Z,0.71051990985870361,0.71504008769989014,0.71034836769104004,0.71060025691986084,0,2021-12-16T00:00:00.000000Z
2021-12-16T00:00:00.000000Z,0.71700006723403931,0.72233980894088745,0.71463793516159058,0.71665018796920776,0,2021-12-17T00:00:00.000000Z
2021-12-17T00:00:00.000000Z,0.71769994497299194,0.71840012073516846,0.71374022960662842,0.71756088733673096,0,2021-12-18T00:00:00.000000Z
2021-12-20T00:00:00.000000Z,0.71204274892807007,0.71291083097457886,0.70831012725830078,0.71169817447662354,0,2021-12-21T00:00:00.000000Z
2021-12-21T00:00:00.000000Z,0.71116167306900024,0.71421939134597778,0.71008098125457764,0.71094983816146851,0,2021-12-22T00:00:00.000000Z
2021-12-22T00:00:00.000000Z,0.71479988098144531,0.72170901298522949,0.71214979887008667,0.71477991342544556,0,2021-12-23T00:00:00.000000Z
2021-12-23T00:00:00.000000Z,0.72128993272781372,0.72450011968612671,0.71979993581771851,0.72139972448348999,0,2021-12-24T00:00:00.000000Z
2021-12-24T00:00:00.000000Z,0.72323000431060791,0.72480994462966919,0.7222098708152771,0.72332000732421875,0,2021-12-25T00:00:00.000000Z
2021-12-27T00:00:00.000000Z,0.72307103872299194,0.7243998646736145,0.72061997652053833,0.7231285572052002,0,2021-12-28T00:00:00.000000Z
2021-12-28T00:00:00.000000Z,0.72355026006698608,0.72650027275085449,0.72201019525527954,0.72369998693466187,0,2021-12-29T00:00:00.000000Z
2021-12-29T00:00:00.000000Z,0.72330009937286377,0.72732561826705933,0.72137993574142456,0.72339999675750732,0,2021-12-30T00:00:00.000000Z
2021-12-30T00:00:00.000000Z,0.72620010375976562,0.72785979509353638,0.72441983222961426,0.7258790135383606,0,2021-12-31T00:00:00.000000Z
2021-12-31T00:00:00.000000Z,0.72511059045791626,0.72759974002838135,0.72447019815444946,0.72498017549514771,0,2022-01-01T00:00:00.000000Z
2022-01-03T00:00:00.000000Z,0.72684985399246216,0.72790795564651489,0.71859008073806763,0.72681814432144165,0,2022-01-04T00:00:00.000000Z
2022-01-04T00:00:00.000000Z,0.71969008445739746,0.72489982843399048,0.71853017807006836,0.71979993581771851,0,2022-01-05T00:00:00.000000Z
2022-01-05T00:00:00.000000Z,0.72410768270492554,0.72718018293380737,0.72233980894088745,0.72388023138046265,0,2022-01-06T00:00:00.000000Z
2022-01-06T00:00:00.000000Z,0.72230011224746704,0.72230011224746704,0.7146599292755127,0.7220800518989563,0,2022-01-07T00:00:00.000000Z
2022-01-07T00:00:00.000000Z,0.71639913320541382,0.71859210729598999,0.71310907602310181,0.71626001596450806,0,2022-01-08T00:00:00.000000Z
2022-01-10T00:00:00.000000Z,0.71786993741989136,0.7205129861831665,0.71493935585021973,0.71791112422943115,0,2022-01-11T00:00:00.000000Z
2022-01-11T00:00:00.000000Z,0.71819990873336792,0.72009789943695068,0.71557015180587769,0.71809983253479004,0,2022-01-12T00:00:00.000000Z
2022-01-12T00:00:00.000000Z,0.72129982709884644,0.72792017459869385,0.72009015083312988,0.72097998857498169,0,2022-01-13T00:00:00.000000Z
2022-01-13T00:00:00.000000Z,0.7281995415687561,0.73139995336532593,0.7274896502494812,0.72822076082229614,0,2022-01-14T00:00:00.000000Z
2022-01-14T00:00:00.000000Z,0.72801977396011353,0.72950100898742676,0.72218018770217896,0.72822600603103638,0,2022-01-15T00:00:00.000000Z
2022-01-17T00:00:00.000000Z,0.72164130210876465,0.72309976816177368,0.71962016820907593,0.72165173292160034,0,2022-01-18T00:00:00.000000Z
2022-01-18T00:00:00.000000Z,0.72115993499755859,0.7227783203125,0.71761751174926758,0.72107982635498047,0,2022-01-19T00:00:00.000000Z
2022-01-19T00:00:00.000000Z,0.71893000602722168,0.72381001710891724,0.71786993741989136,0.71875017881393433,0,2022-01-20T00:00:00.000000Z
2022-01-20T00:00:00.000000Z,0.7218131422996521,0.72756004333496094,0.72167259454727173,0.72170013189315796,0,2022-01-21T00:00:00.000000Z
2022-01-21T00:00:00.000000Z,0.72175014019012451,0.72175014019012451,0.71816998720169067,0.72170901298522949,0,2022-01-22T00:00:00.000000Z
2022-01-24T00:00:00.000000Z,0.71864897012710571,0.71890723705291748,0.70923995971679688,0.71878844499588013,0,2022-01-25T00:00:00.000000Z
2022-01-25T00:00:00.000000Z,0.71550977230072021,0.71724021434783936,0.71218985319137573,0.71544986963272095,0,2022-01-26T00:00:00.000000Z
2022-01-26T00:00:00.000000Z,0.71588003635406494,0.7177998423576355,0.71507996320724487,0.71588003635406494,0,2022-01-27T00:00:00.000000Z
2022-01-28T00:00:00.000000Z,0.70370006561279297,0.70472162961959839,0.69686019420623779,0.70355004072189331,0,2022-01-29T00:00:00.000000Z
2022-01-31T00:00:00.000000Z,0.69942790269851685,0.70791447162628174,0.69932025671005249,0.69979983568191528,0,2022-02-01T00:00:00.000000Z
2022-02-01T00:00:00.000000Z,0.70658993721008301,0.71179443597793579,0.70346987247467041,0.70683014392852783,0,2022-02-02T00:00:00.000000Z
2022-02-02T00:00:00.000000Z,0.71340924501419067,0.71584010124206543,0.71193027496337891,0.71339911222457886,0,2022-02-03T00:00:00.000000Z
2022-02-03T00:00:00.000000Z,0.71208840608596802,0.71680015325546265,0.71098977327346802,0.71207976341247559,0,2022-02-04T00:00:00.000000Z
2022-02-04T00:00:00.000000Z,0.71418982744216919,0.71529990434646606,0.70523005723953247,0.7145000696182251,0,2022-02-05T00:00:00.000000Z
2022-02-07T00:00:00.000000Z,0.70797961950302124,0.71229994297027588,0.70658993721008301,0.70802980661392212,0,2022-02-08T00:00:00.000000Z
2022-02-08T00:00:00.000000Z,0.71280002593994141,0.71387779712677002,0.71075981855392456,0.71299982070922852,0,2022-02-09T00:00:00.000000Z
2022-02-09T00:00:00.000000Z,0.71460217237472534,0.71940994262695312,0.71431988477706909,0.71459197998046875,0,2022-02-10T00:00:00.000000Z
2022-02-10T00:00:00.000000Z,0.7176700234413147,0.72480994462966919,0.71513009071350098,0.71774113178253174,0,2022-02-11T00:00:00.000000Z
2022-02-11T00:00:00.000000Z,0.71615999937057495,0.7183908224105835,0.71104991436004639,0.71616977453231812,0,2022-02-12T00:00:00.000000Z
2022-02-14T00:00:00.000000Z,0.71465831995010376,0.71465831995010376,0.70869213342666626,0.71447962522506714,0,2022-02-15T00:00:00.000000Z
2022-02-15T00:00:00.000000Z,0.71328002214431763,0.71561014652252197,0.71035844087600708,0.71320980787277222,0,2022-02-16T00:00:00.000000Z
2022-02-16T00:00:00.000000Z,0.71484225988388062,0.7184939980506897,0.71448981761932373,0.71490871906280518,0,2022-02-17T00:00:00.000000Z
2022-02-17T00:00:00.000000Z,0.71925008296966553,0.72175014019012451,0.71515923738479614,0.71945029497146606,0,2022-02-18T00:00:00.000000Z
2022-02-18T00:00:00.000000Z,0.71872121095657349,0.7229999303817749,0.71676009893417358,0.71893310546875,0,2022-02-19T00:00:00.000000Z
2022-02-21T00:00:00.000000Z,0.71723145246505737,0.72230011224746704,0.71684074401855469,0.71716976165771484,0,2022-02-22T00:00:00.000000Z
2022-02-22T00:00:00.000000Z,0.71859985589981079,0.72339999675750732,0.71819990873336792,0.71845012903213501,0,2022-02-23T00:00:00.000000Z
2022-02-23T00:00:00.000000Z,0.72272974252700806,0.72837984561920166,0.72213011980056763,0.72268956899642944,0,2022-02-24T00:00:00.000000Z
2022-02-24T00:00:00.000000Z,0.72286200523376465,0.72286200523376465,0.70962750911712646,0.72279977798461914,0,2022-02-25T00:00:00.000000Z
2022-02-25T00:00:00.000000Z,0.71602004766464233,0.72355753183364868,0.71460217237472534,0.71602004766464233,0,2022-02-26T00:00:00.000000Z
2022-02-28T00:00:00.000000Z,0.71808123588562012,0.72637462615966797,0.71694868803024292,0.71864897012710571,0,2022-03-01T00:00:00.000000Z
2022-03-01T00:00:00.000000Z,0.72611093521118164,0.72909998893737793,0.72455894947052002,0.72620010375976562,0,2022-03-02T00:00:00.000000Z
2022-03-02T00:00:00.000000Z,0.7260582447052002,0.72902023792266846,0.72441196441650391,0.72614258527755737,0,2022-03-03T00:00:00.000000Z
2022-03-03T00:00:00.000000Z,0.72927010059356689,0.73479980230331421,0.72764003276824951,0.72934144735336304,0,2022-03-04T00:00:00.000000Z
2022-03-04T00:00:00.000000Z,0.73362994194030762,0.73751747608184814,0.73031985759735107,0.7336999773979187,0,2022-03-05T00:00:00.000000Z
2022-03-07T00:00:00.000000Z,0.73920756578445435,0.74374878406524658,0.73195993900299072,0.73948085308074951,0,2022-03-08T00:00:00.000000Z
2022-03-08T00:00:00.000000Z,0.73292988538742065,0.73479008674621582,0.72465872764587402,0.7328498363494873,0,2022-03-09T00:00:00.000000Z
2022-03-10T00:00:00.000000Z,0.7319101095199585,0.73631197214126587,0.72891020774841309,0.73168998956680298,0,2022-03-11T00:00:00.000000Z
2022-03-14T00:00:00.000000Z,0.72957020998001099,0.72968196868896484,0.72276008129119873,0.72965008020401001,0,2022-03-15T00:00:00.000000Z
2022-03-15T00:00:00.000000Z,0.7201000452041626,0.72267025709152222,0.71667015552520752,0.71986985206604004,0,2022-03-16T00:00:00.000000Z
2022-03-16T00:00:00.000000Z,0.71904164552688599,0.72730976343154907,0.71809983253479004,0.71910005807876587,0,2022-03-17T00:00:00.000000Z
2022-03-17T00:00:00.000000Z,0.7289692759513855,0.73893994092941284,0.72852843999862671,0.72887992858886719,0,2022-03-18T00:00:00.000000Z
2022-03-18T00:00:00.000000Z,0.7381598949432373,0.74109756946563721,0.73627942800521851,0.73809999227523804,0,2022-03-19T00:00:00.000000Z
2022-03-21T00:00:00.000000Z,0.74102067947387695,0.7425118088722229,0.73748981952667236,0.74099874496459961,0,2022-03-22T00:00:00.000000Z
2022-03-22T00:00:00.000000Z,0.73945903778076172,0.74499988555908203,0.7375800609588623,0.73957931995391846,0,2022-03-23T00:00:00.000000Z
2022-03-23T00:00:00.000000Z,0.74633997678756714,0.74990063905715942,0.74507880210876465,0.74623018503189087,0,2022-03-24T00:00:00.000000Z
2022-03-24T00:00:00.000000Z,0.75019991397857666,0.75266009569168091,0.74678027629852295,0.74991750717163086,0,2022-03-25T00:00:00.000000Z
2022-03-25T00:00:00.000000Z,0.7511172890663147,0.75363004207611084,0.74963021278381348,0.75142771005630493,0,2022-03-26T00:00:00.000000Z
2022-03-28T00:00:00.000000Z,0.75182312726974487,0.75397723913192749,0.7467423677444458,0.75182312726974487,0,2022-03-29T00:00:00.000000Z
2022-03-29T00:00:00.000000Z,0.74995017051696777,0.75156891345977783,0.74621850252151489,0.74995017051696777,0,2022-03-30T00:00:00.000000Z
2022-03-30T00:00:00.000000Z,0.75146728754043579,0.75361984968185425,0.75050848722457886,0.75146728754043579,0,2022-03-31T00:00:00.000000Z
2022-03-31T00:00:00.000000Z,0.75030010938644409,0.75147008895874023,0.74713850021362305,0.75030010938644409,0,2022-04-01T00:00:00.000000Z
2022-04-01T00:00:00.000000Z,0.74919277429580688,0.75269973278045654,0.74734002351760864,0.74919277429580688,0,2022-04-02T00:00:00.000000Z
2022-04-04T00:00:00.000000Z,0.74864870309829712,0.75564086437225342,0.74839097261428833,0.74864870309829712,0,2022-04-05T00:00:00.000000Z
2022-04-05T00:00:00.000000Z,0.7543901801109314,0.76606982946395874,0.75364029407501221,0.7543901801109314,0,2022-04-06T00:00:00.000000Z
2022-04-06T00:00:00.000000Z,0.75856995582580566,0.75960022211074829,0.75347727537155151,0.75856995582580566,0,2022-04-07T00:00:00.000000Z
2022-04-07T00:00:00.000000Z,0.75050848722457886,0.75126004219055176,0.7467501163482666,0.75050848722457886,0,2022-04-08T00:00:00.000000Z
2022-04-08T00:00:00.000000Z,0.74784809350967407,0.74929994344711304,0.74272018671035767,0.74784809350967407,0,2022-04-09T00:00:00.000000Z
2022-04-11T00:00:00.000000Z,0.7444298267364502,0.74610000848770142,0.74187833070755005,0.74465149641036987,0,2022-04-12T00:00:00.000000Z
2022-04-12T00:00:00.000000Z,0.74150967597961426,0.74940043687820435,0.74001169204711914,0.74153172969818115,0,2022-04-13T00:00:00.000000Z
2022-04-13T00:00:00.000000Z,0.74549978971481323,0.74749588966369629,0.73957931995391846,0.74549978971481323,0,2022-04-14T00:00:00.000000Z
2022-04-14T00:00:00.000000Z,0.74518978595733643,0.7469933032989502,0.73990219831466675,0.74514979124069214,0,2022-04-15T00:00:00.000000Z
2022-04-15T00:00:00.000000Z,0.74101519584655762,0.74180012941360474,0.73947983980178833,0.74101519584655762,0,2022-04-16T00:00:00.000000Z
2022-04-18T00:00:00.000000Z,0.73938244581222534,0.7397998571395874,0.73514974117279053,0.73938244581222534,0,2022-04-19T00:00:00.000000Z
2022-04-19T00:00:00.000000Z,0.73575937747955322,0.74001002311706543,0.73464000225067139,0.73575937747955322,0,2022-04-20T00:00:00.000000Z
2022-04-20T00:00:00.000000Z,0.73939883708953857,0.74571776390075684,0.73756974935531616,0.73939883708953857,0,2022-04-21T00:00:00.000000Z
2022-04-21T00:00:00.000000Z,0.74469977617263794,0.74568992853164673,0.73737990856170654,0.74469977617263794,0,2022-04-22T00:00:00.000000Z
2022-04-22T00:00:00.000000Z,0.73611140251159668,0.73700004816055298,0.72504746913909912,0.73611140251159668,0,2022-04-23T00:00:00.000000Z
2022-04-26T00:00:00.000000Z,0.71784985065460205,0.72287237644195557,0.71423983573913574,0.71784985065460205,0,2022-04-27T00:00:00.000000Z
2022-04-27T00:00:00.000000Z,0.71460014581680298,0.71901065111160278,0.7103685736656189,0.71460014581680298,0,2022-04-28T00:00:00.000000Z
2022-04-28T00:00:00.000000Z,0.7125704288482666,0.71612977981567383,0.70556992292404175,0.7125704288482666,0,2022-04-29T00:00:00.000000Z
2022-04-29T00:00:00.000000Z,0.71088361740112305,0.71799981594085693,0.70950013399124146,0.71088361740112305,0,2022-04-30T00:00:00.000000Z
2022-05-02T00:00:00.000000Z,0.70653903484344482,0.70821982622146606,0.70340800285339355,0.70653903484344482,0,2022-05-03T00:00:00.000000Z
2022-05-04T00:00:00.000000Z,0.71037864685058594,0.71502017974853516,0.70913940668106079,0.71037864685058594,0,2022-05-05T00:00:00.000000Z
2022-05-05T00:00:00.000000Z,0.72528988122940063,0.72652769088745117,0.70897847414016724,0.72528988122940063,0,2022-05-06T00:00:00.000000Z
2022-05-06T00:00:00.000000Z,0.71210008859634399,0.71329987049102783,0.70637983083724976,0.71210008859634399,0,2022-05-07T00:00:00.000000Z
2022-05-09T00:00:00.000000Z,0.70469975471496582,0.70469975471496582,0.69705015420913696,0.70469975471496582,0,2022-05-10T00:00:00.000000Z
2022-05-10T00:00:00.000000Z,0.6957392692565918,0.69860011339187622,0.69127994775772095,0.6957392692565918,0,2022-05-11T00:00:00.000000Z
2022-05-11T00:00:00.000000Z,0.69360005855560303,0.7051888108253479,0.69300073385238647,0.69360005855560303,0,2022-05-12T00:00:00.000000Z
2022-05-12T00:00:00.000000Z,0.69275009632110596,0.69520002603530884,0.68447017669677734,0.69275009632110596,0,2022-05-13T00:00:00.000000Z
2022-05-13T00:00:00.000000Z,0.68719077110290527,0.69252079725265503,0.6866716742515564,0.68719077110290527,0,2022-05-14T00:00:00.000000Z
2022-05-16T00:00:00.000000Z,0.6946181058883667,0.69591987133026123,0.68757021427154541,0.6946181058883667,0,2022-05-17T00:00:00.000000Z
2022-05-18T00:00:00.000000Z,0.70328432321548462,0.70472162961959839,0.69826012849807739,0.70328432321548462,0,2022-05-19T00:00:00.000000Z
2022-05-19T00:00:00.000000Z,0.69590002298355103,0.70682865381240845,0.69564008712768555,0.69590002298355103,0,2022-05-20T00:00:00.000000Z
2022-05-20T00:00:00.000000Z,0.70415002107620239,0.70730012655258179,0.70047628879547119,0.70415002107620239,0,2022-05-21T00:00:00.000000Z
2022-05-23T00:00:00.000000Z,0.70628947019577026,0.7125699520111084,0.70598036050796509,0.70628947019577026,0,2022-05-24T00:00:00.000000Z
2022-05-24T00:00:00.000000Z,0.70889806747436523,0.71044021844863892,0.70592004060745239,0.70889806747436523,0,2022-05-25T00:00:00.000000Z
2022-05-25T00:00:00.000000Z,0.71032005548477173,0.71193987131118774,0.70361095666885376,0.71032005548477173,0,2022-05-26T00:00:00.000000Z
2022-05-26T00:00:00.000000Z,0.70893979072570801,0.71109998226165771,0.70581990480422974,0.70893979072570801,0,2022-05-27T00:00:00.000000Z
2022-05-27T00:00:00.000000Z,0.70987939834594727,0.71659982204437256,0.70929986238479614,0.70987939834594727,0,2022-05-28T00:00:00.000000Z
2022-05-30T00:00:00.000000Z,0.71628105640411377,0.72030025720596313,0.71582984924316406,0.71628105640411377,0,2022-05-31T00:00:00.000000Z
2022-05-31T00:00:00.000000Z,0.7195202112197876,0.72034019231796265,0.71513879299163818,0.7195202112197876,0,2022-06-01T00:00:00.000000Z
2022-06-01T00:00:00.000000Z,0.71826183795928955,0.72302919626235962,0.71561014652252197,0.71826183795928955,0,2022-06-02T00:00:00.000000Z
2022-06-02T00:00:00.000000Z,0.71736007928848267,0.72578948736190796,0.71414798498153687,0.71736007928848267,0,2022-06-03T00:00:00.000000Z
2022-06-03T00:00:00.000000Z,0.72690004110336304,0.72821015119552612,0.72069007158279419,0.72690004110336304,0,2022-06-04T00:00:00.000000Z
2022-06-06T00:00:00.000000Z,0.72049224376678467,0.72337961196899414,0.7190210223197937,0.72049224376678467,0,2022-06-07T00:00:00.000000Z
2022-06-07T00:00:00.000000Z,0.71886074542999268,0.72381001710891724,0.71578019857406616,0.71886074542999268,0,2022-06-08T00:00:00.000000Z
2022-06-08T00:00:00.000000Z,0.72206026315689087,0.7234424352645874,0.71766024827957153,0.72206026315689087,0,2022-06-09T00:00:00.000000Z
2022-06-09T00:00:00.000000Z,0.71864897012710571,0.71947622299194336,0.71150070428848267,0.71864897012710571,0,2022-06-10T00:00:00.000000Z
2022-06-10T00:00:00.000000Z,0.70981889963150024,0.71390020847320557,0.70403003692626953,0.70981889963150024,0,2022-06-11T00:00:00.000000Z
2022-06-13T00:00:00.000000Z,0.7018282413482666,0.70334863662719727,0.6924402117729187,0.7018282413482666,0,2022-06-14T00:00:00.000000Z
2022-06-14T00:00:00.000000Z,0.69416004419326782,0.69700008630752563,0.68764013051986694,0.69416004419326782,0,2022-06-15T00:00:00.000000Z
2022-06-15T00:00:00.000000Z,0.68898993730545044,0.69579982757568359,0.68879061937332153,0.68898993730545044,0,2022-06-16T00:00:00.000000Z
2022-06-16T00:00:00.000000Z,0.70169037580490112,0.70348227024078369,0.69452977180480957,0.70169037580490112,0,2022-06-17T00:00:00.000000Z
2022-06-20T00:00:00.000000Z,0.69530004262924194,0.69960987567901611,0.69270014762878418,0.69530004262924194,0,2022-06-21T00:00:00.000000Z
2022-06-21T00:00:00.000000Z,0.69695007801055908,0.69949978590011597,0.69349998235702515,0.69695007801055908,0,2022-06-22T00:00:00.000000Z
2022-06-23T00:00:00.000000Z,0.69052189588546753,0.69262003898620605,0.68698781728744507,0.69052189588546753,0,2022-06-24T00:00:00.000000Z
2022-06-24T00:00:00.000000Z,0.69035029411315918,0.69570058584213257,0.68904215097427368,0.69035029411315918,0,2022-06-25T00:00:00.000000Z
2022-06-27T00:00:00.000000Z,0.69433838129043579,0.69489997625350952,0.69091784954071045,0.69433838129043579,0,2022-06-28T00:00:00.000000Z
2022-06-28T00:00:00.000000Z,0.69225227832794189,0.6964612603187561,0.69138121604919434,0.69225227832794189,0,2022-06-29T00:00:00.000000Z
2022-06-29T00:00:00.000000Z,0.69043987989425659,0.69200795888900757,0.68629992008209229,0.69043987989425659,0,2022-06-30T00:00:00.000000Z
2022-06-30T00:00:00.000000Z,0.68804657459259033,0.69132864475250244,0.68543010950088501,0.68804657459259033,0,2022-07-01T00:00:00.000000Z
2022-07-01T00:00:00.000000Z,0.68975985050201416,0.69035029411315918,0.67655795812606812,0.68975985050201416,0,2022-07-02T00:00:00.000000Z
2022-07-04T00:00:00.000000Z,0.68157964944839478,0.68899995088577271,0.67956942319869995,0.68157964944839478,0,2022-07-05T00:00:00.000000Z
2022-07-05T00:00:00.000000Z,0.68737971782684326,0.68951255083084106,0.67653965950012207,0.68737971782684326,0,2022-07-06T00:00:00.000000Z
2022-07-06T00:00:00.000000Z,0.67932015657424927,0.68244946002960205,0.6767699122428894,0.67932015657424927,0,2022-07-07T00:00:00.000000Z
2022-07-07T00:00:00.000000Z,0.67860007286071777,0.6849784255027771,0.67653048038482666,0.67860007286071777,0,2022-07-08T00:00:00.000000Z
2022-07-08T00:00:00.000000Z,0.68490004539489746,0.68735134601593018,0.67962020635604858,0.68490004539489746,0,2022-07-09T00:00:00.000000Z
2022-07-11T00:00:00.000000Z,0.68457984924316406,0.68459999561309814,0.67179018259048462,0.68457984924316406,0,2022-07-12T00:00:00.000000Z
2022-07-12T00:00:00.000000Z,0.67433160543441772,0.67786043882369995,0.67124903202056885,0.67433160543441772,0,2022-07-13T00:00:00.000000Z
2022-07-13T00:00:00.000000Z,0.67470014095306396,0.6803702712059021,0.67282974720001221,0.67470014095306396,0,2022-07-14T00:00:00.000000Z
2022-07-14T00:00:00.000000Z,0.67323023080825806,0.6787000298500061,0.66832005977630615,0.67323023080825806,0,2022-07-15T00:00:00.000000Z
2022-07-15T00:00:00.000000Z,0.67548853158950806,0.68054986000061035,0.67202991247177124,0.67548853158950806,0,2022-07-16T00:00:00.000000Z
2022-07-18T00:00:00.000000Z,0.68147748708724976,0.68542021512985229,0.67947012186050415,0.68147748708724976,0,2022-07-19T00:00:00.000000Z
2022-07-19T00:00:00.000000Z,0.68101984262466431,0.69081765413284302,0.68029987812042236,0.68101984262466431,0,2022-07-20T00:00:00.000000Z
2022-07-20T00:00:00.000000Z,0.68979787826538086,0.69300979375839233,0.68841981887817383,0.68979787826538086,0,2022-07-21T00:00:00.000000Z
2022-07-21T00:00:00.000000Z,0.68873840570449829,0.69180023670196533,0.68598872423171997,0.68873840570449829,0,2022-07-22T00:00:00.000000Z
2022-07-22T00:00:00.000000Z,0.69229018688201904,0.69753003120422363,0.68955010175704956,0.69229018688201904,0,2022-07-23T00:00:00.000000Z
2022-07-25T00:00:00.000000Z,0.69046944379806519,0.69647586345672607,0.68837809562683105,0.69046944379806519,0,2022-07-26T00:00:00.000000Z
2022-07-26T00:00:00.000000Z,0.69512027502059937,0.69832402467727661,0.6923481822013855,0.69512027502059937,0,2022-07-27T00:00:00.000000Z
2022-07-27T00:00:00.000000Z,0.69473874568939209,0.69589418172836304,0.69161075353622437,0.69473874568939209,0,2022-07-28T00:00:00.000000Z
2022-07-28T00:00:00.000000Z,0.6994900107383728,0.70160669088363647,0.6957392692565918,0.6994900107383728,0,2022-07-29T00:00:00.000000Z
2022-07-29T00:00:00.000000Z,0.70008397102355957,0.70314985513687134,0.69144004583358765,0.70008397102355957,0,2022-07-30T00:00:00.000000Z
2022-08-01T00:00:00.000000Z,0.69712156057357788,0.70465010404586792,0.69712156057357788,0.69712156057357788,0,2022-08-02T00:00:00.000000Z
2022-08-02T00:00:00.000000Z,0.70239025354385376,0.7030598521232605,0.69148164987564087,0.70239025354385376,0,2022-08-03T00:00:00.000000Z
2022-08-03T00:00:00.000000Z,0.68902981281280518,0.69454091787338257,0.68870997428894043,0.68902981281280518,0,2022-08-04T00:00:00.000000Z
2022-08-04T00:00:00.000000Z,0.69389992952346802,0.69910514354705811,0.69361978769302368,0.69389992952346802,0,2022-08-05T00:00:00.000000Z
2022-08-05T00:00:00.000000Z,0.69591987133026123,0.69747018814086914,0.68722999095916748,0.69591987133026123,0,2022-08-06T00:00:00.000000Z
2022-08-08T00:00:00.000000Z,0.6902502179145813,0.70083963871002197,0.68993115425109863,0.6902502179145813,0,2022-08-09T00:00:00.000000Z
2022-08-09T00:00:00.000000Z,0.69877004623413086,0.69949638843536377,0.6966019868850708,0.69877004623413086,0,2022-08-10T00:00:00.000000Z
2022-08-10T00:00:00.000000Z,0.69570058584213257,0.71029990911483765,0.69477015733718872,0.69570058584213257,0,2022-08-11T00:00:00.000000Z
2022-08-11T00:00:00.000000Z,0.70781427621841431,0.71360015869140625,0.70637983083724976,0.70781427621841431,0,2022-08-12T00:00:00.000000Z
2022-08-12T00:00:00.000000Z,0.71028983592987061,0.71291083097457886,0.7086297869682312,0.71028983592987061,0,2022-08-13T00:00:00.000000Z
2022-08-15T00:00:00.000000Z,0.71166777610778809,0.71241819858551025,0.7012101411819458,0.71166777610778809,0,2022-08-16T00:00:00.000000Z
2022-08-16T00:00:00.000000Z,0.70200026035308838,0.70409989356994629,0.69922000169754028,0.70200026035308838,0,2022-08-17T00:00:00.000000Z
2022-08-17T00:00:00.000000Z,0.70194005966186523,0.70259994268417358,0.69121015071868896,0.70194005966186523,0,2022-08-18T00:00:00.000000Z
2022-08-18T00:00:00.000000Z,0.69304013252258301,0.69710701704025269,0.68995016813278198,0.69304013252258301,0,2022-08-19T00:00:00.000000Z
2022-08-19T00:00:00.000000Z,0.69111990928649902,0.69199985265731812,0.68595999479293823,0.69111990928649902,0,2022-08-20T00:00:00.000000Z
2022-08-22T00:00:00.000000Z,0.68771058320999146,0.69236016273498535,0.68633002042770386,0.68771058320999146,0,2022-08-23T00:00:00.000000Z
2022-08-23T00:00:00.000000Z,0.68787002563476562,0.6962091326713562,0.68571025133132935,0.68787002563476562,0,2022-08-24T00:00:00.000000Z
2022-08-24T00:00:00.000000Z,0.69230020046234131,0.69537162780761719,0.68797981739044189,0.69230020046234131,0,2022-08-25T00:00:00.000000Z
2022-08-25T00:00:00.000000Z,0.69079858064651489,0.69930022954940796,0.69030976295471191,0.69079858064651489,0,2022-08-26T00:00:00.000000Z
2022-08-26T00:00:00.000000Z,0.69639819860458374,0.70059901475906372,0.69151991605758667,0.69639819860458374,0,2022-08-27T00:00:00.000000Z
2022-08-29T00:00:00.000000Z,0.6866905689239502,0.69271260499954224,0.68419015407562256,0.6866905689239502,0,2022-08-30T00:00:00.000000Z
2022-08-30T00:00:00.000000Z,0.6907508373260498,0.6957973837852478,0.6859900951385498,0.6907508373260498,0,2022-08-31T00:00:00.000000Z
2022-08-31T00:00:00.000000Z,0.68573981523513794,0.69042176008224487,0.68434000015258789,0.68573981523513794,0,2022-09-01T00:00:00.000000Z
2022-09-01T00:00:00.000000Z,0.68285024166107178,0.68436014652252197,0.67717188596725464,0.68285024166107178,0,2022-09-02T00:00:00.000000Z
2022-09-02T00:00:00.000000Z,0.67953020334243774,0.68537980318069458,0.67810863256454468,0.67953020334243774,0,2022-09-03T00:00:00.000000Z
2022-09-05T00:00:00.000000Z,0.67902952432632446,0.68041098117828369,0.677359938621521,0.67902952432632446,0,2022-09-06T00:00:00.000000Z
2022-09-06T00:00:00.000000Z,0.6813998818397522,0.68349993228912354,0.67330002784729004,0.6813998818397522,0,2022-09-07T00:00:00.000000Z
2022-09-07T00:00:00.000000Z,0.67301094532012939,0.6736302375793457,0.67000776529312134,0.67301094532012939,0,2022-09-08T00:00:00.000000Z
2022-09-08T00:00:00.000000Z,0.6751401424407959,0.67635023593902588,0.6713901162147522,0.6751401424407959,0,2022-09-09T00:00:00.000000Z
2022-09-09T00:00:00.000000Z,0.6765899658203125,0.68771058320999146,0.67643988132476807,0.6765899658203125,0,2022-09-10T00:00:00.000000Z
2022-09-12T00:00:00.000000Z,0.68469983339309692,0.68892014026641846,0.68253797292709351,0.68469983339309692,0,2022-09-13T00:00:00.000000Z
2022-09-13T00:00:00.000000Z,0.68939846754074097,0.69180023670196533,0.67619013786315918,0.68939846754074097,0,2022-09-14T00:00:00.000000Z
2022-09-14T00:00:00.000000Z,0.67430019378662109,0.67601829767227173,0.67058020830154419,0.67430019378662109,0,2022-09-15T00:00:00.000000Z
2022-09-15T00:00:00.000000Z,0.67517977952957153,0.67697018384933472,0.67060989141464233,0.67517977952957153,0,2022-09-16T00:00:00.000000Z
2022-09-16T00:00:00.000000Z,0.66872990131378174,0.67269986867904663,0.6670491099357605,0.66872990131378174,0,2022-09-17T00:00:00.000000Z
2022-09-19T00:00:00.000000Z,0.67269986867904663,0.67311054468154907,0.66728949546813965,0.67269986867904663,0,2022-09-20T00:00:00.000000Z
2022-09-20T00:00:00.000000Z,0.6733698844909668,0.67474108934402466,0.66853857040405273,0.6733698844909668,0,2022-09-21T00:00:00.000000Z
2022-09-21T00:00:00.000000Z,0.66942024230957031,0.67039990425109863,0.66556006669998169,0.66942024230957031,0,2022-09-22T00:00:00.000000Z
2022-09-22T00:00:00.000000Z,0.66101020574569702,0.66714704036712646,0.65754002332687378,0.66101020574569702,0,2022-09-23T00:00:00.000000Z
2022-09-23T00:00:00.000000Z,0.66454017162322998,0.66554856300354004,0.65369987487792969,0.66454017162322998,0,2022-09-24T00:00:00.000000Z
2022-09-26T00:00:00.000000Z,0.65306979417800903,0.65368020534515381,0.64583003520965576,0.65306979417800903,0,2022-09-27T00:00:00.000000Z
2022-09-27T00:00:00.000000Z,0.64760005474090576,0.65124011039733887,0.64421987533569336,0.64760005474090576,0,2022-09-28T00:00:00.000000Z
2022-09-28T00:00:00.000000Z,0.64380013942718506,0.6512494683265686,0.63661020994186401,0.64380013942718506,0,2022-09-29T00:00:00.000000Z
2022-09-29T00:00:00.000000Z,0.65049958229064941,0.65090012550354004,0.64367002248764038,0.65049958229064941,0,2022-09-30T00:00:00.000000Z
2022-09-30T00:00:00.000000Z,0.65129989385604858,0.65204989910125732,0.64279747009277344,0.65129989385604858,0,2022-10-01T00:00:00.000000Z
2022-10-03T00:00:00.000000Z,0.64209580421447754,0.65169930458068848,0.64125996828079224,0.64209580421447754,0,2022-10-04T00:00:00.000000Z
2022-10-04T00:00:00.000000Z,0.65017986297607422,0.65452009439468384,0.64524871110916138,0.65017986297607422,0,2022-10-05T00:00:00.000000Z
2022-10-05T00:00:00.000000Z,0.65141022205352783,0.65246003866195679,0.64169979095458984,0.65141022205352783,0,2022-10-06T00:00:00.000000Z
2022-10-06T00:00:00.000000Z,0.65126979351043701,0.65410012006759644,0.63916140794754028,0.65126979351043701,0,2022-10-07T00:00:00.000000Z
2022-10-07T00:00:00.000000Z,0.64144092798233032,0.64340007305145264,0.63750016689300537,0.64144092798233032,0,2022-10-08T00:00:00.000000Z
2022-10-10T00:00:00.000000Z,0.73619973659515381,0.73650014400482178,0.62769913673400879,0.63698321580886841,0,2022-10-11T00:00:00.000000Z
2022-10-11T00:00:00.000000Z,0.62948107719421387,0.63287132978439331,0.62483012676239014,0.62948107719421387,0,2022-10-12T00:00:00.000000Z
2022-10-12T00:00:00.000000Z,0.62664097547531128,0.62889999151229858,0.62397044897079468,0.62664097547531128,0,2022-10-13T00:00:00.000000Z
2022-10-13T00:00:00.000000Z,0.6277306079864502,0.62988990545272827,0.61761981248855591,0.6277306079864502,0,2022-10-14T00:00:00.000000Z
2022-10-14T00:00:00.000000Z,0.63009989261627197,0.63467001914978027,0.62157011032104492,0.63009989261627197,0,2022-10-15T00:00:00.000000Z
2022-10-17T00:00:00.000000Z,0.62239372730255127,0.63109999895095825,0.62118011713027954,0.62239372730255127,0,2022-10-18T00:00:00.000000Z
2022-10-18T00:00:00.000000Z,0.62988156080245972,0.6339799165725708,0.62689006328582764,0.62988156080245972,0,2022-10-19T00:00:00.000000Z
2022-10-19T00:00:00.000000Z,0.63164013624191284,0.63269996643066406,0.62708115577697754,0.63164013624191284,0,2022-10-20T00:00:00.000000Z
2022-10-20T00:00:00.000000Z,0.62637019157409668,0.63540881872177124,0.62292098999023438,0.62637019157409668,0,2022-10-21T00:00:00.000000Z
2022-10-21T00:00:00.000000Z,0.62747067213058472,0.63679993152618408,0.62129008769989014,0.62747067213058472,0,2022-10-22T00:00:00.000000Z
2022-10-24T00:00:00.000000Z,0.63719022274017334,0.63723081350326538,0.62745100259780884,0.63719022274017334,0,2022-10-25T00:00:00.000000Z
2022-10-25T00:00:00.000000Z,0.63295984268188477,0.64107906818389893,0.63049995899200439,0.63295984268188477,0,2022-10-26T00:00:00.000000Z
2022-10-26T00:00:00.000000Z,0.63857001066207886,0.65110015869140625,0.63737988471984863,0.63857001066207886,0,2022-10-27T00:00:00.000000Z
2022-10-27T00:00:00.000000Z,0.64934980869293213,0.65240001678466797,0.64279991388320923,0.64934980869293213,0,2022-10-28T00:00:00.000000Z
2022-10-28T00:00:00.000000Z,0.64509057998657227,0.64799994230270386,0.63916140794754028,0.64509057998657227,0,2022-10-29T00:00:00.000000Z
2022-10-31T00:00:00.000000Z,0.64013105630874634,0.64300411939620972,0.63690012693405151,0.64013105630874634,0,2022-11-01T00:00:00.000000Z
2022-11-01T00:00:00.000000Z,0.64098989963531494,0.64637064933776855,0.63838005065917969,0.64098989963531494,0,2022-11-02T00:00:00.000000Z
2022-11-02T00:00:00.000000Z,0.63967001438140869,0.64308685064315796,0.63870012760162354,0.63967001438140869,0,2022-11-03T00:00:00.000000Z
2022-11-03T00:00:00.000000Z,0.63385015726089478,0.63724017143249512,0.62745100259780884,0.63385015726089478,0,2022-11-04T00:00:00.000000Z
2022-11-04T00:00:00.000000Z,0.62885171175003052,0.64753842353820801,0.62859082221984863,0.62885171175003052,0,2022-11-05T00:00:00.000000Z
2022-11-07T00:00:00.000000Z,0.64393156766891479,0.64889979362487793,0.64077097177505493,0.64393156766891479,0,2022-11-08T00:00:00.000000Z
2022-11-08T00:00:00.000000Z,0.64747965335845947,0.65499979257583618,0.64449185132980347,0.64747965335845947,0,2022-11-09T00:00:00.000000Z
2022-11-09T00:00:00.000000Z,0.65091872215270996,0.65200018882751465,0.64333921670913696,0.65091872215270996,0,2022-11-10T00:00:00.000000Z
2022-11-10T00:00:00.000000Z,0.6434178352355957,0.65969979763031006,0.63886988162994385,0.6434178352355957,0,2022-11-11T00:00:00.000000Z
2022-11-11T00:00:00.000000Z,0.6606900691986084,0.67030012607574463,0.65802979469299316,0.6606900691986084,0,2022-11-12T00:00:00.000000Z
2022-11-14T00:00:00.000000Z,0.66988211870193481,0.67159169912338257,0.66642987728118896,0.66988211870193481,0,2022-11-15T00:00:00.000000Z
2022-11-15T00:00:00.000000Z,0.66918998956680298,0.67927998304367065,0.66872990131378174,0.66918998956680298,0,2022-11-16T00:00:00.000000Z
2022-11-16T00:00:00.000000Z,0.67694997787475586,0.67939996719360352,0.67310154438018799,0.67694997787475586,0,2022-11-17T00:00:00.000000Z
2022-11-17T00:00:00.000000Z,0.67394977807998657,0.67507815361022949,0.66351979970932007,0.67394977807998657,0,2022-11-18T00:00:00.000000Z
2022-11-18T00:00:00.000000Z,0.66892004013061523,0.67298823595046997,0.66621983051300049,0.66892004013061523,0,2022-11-19T00:00:00.000000Z
2022-11-21T00:00:00.000000Z,0.66820800304412842,0.66836875677108765,0.65858018398284912,0.66820800304412842,0,2022-11-22T00:00:00.000000Z
2022-11-22T00:00:00.000000Z,0.66078001260757446,0.6650882363319397,0.66054123640060425,0.66078001260757446,0,2022-11-23T00:00:00.000000Z
2022-11-23T00:00:00.000000Z,0.66498202085494995,0.67226892709732056,0.66348016262054443,0.66498202085494995,0,2022-11-24T00:00:00.000000Z
2022-11-24T00:00:00.000000Z,0.67435020208358765,0.67789989709854126,0.67329001426696777,0.67435020208358765,0,2022-11-25T00:00:00.000000Z
2022-11-25T00:00:00.000000Z,0.67655980587005615,0.6782001256942749,0.67214012145996094,0.67655980587005615,0,2022-11-26T00:00:00.000000Z
2022-11-28T00:00:00.000000Z,0.67119050025939941,0.67239999771118164,0.66662979125976562,0.67119050025939941,0,2022-11-29T00:00:00.000000Z
2022-11-29T00:00:00.000000Z,0.66519880294799805,0.67485994100570679,0.66408997774124146,0.66519880294799805,0,2022-11-30T00:00:00.000000Z
2022-11-30T00:00:00.000000Z,0.66840898990631104,0.67401796579360962,0.66757011413574219,0.66840898990631104,0,2022-12-01T00:00:00.000000Z
2022-12-01T00:00:00.000000Z,0.67995989322662354,0.68409985303878784,0.67917019128799438,0.67995989322662354,0,2022-12-02T00:00:00.000000Z
2022-12-02T00:00:00.000000Z,0.68110150098800659,0.68348962068557739,0.67469006776809692,0.68110150098800659,0,2022-12-03T00:00:00.000000Z
2022-12-05T00:00:00.000000Z,0.68130099773406982,0.68505024909973145,0.67099994421005249,0.68130099773406982,0,2022-12-06T00:00:00.000000Z
2022-12-06T00:00:00.000000Z,0.67078077793121338,0.67437022924423218,0.66904979944229126,0.67078077793121338,0,2022-12-07T00:00:00.000000Z
2022-12-07T00:00:00.000000Z,0.66988211870193481,0.67370009422302246,0.66694992780685425,0.66988211870193481,0,2022-12-08T00:00:00.000000Z
2022-12-08T00:00:00.000000Z,0.67269986867904663,0.67810404300689697,0.67004013061523438,0.67269986867904663,0,2022-12-09T00:00:00.000000Z
2022-12-09T00:00:00.000000Z,0.67765003442764282,0.68150019645690918,0.67503982782363892,0.67765003442764282,0,2022-12-10T00:00:00.000000Z
2022-12-12T00:00:00.000000Z,0.67814081907272339,0.67932981252670288,0.67301094532012939,0.67814081907272339,0,2022-12-13T00:00:00.000000Z
2022-12-13T00:00:00.000000Z,0.6754000186920166,0.6893000602722168,0.67411792278289795,0.6754000186920166,0,2022-12-14T00:00:00.000000Z
2022-12-14T00:00:00.000000Z,0.68422996997833252,0.68746000528335571,0.68219995498657227,0.68422996997833252,0,2022-12-15T00:00:00.000000Z
2022-12-15T00:00:00.000000Z,0.68577980995178223,0.68700993061065674,0.66985070705413818,0.68577980995178223,0,2022-12-16T00:00:00.000000Z
2022-12-16T00:00:00.000000Z,0.67059189081192017,0.67370009422302246,0.66766995191574097,0.67059189081192017,0,2022-12-17T00:00:00.000000Z
2022-12-19T00:00:00.000000Z,0.66874873638153076,0.67350000143051147,0.66865032911300659,0.66874873638153076,0,2022-12-20T00:00:00.000000Z
2022-12-20T00:00:00.000000Z,0.67078077793121338,0.67398983240127563,0.66299980878829956,0.67078077793121338,0,2022-12-21T00:00:00.000000Z
2022-12-21T00:00:00.000000Z,0.66884982585906982,0.67276006937026978,0.66570979356765747,0.66884982585906982,0,2022-12-22T00:00:00.000000Z
2022-12-22T00:00:00.000000Z,0.67168188095092773,0.6768001914024353,0.66700011491775513,0.67168188095092773,0,2022-12-23T00:00:00.000000Z
2022-12-23T00:00:00.000000Z,0.66780012845993042,0.67132121324539185,0.66613823175430298,0.66780012845993042,0,2022-12-24T00:00:00.000000Z
2022-12-26T00:00:00.000000Z,0.67124903202056885,0.67757010459899902,0.66818118095397949,0.67124903202056885,0,2022-12-27T00:00:00.000000Z
2022-12-27T00:00:00.000000Z,0.67445892095565796,0.67800009250640869,0.67258000373840332,0.67445892095565796,0,2022-12-28T00:00:00.000000Z
2022-12-28T00:00:00.000000Z,0.6729927659034729,0.68010002374649048,0.67201137542724609,0.6729927659034729,0,2022-12-29T00:00:00.000000Z
2022-12-29T00:00:00.000000Z,0.67471009492874146,0.67789989709854126,0.67113012075424194,0.67471009492874146,0,2022-12-30T00:00:00.000000Z
2022-12-30T00:00:00.000000Z,0.67660003900527954,0.68083995580673218,0.67568981647491455,0.67660003900527954,0,2022-12-31T00:00:00.000000Z
2023-01-02T00:00:00.000000Z,0.68230974674224854,0.68434000015258789,0.6793898344039917,0.68230974674224854,0,2023-01-03T00:00:00.000000Z
2023-01-03T00:00:00.000000Z,0.68056005239486694,0.68362045288085938,0.6689186692237854,0.68056005239486694,0,2023-01-04T00:00:00.000000Z
2023-01-04T00:00:00.000000Z,0.67279994487762451,0.68913000822067261,0.6725582480430603,0.67279994487762451,0,2023-01-05T00:00:00.000000Z
2023-01-05T00:00:00.000000Z,0.68291085958480835,0.68460327386856079,0.67368012666702271,0.68291085958480835,0,2023-01-06T00:00:00.000000Z
2023-01-06T00:00:00.000000Z,0.67556977272033691,0.68700003623962402,0.6722598671913147,0.67556977272033691,0,2023-01-07T00:00:00.000000Z
2023-01-09T00:00:00.000000Z,0.68939846754074097,0.69512027502059937,0.68855822086334229,0.68939846754074097,0,2023-01-10T00:00:00.000000Z
2023-01-10T00:00:00.000000Z,0.69096994400024414,0.69279998540878296,0.68604987859725952,0.69096994400024414,0,2023-01-11T00:00:00.000000Z
2023-01-11T00:00:00.000000Z,0.68950015306472778,0.69252079725265503,0.687450110912323,0.68950015306472778,0,2023-01-12T00:00:00.000000Z
2023-01-12T00:00:00.000000Z,0.69109982252120972,0.69818019866943359,0.68886983394622803,0.69109982252120972,0,2023-01-13T00:00:00.000000Z
2023-01-13T00:00:00.000000Z,0.69678151607513428,0.69939994812011719,0.69169211387634277,0.69678151607513428,0,2023-01-14T00:00:00.000000Z
2023-01-16T00:00:00.000000Z,0.69735008478164673,0.70200026035308838,0.69425982236862183,0.69735008478164673,0,2023-01-17T00:00:00.000000Z
2023-01-17T00:00:00.000000Z,0.69663983583450317,0.69933986663818359,0.69313043355941772,0.69663983583450317,0,2023-01-18T00:00:00.000000Z
2023-01-18T00:00:00.000000Z,0.69884133338928223,0.70599031448364258,0.69740986824035645,0.69884133338928223,0,2023-01-19T00:00:00.000000Z
2023-01-19T00:00:00.000000Z,0.69440007209777832,0.69499999284744263,0.68722856044769287,0.69440007209777832,0,2023-01-20T00:00:00.000000Z
2023-01-20T00:00:00.000000Z,0.69139987230300903,0.69644182920455933,0.69067025184631348,0.69139987230300903,0,2023-01-21T00:00:00.000000Z
2023-01-23T00:00:00.000000Z,0.69840210676193237,0.703937828540802,0.69629013538360596,0.69827038049697876,0,2023-01-24T00:00:00.000000Z
2023-01-24T00:00:00.000000Z,0.70292836427688599,0.70559978485107422,0.69981992244720459,0.70292836427688599,0,2023-01-25T00:00:00.000000Z
2023-01-25T00:00:00.000000Z,0.70467197895050049,0.71221011877059937,0.70391803979873657,0.70467197895050049,0,2023-01-26T00:00:00.000000Z
2023-01-26T00:00:00.000000Z,0.71081995964050293,0.71401029825210571,0.70819973945617676,0.71081995964050293,0,2023-01-27T00:00:00.000000Z
2023-01-27T00:00:00.000000Z,0.71138983964920044,0.71311414241790771,0.70849126577377319,0.71138983964920044,0,2023-01-28T00:00:00.000000Z
2023-01-30T00:00:00.000000Z,0.71079772710800171,0.71209853887557983,0.70671975612640381,0.71079772710800171,0,2023-01-31T00:00:00.000000Z
2023-01-31T00:00:00.000000Z,0.70580995082855225,0.70630949735641479,0.69854986667633057,0.70580995082855225,0,2023-02-01T00:00:00.000000Z
2023-02-01T00:00:00.000000Z,0.70513999462127686,0.70920026302337646,0.7037198543548584,0.70513999462127686,0,2023-02-02T00:00:00.000000Z
2023-02-02T00:00:00.000000Z,0.7145000696182251,0.71561014652252197,0.70719009637832642,0.7145000696182251,0,2023-02-03T00:00:00.000000Z
2023-02-06T00:00:00.000000Z,0.69207984209060669,0.69487875699996948,0.68565988540649414,0.69207984209060669,0,2023-02-07T00:00:00.000000Z
2023-02-07T00:00:00.000000Z,0.68878018856048584,0.69505983591079712,0.68870997428894043,0.68878018856048584,0,2023-02-08T00:00:00.000000Z
2023-02-08T00:00:00.000000Z,0.69645982980728149,0.69951009750366211,0.69274002313613892,0.69645982980728149,0,2023-02-09T00:00:00.000000Z
2023-02-09T00:00:00.000000Z,0.6930001974105835,0.7010607123374939,0.692280113697052,0.6930001974105835,0,2023-02-10T00:00:00.000000Z
2023-02-10T00:00:00.000000Z,0.69393843412399292,0.69599008560180664,0.69122833013534546,0.69393843412399292,0,2023-02-11T00:00:00.000000Z
2023-02-13T00:00:00.000000Z,0.69134777784347534,0.69676989316940308,0.68917989730834961,0.69134777784347534,0,2023-02-14T00:00:00.000000Z
2023-02-14T00:00:00.000000Z,0.69700008630752563,0.70270121097564697,0.69234001636505127,0.69700008630752563,0,2023-02-15T00:00:00.000000Z
2023-02-16T00:00:00.000000Z,0.69068974256515503,0.69352024793624878,0.68460983037948608,0.69068974256515503,0,2023-02-17T00:00:00.000000Z
2023-02-17T00:00:00.000000Z,0.68624007701873779,0.68737971782684326,0.68123143911361694,0.68624007701873779,0,2023-02-18T00:00:00.000000Z
2023-02-20T00:00:00.000000Z,0.68694061040878296,0.69220006465911865,0.68638890981674194,0.68694061040878296,0,2023-02-21T00:00:00.000000Z
2023-02-21T00:00:00.000000Z,0.69090020656585693,0.69181174039840698,0.68588000535964966,0.69090020656585693,0,2023-02-22T00:00:00.000000Z
2023-02-22T00:00:00.000000Z,0.68619012832641602,0.68642187118530273,0.6809002161026001,0.68619012832641602,0,2023-02-23T00:00:00.000000Z
2023-02-23T00:00:00.000000Z,0.68129169940948486,0.68417000770568848,0.67851996421813965,0.68129169940948486,0,2023-02-24T00:00:00.000000Z
2023-02-24T00:00:00.000000Z,0.68101334571838379,0.68259382247924805,0.67196983098983765,0.68101334571838379,0,2023-02-25T00:00:00.000000Z
2023-02-27T00:00:00.000000Z,0.6735684871673584,0.67439979314804077,0.66987985372543335,0.6735684871673584,0,2023-02-28T00:00:00.000000Z
2023-02-28T00:00:00.000000Z,0.67430019378662109,0.67599993944168091,0.67060989141464233,0.67430019378662109,0,2023-03-01T00:00:00.000000Z
2023-03-01T00:00:00.000000Z,0.67307883501052856,0.67839843034744263,0.66959011554718018,0.67307883501052856,0,2023-03-02T00:00:00.000000Z
2023-03-02T00:00:00.000000Z,0.6759798526763916,0.6765899658203125,0.67082983255386353,0.6759798526763916,0,2023-03-03T00:00:00.000000Z
2023-03-03T00:00:00.000000Z,0.67350000143051147,0.6765899658203125,0.67298823595046997,0.67350000143051147,0,2023-03-04T00:00:00.000000Z
2023-03-06T00:00:00.000000Z,0.67546117305755615,0.67709988355636597,0.67171978950500488,0.67546117305755615,0,2023-03-07T00:00:00.000000Z
2023-03-07T00:00:00.000000Z,0.67330998182296753,0.67489999532699585,0.65956008434295654,0.67330998182296753,0,2023-03-08T00:00:00.000000Z
2023-03-08T00:00:00.000000Z,0.65910017490386963,0.66286009550094604,0.65690940618515015,0.65910017490386963,0,2023-03-09T00:00:00.000000Z
2023-03-09T00:00:00.000000Z,0.65940004587173462,0.66350835561752319,0.65774762630462646,0.65940004587173462,0,2023-03-10T00:00:00.000000Z
2023-03-10T00:00:00.000000Z,0.65910017490386963,0.6638607382774353,0.65667986869812012,0.65910017490386963,0,2023-03-11T00:00:00.000000Z
2023-03-13T00:00:00.000000Z,0.66342037916183472,0.67160063982009888,0.66027086973190308,0.66342037916183472,0,2023-03-14T00:00:00.000000Z
2023-03-14T00:00:00.000000Z,0.66591989994049072,0.66946995258331299,0.66333013772964478,0.66591989994049072,0,2023-03-15T00:00:00.000000Z
2023-03-15T00:00:00.000000Z,0.66890978813171387,0.67118597030639648,0.66012001037597656,0.66890978813171387,0,2023-03-16T00:00:00.000000Z
2023-03-16T00:00:00.000000Z,0.66183000802993774,0.66652894020080566,0.66154980659484863,0.66183000802993774,0,2023-03-17T00:00:00.000000Z
2023-03-17T00:00:00.000000Z,0.66634011268615723,0.67232990264892578,0.66560167074203491,0.66634011268615723,0,2023-03-18T00:00:00.000000Z
2023-03-20T00:00:00.000000Z,0.67132121324539185,0.67319983243942261,0.66670000553131104,0.67132121324539185,0,2023-03-21T00:00:00.000000Z
2023-03-21T00:00:00.000000Z,0.67168998718261719,0.67255014181137085,0.66503995656967163,0.67168998718261719,0,2023-03-22T00:00:00.000000Z
2023-03-22T00:00:00.000000Z,0.66778987646102905,0.670218825340271,0.66624999046325684,0.66778987646102905,0,2023-03-23T00:00:00.000000Z
2023-03-23T00:00:00.000000Z,0.66993147134780884,0.67556017637252808,0.66918009519577026,0.66993147134780884,0,2023-03-24T00:00:00.000000Z
2023-03-24T00:00:00.000000Z,0.66815978288650513,0.66949999332427979,0.66262906789779663,0.66815978288650513,0,2023-03-25T00:00:00.000000Z
2023-03-27T00:00:00.000000Z,0.66553080081939697,0.66652005910873413,0.66351014375686646,0.66553080081939697,0,2023-03-28T00:00:00.000000Z
2023-03-28T00:00:00.000000Z,0.66600954532623291,0.67109590768814087,0.66554856300354004,0.66600954532623291,0,2023-03-29T00:00:00.000000Z
2023-03-29T00:00:00.000000Z,0.67069077491760254,0.67129009962081909,0.66621983051300049,0.67069077491760254,0,2023-03-30T00:00:00.000000Z
2023-03-30T00:00:00.000000Z,0.66824823617935181,0.67171978950500488,0.66623008251190186,0.66824823617935181,0,2023-03-31T00:00:00.000000Z
2023-03-31T00:00:00.000000Z,0.67168188095092773,0.67381817102432251,0.66716927289962769,0.67168188095092773,0,2023-04-01T00:00:00.000000Z
2023-04-03T00:00:00.000000Z,0.66588979959487915,0.67879998683929443,0.66538912057876587,0.66588979959487915,0,2023-04-04T00:00:00.000000Z
2023-04-04T00:00:00.000000Z,0.67885023355484009,0.6793399453163147,0.67226892709732056,0.67885023355484009,0,2023-04-05T00:00:00.000000Z
2023-04-05T00:00:00.000000Z,0.6758081316947937,0.67759996652603149,0.66781973838806152,0.6758081316947937,0,2023-04-06T00:00:00.000000Z
2023-04-06T00:00:00.000000Z,0.67166835069656372,0.67194819450378418,0.66541123390197754,0.67166835069656372,0,2023-04-07T00:00:00.000000Z
2023-04-07T00:00:00.000000Z,0.66760128736495972,0.66929924488067627,0.66446065902709961,0.66760128736495972,0,2023-04-08T00:00:00.000000Z
2023-04-10T00:00:00.000000Z,0.66735005378723145,0.66802990436553955,0.66202020645141602,0.66735005378723145,0,2023-04-11T00:00:00.000000Z
2023-04-11T00:00:00.000000Z,0.66482996940612793,0.6680026650428772,0.66452997922897339,0.66482996940612793,0,2023-04-12T00:00:00.000000Z
2023-04-12T00:00:00.000000Z,0.66540020704269409,0.67217987775802612,0.66515010595321655,0.66540020704269409,0,2023-04-13T00:00:00.000000Z
2023-04-13T00:00:00.000000Z,0.66990005970001221,0.67810404300689697,0.66858011484146118,0.66990005970001221,0,2023-04-14T00:00:00.000000Z
2023-04-14T00:00:00.000000Z,0.67839986085891724,0.67939996719360352,0.66970986127853394,0.67839986085891724,0,2023-04-15T00:00:00.000000Z
2023-04-17T00:00:00.000000Z,0.67051994800567627,0.67188948392868042,0.6681901216506958,0.67051994800567627,0,2023-04-18T00:00:00.000000Z
2023-04-18T00:00:00.000000Z,0.67004013061523438,0.67464089393615723,0.66980135440826416,0.67004013061523438,0,2023-04-19T00:00:00.000000Z
2023-04-19T00:00:00.000000Z,0.67356985807418823,0.67410022020339966,0.66912907361984253,0.67356985807418823,0,2023-04-20T00:00:00.000000Z
2023-04-20T00:00:00.000000Z,0.67055141925811768,0.67697978019714355,0.66980981826782227,0.67055141925811768,0,2023-04-21T00:00:00.000000Z
2023-04-24T00:00:00.000000Z,0.66934853792190552,0.66976004838943481,0.66670000553131104,0.66934853792190552,0,2023-04-25T00:00:00.000000Z
2023-04-25T00:00:00.000000Z,0.67038053274154663,0.67069077491760254,0.66257989406585693,0.67038053274154663,0,2023-04-26T00:00:00.000000Z
2023-04-26T00:00:00.000000Z,0.66364002227783203,0.66400003433227539,0.65958011150360107,0.66364002227783203,0,2023-04-27T00:00:00.000000Z
2023-04-27T00:00:00.000000Z,0.66083806753158569,0.66350001096725464,0.65960884094238281,0.66083806753158569,0,2023-04-28T00:00:00.000000Z
2023-04-28T00:00:00.000000Z,0.66303980350494385,0.66421788930892944,0.65761005878448486,0.66303980350494385,0,2023-04-29T00:00:00.000000Z
2023-05-01T00:00:00.000000Z,0.6612401008605957,0.66709983348846436,0.66107004880905151,0.6612401008605957,0,2023-05-02T00:00:00.000000Z
2023-05-02T00:00:00.000000Z,0.66228014230728149,0.67181724309921265,0.66208988428115845,0.66228014230728149,0,2023-05-03T00:00:00.000000Z
2023-05-03T00:00:00.000000Z,0.66730016469955444,0.66769981384277344,0.66500860452651978,0.66730016469955444,0,2023-05-04T00:00:00.000000Z
2023-05-04T00:00:00.000000Z,0.66415178775787354,0.66993999481201172,0.66407984495162964,0.66415178775787354,0,2023-05-05T00:00:00.000000Z
2023-05-05T00:00:00.000000Z,0.66960984468460083,0.67500025033950806,0.66956007480621338,0.66960984468460083,0,2023-05-06T00:00:00.000000Z
2023-05-08T00:00:00.000000Z,0.67476838827133179,0.68041098117828369,0.67413020133972168,0.67476838827133179,0,2023-05-09T00:00:00.000000Z
2023-05-09T00:00:00.000000Z,0.67809945344924927,0.67879998683929443,0.67474019527435303,0.67809945344924927,0,2023-05-10T00:00:00.000000Z
2023-05-10T00:00:00.000000Z,0.67669069766998291,0.68177014589309692,0.67450892925262451,0.67669069766998291,0,2023-05-11T00:00:00.000000Z
2023-05-11T00:00:00.000000Z,0.6781914234161377,0.67971724271774292,0.66895896196365356,0.6781914234161377,0,2023-05-12T00:00:00.000000Z
2023-05-12T00:00:00.000000Z,0.66998982429504395,0.67078077793121338,0.66431009769439697,0.66998982429504395,0,2023-05-13T00:00:00.000000Z
2023-05-15T00:00:00.000000Z,0.66469031572341919,0.66988211870193481,0.66425007581710815,0.66469031572341919,0,2023-05-16T00:00:00.000000Z
2023-05-16T00:00:00.000000Z,0.67030012607574463,0.67109590768814087,0.66531831026077271,0.67030012607574463,0,2023-05-17T00:00:00.000000Z
2023-05-17T00:00:00.000000Z,0.6657789945602417,0.6670491099357605,0.66295015811920166,0.6657789945602417,0,2023-05-18T00:00:00.000000Z
2023-05-18T00:00:00.000000Z,0.66556179523468018,0.66688895225524902,0.66054993867874146,0.66556179523468018,0,2023-05-19T00:00:00.000000Z
2023-05-19T00:00:00.000000Z,0.66299808025360107,0.66730016469955444,0.66179019212722778,0.66299808025360107,0,2023-05-20T00:00:00.000000Z
2023-05-22T00:00:00.000000Z,0.66610002517700195,0.66673779487609863,0.6628301739692688,0.66610002517700195,0,2023-05-23T00:00:00.000000Z
2023-05-23T00:00:00.000000Z,0.66496878862380981,0.66640013456344604,0.66112202405929565,0.66496878862380981,0,2023-05-24T00:00:00.000000Z
2023-05-24T00:00:00.000000Z,0.66135817766189575,0.66152006387710571,0.65333855152130127,0.66135817766189575,0,2023-05-25T00:00:00.000000Z
2023-05-25T00:00:00.000000Z,0.65451020002365112,0.65460020303726196,0.65013164281845093,0.65451020002365112,0,2023-05-26T00:00:00.000000Z
2023-05-26T00:00:00.000000Z,0.6498485803604126,0.65441173315048218,0.64920985698699951,0.6498485803604126,0,2023-05-27T00:00:00.000000Z
2023-05-29T00:00:00.000000Z,0.65269893407821655,0.65539389848709106,0.65237104892730713,0.65269893407821655,0,2023-05-30T00:00:00.000000Z
2023-05-30T00:00:00.000000Z,0.65285021066665649,0.655769944190979,0.65034979581832886,0.65285021066665649,0,2023-05-31T00:00:00.000000Z
2023-05-31T00:00:00.000000Z,0.65178000926971436,0.65201801061630249,0.6464499831199646,0.65178000926971436,0,2023-06-01T00:00:00.000000Z
2023-06-01T00:00:00.000000Z,0.65064013004302979,0.65789997577667236,0.64860010147094727,0.65064013004302979,0,2023-06-02T00:00:00.000000Z
2023-06-02T00:00:00.000000Z,0.65779948234558105,0.6637999415397644,0.65751838684082031,0.65779948234558105,0,2023-06-03T00:00:00.000000Z
2023-06-05T00:00:00.000000Z,0.6599997878074646,0.66340011358261108,0.65804195404052734,0.6599997878074646,0,2023-06-06T00:00:00.000000Z
2023-06-06T00:00:00.000000Z,0.66134941577911377,0.66827011108398438,0.66101980209350586,0.66134941577911377,0,2023-06-07T00:00:00.000000Z
2023-06-07T00:00:00.000000Z,0.66790896654129028,0.67169994115829468,0.66592973470687866,0.66790896654129028,0,2023-06-08T00:00:00.000000Z
2023-06-08T00:00:00.000000Z,0.66586011648178101,0.67169994115829468,0.66554009914398193,0.66586011648178101,0,2023-06-09T00:00:00.000000Z
2023-06-09T00:00:00.000000Z,0.67125988006591797,0.67510002851486206,0.66939777135848999,0.67125988006591797,0,2023-06-10T00:00:00.000000Z
2023-06-12T00:00:00.000000Z,0.67449986934661865,0.67759859561920166,0.67321979999542236,0.67449986934661865,0,2023-06-13T00:00:00.000000Z
2023-06-13T00:00:00.000000Z,0.67531019449234009,0.68064993619918823,0.67387986183166504,0.67531019449234009,0,2023-06-14T00:00:00.000000Z
2023-06-14T00:00:00.000000Z,0.67692893743515015,0.68369990587234497,0.67644989490509033,0.67692893743515015,0,2023-06-15T00:00:00.000000Z
2023-06-15T00:00:00.000000Z,0.67968952655792236,0.68737971782684326,0.67691057920455933,0.67968952655792236,0,2023-06-16T00:00:00.000000Z
2023-06-16T00:00:00.000000Z,0.688029944896698,0.68986022472381592,0.68572056293487549,0.688029944896698,0,2023-06-17T00:00:00.000000Z
2023-06-19T00:00:00.000000Z,0.68759995698928833,0.6878998875617981,0.6835101842880249,0.68759995698928833,0,2023-06-20T00:00:00.000000Z
2023-06-20T00:00:00.000000Z,0.68513798713684082,0.68550008535385132,0.67547982931137085,0.68513798713684082,0,2023-06-21T00:00:00.000000Z
2023-06-21T00:00:00.000000Z,0.67888206243515015,0.67999458312988281,0.67441797256469727,0.67888206243515015,0,2023-06-22T00:00:00.000000Z
2023-06-22T00:00:00.000000Z,0.67987024784088135,0.68061935901641846,0.67496877908706665,0.67987024784088135,0,2023-06-23T00:00:00.000000Z
2023-06-23T00:00:00.000000Z,0.67606991529464722,0.67670994997024536,0.66636013984680176,0.67606991529464722,0,2023-06-24T00:00:00.000000Z
2023-06-26T00:00:00.000000Z,0.66805177927017212,0.66949999332427979,0.66684889793395996,0.66805177927017212,0,2023-06-27T00:00:00.000000Z
2023-06-27T00:00:00.000000Z,0.66744983196258545,0.67209988832473755,0.66711145639419556,0.66744983196258545,0,2023-06-28T00:00:00.000000Z
2023-06-28T00:00:00.000000Z,0.66814017295837402,0.66871744394302368,0.65986126661300659,0.66814017295837402,0,2023-06-29T00:00:00.000000Z
2023-06-29T00:00:00.000000Z,0.66006165742874146,0.66410011053085327,0.65961015224456787,0.66006165742874146,0,2023-06-30T00:00:00.000000Z
2023-06-30T00:00:00.000000Z,0.66197109222412109,0.66644006967544556,0.66047143936157227,0.66197109222412109,0,2023-07-01T00:00:00.000000Z
2023-07-03T00:00:00.000000Z,0.66583216190338135,0.66894108057022095,0.6637800931930542,0.66583216190338135,0,2023-07-04T00:00:00.000000Z
2023-07-04T00:00:00.000000Z,0.66740971803665161,0.67069977521896362,0.66442978382110596,0.66740971803665161,0,2023-07-05T00:00:00.000000Z
2023-07-05T00:00:00.000000Z,0.66927015781402588,0.67009979486465454,0.66582989692687988,0.66927015781402588,0,2023-07-06T00:00:00.000000Z
2023-07-06T00:00:00.000000Z,0.66569030284881592,0.66889989376068115,0.66001808643341064,0.66569030284881592,0,2023-07-07T00:00:00.000000Z
2023-07-07T00:00:00.000000Z,0.66283988952636719,0.66871744394302368,0.66212010383605957,0.66283988952636719,0,2023-07-08T00:00:00.000000Z
2023-07-10T00:00:00.000000Z,0.66883820295333862,0.66953986883163452,0.66245788335800171,0.66883820295333862,0,2023-07-11T00:00:00.000000Z
2023-07-11T00:00:00.000000Z,0.66790002584457397,0.66950982809066772,0.66511917114257812,0.66790002584457397,0,2023-07-12T00:00:00.000000Z
2023-07-12T00:00:00.000000Z,0.66937988996505737,0.67950981855392456,0.66837996244430542,0.66937988996505737,0,2023-07-13T00:00:00.000000Z
2023-07-13T00:00:00.000000Z,0.67927861213684082,0.68969988822937012,0.67864018678665161,0.67927861213684082,0,2023-07-14T00:00:00.000000Z
2023-07-14T00:00:00.000000Z,0.68886178731918335,0.68960762023925781,0.68418174982070923,0.68886178731918335,0,2023-07-15T00:00:00.000000Z
2023-07-17T00:00:00.000000Z,0.68377935886383057,0.68399453163146973,0.67891013622283936,0.68377935886383057,0,2023-07-18T00:00:00.000000Z
2023-07-18T00:00:00.000000Z,0.68105000257492065,0.68364012241363525,0.67898017168045044,0.68105000257492065,0,2023-07-19T00:00:00.000000Z
2023-07-19T00:00:00.000000Z,0.68148213624954224,0.68189984560012817,0.67517024278640747,0.68148213624954224,0,2023-07-20T00:00:00.000000Z
2023-07-21T00:00:00.000000Z,0.67781907320022583,0.67879998683929443,0.67231005430221558,0.67781907320022583,0,2023-07-22T00:00:00.000000Z
2023-07-24T00:00:00.000000Z,0.67258000373840332,0.6756209135055542,0.67165976762771606,0.67258000373840332,0,2023-07-25T00:00:00.000000Z
2023-07-25T00:00:00.000000Z,0.67330092191696167,0.67911714315414429,0.67265009880065918,0.67330092191696167,0,2023-07-26T00:00:00.000000Z
2023-07-26T00:00:00.000000Z,0.67875993251800537,0.67914021015167236,0.67315000295639038,0.67875993251800537,0,2023-07-27T00:00:00.000000Z
2023-07-27T00:00:00.000000Z,0.67599993944168091,0.68209105730056763,0.67222827672958374,0.67599993944168091,0,2023-07-28T00:00:00.000000Z
2023-07-31T00:00:00.000000Z,0.6660805344581604,0.67389988899230957,0.66592973470687866,0.6660805344581604,0,2023-08-01T00:00:00.000000Z
2023-08-01T00:00:00.000000Z,0.67168188095092773,0.67232000827789307,0.66057181358337402,0.67168188095092773,0,2023-08-02T00:00:00.000000Z
2023-08-02T00:00:00.000000Z,0.66176080703735352,0.66310006380081177,0.65280115604400635,0.66176080703735352,0,2023-08-03T00:00:00.000000Z
2023-08-03T00:00:00.000000Z,0.65449994802474976,0.65609997510910034,0.6514899730682373,0.65449994802474976,0,2023-08-04T00:00:00.000000Z
2023-08-04T00:00:00.000000Z,0.6561206579208374,0.66088175773620605,0.65466016530990601,0.6561206579208374,0,2023-08-05T00:00:00.000000Z
2023-08-07T00:00:00.000000Z,0.65737146139144897,0.65930008888244629,0.65561002492904663,0.65737146139144897,0,2023-08-08T00:00:00.000000Z
2023-08-08T00:00:00.000000Z,0.65725910663604736,0.65759015083312988,0.64978104829788208,0.65725910663604736,0,2023-08-09T00:00:00.000000Z
2023-08-09T00:00:00.000000Z,0.65316015481948853,0.65705996751785278,0.65209877490997314,0.65316015481948853,0,2023-08-10T00:00:00.000000Z
2023-08-10T00:00:00.000000Z,0.65368020534515381,0.66110897064208984,0.65289068222045898,0.65368020534515381,0,2023-08-11T00:00:00.000000Z
2023-08-11T00:00:00.000000Z,0.65124982595443726,0.65335005521774292,0.64878189563751221,0.65124982595443726,0,2023-08-12T00:00:00.000000Z
2023-08-14T00:00:00.000000Z,0.6495404839515686,0.65035992860794067,0.64561110734939575,0.6495404839515686,0,2023-08-15T00:00:00.000000Z
2023-08-15T00:00:00.000000Z,0.64884001016616821,0.65189045667648315,0.64593017101287842,0.64884001016616821,0,2023-08-16T00:00:00.000000Z
2023-08-16T00:00:00.000000Z,0.64579039812088013,0.64799994230270386,0.64288008213043213,0.64579039812088013,0,2023-08-17T00:00:00.000000Z
2023-08-17T00:00:00.000000Z,0.64146971702575684,0.64496153593063354,0.63686960935592651,0.64146971702575684,0,2023-08-18T00:00:00.000000Z
2023-08-18T00:00:00.000000Z,0.64068889617919922,0.64292973279953003,0.63803994655609131,0.64068889617919922,0,2023-08-19T00:00:00.000000Z
2023-08-21T00:00:00.000000Z,0.64146971702575684,0.64230197668075562,0.63892048597335815,0.64146971702575684,0,2023-08-22T00:00:00.000000Z
2023-08-22T00:00:00.000000Z,0.64140802621841431,0.64590013027191162,0.64043855667114258,0.64140802621841431,0,2023-08-23T00:00:00.000000Z
2023-08-23T00:00:00.000000Z,0.64279991388320923,0.64721983671188354,0.64118021726608276,0.64279991388320923,0,2023-08-24T00:00:00.000000Z
2023-08-24T00:00:00.000000Z,0.64805877208709717,0.64889979362487793,0.64235150814056396,0.64805877208709717,0,2023-08-25T00:00:00.000000Z
2023-08-25T00:00:00.000000Z,0.6413956880569458,0.64382791519165039,0.63823986053466797,0.6413956880569458,0,2023-08-26T00:00:00.000000Z
2023-08-28T00:00:00.000000Z,0.64167141914367676,0.643790602684021,0.64027982950210571,0.64167141914367676,0,2023-08-29T00:00:00.000000Z
2023-08-29T00:00:00.000000Z,0.64281809329986572,0.6468999981880188,0.64021015167236328,0.64281809329986572,0,2023-08-30T00:00:00.000000Z
2023-08-30T00:00:00.000000Z,0.64765995740890503,0.65206050872802734,0.64517003297805786,0.64765995740890503,0,2023-08-31T00:00:00.000000Z
2023-08-31T00:00:00.000000Z,0.64787822961807251,0.65067988634109497,0.64624947309494019,0.64787822961807251,0,2023-09-01T00:00:00.000000Z
2023-09-01T00:00:00.000000Z,0.64884084463119507,0.6518394947052002,0.64441001415252686,0.64884084463119507,0,2023-09-02T00:00:00.000000Z
2023-09-04T00:00:00.000000Z,0.6452862024307251,0.64799994230270386,0.64509057998657227,0.6452862024307251,0,2023-09-05T00:00:00.000000Z
2023-09-05T00:00:00.000000Z,0.64581000804901123,0.64628708362579346,0.63584107160568237,0.64581000804901123,0,2023-09-06T00:00:00.000000Z
2023-09-06T00:00:00.000000Z,0.63753962516784668,0.64045006036758423,0.63579988479614258,0.63753962516784668,0,2023-09-07T00:00:00.000000Z
2023-09-07T00:00:00.000000Z,0.63830018043518066,0.63947004079818726,0.63628005981445312,0.63830018043518066,0,2023-09-08T00:00:00.000000Z
2023-09-08T00:00:00.000000Z,0.63774001598358154,0.64149850606918335,0.63685017824172974,0.63774001598358154,0,2023-09-09T00:00:00.000000Z
2023-09-11T00:00:00.000000Z,0.63979935646057129,0.64490002393722534,0.63901031017303467,0.63979935646057129,0,2023-09-12T00:00:00.000000Z
2023-09-12T00:00:00.000000Z,0.64320015907287598,0.64399999380111694,0.64107084274291992,0.64320015907287598,0,2023-09-13T00:00:00.000000Z
2023-09-13T00:00:00.000000Z,0.64281809329986572,0.6434178352355957,0.63880008459091187,0.64281809329986572,0,2023-09-14T00:00:00.000000Z
2023-09-14T00:00:00.000000Z,0.6421617865562439,0.64572995901107788,0.64204013347625732,0.6421617865562439,0,2023-09-15T00:00:00.000000Z
2023-09-15T00:00:00.000000Z,0.64323985576629639,0.64741683006286621,0.64323163032531738,0.64323985576629639,0,2023-09-16T00:00:00.000000Z
2023-09-18T00:00:00.000000Z,0.64405018091201782,0.64499986171722412,0.6418299674987793,0.64405018091201782,0,2023-09-19T00:00:00.000000Z
2023-09-19T00:00:00.000000Z,0.64396017789840698,0.64749979972839355,0.64284992218017578,0.64396017789840698,0,2023-09-20T00:00:00.000000Z
2023-09-20T00:00:00.000000Z,0.64660006761550903,0.65049999952316284,0.64484095573425293,0.64660006761550903,0,2023-09-21T00:00:00.000000Z
2023-09-21T00:00:00.000000Z,0.64361000061035156,0.64408087730407715,0.63879799842834473,0.64361000061035156,0,2023-09-22T00:00:00.000000Z
2023-09-22T00:00:00.000000Z,0.64095985889434814,0.64650017023086548,0.64045083522796631,0.64095985889434814,0,2023-09-23T00:00:00.000000Z
2023-09-25T00:00:00.000000Z,0.64409995079040527,0.64470374584197998,0.64048981666564941,0.64409995079040527,0,2023-09-26T00:00:00.000000Z
2023-09-26T00:00:00.000000Z,0.64220011234283447,0.64303016662597656,0.63882005214691162,0.64220011234283447,0,2023-09-27T00:00:00.000000Z
2023-09-27T00:00:00.000000Z,0.63938617706298828,0.64093112945556641,0.63619989156723022,0.63938617706298828,0,2023-09-28T00:00:00.000000Z
2023-09-29T00:00:00.000000Z,0.64279747009277344,0.65029990673065186,0.6421700119972229,0.64279747009277344,0,2023-09-30T00:00:00.000000Z
2023-10-02T00:00:00.000000Z,0.64372020959854126,0.64470374584197998,0.63685017824172974,0.64372020959854126,0,2023-10-03T00:00:00.000000Z
2023-10-03T00:00:00.000000Z,0.63626992702484131,0.63649994134902954,0.62875014543533325,0.63626992702484131,0,2023-10-04T00:00:00.000000Z
2023-10-04T00:00:00.000000Z,0.6308901309967041,0.63431650400161743,0.6287805438041687,0.6308901309967041,0,2023-10-05T00:00:00.000000Z
2023-10-05T00:00:00.000000Z,0.63291019201278687,0.63775104284286499,0.63255906105041504,0.63291019201278687,0,2023-10-06T00:00:00.000000Z
2023-10-06T00:00:00.000000Z,0.63710498809814453,0.63947981595993042,0.63146066665649414,0.63710498809814453,0,2023-10-07T00:00:00.000000Z
2023-10-09T00:00:00.000000Z,0.6371999979019165,0.63889598846435547,0.63450008630752563,0.6371999979019165,0,2023-10-10T00:00:00.000000Z
2023-10-10T00:00:00.000000Z,0.64209002256393433,0.64329987764358521,0.63917982578277588,0.64209002256393433,0,2023-10-11T00:00:00.000000Z
2023-10-11T00:00:00.000000Z,0.64334744215011597,0.64470005035400391,0.64047998189926147,0.64334744215011597,0,2023-10-12T00:00:00.000000Z
2023-10-12T00:00:00.000000Z,0.64180976152420044,0.64310002326965332,0.63308006525039673,0.64180976152420044,0,2023-10-13T00:00:00.000000Z
2023-10-13T00:00:00.000000Z,0.63168001174926758,0.63330018520355225,0.6286998987197876,0.63168001174926758,0,2023-10-14T00:00:00.000000Z
2023-10-16T00:00:00.000000Z,0.63129997253417969,0.63411539793014526,0.63030993938446045,0.63129997253417969,0,2023-10-17T00:00:00.000000Z
2023-10-17T00:00:00.000000Z,0.63377982378005981,0.63779979944229126,0.63376015424728394,0.63377982378005981,0,2023-10-18T00:00:00.000000Z
2023-10-18T00:00:00.000000Z,0.63626992702484131,0.63929015398025513,0.63347989320755005,0.63626992702484131,0,2023-10-19T00:00:00.000000Z
2023-10-19T00:00:00.000000Z,0.63324004411697388,0.63374006748199463,0.62970983982086182,0.63324004411697388,0,2023-10-20T00:00:00.000000Z
2023-10-20T00:00:00.000000Z,0.63269996643066406,0.63269996643066406,0.62998992204666138,0.63269996643066406,0,2023-10-21T00:00:00.000000Z
2023-10-23T00:00:00.000000Z,0.63203930854797363,0.63399481773376465,0.62897986173629761,0.63203930854797363,0,2023-10-24T00:00:00.000000Z
2023-10-24T00:00:00.000000Z,0.63367021083831787,0.63786005973815918,0.63362002372741699,0.63367021083831787,0,2023-10-25T00:00:00.000000Z
2023-10-25T00:00:00.000000Z,0.63609993457794189,0.63999998569488525,0.63220995664596558,0.63609993457794189,0,2023-10-26T00:00:00.000000Z
2023-10-26T00:00:00.000000Z,0.6296999454498291,0.63279008865356445,0.62716019153594971,0.6296999454498291,0,2023-10-27T00:00:00.000000Z
2023-10-27T00:00:00.000000Z,0.63359993696212769,0.6367800235748291,0.63258987665176392,0.63359993696212769,0,2023-10-28T00:00:00.000000Z
2023-10-30T00:00:00.000000Z,0.63389033079147339,0.63841873407363892,0.63376176357269287,0.63389033079147339,0,2023-10-31T00:00:00.000000Z
2023-10-31T00:00:00.000000Z,0.63710010051727295,0.63760018348693848,0.63155990839004517,0.63710010051727295,0,2023-11-01T00:00:00.000000Z
2023-11-01T00:00:00.000000Z,0.63399481773376465,0.63932079076766968,0.63192993402481079,0.63399481773376465,0,2023-11-02T00:00:00.000000Z
2023-11-02T00:00:00.000000Z,0.64225995540618896,0.64560985565185547,0.64141005277633667,0.64225995540618896,0,2023-11-03T00:00:00.000000Z
2023-11-03T00:00:00.000000Z,0.64279001951217651,0.65091454982757568,0.64209991693496704,0.64279001951217651,0,2023-11-04T00:00:00.000000Z
2023-11-06T00:00:00.000000Z,0.65168654918670654,0.65250003337860107,0.64939999580383301,0.65168654918670654,0,2023-11-07T00:00:00.000000Z
2023-11-07T00:00:00.000000Z,0.64894193410873413,0.65037989616394043,0.64053988456726074,0.64894193410873413,0,2023-11-08T00:00:00.000000Z
2023-11-08T00:00:00.000000Z,0.64300990104675293,0.64491164684295654,0.6407504677772522,0.64300990104675293,0,2023-11-09T00:00:00.000000Z
2023-11-09T00:00:00.000000Z,0.64056986570358276,0.64280158281326294,0.63933020830154419,0.64056986570358276,0,2023-11-10T00:00:00.000000Z
2023-11-10T00:00:00.000000Z,0.6361699104309082,0.63678044080734253,0.63396990299224854,0.6361699104309082,0,2023-11-11T00:00:00.000000Z
2023-11-13T00:00:00.000000Z,0.63645988702774048,0.63910013437271118,0.63527154922485352,0.63645988702774048,0,2023-11-14T00:00:00.000000Z
2023-11-14T00:00:00.000000Z,0.63810020685195923,0.64959990978240967,0.63607001304626465,0.63810020685195923,0,2023-11-15T00:00:00.000000Z
2023-11-15T00:00:00.000000Z,0.64998376369476318,0.65359002351760864,0.64842981100082397,0.64998376369476318,0,2023-11-16T00:00:00.000000Z
2023-11-16T00:00:00.000000Z,0.65115022659301758,0.65169084072113037,0.64613008499145508,0.65115022659301758,0,2023-11-17T00:00:00.000000Z
2023-11-17T00:00:00.000000Z,0.64708167314529419,0.65122991800308228,0.64535987377166748,0.64708167314529419,0,2023-11-18T00:00:00.000000Z
2023-11-20T00:00:00.000000Z,0.65135973691940308,0.65640014410018921,0.6501612663269043,0.65135973691940308,0,2023-11-21T00:00:00.000000Z
2023-11-21T00:00:00.000000Z,0.65640014410018921,0.65899986028671265,0.65577983856201172,0.65640014410018921,0,2023-11-22T00:00:00.000000Z
2023-11-22T00:00:00.000000Z,0.65590971708297729,0.65710020065307617,0.65231996774673462,0.65590971708297729,0,2023-11-23T00:00:00.000000Z
2023-11-23T00:00:00.000000Z,0.65427899360656738,0.65750539302825928,0.65424984693527222,0.65427899360656738,0,2023-11-24T00:00:00.000000Z
2023-11-24T00:00:00.000000Z,0.65601003170013428,0.65910017490386963,0.65508908033370972,0.65601003170013428,0,2023-11-25T00:00:00.000000Z
2023-11-27T00:00:00.000000Z,0.65812987089157104,0.66133981943130493,0.6567501425743103,0.65812987089157104,0,2023-11-28T00:00:00.000000Z
2023-11-28T00:00:00.000000Z,0.66125011444091797,0.66648894548416138,0.65983080863952637,0.66125011444091797,0,2023-11-29T00:00:00.000000Z
2023-11-29T00:00:00.000000Z,0.66589999198913574,0.66735982894897461,0.66071146726608276,0.66589999198913574,0,2023-11-30T00:00:00.000000Z
2023-11-30T00:00:00.000000Z,0.66190099716186523,0.66530013084411621,0.65728932619094849,0.66190099716186523,0,2023-12-01T00:00:00.000000Z
2023-12-01T00:00:00.000000Z,0.66067999601364136,0.66641783714294434,0.6600499153137207,0.66067999601364136,0,2023-12-02T00:00:00.000000Z
2023-12-04T00:00:00.000000Z,0.66828840970993042,0.66877102851867676,0.66113996505737305,0.66828840970993042,0,2023-12-05T00:00:00.000000Z
2023-12-05T00:00:00.000000Z,0.66171002388000488,0.66280996799468994,0.6545097827911377,0.66171002388000488,0,2023-12-06T00:00:00.000000Z
2023-12-07T00:00:00.000000Z,0.65514010190963745,0.66010957956314087,0.65260988473892212,0.65514010190963745,0,2023-12-08T00:00:00.000000Z
2023-12-08T00:00:00.000000Z,0.65944790840148926,0.66212010383605957,0.65619981288909912,0.65944790840148926,0,2023-12-09T00:00:00.000000Z
2023-12-11T00:00:00.000000Z,0.65797996520996094,0.6582108736038208,0.65507018566131592,0.65797996520996094,0,2023-12-12T00:00:00.000000Z
2023-12-12T00:00:00.000000Z,0.65650010108947754,0.66094988584518433,0.65423017740249634,0.65650010108947754,0,2023-12-13T00:00:00.000000Z
2023-12-13T00:00:00.000000Z,0.65646004676818848,0.65849995613098145,0.65438002347946167,0.65646004676818848,0,2023-12-14T00:00:00.000000Z
2023-12-14T00:00:00.000000Z,0.6665000319480896,0.67279994487762451,0.66637790203094482,0.6665000319480896,0,2023-12-15T00:00:00.000000Z
2023-12-15T00:00:00.000000Z,0.67026823759078979,0.67286014556884766,0.66656005382537842,0.67026823759078979,0,2023-12-16T00:00:00.000000Z
2023-12-18T00:00:00.000000Z,0.66989105939865112,0.67358213663101196,0.66915011405944824,0.66989105939865112,0,2023-12-19T00:00:00.000000Z
2023-12-20T00:00:00.000000Z,0.67629987001419067,0.67789989709854126,0.67490953207015991,0.67629987001419067,0,2023-12-21T00:00:00.000000Z
2023-12-21T00:00:00.000000Z,0.67398166656494141,0.67980968952178955,0.67367017269134521,0.67398166656494141,0,2023-12-22T00:00:00.000000Z
2023-12-22T00:00:00.000000Z,0.67968028783798218,0.68259990215301514,0.67742002010345459,0.67968028783798218,0,2023-12-23T00:00:00.000000Z
2023-12-25T00:00:00.000000Z,0.68087887763977051,0.70922988653182983,0.67792010307312012,0.68087887763977051,0,2023-12-26T00:00:00.000000Z
2023-12-26T00:00:00.000000Z,0.68060082197189331,0.68209987878799438,0.67984199523925781,0.68060082197189331,0,2023-12-27T00:00:00.000000Z
2023-12-27T00:00:00.000000Z,0.6823800802230835,0.68521308898925781,0.68185985088348389,0.6823800802230835,0,2023-12-28T00:00:00.000000Z
2023-12-28T00:00:00.000000Z,0.68547004461288452,0.68711990118026733,0.68253797292709351,0.68547004461288452,0,2023-12-29T00:00:00.000000Z
2023-12-29T00:00:00.000000Z,0.68263024091720581,0.68479079008102417,0.67816013097763062,0.68263024091720581,0,2023-12-30T00:00:00.000000Z
2024-01-02T00:00:00.000000Z,0.68105041980743408,0.68408811092376709,0.67632001638412476,0.68105041980743408,0,2024-01-03T00:00:00.000000Z
2024-01-03T00:00:00.000000Z,0.67656981945037842,0.6771998405456543,0.67031002044677734,0.67656981945037842,0,2024-01-04T00:00:00.000000Z
2024-01-04T00:00:00.000000Z,0.67360025644302368,0.67610007524490356,0.66983991861343384,0.67360025644302368,0,2024-01-05T00:00:00.000000Z
2024-01-05T00:00:00.000000Z,0.67065930366516113,0.67461001873016357,0.66423118114471436,0.67065930366516113,0,2024-01-06T00:00:00.000000Z
2024-01-08T00:00:00.000000Z,0.67164129018783569,0.67358213663101196,0.66780996322631836,0.67164129018783569,0,2024-01-09T00:00:00.000000Z
2024-01-09T00:00:00.000000Z,0.67200011014938354,0.67350000143051147,0.66778987646102905,0.67200011014938354,0,2024-01-10T00:00:00.000000Z
2024-01-10T00:00:00.000000Z,0.66847020387649536,0.67140007019042969,0.66837012767791748,0.66847020387649536,0,2024-01-11T00:00:00.000000Z
2024-01-11T00:00:00.000000Z,0.67039990425109863,0.67281168699264526,0.66473978757858276,0.67039990425109863,0,2024-01-12T00:00:00.000000Z
2024-01-12T00:00:00.000000Z,0.66984981298446655,0.67283880710601807,0.66790986061096191,0.66984981298446655,0,2024-01-13T00:00:00.000000Z
2024-01-15T00:00:00.000000Z,0.66890978813171387,0.66895896196365356,0.66512006521224976,0.66890978813171387,0,2024-01-16T00:00:00.000000Z
2024-01-16T00:00:00.000000Z,0.66503995656967163,0.66510015726089478,0.65867996215820312,0.66503995656967163,0,2024-01-17T00:00:00.000000Z
2024-01-17T00:00:00.000000Z,0.6588900089263916,0.65941005945205688,0.65281820297241211,0.6588900089263916,0,2024-01-18T00:00:00.000000Z
2024-01-18T00:00:00.000000Z,0.65519976615905762,0.65752708911895752,0.65394014120101929,0.65519976615905762,0,2024-01-19T00:00:00.000000Z
2024-01-19T00:00:00.000000Z,0.65828454494476318,0.6601601243019104,0.65655010938644409,0.65828454494476318,0,2024-01-20T00:00:00.000000Z
2024-01-22T00:00:00.000000Z,0.65954792499542236,0.66149991750717163,0.65815019607543945,0.65954792499542236,0,2024-01-23T00:00:00.000000Z
2024-01-23T00:00:00.000000Z,0.65705996751785278,0.66119986772537231,0.65630018711090088,0.65705996751785278,0,2024-01-24T00:00:00.000000Z
2024-01-24T00:00:00.000000Z,0.65863007307052612,0.66202020645141602,0.65662986040115356,0.65863007307052612,0,2024-01-25T00:00:00.000000Z
2024-01-25T00:00:00.000000Z,0.6576697826385498,0.66095995903015137,0.6566699743270874,0.6576697826385498,0,2024-01-26T00:00:00.000000Z
2024-01-26T00:00:00.000000Z,0.6585879921913147,0.66092020273208618,0.65770000219345093,0.6585879921913147,0,2024-01-27T00:00:00.000000Z
2024-01-29T00:00:00.000000Z,0.65786010026931763,0.66060018539428711,0.65745782852172852,0.65786010026931763,0,2024-01-30T00:00:00.000000Z
2024-01-30T00:00:00.000000Z,0.66141945123672485,0.66244906187057495,0.65761005878448486,0.66141945123672485,0,2024-01-31T00:00:00.000000Z
2024-01-31T00:00:00.000000Z,0.65948009490966797,0.66218984127044678,0.6559600830078125,0.65948009490966797,0,2024-02-01T00:00:00.000000Z
2024-02-01T00:00:00.000000Z,0.65615075826644897,0.65789002180099487,0.65095984935760498,0.65615075826644897,0,2024-02-02T00:00:00.000000Z
2024-02-02T00:00:00.000000Z,0.6574898362159729,0.66101020574569702,0.65072983503341675,0.6574898362159729,0,2024-02-03T00:00:00.000000Z
2024-02-05T00:00:00.000000Z,0.65050804615020752,0.65201801061630249,0.64698958396911621,0.65050804615020752,0,2024-02-06T00:00:00.000000Z
2024-02-07T00:00:00.000000Z,0.65296745300292969,0.65410780906677246,0.65172010660171509,0.65296745300292969,0,2024-02-08T00:00:00.000000Z
2024-02-08T00:00:00.000000Z,0.65218806266784668,0.65340006351470947,0.64814990758895874,0.65218806266784668,0,2024-02-09T00:00:00.000000Z
2024-02-09T00:00:00.000000Z,0.64975994825363159,0.65320199728012085,0.64876002073287964,0.64975994825363159,0,2024-02-10T00:00:00.000000Z
2024-02-12T00:00:00.000000Z,0.65255832672119141,0.65379005670547485,0.65132999420166016,0.65255832672119141,0,2024-02-13T00:00:00.000000Z
2024-02-13T00:00:00.000000Z,0.65288984775543213,0.65333986282348633,0.64540988206863403,0.65288984775543213,0,2024-02-14T00:00:00.000000Z
2024-02-14T00:00:00.000000Z,0.64533990621566772,0.64909982681274414,0.64471209049224854,0.64533990621566772,0,2024-02-15T00:00:00.000000Z
2024-02-15T00:00:00.000000Z,0.6498798131942749,0.65290987491607666,0.64784878492355347,0.6498798131942749,0,2024-02-16T00:00:00.000000Z
2024-02-16T00:00:00.000000Z,0.6525498628616333,0.65351790189743042,0.64986002445220947,0.6525498628616333,0,2024-02-17T00:00:00.000000Z
2024-02-19T00:00:00.000000Z,0.6537400484085083,0.65509980916976929,0.65339833498001099,0.65379136800765991,0,2024-02-20T00:00:00.000000Z
2024-02-20T00:00:00.000000Z,0.65307831764221191,0.65780991315841675,0.65223997831344604,0.65307831764221191,0,2024-02-21T00:00:00.000000Z
2024-02-21T00:00:00.000000Z,0.65535008907318115,0.65741896629333496,0.65405005216598511,0.65535008907318115,0,2024-02-22T00:00:00.000000Z
2024-02-22T00:00:00.000000Z,0.65531998872756958,0.6595301628112793,0.65410995483398438,0.65531998872756958,0,2024-02-23T00:00:00.000000Z
2024-02-23T00:00:00.000000Z,0.6559101939201355,0.65830016136169434,0.65516203641891479,0.6559101939201355,0,2024-02-24T00:00:00.000000Z
2024-02-27T00:00:00.000000Z,0.65395981073379517,0.65661001205444336,0.65264010429382324,0.65395981073379517,0,2024-02-28T00:00:00.000000Z
2024-02-28T00:00:00.000000Z,0.65438985824584961,0.65509980916976929,0.64899998903274536,0.65438985824584961,0,2024-02-29T00:00:00.000000Z
2024-02-29T00:00:00.000000Z,0.64947003126144409,0.65301984548568726,0.64873015880584717,0.64947003126144409,0,2024-03-01T00:00:00.000000Z
2024-03-01T00:00:00.000000Z,0.64984011650085449,0.65333002805709839,0.64909017086029053,0.64984011650085449,0,2024-03-02T00:00:00.000000Z
2024-03-04T00:00:00.000000Z,0.65278834104537964,0.65369987487792969,0.65110015869140625,0.65278834104537964,0,2024-03-05T00:00:00.000000Z
2024-03-05T00:00:00.000000Z,0.65076208114624023,0.65210306644439697,0.64794117212295532,0.65076208114624023,0,2024-03-06T00:00:00.000000Z
2024-03-06T00:00:00.000000Z,0.65039002895355225,0.65805929899215698,0.64931017160415649,0.65039002895355225,0,2024-03-07T00:00:00.000000Z
2024-03-07T00:00:00.000000Z,0.65662986040115356,0.66251009702682495,0.65646946430206299,0.65662986040115356,0,2024-03-08T00:00:00.000000Z
2024-03-08T00:00:00.000000Z,0.66213017702102661,0.66666001081466675,0.66146010160446167,0.66213017702102661,0,2024-03-09T00:00:00.000000Z
2024-03-11T00:00:00.000000Z,0.66243147850036621,0.66291016340255737,0.65971982479095459,0.66243147850036621,0,2024-03-12T00:00:00.000000Z
2024-03-12T00:00:00.000000Z,0.66155064105987549,0.66367000341415405,0.65859019756317139,0.66155064105987549,0,2024-03-13T00:00:00.000000Z
2024-03-13T00:00:00.000000Z,0.66072976589202881,0.66270017623901367,0.6600499153137207,0.66072976589202881,0,2024-03-14T00:00:00.000000Z
2024-03-14T00:00:00.000000Z,0.66275990009307861,0.66314005851745605,0.65718996524810791,0.66275990009307861,0,2024-03-15T00:00:00.000000Z
2024-03-18T00:00:00.000000Z,0.65579789876937866,0.65749979019165039,0.65547120571136475,0.65579789876937866,0,2024-03-19T00:00:00.000000Z
2024-03-19T00:00:00.000000Z,0.655750572681427,0.65705007314682007,0.65043991804122925,0.655750572681427,0,2024-03-20T00:00:00.000000Z
2024-03-20T00:00:00.000000Z,0.65264010429382324,0.65419340133666992,0.65119004249572754,0.65264010429382324,0,2024-03-21T00:00:00.000000Z
2024-03-21T00:00:00.000000Z,0.65977990627288818,0.66344010829925537,0.65622997283935547,0.65977990627288818,0,2024-03-22T00:00:00.000000Z
2024-03-22T00:00:00.000000Z,0.65741896629333496,0.65780818462371826,0.65110105276107788,0.65741896629333496,0,2024-03-23T00:00:00.000000Z
2024-03-25T00:00:00.000000Z,0.65158045291900635,0.6547999382019043,0.65108829736709595,0.65158045291900635,0,2024-03-26T00:00:00.000000Z
2024-03-26T00:00:00.000000Z,0.65388965606689453,0.65609997510910034,0.653190016746521,0.65388965606689453,0,2024-03-27T00:00:00.000000Z
2024-03-27T00:00:00.000000Z,0.65389823913574219,0.6538999080657959,0.6512901782989502,0.65389823913574219,0,2024-03-28T00:00:00.000000Z
2024-03-28T00:00:00.000000Z,0.65219998359680176,0.65419983863830566,0.64860010147094727,0.65219998359680176,0,2024-03-29T00:00:00.000000Z
2024-03-29T00:00:00.000000Z,0.65167808532714844,0.65354007482528687,0.65093022584915161,0.65167808532714844,0,2024-03-30T00:00:00.000000Z
2024-04-01T00:00:00.000000Z,0.65330016613006592,0.65399998426437378,0.64810997247695923,0.65330016613006592,0,2024-04-02T00:00:00.000000Z
2024-04-02T00:00:00.000000Z,0.64879035949707031,0.65231996774673462,0.64855009317398071,0.64879035949707031,0,2024-04-03T00:00:00.000000Z
2024-04-03T00:00:00.000000Z,0.65143990516662598,0.65619981288909912,0.65037012100219727,0.65143990516662598,0,2024-04-04T00:00:00.000000Z
2024-04-04T00:00:00.000000Z,0.65689986944198608,0.66190099716186523,0.65657985210418701,0.65689986944198608,0,2024-04-05T00:00:00.000000Z
2024-04-05T00:00:00.000000Z,0.65877020359039307,0.65941309928894043,0.65502041578292847,0.65877020359039307,0,2024-04-06T00:00:00.000000Z
2024-04-08T00:00:00.000000Z,0.65702158212661743,0.66120070219039917,0.65602982044219971,0.65702158212661743,0,2024-04-09T00:00:00.000000Z
2024-04-09T00:00:00.000000Z,0.66049981117248535,0.66437017917633057,0.65991008281707764,0.66049981117248535,0,2024-04-10T00:00:00.000000Z
2024-04-10T00:00:00.000000Z,0.662850022315979,0.66340011358261108,0.65067017078399658,0.662850022315979,0,2024-04-11T00:00:00.000000Z
2024-04-11T00:00:00.000000Z,0.65072011947631836,0.65527021884918213,0.65028005838394165,0.65072011947631836,0,2024-04-12T00:00:00.000000Z
2024-04-12T00:00:00.000000Z,0.6540607213973999,0.65429997444152832,0.64647006988525391,0.6540607213973999,0,2024-04-13T00:00:00.000000Z
2024-04-15T00:00:00.000000Z,0.64758032560348511,0.64951932430267334,0.64543986320495605,0.64758032560348511,0,2024-04-16T00:00:00.000000Z
2024-04-16T00:00:00.000000Z,0.64425021409988403,0.64427179098129272,0.63979935646057129,0.64425021409988403,0,2024-04-17T00:00:00.000000Z
2024-04-17T00:00:00.000000Z,0.64128011465072632,0.64380013942718506,0.64038932323455811,0.64128011465072632,0,2024-04-18T00:00:00.000000Z
2024-04-18T00:00:00.000000Z,0.64398133754730225,0.64579999446868896,0.64265000820159912,0.64398133754730225,0,2024-04-19T00:00:00.000000Z
2024-04-19T00:00:00.000000Z,0.64246994256973267,0.64317989349365234,0.63655996322631836,0.64246994256973267,0,2024-04-20T00:00:00.000000Z
2024-04-22T00:00:00.000000Z,0.64256203174591064,0.64549028873443604,0.64250999689102173,0.64259916543960571,0,2024-04-23T00:00:00.000000Z
2024-04-23T00:00:00.000000Z,0.6452862024307251,0.64909780025482178,0.64412987232208252,0.6452862024307251,0,2024-04-24T00:00:00.000000Z
2024-04-24T00:00:00.000000Z,0.64889013767242432,0.65290004014968872,0.64834994077682495,0.64889013767242432,0,2024-04-25T00:00:00.000000Z
2024-04-25T00:00:00.000000Z,0.64969992637634277,0.65359985828399658,0.64864009618759155,0.64969992637634277,0,2024-04-26T00:00:00.000000Z
2024-04-26T00:00:00.000000Z,0.65231996774673462,0.65547984838485718,0.65179997682571411,0.65231996774673462,0,2024-04-27T00:00:00.000000Z
2024-04-29T00:00:00.000000Z,0.65413987636566162,0.65871810913085938,0.65369987487792969,0.65413987636566162,0,2024-04-30T00:00:00.000000Z
2024-04-30T00:00:00.000000Z,0.65618991851806641,0.65660011768341064,0.6486809253692627,0.65618991851806641,0,2024-05-01T00:00:00.000000Z
2024-05-01T00:00:00.000000Z,0.64780014753341675,0.64972996711730957,0.64663982391357422,0.64780014753341675,0,2024-05-02T00:00:00.000000Z
2024-05-02T00:00:00.000000Z,0.653190016746521,0.65481019020080566,0.65165978670120239,0.653190016746521,0,2024-05-03T00:00:00.000000Z
2024-05-03T00:00:00.000000Z,0.65713989734649658,0.66508996486663818,0.65650010108947754,0.65713989734649658,0,2024-05-04T00:00:00.000000Z
2024-05-06T00:00:00.000000Z,0.66090798377990723,0.6637999415397644,0.6605800986289978,0.66090798377990723,0,2024-05-07T00:00:00.000000Z
2024-05-07T00:00:00.000000Z,0.6623920202255249,0.6641998291015625,0.65871989727020264,0.6623920202255249,0,2024-05-08T00:00:00.000000Z
2024-05-08T00:00:00.000000Z,0.65891999006271362,0.65941309928894043,0.65585982799530029,0.65891999006271362,0,2024-05-09T00:00:00.000000Z
2024-05-09T00:00:00.000000Z,0.65768009424209595,0.66120988130569458,0.65659016370773315,0.65768009424209595,0,2024-05-10T00:00:00.000000Z
2024-05-10T00:00:00.000000Z,0.66209989786148071,0.66270989179611206,0.65968024730682373,0.66209989786148071,0,2024-05-11T00:00:00.000000Z
2024-05-13T00:00:00.000000Z,0.66010087728500366,0.66308599710464478,0.65863007307052612,0.66010087728500366,0,2024-05-14T00:00:00.000000Z
2024-05-14T00:00:00.000000Z,0.66128820180892944,0.66291016340255737,0.65930008888244629,0.66128820180892944,0,2024-05-15T00:00:00.000000Z
2024-05-15T00:00:00.000000Z,0.66260272264480591,0.66866999864578247,0.66242009401321411,0.66260272264480591,0,2024-05-16T00:00:00.000000Z
2024-05-16T00:00:00.000000Z,0.67010653018951416,0.67146992683410645,0.6654701828956604,0.67010653018951416,0,2024-05-17T00:00:00.000000Z
2024-05-17T00:00:00.000000Z,0.66831517219543457,0.66915011405944824,0.66488921642303467,0.66831517219543457,0,2024-05-18T00:00:00.000000Z
2024-05-20T00:00:00.000000Z,0.6700705885887146,0.67109590768814087,0.66627979278564453,0.6700705885887146,0,2024-05-21T00:00:00.000000Z
2024-05-21T00:00:00.000000Z,0.66720932722091675,0.6679999828338623,0.66473978757858276,0.66720932722091675,0,2024-05-22T00:00:00.000000Z
2024-05-22T00:00:00.000000Z,0.6667097806930542,0.66848939657211304,0.66333013772964478,0.6667097806930542,0,2024-05-23T00:00:00.000000Z
2024-05-23T00:00:00.000000Z,0.6619185209274292,0.66586011648178101,0.6615944504737854,0.6619185209274292,0,2024-05-24T00:00:00.000000Z
2024-05-24T00:00:00.000000Z,0.66014879941940308,0.66361403465270996,0.65932011604309082,0.66014879941940308,0,2024-05-25T00:00:00.000000Z
2024-05-27T00:00:00.000000Z,0.66240078210830688,0.66619992256164551,0.66230863332748413,0.66240078210830688,0,2024-05-28T00:00:00.000000Z
2024-05-28T00:00:00.000000Z,0.66556179523468018,0.6680026650428772,0.66534000635147095,0.66556179523468018,0,2024-05-29T00:00:00.000000Z
2024-05-29T00:00:00.000000Z,0.66479992866516113,0.66630017757415771,0.66153013706207275,0.66479992866516113,0,2024-05-30T00:00:00.000000Z
2024-05-30T00:00:00.000000Z,0.66136997938156128,0.66489362716674805,0.65912020206451416,0.66136997938156128,0,2024-05-31T00:00:00.000000Z
2024-05-31T00:00:00.000000Z,0.66303014755249023,0.66760128736495972,0.66278976202011108,0.66303014755249023,0,2024-06-01T00:00:00.000000Z
2024-06-03T00:00:00.000000Z,0.66569030284881592,0.66942024230957031,0.66333013772964478,0.66569030284881592,0,2024-06-04T00:00:00.000000Z
2024-06-04T00:00:00.000000Z,0.66900819540023804,0.66986995935440063,0.6631699800491333,0.66900819540023804,0,2024-06-05T00:00:00.000000Z
2024-06-05T00:00:00.000000Z,0.66462010145187378,0.66660004854202271,0.66269052028656006,0.66462010145187378,0,2024-06-06T00:00:00.000000Z
2024-06-06T00:00:00.000000Z,0.6657789945602417,0.66834020614624023,0.66338998079299927,0.6657789945602417,0,2024-06-07T00:00:00.000000Z
2024-06-07T00:00:00.000000Z,0.66696012020111084,0.66818118095397949,0.65815019607543945,0.66696012020111084,0,2024-06-08T00:00:00.000000Z
2024-06-10T00:00:00.000000Z,0.65827149152755737,0.66110020875930786,0.65764987468719482,0.65827149152755737,0,2024-06-11T00:00:00.000000Z
2024-06-11T00:00:00.000000Z,0.66089481115341187,0.66110020875930786,0.65890997648239136,0.66089481115341187,0,2024-06-12T00:00:00.000000Z
2024-06-12T00:00:00.000000Z,0.66076993942260742,0.6701999306678772,0.65976989269256592,0.66076993942260742,0,2024-06-13T00:00:00.000000Z
2024-06-13T00:00:00.000000Z,0.66628998517990112,0.66748100519180298,0.66326987743377686,0.66628998517990112,0,2024-06-14T00:00:00.000000Z
2024-06-14T00:00:00.000000Z,0.66331028938293457,0.66410982608795166,0.659260094165802,0.66331028938293457,0,2024-06-15T00:00:00.000000Z
2024-06-17T00:00:00.000000Z,0.66128820180892944,0.66200000047683716,0.65857023000717163,0.66128820180892944,0,2024-06-18T00:00:00.000000Z
2024-06-18T00:00:00.000000Z,0.66220778226852417,0.66565042734146118,0.66032010316848755,0.66220778226852417,0,2024-06-19T00:00:00.000000Z
2024-06-19T00:00:00.000000Z,0.66612005233764648,0.66790002584457397,0.66602993011474609,0.66612005233764648,0,2024-06-20T00:00:00.000000Z
2024-06-20T00:00:00.000000Z,0.66753000020980835,0.66790002584457397,0.66545110940933228,0.66753000020980835,0,2024-06-21T00:00:00.000000Z
2024-06-21T00:00:00.000000Z,0.66606986522674561,0.66709983348846436,0.66320914030075073,0.66606986522674561,0,2024-06-22T00:00:00.000000Z
2024-06-24T00:00:00.000000Z,0.66350001096725464,0.66678982973098755,0.6626400351524353,0.66350001096725464,0,2024-06-25T00:00:00.000000Z
2024-06-25T00:00:00.000000Z,0.66545999050140381,0.66724002361297607,0.66359996795654297,0.66545999050140381,0,2024-06-26T00:00:00.000000Z
2024-06-26T00:00:00.000000Z,0.66448009014129639,0.66909998655319214,0.66365987062454224,0.66448009014129639,0,2024-06-27T00:00:00.000000Z
2024-06-27T00:00:00.000000Z,0.66447830200195312,0.66739988327026367,0.66402828693389893,0.66447830200195312,0,2024-06-28T00:00:00.000000Z
2024-06-28T00:00:00.000000Z,0.66505992412567139,0.66847020387649536,0.66208988428115845,0.66505992412567139,0,2024-06-29T00:00:00.000000Z
2024-07-01T00:00:00.000000Z,0.6674007773399353,0.66880685091018677,0.66454017162322998,0.6674007773399353,0,2024-07-02T00:00:00.000000Z
2024-07-02T00:00:00.000000Z,0.66545999050140381,0.66713011264801025,0.66350001096725464,0.66545999050140381,0,2024-07-03T00:00:00.000000Z
2024-07-03T00:00:00.000000Z,0.66682982444763184,0.6733507513999939,0.66656976938247681,0.66682982444763184,0,2024-07-04T00:00:00.000000Z
2024-07-05T00:00:00.000000Z,0.67250853776931763,0.67482984066009521,0.67192018032073975,0.67250853776931763,0,2024-07-06T00:00:00.000000Z
2024-07-08T00:00:00.000000Z,0.6746591329574585,0.67608684301376343,0.67353987693786621,0.6746591329574585,0,2024-07-09T00:00:00.000000Z
2024-07-09T00:00:00.000000Z,0.67432022094726562,0.67489999532699585,0.67242985963821411,0.67432022094726562,0,2024-07-10T00:00:00.000000Z
2024-07-10T00:00:00.000000Z,0.67414969205856323,0.67531061172485352,0.67331999540328979,0.67414969205856323,0,2024-07-11T00:00:00.000000Z
2024-07-11T00:00:00.000000Z,0.67517977952957153,0.67986047267913818,0.67475926876068115,0.67517977952957153,0,2024-07-12T00:00:00.000000Z
2024-07-12T00:00:00.000000Z,0.6768500804901123,0.67939996719360352,0.67545980215072632,0.6768500804901123,0,2024-07-13T00:00:00.000000Z
2024-07-15T00:00:00.000000Z,0.6771998405456543,0.67911714315414429,0.67632001638412476,0.6771998405456543,0,2024-07-16T00:00:00.000000Z
2024-07-17T00:00:00.000000Z,0.67319983243942261,0.67569988965988159,0.6724700927734375,0.67319983243942261,0,2024-07-18T00:00:00.000000Z
2024-07-18T00:00:00.000000Z,0.67306977510452271,0.67439979314804077,0.67162007093429565,0.67306977510452271,0,2024-07-19T00:00:00.000000Z
2024-07-19T00:00:00.000000Z,0.67055004835128784,0.67080014944076538,0.66842997074127197,0.67055004835128784,0,2024-07-20T00:00:00.000000Z
2024-07-23T00:00:00.000000Z,0.66401058435440063,0.66454017162322998,0.66118985414505005,0.66401058435440063,0,2024-07-24T00:00:00.000000Z
2024-07-24T00:00:00.000000Z,0.66120946407318115,0.66141945123672485,0.65844011306762695,0.66120946407318115,0,2024-07-25T00:00:00.000000Z
2024-07-25T00:00:00.000000Z,0.65747988224029541,0.65759187936782837,0.65200018882751465,0.65747988224029541,0,2024-07-26T00:00:00.000000Z
2024-07-26T00:00:00.000000Z,0.65429997444152832,0.65717011690139771,0.65402990579605103,0.65429997444152832,0,2024-07-27T00:00:00.000000Z
2024-07-29T00:00:00.000000Z,0.65549999475479126,0.65698707103729248,0.65246039628982544,0.65549999475479126,0,2024-07-30T00:00:00.000000Z
2024-07-30T00:00:00.000000Z,0.65514057874679565,0.65630018711090088,0.65299981832504272,0.65514057874679565,0,2024-07-31T00:00:00.000000Z
2024-07-31T00:00:00.000000Z,0.65415018796920776,0.65421992540359497,0.64803016185760498,0.65415018796920776,0,2024-08-01T00:00:00.000000Z
2024-08-01T00:00:00.000000Z,0.65470010042190552,0.65599018335342407,0.65147006511688232,0.65470010042190552,0,2024-08-02T00:00:00.000000Z
2024-08-02T00:00:00.000000Z,0.64948982000350952,0.65476006269454956,0.64877009391784668,0.64948982000350952,0,2024-08-03T00:00:00.000000Z
2024-08-05T00:00:00.000000Z,0.64972192049026489,0.65108829736709595,0.63654935359954834,0.64972192049026489,0,2024-08-06T00:00:00.000000Z
2024-08-06T00:00:00.000000Z,0.65154987573623657,0.65397089719772339,0.64750063419342041,0.65154987573623657,0,2024-08-07T00:00:00.000000Z
2024-08-07T00:00:00.000000Z,0.6515001654624939,0.65751838684082031,0.65134996175765991,0.6515001654624939,0,2024-08-08T00:00:00.000000Z
2024-08-08T00:00:00.000000Z,0.65159738063812256,0.65820002555847168,0.65127915143966675,0.65159738063812256,0,2024-08-09T00:00:00.000000Z
2024-08-09T00:00:00.000000Z,0.65920013189315796,0.66072016954421997,0.6567501425743103,0.65920013189315796,0,2024-08-10T00:00:00.000000Z
2024-08-13T00:00:00.000000Z,0.65853160619735718,0.66166007518768311,0.65797001123428345,0.65853160619735718,0,2024-08-14T00:00:00.000000Z
2024-08-14T00:00:00.000000Z,0.66385984420776367,0.66440767049789429,0.66095995903015137,0.66385984420776367,0,2024-08-15T00:00:00.000000Z
2024-08-15T00:00:00.000000Z,0.66000068187713623,0.66382020711898804,0.65753006935119629,0.66000068187713623,0,2024-08-16T00:00:00.000000Z
2024-08-16T00:00:00.000000Z,0.66124886274337769,0.6649201512336731,0.66109013557434082,0.66124886274337769,0,2024-08-17T00:00:00.000000Z
2024-08-20T00:00:00.000000Z,0.67353218793869019,0.67479979991912842,0.67139780521392822,0.67353218793869019,0,2024-08-21T00:00:00.000000Z
2024-08-21T00:00:00.000000Z,0.67472743988037109,0.67569988965988159,0.67329001426696777,0.67472743988037109,0,2024-08-22T00:00:00.000000Z
2024-08-22T00:00:00.000000Z,0.67497014999389648,0.67540186643600464,0.67003023624420166,0.67497014999389648,0,2024-08-23T00:00:00.000000Z
2024-08-23T00:00:00.000000Z,0.67081993818283081,0.67914944887161255,0.67058020830154419,0.67081993818283081,0,2024-08-24T00:00:00.000000Z
2024-08-26T00:00:00.000000Z,0.67878061532974243,0.67970019578933716,0.67669987678527832,0.67878061532974243,0,2024-08-27T00:00:00.000000Z
2024-08-27T00:00:00.000000Z,0.67729109525680542,0.67920017242431641,0.67622852325439453,0.67729109525680542,0,2024-08-28T00:00:00.000000Z
2024-08-28T00:00:00.000000Z,0.67878985404968262,0.68123143911361694,0.67709988355636597,0.67878985404968262,0,2024-08-29T00:00:00.000000Z
2024-08-30T00:00:00.000000Z,0.67958003282546997,0.68164002895355225,0.6758798360824585,0.67958003282546997,0,2024-08-31T00:00:00.000000Z
2024-09-02T00:00:00.000000Z,0.6768001914024353,0.67947012186050415,0.6758081316947937,0.6768001914024353,0,2024-09-03T00:00:00.000000Z
2024-09-03T00:00:00.000000Z,0.67872995138168335,0.67939996719360352,0.67131978273391724,0.67872995138168335,0,2024-09-04T00:00:00.000000Z
2024-09-04T00:00:00.000000Z,0.67140007019042969,0.67480939626693726,0.66874021291732788,0.67140007019042969,0,2024-09-05T00:00:00.000000Z
2024-09-05T00:00:00.000000Z,0.6716187596321106,0.67408156394958496,0.67142975330352783,0.6716187596321106,0,2024-09-06T00:00:00.000000Z
2024-09-06T00:00:00.000000Z,0.67405021190643311,0.67660832405090332,0.66732996702194214,0.67405021190643311,0,2024-09-07T00:00:00.000000Z
2024-09-09T00:00:00.000000Z,0.66708022356033325,0.66889631748199463,0.66480964422225952,0.66708022356033325,0,2024-09-10T00:00:00.000000Z
2024-09-10T00:00:00.000000Z,0.66578787565231323,0.66764140129089355,0.66416984796524048,0.66578787565231323,0,2024-09-11T00:00:00.000000Z
2024-09-11T00:00:00.000000Z,0.66532981395721436,0.66751217842102051,0.66229993104934692,0.66532981395721436,0,2024-09-12T00:00:00.000000Z
2024-09-12T00:00:00.000000Z,0.66769981384277344,0.67000013589859009,0.66608983278274536,0.66769981384277344,0,2024-09-13T00:00:00.000000Z
2024-09-13T00:00:00.000000Z,0.67268991470336914,0.67330998182296753,0.66925895214080811,0.67268991470336914,0,2024-09-14T00:00:00.000000Z
2024-09-16T00:00:00.000000Z,0.67137974500656128,0.67490047216415405,0.67066019773483276,0.67137974500656128,0,2024-09-17T00:00:00.000000Z
2024-09-17T00:00:00.000000Z,0.6751897931098938,0.67699992656707764,0.67420017719268799,0.6751897931098938,0,2024-09-18T00:00:00.000000Z
2024-09-18T00:00:00.000000Z,0.67626965045928955,0.67900002002716064,0.67503982782363892,0.67626965045928955,0,2024-09-19T00:00:00.000000Z
2024-09-19T00:00:00.000000Z,0.67636984586715698,0.68400013446807861,0.67409014701843262,0.67636984586715698,0,2024-09-20T00:00:00.000000Z
2024-09-20T00:00:00.000000Z,0.68095767498016357,0.68310678005218506,0.67833995819091797,0.68095767498016357,0,2024-09-21T00:00:00.000000Z
2024-09-23T00:00:00.000000Z,0.68099939823150635,0.68536007404327393,0.68016982078552246,0.68099939823150635,0,2024-09-24T00:00:00.000000Z
2024-09-24T00:00:00.000000Z,0.68341022729873657,0.68780004978179932,0.68155175447463989,0.68341022729873657,0,2024-09-25T00:00:00.000000Z
2024-09-25T00:00:00.000000Z,0.69054001569747925,0.6908000111579895,0.68349993228912354,0.69054001569747925,0,2024-09-26T00:00:00.000000Z
2024-09-26T00:00:00.000000Z,0.6821599006652832,0.69054001569747925,0.68191987276077271,0.6821599006652832,0,2024-09-27T00:00:00.000000Z
2024-09-27T00:00:00.000000Z,0.68928009271621704,0.69389992952346802,0.68688869476318359,0.68928009271621704,0,2024-09-28T00:00:00.000000Z
2024-09-30T00:00:00.000000Z,0.69187873601913452,0.69410991668701172,0.6914098858833313,0.69187873601913452,0,2024-10-01T00:00:00.000000Z
2024-10-01T00:00:00.000000Z,0.69158017635345459,0.69343990087509155,0.68722999095916748,0.69158017635345459,0,2024-10-02T00:00:00.000000Z
2024-10-02T00:00:00.000000Z,0.68799924850463867,0.69159018993377686,0.68755978345870972,0.68799924850463867,0,2024-10-03T00:00:00.000000Z
2024-10-03T00:00:00.000000Z,0.68870997428894043,0.68880009651184082,0.68309974670410156,0.68870997428894043,0,2024-10-04T00:00:00.000000Z
2024-10-04T00:00:00.000000Z,0.68503004312515259,0.68519997596740723,0.6788400411605835,0.68503004312515259,0,2024-10-05T00:00:00.000000Z
2024-10-07T00:00:00.000000Z,0.68005925416946411,0.68119889497756958,0.67588984966278076,0.68005925416946411,0,2024-10-08T00:00:00.000000Z
2024-10-08T00:00:00.000000Z,0.67559993267059326,0.67700225114822388,0.6718299388885498,0.67559993267059326,0,2024-10-09T00:00:00.000000Z
2024-10-09T00:00:00.000000Z,0.67395979166030884,0.67605984210968018,0.67082983255386353,0.67395979166030884,0,2024-10-10T00:00:00.000000Z
2024-10-10T00:00:00.000000Z,0.67174011468887329,0.67417019605636597,0.67135989665985107,0.67174011468887329,0,2024-10-11T00:00:00.000000Z
2024-10-11T00:00:00.000000Z,0.67409974336624146,0.6758798360824585,0.67251980304718018,0.67409974336624146,0,2024-10-12T00:00:00.000000Z
2024-10-14T00:00:00.000000Z,0.67311054468154907,0.67459994554519653,0.67026013135910034,0.67311054468154907,0,2024-10-15T00:00:00.000000Z
2024-10-15T00:00:00.000000Z,0.6725999116897583,0.67330998182296753,0.6702498197555542,0.6725999116897583,0,2024-10-16T00:00:00.000000Z
2024-10-16T00:00:00.000000Z,0.66820800304412842,0.67010653018951416,0.66597002744674683,0.66820800304412842,0,2024-10-17T00:00:00.000000Z
2024-10-17T00:00:00.000000Z,0.66648894548416138,0.6710999608039856,0.66644901037216187,0.66648894548416138,0,2024-10-18T00:00:00.000000Z
2024-10-18T00:00:00.000000Z,0.66997188329696655,0.67194998264312744,0.66946995258331299,0.66997188329696655,0,2024-10-19T00:00:00.000000Z
2024-10-21T00:00:00.000000Z,0.67168188095092773,0.67232000827789307,0.66561985015869141,0.67168188095092773,0,2024-10-22T00:00:00.000000Z
2024-10-22T00:00:00.000000Z,0.66530942916870117,0.66946005821228027,0.66515898704528809,0.66530942916870117,0,2024-10-23T00:00:00.000000Z
2024-10-23T00:00:00.000000Z,0.66859978437423706,0.6693001389503479,0.66287940740585327,0.66859978437423706,0,2024-10-24T00:00:00.000000Z
2024-10-24T00:00:00.000000Z,0.66359996795654297,0.66617816686630249,0.66233015060424805,0.66359996795654297,0,2024-10-25T00:00:00.000000Z
2024-10-25T00:00:00.000000Z,0.66370213031768799,0.66470003128051758,0.66197019815444946,0.66370213031768799,0,2024-10-26T00:00:00.000000Z
2024-10-28T00:00:00.000000Z,0.66034060716629028,0.66111332178115845,0.65801161527633667,0.66034060716629028,0,2024-10-29T00:00:00.000000Z
2024-10-29T00:00:00.000000Z,0.65826719999313354,0.6586000919342041,0.6545899510383606,0.65826719999313354,0,2024-10-30T00:00:00.000000Z
2024-10-30T00:00:00.000000Z,0.65630018711090088,0.65954011678695679,0.6537400484085083,0.65630018711090088,0,2024-10-31T00:00:00.000000Z
2024-10-31T00:00:00.000000Z,0.6572798490524292,0.65799993276596069,0.65404790639877319,0.6572798490524292,0,2024-11-01T00:00:00.000000Z
2024-11-01T00:00:00.000000Z,0.65768009424209595,0.65908020734786987,0.65575015544891357,0.65768009424209595,0,2024-11-02T00:00:00.000000Z
2024-11-04T00:00:00.000000Z,0.65919142961502075,0.66190099716186523,0.65807008743286133,0.65919142961502075,0,2024-11-05T00:00:00.000000Z
2024-11-05T00:00:00.000000Z,0.65841019153594971,0.66429996490478516,0.65799993276596069,0.65841019153594971,0,2024-11-06T00:00:00.000000Z
2024-11-06T00:00:00.000000Z,0.66414999961853027,0.66425985097885132,0.65152096748352051,0.66414999961853027,0,2024-11-07T00:00:00.000000Z
2024-11-07T00:00:00.000000Z,0.65670013427734375,0.66878896951675415,0.65649968385696411,0.65670013427734375,0,2024-11-08T00:00:00.000000Z
2024-11-08T00:00:00.000000Z,0.66768151521682739,0.66769981384277344,0.65710020065307617,0.66768151521682739,0,2024-11-09T00:00:00.000000Z
2024-11-11T00:00:00.000000Z,0.65845787525177002,0.65979987382888794,0.65662896633148193,0.65845787525177002,0,2024-11-12T00:00:00.000000Z
2024-11-12T00:00:00.000000Z,0.65776056051254272,0.65789997577667236,0.65214979648590088,0.65776056051254272,0,2024-11-13T00:00:00.000000Z
2024-11-13T00:00:00.000000Z,0.65294015407562256,0.65438175201416016,0.64817005395889282,0.65294015407562256,0,2024-11-14T00:00:00.000000Z
2024-11-14T00:00:00.000000Z,0.64927053451538086,0.64980006217956543,0.64536988735198975,0.64927053451538086,0,2024-11-15T00:00:00.000000Z
2024-11-15T00:00:00.000000Z,0.64554983377456665,0.64824986457824707,0.64440006017684937,0.64554983377456665,0,2024-11-16T00:00:00.000000Z
2024-11-18T00:00:00.000000Z,0.64634138345718384,0.64989924430847168,0.64485007524490356,0.64634138345718384,0,2024-11-19T00:00:00.000000Z
2024-11-19T00:00:00.000000Z,0.65059018135070801,0.65268999338150024,0.6483999490737915,0.65059018135070801,0,2024-11-20T00:00:00.000000Z
2024-11-20T00:00:00.000000Z,0.65415018796920776,0.65460020303726196,0.64851009845733643,0.65415018796920776,0,2024-11-21T00:00:00.000000Z
2024-11-21T00:00:00.000000Z,0.65139997005462646,0.65349990129470825,0.64993983507156372,0.65139997005462646,0,2024-11-22T00:00:00.000000Z
2024-11-22T00:00:00.000000Z,0.65102893114089966,0.65218806266784668,0.64743983745574951,0.65102893114089966,0,2024-11-23T00:00:00.000000Z
2024-11-25T00:00:00.000000Z,0.65398800373077393,0.65493029356002808,0.64876925945281982,0.65398800373077393,0,2024-11-26T00:00:00.000000Z
2024-11-26T00:00:00.000000Z,0.64637982845306396,0.65070998668670654,0.6435200572013855,0.64637982845306396,0,2024-11-27T00:00:00.000000Z
2024-11-27T00:00:00.000000Z,0.64751738309860229,0.64993983507156372,0.64657998085021973,0.64751738309860229,0,2024-11-28T00:00:00.000000Z
2024-11-28T00:00:00.000000Z,0.64972192049026489,0.65090984106063843,0.64784878492355347,0.64972192049026489,0,2024-11-29T00:00:00.000000Z
2024-11-29T00:00:00.000000Z,0.65074002742767334,0.65271002054214478,0.64971011877059937,0.65074002742767334,0,2024-11-30T00:00:00.000000Z
2024-12-02T00:00:00.000000Z,0.650199294090271,0.65108829736709595,0.6443602442741394,0.65024155378341675,0,2024-12-03T00:00:00.000000Z
2024-12-03T00:00:00.000000Z,0.64752161502838135,0.65045982599258423,0.64574998617172241,0.64753001928329468,0,2024-12-04T00:00:00.000000Z
2024-12-04T00:00:00.000000Z,0.64852988719940186,0.64901351928710938,0.64009010791778564,0.64855045080184937,0,2024-12-05T00:00:00.000000Z
2024-12-05T00:00:00.000000Z,0.64318978786468506,0.64529991149902344,0.64226901531219482,0.64329367876052856,0,2024-12-06T00:00:00.000000Z
2024-12-06T00:00:00.000000Z,0.6450197696685791,0.6450197696685791,0.63796019554138184,0.64498984813690186,0,2024-12-07T00:00:00.000000Z
2024-12-09T00:00:00.000000Z,0.63970112800598145,0.64720016717910767,0.6380806565284729,0.63999181985855103,0,2024-12-10T00:00:00.000000Z
2024-12-10T00:00:00.000000Z,0.64372849464416504,0.64391499757766724,0.63661020994186401,0.643790602684021,0,2024-12-11T00:00:00.000000Z
2024-12-11T00:00:00.000000Z,0.6375700831413269,0.63894093036651611,0.63377982378005981,0.63760018348693848,0,2024-12-12T00:00:00.000000Z
2024-12-12T00:00:00.000000Z,0.63832014799118042,0.64293795824050903,0.63688993453979492,0.63839024305343628,0,2024-12-13T00:00:00.000000Z
2024-12-13T00:00:00.000000Z,0.63691997528076172,0.63830018043518066,0.63524007797241211,0.63750016689300537,0,2024-12-14T00:00:00.000000Z
2024-12-16T00:00:00.000000Z,0.63682913780212402,0.63849985599517822,0.63465064764022827,0.63671153783798218,0,2024-12-17T00:00:00.000000Z
2024-12-17T00:00:00.000000Z,0.63767987489700317,0.63810020685195923,0.63330984115600586,0.63764005899429321,0,2024-12-18T00:00:00.000000Z
2024-12-19T00:00:00.000000Z,0.62081992626190186,0.62653112411499023,0.62013965845108032,0.62061995267868042,0,2024-12-20T00:00:00.000000Z
2024-12-20T00:00:00.000000Z,0.62329995632171631,0.62673133611679077,0.62153995037078857,0.62339979410171509,0,2024-12-21T00:00:00.000000Z
2024-12-23T00:00:00.000000Z,0.62541043758392334,0.62660562992095947,0.62198996543884277,0.6252892017364502,0,2024-12-24T00:00:00.000000Z
2024-12-24T00:00:00.000000Z,0.62437993288040161,0.62493753433227539,0.62250995635986328,0.6244925856590271,0,2024-12-25T00:00:00.000000Z
2024-12-25T00:00:00.000000Z,0.62400007247924805,0.66473978757858276,0.62301415205001831,0.62390816211700439,0,2024-12-26T00:00:00.000000Z
2024-12-26T00:00:00.000000Z,0.6245998740196228,0.62560021877288818,0.62162995338439941,0.62445747852325439,0,2024-12-27T00:00:00.000000Z
2024-12-27T00:00:00.000000Z,0.62237048149108887,0.62269991636276245,0.62013000249862671,0.62230074405670166,0,2024-12-28T00:00:00.000000Z
2024-12-30T00:00:00.000000Z,0.62240922451019287,0.6246599555015564,0.62031006813049316,0.62250995635986328,0,2024-12-31T00:00:00.000000Z
2024-12-31T00:00:00.000000Z,0.62186002731323242,0.62320828437805176,0.61822003126144409,0.62199997901916504,0,2025-01-01T00:00:00.000000Z
2025-01-02T00:00:00.000000Z,0.61960017681121826,0.62227022647857666,0.61888080835342407,0.61942017078399658,0,2025-01-03T00:00:00.000000Z
2025-01-03T00:00:00.000000Z,0.62017041444778442,0.62252157926559448,0.61983984708786011,0.62008005380630493,0,2025-01-04T00:00:00.000000Z
2025-01-06T00:00:00.000000Z,0.62211883068084717,0.63015979528427124,0.62194859981536865,0.62201046943664551,0,2025-01-07T00:00:00.000000Z
2025-01-07T00:00:00.000000Z,0.62384980916976929,0.62875014543533325,0.62378984689712524,0.62391012907028198,0,2025-01-08T00:00:00.000000Z
2025-01-08T00:00:00.000000Z,0.62346082925796509,0.62430000305175781,0.6188199520111084,0.62349194288253784,0,2025-01-09T00:00:00.000000Z
2025-01-09T00:00:00.000000Z,0.62121832370758057,0.62131094932556152,0.61729991436004639,0.62116044759750366,0,2025-01-10T00:00:00.000000Z
2025-01-10T00:00:00.000000Z,0.61920005083084106,0.62090015411376953,0.6141698956489563,0.61897009611129761,0,2025-01-11T00:00:00.000000Z
2025-01-13T00:00:00.000000Z,0.61541867256164551,0.61640006303787231,0.61322981119155884,0.61549824476242065,0,2025-01-14T00:00:00.000000Z
2025-01-14T00:00:00.000000Z,0.61909151077270508,0.62068009376525879,0.61683088541030884,0.61921000480651855,0,2025-01-15T00:00:00.000000Z
2025-01-15T00:00:00.000000Z,0.61912989616394043,0.62464982271194458,0.61820018291473389,0.61916053295135498,0,2025-01-16T00:00:00.000000Z
2025-01-16T00:00:00.000000Z,0.62371361255645752,0.62422984838485718,0.61936992406845093,0.62354010343551636,0,2025-01-17T00:00:00.000000Z
2025-01-17T00:00:00.000000Z,0.6209714412689209,0.62264984846115112,0.61650002002716064,0.62103009223937988,0,2025-01-18T00:00:00.000000Z
2025-01-21T00:00:00.000000Z,0.62812018394470215,0.62886005640029907,0.62112998962402344,0.62810003757476807,0,2025-01-22T00:00:00.000000Z
2025-01-22T00:00:00.000000Z,0.62638980150222778,0.6295698881149292,0.62541002035140991,0.62620151042938232,0,2025-01-23T00:00:00.000000Z
2025-01-23T00:00:00.000000Z,0.6273682713508606,0.62938004732131958,0.62560021877288818,0.62750023603439331,0,2025-01-24T00:00:00.000000Z
2025-01-24T00:00:00.000000Z,0.6283499002456665,0.63330018520355225,0.62793010473251343,0.62832623720169067,0,2025-01-25T00:00:00.000000Z
2025-01-27T00:00:00.000000Z,0.6294097900390625,0.63069993257522583,0.62759983539581299,0.62929099798202515,0,2025-01-28T00:00:00.000000Z
2025-01-28T00:00:00.000000Z,0.62594008445739746,0.62751001119613647,0.62383806705474854,0.62637996673583984,0,2025-01-29T00:00:00.000000Z
2025-01-29T00:00:00.000000Z,0.62525010108947754,0.62569999694824219,0.62109875679016113,0.62545734643936157,0,2025-01-30T00:00:00.000000Z
2025-01-30T00:00:00.000000Z,0.62393152713775635,0.6245998740196228,0.62158012390136719,0.62397825717926025,0,2025-01-31T00:00:00.000000Z
2025-01-31T00:00:00.000000Z,0.62141132354736328,0.62434989213943481,0.62060147523880005,0.62150019407272339,0,2025-02-01T00:00:00.000000Z
2025-02-03T00:00:00.000000Z,0.61422044038772583,0.6196516752243042,0.60889995098114014,0.61442047357559204,0,2025-02-04T00:00:00.000000Z
2025-02-04T00:00:00.000000Z,0.62189054489135742,0.62597024440765381,0.61713993549346924,0.62173974514007568,0,2025-02-05T00:00:00.000000Z
2025-02-05T00:00:00.000000Z,0.6251484751701355,0.62965154647827148,0.62404990196228027,0.62510937452316284,0,2025-02-06T00:00:00.000000Z
2025-02-06T00:00:00.000000Z,0.62861448526382446,0.6287999153137207,0.62557005882263184,0.62854737043380737,0,2025-02-07T00:00:00.000000Z
2025-02-07T00:00:00.000000Z,0.62818014621734619,0.63009989261627197,0.6259499192237854,0.62818014621734619,0,2025-02-08T00:00:00.000000Z
2025-02-10T00:00:00.000000Z,0.62589186429977417,0.62889999151229858,0.62530875205993652,0.62588989734649658,0,2025-02-11T00:00:00.000000Z
2025-02-11T00:00:00.000000Z,0.62713617086410522,0.6296800971031189,0.62611019611358643,0.62712830305099487,0,2025-02-12T00:00:00.000000Z
2025-02-12T00:00:00.000000Z,0.62975066900253296,0.63099443912506104,0.62368983030319214,0.629830002784729,0,2025-02-13T00:00:00.000000Z
2025-02-13T00:00:00.000000Z,0.62827885150909424,0.63039779663085938,0.62551999092102051,0.62829858064651489,0,2025-02-14T00:00:00.000000Z
2025-02-14T00:00:00.000000Z,0.63175982236862183,0.63673990964889526,0.63118165731430054,0.63169199228286743,0,2025-02-15T00:00:00.000000Z
2025-02-17T00:00:00.000000Z,0.6356390118598938,0.63770020008087158,0.63542896509170532,0.6356511116027832,0,2025-02-18T00:00:00.000000Z
2025-02-18T00:00:00.000000Z,0.63590013980865479,0.63649994134902954,0.63372963666915894,0.63561075925827026,0,2025-02-19T00:00:00.000000Z
2025-02-19T00:00:00.000000Z,0.63550001382827759,0.63699984550476074,0.63391000032424927,0.63531190156936646,0,2025-02-20T00:00:00.000000Z
2025-02-20T00:00:00.000000Z,0.6341596245765686,0.63969987630844116,0.63299953937530518,0.63412749767303467,0,2025-02-21T00:00:00.000000Z
2025-02-21T00:00:00.000000Z,0.64061498641967773,0.64070981740951538,0.63707005977630615,0.64040988683700562,0,2025-02-22T00:00:00.000000Z
2025-02-24T00:00:00.000000Z,0.63693052530288696,0.63918185234069824,0.63447993993759155,0.63703197240829468,0,2025-02-25T00:00:00.000000Z
2025-02-25T00:00:00.000000Z,0.6339988112449646,0.63580870628356934,0.63262993097305298,0.63380998373031616,0,2025-02-26T00:00:00.000000Z
2025-02-26T00:00:00.000000Z,0.63519895076751709,0.63533616065979004,0.63002997636795044,0.63528770208358765,0,2025-02-27T00:00:00.000000Z
2025-02-27T00:00:00.000000Z,0.63089889287948608,0.63129997253417969,0.62506014108657837,0.63107806444168091,0,2025-02-28T00:00:00.000000Z
2025-02-28T00:00:00.000000Z,0.62325876951217651,0.62383806705474854,0.62075942754745483,0.62321990728378296,0,2025-03-01T00:00:00.000000Z
2025-03-03T00:00:00.000000Z,0.62201821804046631,0.62510937452316284,0.62092131376266479,0.62206852436065674,0,2025-03-04T00:00:00.000000Z
2025-03-04T00:00:00.000000Z,0.62160062789916992,0.62437015771865845,0.61883103847503662,0.62158125638961792,0,2025-03-05T00:00:00.000000Z
2025-03-05T00:00:00.000000Z,0.62677848339080811,0.63215118646621704,0.62350982427597046,0.62699854373931885,0,2025-03-06T00:00:00.000000Z
2025-03-06T00:00:00.000000Z,0.63374972343444824,0.63605988025665283,0.6323590874671936,0.63380998373031616,0,2025-03-07T00:00:00.000000Z
2025-03-07T00:00:00.000000Z,0.63319188356399536,0.633899986743927,0.62843996286392212,0.63322800397872925,0,2025-03-08T00:00:00.000000Z
2025-03-10T00:00:00.000000Z,0.63029050827026367,0.63311177492141724,0.63011175394058228,0.63038980960845947,0,2025-03-11T00:00:00.000000Z
2025-03-11T00:00:00.000000Z,0.62810122966766357,0.62979984283447266,0.6260799765586853,0.62795138359069824,0,2025-03-12T00:00:00.000000Z
2025-03-12T00:00:00.000000Z,0.62965154647827148,0.63211005926132202,0.62774991989135742,0.62952864170074463,0,2025-03-13T00:00:00.000000Z
2025-03-13T00:00:00.000000Z,0.63291937112808228,0.63359993696212769,0.62696987390518188,0.6327592134475708,0,2025-03-14T00:00:00.000000Z
2025-03-14T00:00:00.000000Z,0.62866193056106567,0.63280004262924194,0.6278882622718811,0.62874102592468262,0,2025-03-15T00:00:00.000000Z
2025-03-17T00:00:00.000000Z,0.63257110118865967,0.63759243488311768,0.63219916820526123,0.63261914253234863,0,2025-03-18T00:00:00.000000Z
2025-03-18T00:00:00.000000Z,0.63823950290679932,0.6391981840133667,0.6345100998878479,0.63819873332977295,0,2025-03-19T00:00:00.000000Z
2025-03-19T00:00:00.000000Z,0.63616061210632324,0.63690215349197388,0.63218998908996582,0.63612020015716553,0,2025-03-20T00:00:00.000000Z
2025-03-21T00:00:00.000000Z,0.630318284034729,0.63069993257522583,0.62604981660842896,0.63038980960845947,0,2025-03-22T00:00:00.000000Z
2025-03-24T00:00:00.000000Z,0.62885963916778564,0.63051706552505493,0.62729984521865845,0.62883192300796509,0,2025-03-25T00:00:00.000000Z
2025-03-25T00:00:00.000000Z,0.6286817193031311,0.63253104686737061,0.62790995836257935,0.62859082221984863,0,2025-03-26T00:00:00.000000Z
2025-03-26T00:00:00.000000Z,0.63079982995986938,0.63319993019104004,0.6283380389213562,0.63090008497238159,0,2025-03-27T00:00:00.000000Z
2025-03-27T00:00:00.000000Z,0.6286698579788208,0.63210004568099976,0.6286698579788208,0.62870150804519653,0,2025-03-28T00:00:00.000000Z
2025-03-28T00:00:00.000000Z,0.63009989261627197,0.6311800479888916,0.62812018394470215,0.63015943765640259,0,2025-03-29T00:00:00.000000Z
2025-03-31T00:00:00.000000Z,0.62825119495391846,0.63004028797149658,0.62191992998123169,0.62829071283340454,0,2025-04-01T00:00:00.000000Z
2025-04-01T00:00:00.000000Z,0.62404054403305054,0.62823933362960815,0.62325990200042725,0.62418854236602783,0,2025-04-02T00:00:00.000000Z
2025-04-02T00:00:00.000000Z,0.62887150049209595,0.63171195983886719,0.62734979391098022,0.62895846366882324,0,2025-04-03T00:00:00.000000Z
2025-04-03T00:00:00.000000Z,0.62640941143035889,0.63867974281311035,0.62577986717224121,0.62646985054016113,0,2025-04-04T00:00:00.000000Z
2025-04-04T00:00:00.000000Z,0.63263911008834839,0.6331518292427063,0.6014784574508667,0.63235104084014893,0,2025-04-05T00:00:00.000000Z
2025-04-07T00:00:00.000000Z,0.59970015287399292,0.61140990257263184,0.59590846300125122,0.5987701416015625,0,2025-04-08T00:00:00.000000Z
2025-04-08T00:00:00.000000Z,0.59926170110702515,0.60844016075134277,0.59832984209060669,0.59976130723953247,0,2025-04-09T00:00:00.000000Z
2025-04-09T00:00:00.000000Z,0.59550005197525024,0.60586011409759521,0.59230828285217285,0.59552878141403198,0,2025-04-10T00:00:00.000000Z
2025-04-10T00:00:00.000000Z,0.613700270652771,0.6248399019241333,0.61187005043029785,0.61336147785186768,0,2025-04-11T00:00:00.000000Z
2025-04-11T00:00:00.000000Z,0.62247121334075928,0.62848812341690063,0.61821013689041138,0.62233948707580566,0,2025-04-12T00:00:00.000000Z
2025-04-14T00:00:00.000000Z,0.63060015439987183,0.63450008630752563,0.62779015302658081,0.63013166189193726,0,2025-04-15T00:00:00.000000Z
2025-04-15T00:00:00.000000Z,0.63193148374557495,0.63823986053466797,0.63193148374557495,0.63199144601821899,0,2025-04-16T00:00:00.000000Z
2025-04-16T00:00:00.000000Z,0.633899986743927,0.63907158374786377,0.63319993019104004,0.63378983736038208,0,2025-04-17T00:00:00.000000Z
2025-04-17T00:00:00.000000Z,0.636971116065979,0.63908994197845459,0.63343018293380737,0.63729989528656006,0,2025-04-18T00:00:00.000000Z
2025-04-22T00:00:00.000000Z,0.64214116334915161,0.64409995079040527,0.63784986734390259,0.64219886064529419,0,2025-04-23T00:00:00.000000Z
2025-04-23T00:00:00.000000Z,0.63773882389068604,0.64288836717605591,0.63726985454559326,0.63762009143829346,0,2025-04-24T00:00:00.000000Z
2025-04-24T00:00:00.000000Z,0.63633877038955688,0.64059984683990479,0.63450008630752563,0.63652914762496948,0,2025-04-25T00:00:00.000000Z
2025-04-25T00:00:00.000000Z,0.6401679515838623,0.64181971549987793,0.63752007484436035,0.64034831523895264,0,2025-04-26T00:00:00.000000Z
2025-04-28T00:00:00.000000Z,0.63823133707046509,0.64297932386398315,0.63687980175018311,0.63840651512145996,0,2025-04-29T00:00:00.000000Z
2025-04-29T00:00:00.000000Z,0.64283055067062378,0.64488005638122559,0.63765996694564819,0.64288008213043213,0,2025-04-30T00:00:00.000000Z
2025-04-30T00:00:00.000000Z,0.63889598846435547,0.64188975095748901,0.63574004173278809,0.63869196176528931,0,2025-05-01T00:00:00.000000Z
2025-05-01T00:00:00.000000Z,0.6411818265914917,0.64262807369232178,0.63682019710540771,0.64130932092666626,0,2025-05-02T00:00:00.000000Z
2025-05-02T00:00:00.000000Z,0.63858997821807861,0.6469799280166626,0.63836175203323364,0.63867974281311035,0,2025-05-03T00:00:00.000000Z
2025-05-05T00:00:00.000000Z,0.64445865154266357,0.64939999580383301,0.64354205131530762,0.64455831050872803,0,2025-05-06T00:00:00.000000Z
2025-05-06T00:00:00.000000Z,0.64614009857177734,0.64885008335113525,0.64386981725692749,0.6461409330368042,0,2025-05-07T00:00:00.000000Z
2025-05-07T00:00:00.000000Z,0.65051990747451782,0.65107005834579468,0.64570993185043335,0.65066885948181152,0,2025-05-08T00:00:00.000000Z
2025-05-08T00:00:00.000000Z,0.6431199312210083,0.64652103185653687,0.64036887884140015,0.64347994327545166,0,2025-05-09T00:00:00.000000Z
2025-05-09T00:00:00.000000Z,0.63945978879928589,0.64304131269454956,0.63729989528656006,0.63925951719284058,0,2025-05-10T00:00:00.000000Z
2025-05-12T00:00:00.000000Z,0.6419680118560791,0.64504063129425049,0.63654011487960815,0.64209169149398804,0,2025-05-13T00:00:00.000000Z
2025-05-13T00:00:00.000000Z,0.63730800151824951,0.64737069606781006,0.636241614818573,0.63717806339263916,0,2025-05-14T00:00:00.000000Z
2025-05-14T00:00:00.000000Z,0.64737069606781006,0.65009993314743042,0.64384990930557251,0.64726173877716064,0,2025-05-15T00:00:00.000000Z
2025-05-15T00:00:00.000000Z,0.64276027679443359,0.64549988508224487,0.63918185234069824,0.64288008213043213,0,2025-05-16T00:00:00.000000Z
2025-05-16T00:00:00.000000Z,0.64043855667114258,0.64380013942718506,0.63887965679168701,0.64057803153991699,0,2025-05-17T00:00:00.000000Z
2025-05-19T00:00:00.000000Z,0.64119988679885864,0.64647006988525391,0.63988983631134033,0.64100015163421631,0,2025-05-20T00:00:00.000000Z
2025-05-20T00:00:00.000000Z,0.64559990167617798,0.64559990167617798,0.63925129175186157,0.64558196067810059,0,2025-05-21T00:00:00.000000Z
2025-05-21T00:00:00.000000Z,0.64261156320571899,0.64665067195892334,0.64234983921051025,0.64259999990463257,0,2025-05-22T00:00:00.000000Z
2025-05-22T00:00:00.000000Z,0.64333093166351318,0.64581000804901123,0.64081001281738281,0.64331018924713135,0,2025-05-23T00:00:00.000000Z
2025-05-23T00:00:00.000000Z,0.64102154970169067,0.64791011810302734,0.64093112945556641,0.64098048210144043,0,2025-05-24T00:00:00.000000Z
2025-05-26T00:00:00.000000Z,0.65025001764297485,0.65376138687133789,0.6494518518447876,0.65011894702911377,0,2025-05-27T00:00:00.000000Z
2025-05-27T00:00:00.000000Z,0.64805877208709717,0.64969992637634277,0.6435200572013855,0.64810079336166382,0,2025-05-28T00:00:00.000000Z
2025-05-28T00:00:00.000000Z,0.64482015371322632,0.64559990167617798,0.64107906818389893,0.64471209049224854,0,2025-05-29T00:00:00.000000Z
2025-05-29T00:00:00.000000Z,0.64217829704284668,0.64610004425048828,0.6409299373626709,0.6425207257270813,0,2025-05-30T00:00:00.000000Z
2025-05-30T00:00:00.000000Z,0.64447939395904541,0.64524871110916138,0.64081001281738281,0.64459985494613647,0,2025-05-31T00:00:00.000000Z
2025-06-02T00:00:00.000000Z,0.64432162046432495,0.65002977848052979,0.64432162046432495,0.64432162046432495,0,2025-06-03T00:00:00.000000Z
2025-06-03T00:00:00.000000Z,0.64989924430847168,0.64992880821228027,0.64492994546890259,0.64984011650085449,0,2025-06-04T00:00:00.000000Z
2025-06-04T00:00:00.000000Z,0.64650851488113403,0.65040647983551025,0.64517003297805786,0.64660882949829102,0,2025-06-05T00:00:00.000000Z
2025-06-05T00:00:00.000000Z,0.64900088310241699,0.6538999080657959,0.64865016937255859,0.64906823635101318,0,2025-06-06T00:00:00.000000Z
2025-06-06T00:00:00.000000Z,0.65113067626953125,0.65180552005767822,0.64802008867263794,0.6510501503944397,0,2025-06-07T00:00:00.000000Z
2025-06-09T00:00:00.000000Z,0.64994996786117554,0.65342992544174194,0.64948010444641113,0.65002179145812988,0,2025-06-10T00:00:00.000000Z
2025-06-10T00:00:00.000000Z,0.65165001153945923,0.65329587459564209,0.64909982681274414,0.6518101692199707,0,2025-06-11T00:00:00.000000Z
2025-06-11T00:00:00.000000Z,0.65289920568466187,0.65451020002365112,0.64989924430847168,0.65272021293640137,0,2025-06-12T00:00:00.000000Z
2025-06-12T00:00:00.000000Z,0.65093994140625,0.65328991413116455,0.64775985479354858,0.65095013380050659,0,2025-06-13T00:00:00.000000Z
2025-06-16T00:00:00.000000Z,0.64911884069442749,0.65547984838485718,0.64673012495040894,0.64999979734420776,0,2025-06-17T00:00:00.000000Z
2025-06-17T00:00:00.000000Z,0.65122020244598389,0.65439885854721069,0.65031009912490845,0.65110015869140625,0,2025-06-18T00:00:00.000000Z
2025-06-18T00:00:00.000000Z,0.64812004566192627,0.65240001678466797,0.64787989854812622,0.64797979593276978,0,2025-06-19T00:00:00.000000Z
2025-06-19T00:00:00.000000Z,0.65075021982192993,0.65108406543731689,0.64472997188568115,0.6507408618927002,0,2025-06-20T00:00:00.000000Z
2025-06-20T00:00:00.000000Z,0.64863884449005127,0.64960372447967529,0.64524871110916138,0.64887869358062744,0,2025-06-21T00:00:00.000000Z
2025-06-23T00:00:00.000000Z,0.64472037553787231,0.64472037553787231,0.63734984397888184,0.64467048645019531,0,2025-06-24T00:00:00.000000Z
2025-06-24T00:00:00.000000Z,0.64800411462783813,0.65183097124099731,0.64720982313156128,0.64778000116348267,0,2025-06-25T00:00:00.000000Z
2025-06-25T00:00:00.000000Z,0.64951008558273315,0.65100014209747314,0.64856982231140137,0.64959990978240967,0,2025-06-26T00:00:00.000000Z
2025-06-26T00:00:00.000000Z,0.65206986665725708,0.65589982271194458,0.65112006664276123,0.65231144428253174,0,2025-06-27T00:00:00.000000Z
2025-06-27T00:00:00.000000Z,0.65481019020080566,0.65630018711090088,0.65237957239151001,0.65463018417358398,0,2025-06-28T00:00:00.000000Z
2025-06-30T00:00:00.000000Z,0.65338122844696045,0.65722882747650146,0.65240001678466797,0.65332150459289551,0,2025-07-01T00:00:00.000000Z
2025-07-01T00:00:00.000000Z,0.6576697826385498,0.65928268432617188,0.65572994947433472,0.65780818462371826,0,2025-07-02T00:00:00.000000Z
2025-07-02T00:00:00.000000Z,0.6579899787902832,0.6585012674331665,0.65450167655944824,0.65831053256988525,0,2025-07-03T00:00:00.000000Z
2025-07-03T00:00:00.000000Z,0.65832781791687012,0.65869992971420288,0.6538199782371521,0.65829014778137207,0,2025-07-04T00:00:00.000000Z
2025-07-04T00:00:00.000000Z,0.65765982866287231,0.65799993276596069,0.65463018417358398,0.6577298641204834,0,2025-07-05T00:00:00.000000Z
2025-07-07T00:00:00.000000Z,0.65493029356002808,0.65526074171066284,0.64868009090423584,0.65517920255661011,0,2025-07-08T00:00:00.000000Z
2025-07-09T00:00:00.000000Z,0.65238809585571289,0.65474164485931396,0.65113914012908936,0.65245187282562256,0,2025-07-10T00:00:00.000000Z
2025-07-10T00:00:00.000000Z,0.65361183881759644,0.65728932619094849,0.65348803997039795,0.65359050035476685,0,2025-07-11T00:00:00.000000Z
2025-07-14T00:00:00.000000Z,0.65783846378326416,0.65889996290206909,0.65489000082015991,0.65780818462371826,0,2025-07-15T00:00:00.000000Z
2025-07-15T00:00:00.000000Z,0.65441173315048218,0.65747952461242676,0.65093994140625,0.65447163581848145,0,2025-07-16T00:00:00.000000Z
2025-07-16T00:00:00.000000Z,0.65214979648590088,0.65514010190963745,0.64959108829498291,0.65189898014068604,0,2025-07-17T00:00:00.000000Z
2025-07-18T00:00:00.000000Z,0.6498485803604126,0.65406930446624756,0.64970928430557251,0.649819016456604,0,2025-07-19T00:00:00.000000Z
2025-07-21T00:00:00.000000Z,0.6512494683265686,0.65382975339889526,0.64986002445220947,0.65121126174926758,0,2025-07-22T00:00:00.000000Z
2025-07-22T00:00:00.000000Z,0.65280115604400635,0.65557003021240234,0.65048015117645264,0.65280967950820923,0,2025-07-23T00:00:00.000000Z
2025-07-23T00:00:00.000000Z,0.65542823076248169,0.66006165742874146,0.6551019549369812,0.65547120571136475,0,2025-07-24T00:00:00.000000Z
2025-07-24T00:00:00.000000Z,0.66030007600784302,0.66251492500305176,0.6597219705581665,0.6603999137878418,0,2025-07-25T00:00:00.000000Z
2025-07-25T00:00:00.000000Z,0.65956097841262817,0.65990006923675537,0.65532988309860229,0.6597176194190979,0,2025-07-26T00:00:00.000000Z
2025-07-28T00:00:00.000000Z,0.65728932619094849,0.65869992971420288,0.65163010358810425,0.65729802846908569,0,2025-07-29T00:00:00.000000Z
2025-07-29T00:00:00.000000Z,0.65206050872802734,0.65299981832504272,0.64964002370834351,0.65240085124969482,0,2025-07-30T00:00:00.000000Z
2025-07-30T00:00:00.000000Z,0.65152096748352051,0.65290987491607666,0.64491993188858032,0.65132153034210205,0,2025-07-31T00:00:00.000000Z
2025-07-31T00:00:00.000000Z,0.64457076787948608,0.64773136377334595,0.6428598165512085,0.64471209049224854,0,2025-08-01T00:00:00.000000Z
2025-08-01T00:00:00.000000Z,0.64282017946243286,0.64930003881454468,0.64194989204406738,0.64290899038314819,0,2025-08-02T00:00:00.000000Z
2025-08-04T00:00:00.000000Z,0.64701050519943237,0.64899998903274536,0.64632010459899902,0.64691001176834106,0,2025-08-05T00:00:00.000000Z
2025-08-05T00:00:00.000000Z,0.64750063419342041,0.64792853593826294,0.64509010314941406,0.64747965335845947,0,2025-08-06T00:00:00.000000Z
2025-08-06T00:00:00.000000Z,0.64724081754684448,0.65080863237380981,0.64720016717910767,0.64729946851730347,0,2025-08-07T00:00:00.000000Z
2025-08-07T00:00:00.000000Z,0.64997106790542603,0.65394949913024902,0.64924103021621704,0.65002179145812988,0,2025-08-08T00:00:00.000000Z
2025-08-08T00:00:00.000000Z,0.65255832672119141,0.65359985828399658,0.65121972560882568,0.65257114171981812,0,2025-08-09T00:00:00.000000Z
2025-08-11T00:00:00.000000Z,0.65169930458068848,0.65308254957199097,0.65017813444137573,0.65177154541015625,0,2025-08-12T00:00:00.000000Z
2025-08-12T00:00:00.000000Z,0.65147006511688232,0.65401792526245117,0.64822006225585938,0.6514403223991394,0,2025-08-13T00:00:00.000000Z
2025-08-13T00:00:00.000000Z,0.65303993225097656,0.65651261806488037,0.6517099142074585,0.65298020839691162,0,2025-08-14T00:00:00.000000Z
2025-08-14T00:00:00.000000Z,0.655131995677948,0.65678983926773071,0.64863002300262451,0.65517061948776245,0,2025-08-15T00:00:00.000000Z
2025-08-15T00:00:00.000000Z,0.64983171224594116,0.65230000019073486,0.64881980419158936,0.64975148439407349,0,2025-08-16T00:00:00.000000Z
2025-08-18T00:00:00.000000Z,0.65125787258148193,0.65250003337860107,0.64822006225585938,0.65129607915878296,0,2025-08-19T00:00:00.000000Z
2025-08-19T00:00:00.000000Z,0.64954888820648193,0.64999979734420776,0.64589011669158936,0.64948010444641113,0,2025-08-20T00:00:00.000000Z
2025-08-20T00:00:00.000000Z,0.64545983076095581,0.64549988508224487,0.64242994785308838,0.64545983076095581,0,2025-08-21T00:00:00.000000Z
2025-08-21T00:00:00.000000Z,0.64356982707977295,0.64380013942718506,0.64150017499923706,0.64361000061035156,0,2025-08-22T00:00:00.000000Z
2025-08-22T00:00:00.000000Z,0.64260989427566528,0.65000998973846436,0.64155983924865723,0.64254963397979736,0,2025-08-23T00:00:00.000000Z
2025-08-25T00:00:00.000000Z,0.64859002828598022,0.65070277452468872,0.64721983671188354,0.64848989248275757,0,2025-08-26T00:00:00.000000Z
2025-08-26T00:00:00.000000Z,0.64818054437637329,0.64987009763717651,0.64714866876602173,0.64810997247695923,0,2025-08-27T00:00:00.000000Z
2025-08-27T00:00:00.000000Z,0.64958983659744263,0.65038961172103882,0.64629000425338745,0.64958012104034424,0,2025-08-28T00:00:00.000000Z
2025-08-28T00:00:00.000000Z,0.65124011039733887,0.65339022874832153,0.65064984560012817,0.65113997459411621,0,2025-08-29T00:00:00.000000Z
2025-08-29T00:00:00.000000Z,0.6531299352645874,0.65485012531280518,0.65243017673492432,0.65323996543884277,0,2025-08-30T00:00:00.000000Z
2025-09-01T00:00:00.000000Z,0.65440016984939575,0.65609997510910034,0.65356016159057617,0.65435987710952759,0,2025-09-02T00:00:00.000000Z
2025-09-02T00:00:00.000000Z,0.65575015544891357,0.65588003396987915,0.64847016334533691,0.65568011999130249,0,2025-09-03T00:00:00.000000Z
2025-09-03T00:00:00.000000Z,0.65192997455596924,0.65505003929138184,0.65032994747161865,0.65183013677597046,0,2025-09-04T00:00:00.000000Z
2025-09-04T00:00:00.000000Z,0.65455007553100586,0.65500754117965698,0.65022003650665283,0.65443998575210571,0,2025-09-05T00:00:00.000000Z
2025-09-05T00:00:00.000000Z,0.65223020315170288,0.65889996290206909,0.65206986665725708,0.65219998359680176,0,2025-09-06T00:00:00.000000Z
2025-09-08T00:00:00.000000Z,0.65536981821060181,0.65987002849578857,0.65491014719009399,0.65545016527175903,0,2025-09-09T00:00:00.000000Z
2025-09-09T00:00:00.000000Z,0.65979987382888794,0.66219991445541382,0.65859019756317139,0.65980905294418335,0,2025-09-10T00:00:00.000000Z
2025-09-10T00:00:00.000000Z,0.6585879921913147,0.66370213031768799,0.65808004140853882,0.6584700345993042,0,2025-09-11T00:00:00.000000Z
2025-09-11T00:00:00.000000Z,0.66184008121490479,0.66586011648178101,0.65999197959899902,0.66193163394927979,0,2025-09-12T00:00:00.000000Z
2025-09-12T00:00:00.000000Z,0.66656005382537842,0.6668698787689209,0.66315990686416626,0.66680002212524414,0,2025-09-13T00:00:00.000000Z
2025-09-15T00:00:00.000000Z,0.66502976417541504,0.66717016696929932,0.66452997922897339,0.66489982604980469,0,2025-09-16T00:00:00.000000Z
2025-09-16T00:00:00.000000Z,0.66728013753890991,0.66776984930038452,0.66604989767074585,0.66730016469955444,0,2025-09-17T00:00:00.000000Z
2025-09-17T00:00:00.000000Z,0.66889005899429321,0.66920965909957886,0.66646003723144531,0.66889989376068115,0,2025-09-18T00:00:00.000000Z
2025-09-18T00:00:00.000000Z,0.66515988111495972,0.66597849130630493,0.66085988283157349,0.66525012254714966,0,2025-09-19T00:00:00.000000Z
2025-09-19T00:00:00.000000Z,0.66178011894226074,0.66209989786148071,0.65868991613388062,0.66179019212722778,0,2025-09-20T00:00:00.000000Z
2025-09-22T00:00:00.000000Z,0.65886002779006958,0.6599997878074646,0.65756982564926147,0.65893083810806274,0,2025-09-23T00:00:00.000000Z
2025-09-23T00:00:00.000000Z,0.66017013788223267,0.66148984432220459,0.65816015005111694,0.66019976139068604,0,2025-09-24T00:00:00.000000Z
2025-09-24T00:00:00.000000Z,0.65997016429901123,0.66270017623901367,0.6584700345993042,0.65977990627288818,0,2025-09-25T00:00:00.000000Z
2025-09-25T00:00:00.000000Z,0.65871989727020264,0.66041475534439087,0.65437018871307373,0.6586921215057373,0,2025-09-26T00:00:00.000000Z
2025-09-26T00:00:00.000000Z,0.65369987487792969,0.65485012531280518,0.65214979648590088,0.65373146533966064,0,2025-09-27T00:00:00.000000Z
2025-09-29T00:00:00.000000Z,0.65509980916976929,0.65811121463775635,0.65485996007919312,0.6553998589515686,0,2025-09-30T00:00:00.000000Z
2025-09-30T00:00:00.000000Z,0.65781986713409424,0.66290009021759033,0.65718996524810791,0.65819787979125977,0,2025-10-01T00:00:00.000000Z
2025-10-01T00:00:00.000000Z,0.66107004880905151,0.66299808025360107,0.6589699387550354,0.66107004880905151,0,2025-10-02T00:00:00.000000Z
2025-10-02T00:00:00.000000Z,0.66155940294265747,0.66270017623901367,0.65780991315841675,0.66154980659484863,0,2025-10-03T00:00:00.000000Z
2025-10-03T00:00:00.000000Z,0.65989005565643311,0.66148942708969116,0.65893995761871338,0.65980905294418335,0,2025-10-04T00:00:00.000000Z
2025-10-06T00:00:00.000000Z,0.6593700647354126,0.66212010383605957,0.65912020206451416,0.65931010246276855,0,2025-10-07T00:00:00.000000Z
2025-10-07T00:00:00.000000Z,0.66167014837265015,0.66244995594024658,0.65824979543685913,0.66165000200271606,0,2025-10-08T00:00:00.000000Z
2025-10-08T00:00:00.000000Z,0.6579899787902832,0.65883010625839233,0.65573984384536743,0.65805059671401978,0,2025-10-09T00:00:00.000000Z
2025-10-09T00:00:00.000000Z,0.65843015909194946,0.66111332178115845,0.65471160411834717,0.65845006704330444,0,2025-10-10T00:00:00.000000Z
2025-10-10T00:00:00.000000Z,0.65610986948013306,0.65741896629333496,0.64848989248275757,0.65612918138504028,0,2025-10-11T00:00:00.000000Z
2025-10-14T00:00:00.000000Z,0.65138006210327148,0.65209877490997314,0.64411991834640503,0.65115994215011597,0,2025-10-15T00:00:00.000000Z
2025-10-15T00:00:00.000000Z,0.64897012710571289,0.65230000019073486,0.64870995283126831,0.64913016557693481,0,2025-10-16T00:00:00.000000Z
2025-10-16T00:00:00.000000Z,0.65067017078399658,0.65161865949630737,0.64826881885528564,0.65080016851425171,0,2025-10-17T00:00:00.000000Z
2025-10-17T00:00:00.000000Z,0.64808815717697144,0.65022003650665283,0.64454996585845947,0.64823979139328003,0,2025-10-18T00:00:00.000000Z
2025-10-20T00:00:00.000000Z,0.65005010366439819,0.65203922986984253,0.64859002828598022,0.65017014741897583,0,2025-10-21T00:00:00.000000Z
2025-10-21T00:00:00.000000Z,0.65159016847610474,0.65252977609634399,0.64743983745574951,0.65163135528564453,0,2025-10-22T00:00:00.000000Z
2025-10-22T00:00:00.000000Z,0.64929163455963135,0.65119004249572754,0.64828014373779297,0.64919048547744751,0,2025-10-23T00:00:00.000000Z
2025-10-23T00:00:00.000000Z,0.64866995811462402,0.65172052383422852,0.64794999361038208,0.64899998903274536,0,2025-10-24T00:00:00.000000Z
2025-10-24T00:00:00.000000Z,0.65147984027862549,0.65286082029342651,0.64937007427215576,0.65147984027862549,0,2025-10-25T00:00:00.000000Z
2025-10-27T00:00:00.000000Z,0.65337997674942017,0.65600013732910156,0.65294015407562256,0.65339833498001099,0,2025-10-28T00:00:00.000000Z
2025-10-28T00:00:00.000000Z,0.655720055103302,0.65843015909194946,0.65452009439468384,0.65585982799530029,0,2025-10-29T00:00:00.000000Z
2025-10-29T00:00:00.000000Z,0.65846008062362671,0.66174983978271484,0.65790987014770508,0.65850996971130371,0,2025-10-30T00:00:00.000000Z
2025-10-30T00:00:00.000000Z,0.6577601432800293,0.65972983837127686,0.65339022874832153,0.65768009424209595,0,2025-10-31T00:00:00.000000Z
2025-10-31T00:00:00.000000Z,0.65597987174987793,0.6560819149017334,0.65337997674942017,0.65592998266220093,0,2025-11-01T00:00:00.000000Z
2025-11-03T00:00:00.000000Z,0.65460020303726196,0.65623986721038818,0.65179997682571411,0.65457022190093994,0,2025-11-04T00:00:00.000000Z
2025-11-05T00:00:00.000000Z,0.64852946996688843,0.65129989385604858,0.64593017101287842,0.64856016635894775,0,2025-11-06T00:00:00.000000Z
2025-11-06T00:00:00.000000Z,0.65097004175186157,0.65178853273391724,0.64637982845306396,0.65099078416824341,0,2025-11-07T00:00:00.000000Z
2025-11-07T00:00:00.000000Z,0.64825999736785889,0.6491820216178894,0.64679998159408569,0.64838987588882446,0,2025-11-08T00:00:00.000000Z
2025-11-10T00:00:00.000000Z,0.6501198410987854,0.65391999483108521,0.64968013763427734,0.65023988485336304,0,2025-11-11T00:00:00.000000Z
2025-11-11T00:00:00.000000Z,0.65339022874832153,0.65381014347076416,0.65152984857559204,0.65348803997039795,0,2025-11-12T00:00:00.000000Z
2025-11-12T00:00:00.000000Z,0.6529119610786438,0.65449309349060059,0.65165978670120239,0.65294992923736572,0,2025-11-13T00:00:00.000000Z
2025-11-13T00:00:00.000000Z,0.65368020534515381,0.65802979469299316,0.65335005521774292,0.6536400318145752,0,2025-11-14T00:00:00.000000Z
2025-11-14T00:00:00.000000Z,0.65268999338150024,0.65519976615905762,0.65049958229064941,0.65290004014968872,0,2025-11-15T00:00:00.000000Z
2025-11-17T00:00:00.000000Z,0.65324980020523071,0.65380841493606567,0.65009993314743042,0.65330016613006592,0,2025-11-18T00:00:00.000000Z
2025-11-18T00:00:00.000000Z,0.64929163455963135,0.65120995044708252,0.64651978015899658,0.64927011728286743,0,2025-11-19T00:00:00.000000Z
2025-11-19T00:00:00.000000Z,0.65121126174926758,0.65121126174926758,0.64598983526229858,0.65090185403823853,0,2025-11-20T00:00:00.000000Z
2025-11-20T00:00:00.000000Z,0.64897984266281128,0.65020984411239624,0.6447100043296814,0.64900088310241699,0,2025-11-21T00:00:00.000000Z
2025-11-21T00:00:00.000000Z,0.64489001035690308,0.64590013027191162,0.64216011762619019,0.64494991302490234,0,2025-11-22T00:00:00.000000Z
2025-11-24T00:00:00.000000Z,0.64624112844467163,0.64679998159408569,0.64432990550994873,0.64623987674713135,0,2025-11-25T00:00:00.000000Z
2025-11-25T00:00:00.000000Z,0.64678865671157837,0.6468999981880188,0.64373010396957397,0.64657998085021973,0,2025-11-26T00:00:00.000000Z
2025-11-26T00:00:00.000000Z,0.64712017774581909,0.65179997682571411,0.64701008796691895,0.64703011512756348,0,2025-11-27T00:00:00.000000Z
2025-11-27T00:00:00.000000Z,0.65237021446228027,0.65400940179824829,0.65218979120254517,0.65248596668243408,0,2025-11-28T00:00:00.000000Z
2025-11-28T00:00:00.000000Z,0.65362000465393066,0.65596997737884521,0.65210986137390137,0.65357983112335205,0,2025-11-29T00:00:00.000000Z
2025-12-01T00:00:00.000000Z,0.65518003702163696,0.65681445598602295,0.65379989147186279,0.65512984991073608,0,2025-12-02T00:00:00.000000Z
2025-12-02T00:00:00.000000Z,0.65424901247024536,0.65711653232574463,0.65394014120101929,0.65440016984939575,0,2025-12-03T00:00:00.000000Z
2025-12-03T00:00:00.000000Z,0.65738004446029663,0.66009998321533203,0.65554982423782349,0.65737009048461914,0,2025-12-04T00:00:00.000000Z
2025-12-04T00:00:00.000000Z,0.66044962406158447,0.66238021850585938,0.66027998924255371,0.66050195693969727,0,2025-12-05T00:00:00.000000Z
2025-12-08T00:00:00.000000Z,0.66357886791229248,0.66500014066696167,0.66149991750717163,0.6635400652885437,0,2025-12-09T00:00:00.000000Z
2025-12-09T00:00:00.000000Z,0.6627199649810791,0.66540020704269409,0.66153013706207275,0.66273009777069092,0,2025-12-10T00:00:00.000000Z
2025-12-10T00:00:00.000000Z,0.66398024559020996,0.6653900146484375,0.66291981935501099,0.66409879922866821,0,2025-12-11T00:00:00.000000Z
2025-12-11T00:00:00.000000Z,0.66737985610961914,0.66791343688964844,0.66280996799468994,0.66744983196258545,0,2025-12-12T00:00:00.000000Z
2025-12-12T00:00:00.000000Z,0.66625982522964478,0.66780012845993042,0.6634102463722229,0.6665000319480896,0,2025-12-13T00:00:00.000000Z
2025-12-15T00:00:00.000000Z,0.66476988792419434,0.665630042552948,0.66385984420776367,0.66473007202148438,0,2025-12-16T00:00:00.000000Z
2025-12-16T00:00:00.000000Z,0.66417998075485229,0.66584008932113647,0.66193163394927979,0.66417998075485229,0,2025-12-17T00:00:00.000000Z
2025-12-17T00:00:00.000000Z,0.66329008340835571,0.66361403465270996,0.66048890352249146,0.66340011358261108,0,2025-12-18T00:00:00.000000Z
2025-12-18T00:00:00.000000Z,0.66028392314910889,0.66303980350494385,0.65930008888244629,0.66015011072158813,0,2025-12-19T00:00:00.000000Z
2025-12-19T00:00:00.000000Z,0.66138005256652832,0.66247010231018066,0.66006988286972046,0.66138005256652832,0,2025-12-20T00:00:00.000000Z
2025-12-23T00:00:00.000000Z,0.66577988862991333,0.67001986503601074,0.665630042552948,0.66584008932113647,0,2025-12-24T00:00:00.000000Z
2025-12-24T00:00:00.000000Z,0.67028981447219849,0.67200011014938354,0.6698417067527771,0.67019009590148926,0,2025-12-25T00:00:00.000000Z
2025-12-26T00:00:00.000000Z,0.67052894830703735,0.67279994487762451,0.66976994276046753,0.67056041955947876,0,2025-12-27T00:00:00.000000Z
2025-12-29T00:00:00.000000Z,0.67159980535507202,0.67281168699264526,0.6683499813079834,0.6714099645614624,0,2025-12-30T00:00:00.000000Z
2025-12-30T00:00:00.000000Z,0.66950982809066772,0.67190754413604736,0.6688198447227478,0.66955018043518066,0,2025-12-31T00:00:00.000000Z
2025-12-31T00:00:00.000000Z,0.66966009140014648,0.6701999306678772,0.66615015268325806,0.66979998350143433,0,2026-01-01T00:00:00.000000Z
2026-01-02T00:00:00.000000Z,0.6678500771522522,0.67091578245162964,0.66773992776870728,0.66782999038696289,0,2026-01-03T00:00:00.000000Z
2026-01-05T00:00:00.000000Z,0.66847020387649536,0.67199784517288208,0.6665000319480896,0.66839021444320679,0,2026-01-06T00:00:00.000000Z
2026-01-06T00:00:00.000000Z,0.67138880491256714,0.67393165826797485,0.67042016983032227,0.67134010791778564,0,2026-01-07T00:00:00.000000Z
2026-01-07T00:00:00.000000Z,0.6735684871673584,0.6768001914024353,0.67183983325958252,0.67370009422302246,0,2026-01-08T00:00:00.000000Z
2026-01-08T00:00:00.000000Z,0.67224174737930298,0.67256999015808105,0.66825979948043823,0.67221015691757202,0,2026-01-09T00:00:00.000000Z
2026-01-09T00:00:00.000000Z,0.6698300838470459,0.67030012607574463,0.66648006439208984,0.67010653018951416,0,2026-01-10T00:00:00.000000Z
2026-01-12T00:00:00.000000Z,0.66859221458435059,0.6723141074180603,0.66842013597488403,0.66858011484146118,0,2026-01-13T00:00:00.000000Z
2026-01-13T00:00:00.000000Z,0.67081993818283081,0.67249947786331177,0.66739988327026367,0.67078077793121338,0,2026-01-14T00:00:00.000000Z
2026-01-14T00:00:00.000000Z,0.66830980777740479,0.67050015926361084,0.66759997606277466,0.66835987567901611,0,2026-01-15T00:00:00.000000Z
2026-01-15T00:00:00.000000Z,0.66817009449005127,0.67099010944366455,0.6668400764465332,0.66827988624572754,0,2026-01-16T00:00:00.000000Z
2026-01-16T00:00:00.000000Z,0.67028623819351196,0.67100578546524048,0.66717994213104248,0.67042100429534912,0,2026-01-17T00:00:00.000000Z
2026-01-19T00:00:00.000000Z,0.66886007785797119,0.67181724309921265,0.6678500771522522,0.66875988245010376,0,2026-01-20T00:00:00.000000Z
2026-01-20T00:00:00.000000Z,0.67106890678405762,0.67471832036972046,0.67071014642715454,0.67098784446716309,0,2026-01-21T00:00:00.000000Z
2026-01-21T00:00:00.000000Z,0.67320120334625244,0.67775017023086548,0.67280983924865723,0.67316991090774536,0,2026-01-22T00:00:00.000000Z
2026-01-22T00:00:00.000000Z,0.67547029256820679,0.68380743265151978,0.67547029256820679,0.67547941207885742,0,2026-01-23T00:00:00.000000Z
2026-01-23T00:00:00.000000Z,0.68399918079376221,0.68809866905212402,0.68347978591918945,0.68405067920684814,0,2026-01-24T00:00:00.000000Z
2026-01-26T00:00:00.000000Z,0.69128996133804321,0.69409984350204468,0.69077998399734497,0.69139987230300903,0,2026-01-27T00:00:00.000000Z
2026-01-27T00:00:00.000000Z,0.69133824110031128,0.69832402467727661,0.69023120403289795,0.69147205352783203,0,2026-01-28T00:00:00.000000Z
2026-01-28T00:00:00.000000Z,0.69963973760604858,0.70209974050521851,0.69775974750518799,0.69958001375198364,0,2026-01-29T00:00:00.000000Z
2026-01-29T00:00:00.000000Z,0.703937828540802,0.7093999981880188,0.69721001386642456,0.70397990942001343,0,2026-01-30T00:00:00.000000Z
2026-01-30T00:00:00.000000Z,0.70489996671676636,0.70551711320877075,0.69690978527069092,0.70473009347915649,0,2026-01-31T00:00:00.000000Z
2026-02-02T00:00:00.000000Z,0.69484978914260864,0.69709241390228271,0.69101816415786743,0.69462776184082031,0,2026-02-03T00:00:00.000000Z
2026-02-04T00:00:00.000000Z,0.70212888717651367,0.70421987771987915,0.69814997911453247,0.7022520899772644,0,2026-02-05T00:00:00.000000Z
2026-02-05T00:00:00.000000Z,0.69951987266540527,0.70081996917724609,0.69421976804733276,0.69944006204605103,0,2026-02-06T00:00:00.000000Z
2026-02-06T00:00:00.000000Z,0.69155001640319824,0.70200073719024658,0.68978977203369141,0.69163990020751953,0,2026-02-07T00:00:00.000000Z
2026-02-09T00:00:00.000000Z,0.7034723162651062,0.70914995670318604,0.70146983861923218,0.70336991548538208,0,2026-02-10T00:00:00.000000Z
2026-02-10T00:00:00.000000Z,0.70847016572952271,0.70929986238479614,0.70650005340576172,0.70835977792739868,0,2026-02-11T00:00:00.000000Z
2026-02-11T00:00:00.000000Z,0.70739012956619263,0.71358996629714966,0.70739012956619263,0.70747977495193481,0,2026-02-12T00:00:00.000000Z
2026-02-12T00:00:00.000000Z,0.71246993541717529,0.71472984552383423,0.70870018005371094,0.71252983808517456,0,2026-02-13T00:00:00.000000Z
2026-02-13T00:00:00.000000Z,0.70872980356216431,0.70969998836517334,0.70454984903335571,0.7087101936340332,0,2026-02-14T00:00:00.000000Z
2026-02-16T00:00:00.000000Z,0.70702862739562988,0.70964765548706055,0.70687013864517212,0.70704007148742676,0,2026-02-17T00:00:00.000000Z
2026-02-17T00:00:00.000000Z,0.70740014314651489,0.7076299786567688,0.70300006866455078,0.70729857683181763,0,2026-02-18T00:00:00.000000Z
2026-02-18T00:00:00.000000Z,0.70835024118423462,0.70861673355102539,0.7052186131477356,0.70832014083862305,0,2026-02-19T00:00:00.000000Z
2026-02-19T00:00:00.000000Z,0.7044098973274231,0.70809996128082275,0.70283949375152588,0.70437914133071899,0,2026-02-20T00:00:00.000000Z
2026-02-20T00:00:00.000000Z,0.70567995309829712,0.70901018381118774,0.70167070627212524,0.70561027526855469,0,2026-02-21T00:00:00.000000Z
2026-02-24T00:00:00.000000Z,0.70608001947402954,0.70735013484954834,0.70275008678436279,0.70607006549835205,0,2026-02-25T00:00:00.000000Z
2026-02-25T00:00:00.000000Z,0.70589017868041992,0.7117002010345459,0.70579004287719727,0.7060999870300293,0,2026-02-26T00:00:00.000000Z
2026-02-26T00:00:00.000000Z,0.71200019121170044,0.71372491121292114,0.70696860551834106,0.71204984188079834,0,2026-02-27T00:00:00.000000Z
2026-02-27T00:00:00.000000Z,0.71031004190444946,0.71329987049102783,0.70867002010345459,0.71017986536026001,0,2026-02-28T00:00:00.000000Z
2026-03-02T00:00:00.000000Z,0.70580101013183594,0.7117002010345459,0.7045598030090332,0.70581090450286865,0,2026-03-03T00:00:00.000000Z
2026-03-03T00:00:00.000000Z,0.71017175912857056,0.7122502326965332,0.69455009698867798,0.71058005094528198,0,2026-03-04T00:00:00.000000Z
2026-03-04T00:00:00.000000Z,0.70386844873428345,0.70755982398986816,0.69868999719619751,0.70407015085220337,0,2026-03-05T00:00:00.000000Z
2026-03-05T00:00:00.000000Z,0.70737016201019287,0.70884984731674194,0.69850015640258789,0.70759987831115723,0,2026-03-06T00:00:00.000000Z
2026-03-06T00:00:00.000000Z,0.70092999935150146,0.70471018552780151,0.69786983728408813,0.7011299729347229,0,2026-03-07T00:00:00.000000Z
2026-03-09T00:00:00.000000Z,0.69687867164611816,0.70484983921051025,0.69569087028503418,0.69661992788314819,0,2026-03-10T00:00:00.000000Z
2026-03-10T00:00:00.000000Z,0.70666980743408203,0.71533006429672241,0.70539021492004395,0.70685863494873047,0,2026-03-11T00:00:00.000000Z
2026-03-11T00:00:00.000000Z,0.71218985319137573,0.71845787763595581,0.71187043190002441,0.71210008859634399,0,2026-03-12T00:00:00.000000Z
2026-03-12T00:00:00.000000Z,0.71283000707626343,0.7161097526550293,0.70737016201019287,0.71292096376419067,0,2026-03-13T00:00:00.000000Z
2026-03-13T00:00:00.000000Z,0.7076299786567688,0.70932042598724365,0.7003399133682251,0.70752984285354614,0,2026-03-14T00:00:00.000000Z
2026-03-16T00:00:00.000000Z,0.70079052448272705,0.70757991075515747,0.69979006052017212,0.70057004690170288,0,2026-03-17T00:00:00.000000Z
2026-03-17T00:00:00.000000Z,0.70690011978149414,0.71189981698989868,0.70506942272186279,0.70684868097305298,0,2026-03-18T00:00:00.000000Z
2026-03-18T00:00:00.000000Z,0.71081995964050293,0.71228975057601929,0.70483988523483276,0.71090990304946899,0,2026-03-19T00:00:00.000000Z
2026-03-19T00:00:00.000000Z,0.70291012525558472,0.70625013113021851,0.70008009672164917,0.70295017957687378,0,2026-03-20T00:00:00.000000Z
2026-03-20T00:00:00.000000Z,0.70809996128082275,0.70970809459686279,0.70279008150100708,0.70810997486114502,0,2026-03-21T00:00:00.000000Z
2026-03-23T00:00:00.000000Z,0.7012101411819458,0.70590013265609741,0.69114995002746582,0.70078021287918091,0,2026-03-24T00:00:00.000000Z
2026-03-24T00:00:00.000000Z,0.70079982280731201,0.70116984844207764,0.69462001323699951,0.70060980319976807,0,2026-03-25T00:00:00.000000Z
2026-03-25T00:00:00.000000Z,0.69979983568191528,0.70047628879547119,0.69474023580551147,0.69969016313552856,0,2026-03-26T00:00:00.000000Z
2026-03-26T00:00:00.000000Z,0.69442999362945557,0.69570976495742798,0.69024020433425903,0.6942901611328125,0,2026-03-27T00:00:00.000000Z
2026-03-27T00:00:00.000000Z,0.68882995843887329,0.69114995002746582,0.68727010488510132,0.68873989582061768,0,2026-03-28T00:00:00.000000Z
2026-03-30T00:00:00.000000Z,0.68490803241729736,0.68752151727676392,0.68342006206512451,0.68509012460708618,0,2026-03-31T00:00:00.000000Z
2026-03-31T00:00:00.000000Z,0.68462014198303223,0.68882995843887329,0.68352001905441284,0.68459010124206543,0,2026-04-01T00:00:00.000000Z
2026-04-01T00:00:00.000000Z,0.69173997640609741,0.69622999429702759,0.69005018472671509,0.69205111265182495,0,2026-04-02T00:00:00.000000Z
2026-04-02T00:00:00.000000Z,0.69236016273498535,0.69352024793624878,0.68608987331390381,0.69239991903305054,0,2026-04-03T00:00:00.000000Z
2026-04-03T00:00:00.000000Z,0.69139987230300903,0.69190984964370728,0.68915992975234985,0.69114995002746582,0,2026-04-04T00:00:00.000000Z
2026-04-07T00:00:00.000000Z,0.69152992963790894,0.69512993097305298,0.68992161750793457,0.69169014692306519,0,2026-04-08T00:00:00.000000Z
2026-04-08T00:00:00.000000Z,0.70786988735198975,0.70832014083862305,0.70341789722442627,0.70767903327941895,0,2026-04-09T00:00:00.000000Z
2026-04-09T00:00:00.000000Z,0.70387989282608032,0.70860975980758667,0.70229995250701904,0.703937828540802,0,2026-04-10T00:00:00.000000Z
2026-04-10T00:00:00.000000Z,0.70755982398986816,0.70931994915008545,0.70543003082275391,0.70756983757019043,0,2026-04-11T00:00:00.000000Z
2026-04-13T00:00:00.000000Z,0.70200026035308838,0.70683014392852783,0.7017400860786438,0.70198982954025269,0,2026-04-14T00:00:00.000000Z
2026-04-14T00:00:00.000000Z,0.70963758230209351,0.7148100733757019,0.70780026912689209,0.70992982387542725,0,2026-04-15T00:00:00.000000Z
2026-04-15T00:00:00.000000Z,0.71299982070922852,0.71665018796920776,0.71228975057601929,0.71293008327484131,0,2026-04-16T00:00:00.000000Z
2026-04-16T00:00:00.000000Z,0.71753972768783569,0.71966004371643066,0.71614974737167358,0.71757990121841431,0,2026-04-17T00:00:00.000000Z
2026-04-17T00:00:00.000000Z,0.71580016613006592,0.72215986251831055,0.71548002958297729,0.71590006351470947,0,2026-04-18T00:00:00.000000Z
2026-04-20T00:00:00.000000Z,0.71349984407424927,0.7178998589515686,0.71338891983032227,0.71349984407424927,0,2026-04-21T00:00:00.000000Z
2026-04-21T00:00:00.000000Z,0.71755003929138184,0.71842020750045776,0.71445924043655396,0.71741986274719238,0,2026-04-22T00:00:00.000000Z
2026-04-22T00:00:00.000000Z,0.71576994657516479,0.7177998423576355,0.71470993757247925,0.71561980247497559,0,2026-04-23T00:00:00.000000Z
2026-04-23T00:00:00.000000Z,0.71566998958587646,0.71657001972198486,0.71340978145599365,0.71580016613006592,0,2026-04-24T00:00:00.000000Z
2026-04-24T00:00:00.000000Z,0.71317011117935181,0.71553993225097656,0.7115599513053894,0.71296161413192749,0,2026-04-25T00:00:00.000000Z
2026-04-27T00:00:00.000000Z,0.71428978443145752,0.72020167112350464,0.71428978443145752,0.71435004472732544,0,2026-04-28T00:00:00.000000Z
2026-04-28T00:00:00.000000Z,0.71904009580612183,0.71950006484985352,0.71522063016891479,0.71908974647521973,0,2026-04-29T00:00:00.000000Z
2026-04-29T00:00:00.000000Z,0.71892017126083374,0.71919989585876465,0.71213001012802124,0.71872121095657349,0,2026-04-30T00:00:00.000000Z
2026-04-30T00:00:00.000000Z,0.7130124568939209,0.71907991170883179,0.7110600471496582,0.71311414241790771,0,2026-05-01T00:00:00.000000Z
2026-05-01T00:00:00.000000Z,0.72003000974655151,0.72271984815597534,0.71846973896026611,0.72007977962493896,0,2026-05-02T00:00:00.000000Z
2026-05-04T00:00:00.000000Z,0.72098052501678467,0.72170013189315796,0.71632009744644165,0.72129255533218384,0,2026-05-05T00:00:00.000000Z
2026-05-05T00:00:00.000000Z,0.71674978733062744,0.71975016593933105,0.71363019943237305,0.71674823760986328,0,2026-05-06T00:00:00.000000Z
2026-05-06T00:00:00.000000Z,0.72035002708435059,0.72773849964141846,0.72035002708435059,0.72039002180099487,0,2026-05-07T00:00:00.000000Z
2026-05-07T00:00:00.000000Z,0.72353976964950562,0.72650027275085449,0.72329014539718628,0.72350996732711792,0,2026-05-08T00:00:00.000000Z
2026-05-08T00:00:00.000000Z,0.72086983919143677,0.72487980127334595,0.72013998031616211,0.72086000442504883,0,2026-05-09T00:00:00.000000Z
2026-05-11T00:00:00.000000Z,0.7234424352645874,0.72621643543243408,0.72258979082107544,0.72369998693466187,0,2026-05-12T00:00:00.000000Z
2026-05-13T00:00:00.000000Z,0.72393995523452759,0.72710984945297241,0.72319024801254272,0.72378015518188477,0,2026-05-14T00:00:00.000000Z
2026-05-14T00:00:00.000000Z,0.72544986009597778,0.72639000415802002,0.7220800518989563,0.72549986839294434,0,2026-05-15T00:00:00.000000Z
2026-05-15T00:00:00.000000Z,0.72170013189315796,0.72190016508102417,0.71410000324249268,0.72142988443374634,0,2026-05-16T00:00:00.000000Z
2026-05-18T00:00:00.000000Z,0.71292001008987427,0.71832990646362305,0.71200984716415405,0.71302008628845215,0,2026-05-19T00:00:00.000000Z
2026-05-20T00:00:00.000000Z,0.71028983592987061,0.71713018417358398,0.70881015062332153,0.71065980195999146,0,2026-05-21T00:00:00.000000Z
2026-05-21T00:00:00.000000Z,0.71495985984802246,0.71581965684890747,0.71011132001876831,0.71500074863433838,0,2026-05-22T00:00:00.000000Z
2026-05-25T00:00:00.000000Z,0.71574991941452026,0.71809983253479004,0.71531015634536743,0.71572023630142212,0,2026-05-26T00:00:00.000000Z
2026-05-26T00:00:00.000000Z,0.71691006422042847,0.71760004758834839,0.7156597375869751,0.717029869556427,0,2026-05-27T00:00:00.000000Z
2026-05-27T00:00:00.000000Z,0.71716976165771484,0.71809983253479004,0.71241003274917603,0.717079758644104,0,2026-05-28T00:00:00.000000Z
2026-05-28T00:00:00.000000Z,0.7130887508392334,0.71614974737167358,0.70986980199813843,0.71332013607025146,0,2026-05-29T00:00:00.000000Z
2026-05-29T00:00:00.000000Z,0.716400146484375,0.72003990411758423,0.71507024765014648,0.71642017364501953,0,2026-05-30T00:00:00.000000Z
2026-06-01T00:00:00.000000Z,0.71798849105834961,0.71899980306625366,0.71357983350753784,0.71804982423782349,0,2026-06-02T00:00:00.000000Z
2026-06-02T00:00:00.000000Z,0.71648019552230835,0.71879976987838745,0.71536999940872192,0.71642988920211792,0,2026-06-03T00:00:00.000000Z
2026-06-03T00:00:00.000000Z,0.71736007928848267,0.71828758716583252,0.71368008852005005,0.7174115777015686,0,2026-06-04T00:00:00.000000Z
2026-06-04T00:00:00.000000Z,0.71335840225219727,0.71479624509811401,0.71232026815414429,0.71344995498657227,0,2026-06-05T00:00:00.000000Z
2026-06-05T00:00:00.000000Z,0.71311008930206299,0.71448981761932373,0.70575016736984253,0.71321588754653931,0,2026-06-06T00:00:00.000000Z
2026-06-08T00:00:00.000000Z,0.70432007312774658,0.70780026912689209,0.70353174209594727,0.7043498158454895,0,2026-06-09T00:00:00.000000Z
2026-06-09T00:00:00.000000Z,0.70384025573730469,0.70720010995864868,0.70230144262313843,0.70404982566833496,0,2026-06-10T00:00:00.000000Z
2026-06-10T00:00:00.000000Z,0.70243960618972778,0.70366048812866211,0.6998600959777832,0.70231133699417114,0,2026-06-11T00:00:00.000000Z
2026-06-11T00:00:00.000000Z,0.69972008466720581,0.70131146907806396,0.69801008701324463,0.69942003488540649,0,2026-06-12T00:00:00.000000Z
2026-06-12T00:00:00.000000Z,0.70458006858825684,0.70594048500061035,0.70218998193740845,0.70479017496109009,0,2026-06-13T00:00:00.000000Z
2026-06-15T00:00:00.000000Z,0.70771008729934692,0.70890015363693237,0.70649009943008423,0.7075197696685791,0,2026-06-16T00:00:00.000000Z
2026-06-16T00:00:00.000000Z,0.70730012655258179,0.70791447162628174,0.70428979396820068,0.70730012655258179,0,2026-06-17T00:00:00.000000Z
2026-06-17T00:00:00.000000Z,0.70645910501480103,0.70759987831115723,0.70548981428146362,0.7065500020980835,0,2026-06-18T00:00:00.000000Z
2026-06-18T00:00:00.000000Z,0.70232117176055908,0.70420008897781372,0.70020169019699097,0.70184993743896484,0,2026-06-19T00:00:00.000000Z
2026-06-19T00:00:00.000000Z,0.70143985748291016,0.70232999324798584,0.69900012016296387,0.70130997896194458,0,2026-06-20T00:00:00.000000Z
2026-06-22T00:00:00.000000Z,0.70025068521499634,0.70187997817993164,0.69946014881134033,0.70028996467590332,0,2026-06-23T00:00:00.000000Z
2026-06-24T00:00:00.000000Z,0.69180023670196533,0.69239991903305054,0.68848997354507446,0.69156008958816528,0,2026-06-25T00:00:00.000000Z
2026-06-25T00:00:00.000000Z,0.68959999084472656,0.69211000204086304,0.68874984979629517,0.69000017642974854,0,2026-06-26T00:00:00.000000Z
2026-06-26T00:00:00.000000Z,0.69023019075393677,0.69170022010803223,0.68763023614883423,0.69005018472671509,0,2026-06-27T00:00:00.000000Z
2026-06-29T00:00:00.000000Z,0.68936991691589355,0.69044989347457886,0.68781989812850952,0.68962186574935913,0,2026-06-30T00:00:00.000000Z
2026-06-30T00:00:00.000000Z,0.6879698634147644,0.69293826818466187,0.68656986951828003,0.68823981285095215,0,2026-07-01T00:00:00.000000Z
2026-07-01T00:00:00.000000Z,0.69119012355804443,0.6915399432182312,0.68839234113693237,0.69129997491836548,0,2026-07-02T00:00:00.000000Z
2026-07-02T00:00:00.000000Z,0.68914991617202759,0.69459980726242065,0.68854022026062012,0.68920975923538208,0,2026-07-03T00:00:00.000000Z
2026-07-03T00:00:00.000000Z,0.69178009033203125,0.69498986005783081,0.69110983610153198,0.69160020351409912,0,2026-07-04T00:00:00.000000Z
2026-07-06T00:00:00.000000Z,0.69340002536773682,0.69459980726242065,0.69227004051208496,0.69370013475418091,0,2026-07-07T00:00:00.000000Z
2026-07-07T00:00:00.000000Z,0.69549012184143066,0.69608801603317261,0.69342023134231567,0.6955297589302063,0,2026-07-08T00:00:00.000000Z
2026-07-08T00:00:00.000000Z,0.69215983152389526,0.69470012187957764,0.69072985649108887,0.6922600269317627,0,2026-07-09T00:00:00.000000Z
2026-07-09T00:00:00.000000Z,0.69366985559463501,0.69463980197906494,0.69259989261627197,0.6936299204826355,0,2026-07-10T00:00:00.000000Z
2026-07-10T00:00:00.000000Z,0.69444012641906738,0.69710016250610352,0.69349998235702515,0.69444012641906738,0,2026-07-11T00:00:00.000000Z
2026-07-13T00:00:00.000000Z,0.69440007209777832,0.69497001171112061,0.6924402117729187,0.69421976804733276,0,2026-07-14T00:00:00.000000Z
2026-07-14T00:00:00.000000Z,0.69209998846054077,0.69922000169754028,0.69136977195739746,0.69182133674621582,0,2026-07-15T00:00:00.000000Z
2026-07-16T00:00:00.000000Z,0.70096242427825928,0.70122981071472168,0.6987299919128418,0.70081013441085815,0,2026-07-17T00:00:00.000000Z
2026-07-17T00:00:00.000000Z,0.70003986358642578,0.70010852813720703,0.69676989316940308,0.69993996620178223,0,2026-07-18T00:00:00.000000Z
2026-07-20T00:00:00.000000Z,0.69775974750518799,0.7015998363494873,0.69765996932983398,0.69790977239608765,0,2026-07-21T00:00:00.000000Z
2026-07-21T00:00:00.000000Z,0.70006930828094482,0.702900230884552,0.69976013898849487,0.70007908344268799,0,2026-07-22T00:00:00.000000Z
2026-07-22T00:00:00.000000Z,0.70010018348693848,0.70131146907806396,0.69827038049697876,0.70008009672164917,0,2026-07-23T00:00:00.000000Z
2026-07-23T00:00:00.000000Z,0.69906014204025269,0.7021978497505188,0.69655978679656982,0.69896978139877319,0,2026-07-24T00:00:00.000000Z
2026-07-27T00:00:00.000000Z,0.69974988698959351,0.70105087757110596,0.69868999719619751,0.69944006204605103,0,2026-07-28T00:00:00.000000Z
2026-07-28T00:00:00.000000Z,0.69863134622573853,0.6996999979019165,0.69635993242263794,0.69871926307678223,0,2026-07-29T00:00:00.000000Z
