2026-07-24 10:04:59,892 | ETH-USD | Signal: BUY | Confidence: 100%
2026-07-24 10:05:45,986 | ETH-USD | Signal: BUY | Confidence: 100%
2026-07-24 10:10:08,347 | EURUSD=X | Signal: HOLD | Confidence: 0%
2026-07-24 10:10:08,486 | GBPUSD=X | Signal: HOLD | Confidence: 25.0%
2026-07-24 10:10:08,613 | JPY=X | Signal: HOLD | Confidence: 0%
2026-07-24 10:10:08,801 | AUDUSD=X | Signal: HOLD | Confidence: 25.0%
2026-07-24 10:10:08,936 | CAD=X | Signal: HOLD | Confidence: 0.0%
2026-07-24 10:10:09,094 | GC=F | Signal: HOLD | Confidence: 50.0%
2026-07-24 10:10:09,257 | SI=F | Signal: HOLD | Confidence: 50.0%
2026-07-24 10:10:09,500 | BTC-USD | Signal: HOLD | Confidence: 0%
2026-07-24 10:10:09,718 | ETH-USD | Signal: BUY | Confidence: 100.0%
2026-07-24 10:10:09,939 | SOL-USD | Signal: HOLD | Confidence: 25.0%
2026-07-24 10:10:23,266 | EURUSD=X | Signal: HOLD | Confidence: 0%
2026-07-24 10:10:23,400 | GBPUSD=X | Signal: HOLD | Confidence: 25.0%
2026-07-24 10:10:23,525 | JPY=X | Signal: HOLD | Confidence: 0%
2026-07-24 10:10:23,660 | AUDUSD=X | Signal: HOLD | Confidence: 25.0%
2026-07-24 10:10:23,819 | CAD=X | Signal: HOLD | Confidence: 0.0%
2026-07-24 10:10:23,977 | GC=F | Signal: HOLD | Confidence: 50.0%
2026-07-24 10:10:24,100 | SI=F | Signal: HOLD | Confidence: 50.0%
2026-07-24 10:10:24,315 | BTC-USD | Signal: HOLD | Confidence: 0%
2026-07-24 10:10:24,524 | ETH-USD | Signal: BUY | Confidence: 100.0%
2026-07-24 10:10:24,800 | SOL-USD | Signal: HOLD | Confidence: 25.0%
2026-07-24 10:10:38,838 | EURUSD=X | Signal: HOLD | Confidence: 0%
2026-07-24 10:10:38,973 | GBPUSD=X | Signal: HOLD | Confidence: 25.0%
2026-07-24 10:10:39,096 | JPY=X | Signal: HOLD | Confidence: 0%
2026-07-24 10:10:39,234 | AUDUSD=X | Signal: HOLD | Confidence: 25.0%
2026-07-24 10:10:39,406 | CAD=X | Signal: HOLD | Confidence: 0.0%
2026-07-24 10:10:39,562 | GC=F | Signal: HOLD | Confidence: 50.0%
2026-07-24 10:10:39,683 | SI=F | Signal: HOLD | Confidence: 50.0%
2026-07-24 10:10:39,861 | BTC-USD | Signal: HOLD | Confidence: 0%
2026-07-24 10:10:40,041 | ETH-USD | Signal: BUY | Confidence: 100.0%
2026-07-24 10:10:40,214 | SOL-USD | Signal: HOLD | Confidence: 25.0%
2026-07-24 10:10:53,523 | EURUSD=X | Signal: HOLD | Confidence: 0%
2026-07-24 10:10:53,653 | GBPUSD=X | Signal: HOLD | Confidence: 25.0%
2026-07-24 10:10:53,799 | JPY=X | Signal: HOLD | Confidence: 0%
2026-07-24 10:10:53,964 | AUDUSD=X | Signal: HOLD | Confidence: 25.0%
2026-07-24 10:10:54,091 | CAD=X | Signal: HOLD | Confidence: 0.0%
2026-07-24 10:10:54,214 | GC=F | Signal: HOLD | Confidence: 50.0%
2026-07-24 10:10:54,337 | SI=F | Signal: HOLD | Confidence: 50.0%
2026-07-24 10:10:54,559 | BTC-USD | Signal: HOLD | Confidence: 0%
2026-07-24 10:10:54,783 | ETH-USD | Signal: BUY | Confidence: 100.0%
2026-07-24 10:10:54,952 | SOL-USD | Signal: HOLD | Confidence: 25.0%
2026-07-24 10:36:23,124 | EURUSD=X | Signal: HOLD | Confidence: 0%
2026-07-24 10:36:23,250 | GBPUSD=X | Signal: HOLD | Confidence: 25.0%
2026-07-24 10:36:23,377 | JPY=X | Signal: HOLD | Confidence: 0%
2026-07-24 10:36:23,502 | AUDUSD=X | Signal: HOLD | Confidence: 25.0%
2026-07-24 10:36:23,670 | CAD=X | Signal: HOLD | Confidence: 0.0%
2026-07-24 10:36:23,798 | GC=F | Signal: HOLD | Confidence: 50.0%
2026-07-24 10:36:23,967 | SI=F | Signal: HOLD | Confidence: 50.0%
2026-07-24 10:36:24,225 | BTC-USD | Signal: HOLD | Confidence: 0%
2026-07-24 10:36:24,402 | ETH-USD | Signal: BUY | Confidence: 100.0%
2026-07-24 10:36:24,402 | ETH-USD | ENTRY: 1884.23999 | SL: 1792.75421 | TP: 2067.21156 | RR: 2.0 | POSITION: 0.1093
2026-07-24 10:36:24,610 | SOL-USD | Signal: HOLD | Confidence: 25.0%
2026-07-24 10:36:37,916 | EURUSD=X | Signal: HOLD | Confidence: 0%
2026-07-24 10:36:38,046 | GBPUSD=X | Signal: HOLD | Confidence: 25.0%
2026-07-24 10:36:38,167 | JPY=X | Signal: HOLD | Confidence: 0%
2026-07-24 10:36:38,289 | AUDUSD=X | Signal: HOLD | Confidence: 25.0%
2026-07-24 10:36:38,419 | CAD=X | Signal: HOLD | Confidence: 0.0%
2026-07-24 10:36:38,593 | GC=F | Signal: HOLD | Confidence: 50.0%
2026-07-24 10:36:38,710 | SI=F | Signal: HOLD | Confidence: 50.0%
2026-07-24 10:36:38,888 | BTC-USD | Signal: HOLD | Confidence: 0%
2026-07-24 10:36:39,082 | ETH-USD | Signal: BUY | Confidence: 100.0%
2026-07-24 10:36:39,082 | ETH-USD | ENTRY: 1884.12 | SL: 1792.63421 | TP: 2067.09156 | RR: 2.0 | POSITION: 0.1093
2026-07-24 10:36:39,244 | SOL-USD | Signal: HOLD | Confidence: 25.0%
2026-07-24 10:36:52,507 | EURUSD=X | Signal: HOLD | Confidence: 0%
2026-07-24 10:36:52,632 | GBPUSD=X | Signal: HOLD | Confidence: 25.0%
2026-07-24 10:36:52,754 | JPY=X | Signal: HOLD | Confidence: 0%
2026-07-24 10:36:52,890 | AUDUSD=X | Signal: HOLD | Confidence: 25.0%
2026-07-24 10:36:53,123 | CAD=X | Signal: HOLD | Confidence: 0.0%
2026-07-24 10:36:53,267 | GC=F | Signal: HOLD | Confidence: 50.0%
2026-07-24 10:36:53,389 | SI=F | Signal: HOLD | Confidence: 50.0%
2026-07-24 10:36:53,729 | BTC-USD | Signal: HOLD | Confidence: 0%
2026-07-24 10:36:53,900 | ETH-USD | Signal: BUY | Confidence: 100.0%
2026-07-24 10:36:53,900 | ETH-USD | ENTRY: 1884.21997 | SL: 1792.73419 | TP: 2067.19154 | RR: 2.0 | POSITION: 0.1093
2026-07-24 10:36:54,072 | SOL-USD | Signal: HOLD | Confidence: 25.0%
2026-07-24 10:37:07,575 | EURUSD=X | Signal: HOLD | Confidence: 0%
2026-07-24 10:37:07,720 | GBPUSD=X | Signal: HOLD | Confidence: 25.0%
2026-07-24 10:37:07,876 | JPY=X | Signal: HOLD | Confidence: 0%
2026-07-24 10:37:08,002 | AUDUSD=X | Signal: HOLD | Confidence: 25.0%
2026-07-24 10:37:08,169 | CAD=X | Signal: HOLD | Confidence: 0.0%
2026-07-24 10:37:08,296 | GC=F | Signal: HOLD | Confidence: 50.0%
2026-07-24 10:37:08,422 | SI=F | Signal: HOLD | Confidence: 50.0%
2026-07-24 10:37:08,602 | BTC-USD | Signal: HOLD | Confidence: 0%
2026-07-24 10:37:08,771 | ETH-USD | Signal: BUY | Confidence: 100.0%
2026-07-24 10:37:08,771 | ETH-USD | ENTRY: 1884.59998 | SL: 1793.11419 | TP: 2067.57154 | RR: 2.0 | POSITION: 0.1093
2026-07-24 10:37:08,938 | SOL-USD | Signal: HOLD | Confidence: 25.0%
2026-07-24 10:37:41,325 | EURUSD=X | Signal: HOLD | Confidence: 0%
2026-07-24 10:37:41,456 | GBPUSD=X | Signal: HOLD | Confidence: 25.0%
2026-07-24 10:37:41,579 | JPY=X | Signal: HOLD | Confidence: 0%
2026-07-24 10:37:41,716 | AUDUSD=X | Signal: HOLD | Confidence: 25.0%
2026-07-24 10:37:41,842 | CAD=X | Signal: HOLD | Confidence: 0.0%
2026-07-24 10:37:41,965 | GC=F | Signal: HOLD | Confidence: 50.0%
2026-07-24 10:37:42,126 | SI=F | Signal: HOLD | Confidence: 50.0%
2026-07-24 10:37:42,384 | BTC-USD | Signal: HOLD | Confidence: 0%
2026-07-24 10:37:42,577 | ETH-USD | Signal: BUY | Confidence: 100.0%
2026-07-24 10:37:42,577 | ETH-USD | ENTRY: 1884.67004 | SL: 1793.18426 | TP: 2067.64161 | RR: 2.0 | POSITION: 0.1093
2026-07-24 10:37:42,748 | SOL-USD | Signal: HOLD | Confidence: 25.0%
2026-07-24 10:44:51,535 | EURUSD=X | Signal: HOLD | Confidence: 0%
2026-07-24 10:44:51,664 | GBPUSD=X | Signal: HOLD | Confidence: 25.0%
2026-07-24 10:44:51,788 | JPY=X | Signal: HOLD | Confidence: 0%
2026-07-24 10:44:51,916 | AUDUSD=X | Signal: HOLD | Confidence: 25.0%
2026-07-24 10:44:52,119 | CAD=X | Signal: HOLD | Confidence: 0.0%
2026-07-24 10:44:52,323 | GC=F | Signal: HOLD | Confidence: 50.0%
2026-07-24 10:44:52,665 | SI=F | Signal: HOLD | Confidence: 50.0%
2026-07-24 10:44:52,839 | BTC-USD | Signal: HOLD | Confidence: 0%
2026-07-24 10:44:53,021 | ETH-USD | Signal: BUY | Confidence: 100.0%
2026-07-24 10:44:53,022 | ETH-USD | ENTRY: 1883.16003 | SL: 1791.67425 | TP: 2066.1316 | RR: 2.0 | POSITION: 0.1093
2026-07-24 10:44:53,196 | SOL-USD | Signal: HOLD | Confidence: 25.0%
2026-07-24 10:45:07,713 | EURUSD=X | Signal: HOLD | Confidence: 0%
2026-07-24 10:45:07,838 | GBPUSD=X | Signal: HOLD | Confidence: 25.0%
2026-07-24 10:45:07,963 | JPY=X | Signal: HOLD | Confidence: 0%
2026-07-24 10:45:08,091 | AUDUSD=X | Signal: HOLD | Confidence: 25.0%
2026-07-24 10:45:08,215 | CAD=X | Signal: HOLD | Confidence: 0.0%
2026-07-24 10:45:08,359 | GC=F | Signal: HOLD | Confidence: 50.0%
2026-07-24 10:45:08,482 | SI=F | Signal: HOLD | Confidence: 50.0%
2026-07-24 10:45:08,749 | BTC-USD | Signal: HOLD | Confidence: 0%
2026-07-24 10:45:08,947 | ETH-USD | Signal: BUY | Confidence: 100.0%
2026-07-24 10:45:08,947 | ETH-USD | ENTRY: 1882.56006 | SL: 1791.07428 | TP: 2065.53162 | RR: 2.0 | POSITION: 0.1093
2026-07-24 10:45:09,143 | SOL-USD | Signal: HOLD | Confidence: 25.0%
2026-07-24 10:45:22,556 | EURUSD=X | Signal: HOLD | Confidence: 0%
2026-07-24 10:45:22,685 | GBPUSD=X | Signal: HOLD | Confidence: 25.0%
2026-07-24 10:45:22,810 | JPY=X | Signal: HOLD | Confidence: 0%
2026-07-24 10:45:23,030 | AUDUSD=X | Signal: HOLD | Confidence: 25.0%
2026-07-24 10:45:23,278 | CAD=X | Signal: HOLD | Confidence: 0.0%
2026-07-24 10:45:23,454 | GC=F | Signal: HOLD | Confidence: 50.0%
2026-07-24 10:45:23,581 | SI=F | Signal: HOLD | Confidence: 50.0%
2026-07-24 10:45:23,759 | BTC-USD | Signal: HOLD | Confidence: 0%
2026-07-24 10:45:23,937 | ETH-USD | Signal: BUY | Confidence: 100.0%
2026-07-24 10:45:23,938 | ETH-USD | ENTRY: 1882.08997 | SL: 1790.60418 | TP: 2065.06153 | RR: 2.0 | POSITION: 0.1093
2026-07-24 10:45:24,116 | SOL-USD | Signal: HOLD | Confidence: 25.0%
2026-07-24 10:49:17,402 | EURUSD=X | Signal: HOLD | Confidence: 0%
2026-07-24 10:49:17,570 | GBPUSD=X | Signal: HOLD | Confidence: 25.0%
2026-07-24 10:49:17,691 | JPY=X | Signal: HOLD | Confidence: 0%
2026-07-24 10:49:17,814 | AUDUSD=X | Signal: HOLD | Confidence: 25.0%
2026-07-24 10:49:17,947 | CAD=X | Signal: HOLD | Confidence: 0.0%
2026-07-24 10:49:18,115 | GC=F | Signal: HOLD | Confidence: 50.0%
2026-07-24 10:49:18,259 | SI=F | Signal: HOLD | Confidence: 50.0%
2026-07-24 10:49:18,491 | BTC-USD | Signal: HOLD | Confidence: 0%
2026-07-24 10:49:18,660 | ETH-USD | Signal: BUY | Confidence: 100.0%
2026-07-24 10:49:18,660 | ETH-USD | ENTRY: 1883.58997 | SL: 1792.10418 | TP: 2066.56153 | RR: 2.0 | POSITION: 0.1093
2026-07-24 10:49:18,826 | SOL-USD | Signal: HOLD | Confidence: 25.0%
2026-07-24 10:49:32,332 | EURUSD=X | Signal: HOLD | Confidence: 0%
2026-07-24 10:49:32,456 | GBPUSD=X | Signal: HOLD | Confidence: 25.0%
2026-07-24 10:49:32,582 | JPY=X | Signal: HOLD | Confidence: 0%
2026-07-24 10:49:32,714 | AUDUSD=X | Signal: HOLD | Confidence: 25.0%
2026-07-24 10:49:32,835 | CAD=X | Signal: HOLD | Confidence: 0.0%
2026-07-24 10:49:32,952 | GC=F | Signal: HOLD | Confidence: 50.0%
2026-07-24 10:49:33,074 | SI=F | Signal: HOLD | Confidence: 50.0%
2026-07-24 10:49:33,243 | BTC-USD | Signal: HOLD | Confidence: 0%
2026-07-24 10:49:33,421 | ETH-USD | Signal: BUY | Confidence: 100.0%
2026-07-24 10:49:33,422 | ETH-USD | ENTRY: 1883.43994 | SL: 1791.95416 | TP: 2066.41151 | RR: 2.0 | POSITION: 0.1093
2026-07-24 10:49:33,847 | SOL-USD | Signal: HOLD | Confidence: 25.0%
2026-07-24 10:49:46,739 | EURUSD=X | Signal: HOLD | Confidence: 0%
2026-07-24 10:49:46,881 | GBPUSD=X | Signal: HOLD | Confidence: 25.0%
2026-07-24 10:49:47,016 | JPY=X | Signal: HOLD | Confidence: 0%
2026-07-24 10:49:47,153 | AUDUSD=X | Signal: HOLD | Confidence: 25.0%
2026-07-24 10:49:47,285 | CAD=X | Signal: HOLD | Confidence: 0.0%
2026-07-24 10:49:47,518 | GC=F | Signal: HOLD | Confidence: 50.0%
2026-07-24 10:49:47,642 | SI=F | Signal: HOLD | Confidence: 50.0%
2026-07-24 10:49:47,856 | BTC-USD | Signal: HOLD | Confidence: 0%
2026-07-24 10:49:48,256 | ETH-USD | Signal: BUY | Confidence: 100.0%
2026-07-24 10:49:48,256 | ETH-USD | ENTRY: 1883.79004 | SL: 1792.30426 | TP: 2066.76161 | RR: 2.0 | POSITION: 0.1093
2026-07-24 10:49:48,426 | SOL-USD | Signal: HOLD | Confidence: 25.0%
2026-07-24 10:50:01,738 | EURUSD=X | Signal: HOLD | Confidence: 0%
2026-07-24 10:50:01,874 | GBPUSD=X | Signal: HOLD | Confidence: 25.0%
2026-07-24 10:50:02,005 | JPY=X | Signal: HOLD | Confidence: 0%
2026-07-24 10:50:02,168 | AUDUSD=X | Signal: HOLD | Confidence: 25.0%
2026-07-24 10:50:02,321 | CAD=X | Signal: HOLD | Confidence: 0.0%
2026-07-24 10:50:02,447 | GC=F | Signal: HOLD | Confidence: 50.0%
2026-07-24 10:50:02,581 | SI=F | Signal: HOLD | Confidence: 50.0%
2026-07-24 10:50:02,813 | BTC-USD | Signal: HOLD | Confidence: 0%
2026-07-24 10:50:02,996 | ETH-USD | Signal: BUY | Confidence: 100.0%
2026-07-24 10:50:02,996 | ETH-USD | ENTRY: 1883.68994 | SL: 1792.20416 | TP: 2066.66151 | RR: 2.0 | POSITION: 0.1093
2026-07-24 10:50:03,181 | SOL-USD | Signal: HOLD | Confidence: 25.0%
2026-07-24 10:57:35,178 | EURUSD=X | Signal: HOLD | Confidence: 0%
2026-07-24 10:57:35,303 | GBPUSD=X | Signal: HOLD | Confidence: 25.0%
2026-07-24 10:57:35,441 | JPY=X | Signal: HOLD | Confidence: 0%
2026-07-24 10:57:35,562 | AUDUSD=X | Signal: HOLD | Confidence: 25.0%
2026-07-24 10:57:35,689 | CAD=X | Signal: HOLD | Confidence: 0.0%
2026-07-24 10:57:35,810 | GC=F | Signal: HOLD | Confidence: 50.0%
2026-07-24 10:57:35,989 | SI=F | Signal: HOLD | Confidence: 50.0%
2026-07-24 10:57:36,215 | BTC-USD | Signal: HOLD | Confidence: 0%
2026-07-24 10:57:36,399 | ETH-USD | Signal: BUY | Confidence: 100.0%
2026-07-24 10:57:36,399 | ETH-USD | ENTRY: 1881.77002 | SL: 1790.28424 | TP: 2064.74159 | RR: 2.0 | POSITION: 0.1093
2026-07-24 10:57:36,567 | SOL-USD | Signal: HOLD | Confidence: 25.0%
2026-07-24 10:57:50,020 | EURUSD=X | Signal: HOLD | Confidence: 0%
2026-07-24 10:57:50,159 | GBPUSD=X | Signal: HOLD | Confidence: 25.0%
2026-07-24 10:57:50,286 | JPY=X | Signal: HOLD | Confidence: 0%
2026-07-24 10:57:50,427 | AUDUSD=X | Signal: HOLD | Confidence: 25.0%
2026-07-24 10:57:50,559 | CAD=X | Signal: HOLD | Confidence: 0.0%
2026-07-24 10:57:50,683 | GC=F | Signal: HOLD | Confidence: 50.0%
2026-07-24 10:57:50,808 | SI=F | Signal: HOLD | Confidence: 50.0%
2026-07-24 10:57:50,989 | BTC-USD | Signal: HOLD | Confidence: 0%
2026-07-24 10:57:51,172 | ETH-USD | Signal: BUY | Confidence: 100.0%
2026-07-24 10:57:51,173 | ETH-USD | ENTRY: 1881.84998 | SL: 1790.36419 | TP: 2064.82154 | RR: 2.0 | POSITION: 0.1093
2026-07-24 10:57:51,338 | SOL-USD | Signal: HOLD | Confidence: 25.0%
2026-07-24 10:58:04,890 | EURUSD=X | Signal: HOLD | Confidence: 0%
2026-07-24 10:58:05,029 | GBPUSD=X | Signal: HOLD | Confidence: 25.0%
2026-07-24 10:58:05,193 | JPY=X | Signal: HOLD | Confidence: 0%
2026-07-24 10:58:05,343 | AUDUSD=X | Signal: HOLD | Confidence: 25.0%
2026-07-24 10:58:05,501 | CAD=X | Signal: HOLD | Confidence: 0.0%
2026-07-24 10:58:05,694 | GC=F | Signal: HOLD | Confidence: 50.0%
2026-07-24 10:58:05,846 | SI=F | Signal: HOLD | Confidence: 50.0%
2026-07-24 10:58:06,049 | BTC-USD | Signal: HOLD | Confidence: 0%
2026-07-24 10:58:06,225 | ETH-USD | Signal: BUY | Confidence: 100.0%
2026-07-24 10:58:06,225 | ETH-USD | ENTRY: 1881.56006 | SL: 1790.07428 | TP: 2064.53162 | RR: 2.0 | POSITION: 0.1093
2026-07-24 10:58:06,407 | SOL-USD | Signal: HOLD | Confidence: 25.0%
2026-07-24 11:06:42,684 | EURUSD=X | Signal: HOLD | Confidence: 0%
2026-07-24 11:06:42,822 | GBPUSD=X | Signal: HOLD | Confidence: 25.0%
2026-07-24 11:06:42,956 | JPY=X | Signal: HOLD | Confidence: 0%
2026-07-24 11:06:43,091 | AUDUSD=X | Signal: HOLD | Confidence: 25.0%
2026-07-24 11:06:43,226 | CAD=X | Signal: HOLD | Confidence: 0.0%
2026-07-24 11:06:43,360 | GC=F | Signal: HOLD | Confidence: 50.0%
2026-07-24 11:06:43,530 | SI=F | Signal: HOLD | Confidence: 50.0%
2026-07-24 11:06:43,951 | BTC-USD | Signal: HOLD | Confidence: 0%
2026-07-24 11:06:44,161 | ETH-USD | Signal: BUY | Confidence: 100.0%
2026-07-24 11:06:44,161 | ETH-USD | ENTRY: 1882.0 | SL: 1790.51422 | TP: 2064.97157 | RR: 2.0 | POSITION: 0.1093
2026-07-24 11:06:44,333 | SOL-USD | Signal: HOLD | Confidence: 25.0%
2026-07-24 11:06:57,329 | EURUSD=X | Signal: HOLD | Confidence: 0%
2026-07-24 11:06:57,457 | GBPUSD=X | Signal: HOLD | Confidence: 25.0%
2026-07-24 11:06:57,581 | JPY=X | Signal: HOLD | Confidence: 0%
2026-07-24 11:06:57,712 | AUDUSD=X | Signal: HOLD | Confidence: 25.0%
2026-07-24 11:06:57,844 | CAD=X | Signal: HOLD | Confidence: 0.0%
2026-07-24 11:06:57,977 | GC=F | Signal: HOLD | Confidence: 50.0%
2026-07-24 11:06:58,098 | SI=F | Signal: HOLD | Confidence: 50.0%
2026-07-24 11:06:58,354 | BTC-USD | Signal: HOLD | Confidence: 0%
2026-07-24 11:06:58,529 | ETH-USD | Signal: BUY | Confidence: 100.0%
2026-07-24 11:06:58,529 | ETH-USD | ENTRY: 1882.01001 | SL: 1790.52423 | TP: 2064.98158 | RR: 2.0 | POSITION: 0.1093
2026-07-24 11:06:58,694 | SOL-USD | Signal: HOLD | Confidence: 25.0%
2026-07-24 11:12:56,175 | EURUSD=X | Signal: HOLD | Confidence: 0%
2026-07-24 11:12:56,310 | GBPUSD=X | Signal: HOLD | Confidence: 25.0%
2026-07-24 11:12:56,452 | JPY=X | Signal: HOLD | Confidence: 0%
2026-07-24 11:12:56,608 | AUDUSD=X | Signal: HOLD | Confidence: 25.0%
2026-07-24 11:12:56,744 | CAD=X | Signal: HOLD | Confidence: 0.0%
2026-07-24 11:12:56,876 | GC=F | Signal: HOLD | Confidence: 50.0%
2026-07-24 11:12:57,048 | SI=F | Signal: HOLD | Confidence: 50.0%
2026-07-24 11:12:57,224 | BTC-USD | Signal: HOLD | Confidence: 0%
2026-07-24 11:12:57,407 | ETH-USD | Signal: BUY | Confidence: 100.0%
2026-07-24 11:12:57,408 | ETH-USD | ENTRY: 1881.0 | SL: 1789.51422 | TP: 2063.97157 | RR: 2.0 | POSITION: 0.1093
2026-07-24 11:12:57,572 | SOL-USD | Signal: HOLD | Confidence: 25.0%
2026-07-24 11:13:12,276 | EURUSD=X | Signal: HOLD | Confidence: 0%
2026-07-24 11:13:12,409 | GBPUSD=X | Signal: HOLD | Confidence: 25.0%
2026-07-24 11:13:12,591 | JPY=X | Signal: HOLD | Confidence: 0%
2026-07-24 11:13:12,722 | AUDUSD=X | Signal: HOLD | Confidence: 25.0%
2026-07-24 11:13:12,874 | CAD=X | Signal: HOLD | Confidence: 0.0%
2026-07-24 11:13:13,035 | GC=F | Signal: HOLD | Confidence: 50.0%
2026-07-24 11:13:13,164 | SI=F | Signal: HOLD | Confidence: 50.0%
2026-07-24 11:13:13,341 | BTC-USD | Signal: HOLD | Confidence: 0%
2026-07-24 11:13:13,521 | ETH-USD | Signal: BUY | Confidence: 100.0%
2026-07-24 11:13:13,521 | ETH-USD | ENTRY: 1880.98999 | SL: 1789.50421 | TP: 2063.96156 | RR: 2.0 | POSITION: 0.1093
2026-07-24 11:13:13,886 | SOL-USD | Signal: HOLD | Confidence: 25.0%
2026-07-24 11:13:26,748 | EURUSD=X | Signal: HOLD | Confidence: 0%
2026-07-24 11:13:26,892 | GBPUSD=X | Signal: HOLD | Confidence: 25.0%
2026-07-24 11:13:27,019 | JPY=X | Signal: HOLD | Confidence: 0%
2026-07-24 11:13:27,151 | AUDUSD=X | Signal: HOLD | Confidence: 25.0%
2026-07-24 11:13:27,317 | CAD=X | Signal: HOLD | Confidence: 0.0%
2026-07-24 11:13:27,459 | GC=F | Signal: HOLD | Confidence: 50.0%
2026-07-24 11:13:27,576 | SI=F | Signal: HOLD | Confidence: 50.0%
2026-07-24 11:13:27,746 | BTC-USD | Signal: HOLD | Confidence: 0%
2026-07-24 11:13:27,929 | ETH-USD | Signal: BUY | Confidence: 100.0%
2026-07-24 11:13:27,929 | ETH-USD | ENTRY: 1881.22998 | SL: 1789.7442 | TP: 2064.20155 | RR: 2.0 | POSITION: 0.1093
2026-07-24 11:13:28,096 | SOL-USD | Signal: HOLD | Confidence: 25.0%
2026-07-24 11:16:52,450 | EURUSD=X | Signal: HOLD | Confidence: 0%
2026-07-24 11:16:52,574 | GBPUSD=X | Signal: HOLD | Confidence: 25.0%
2026-07-24 11:16:52,695 | JPY=X | Signal: HOLD | Confidence: 0%
2026-07-24 11:16:52,872 | AUDUSD=X | Signal: HOLD | Confidence: 25.0%
2026-07-24 11:16:53,011 | CAD=X | Signal: HOLD | Confidence: 0.0%
2026-07-24 11:16:53,129 | GC=F | Signal: HOLD | Confidence: 50.0%
2026-07-24 11:16:53,270 | SI=F | Signal: HOLD | Confidence: 50.0%
2026-07-24 11:16:53,500 | BTC-USD | Signal: HOLD | Confidence: 0%
2026-07-24 11:16:53,667 | ETH-USD | Signal: BUY | Confidence: 100.0%
2026-07-24 11:16:53,668 | ETH-USD | ENTRY: 1881.63 | SL: 1790.14422 | TP: 2064.60157 | RR: 2.0 | POSITION: 0.1093
2026-07-24 11:16:53,869 | SOL-USD | Signal: HOLD | Confidence: 25.0%
2026-07-24 11:17:07,236 | EURUSD=X | Signal: HOLD | Confidence: 0%
2026-07-24 11:17:07,365 | GBPUSD=X | Signal: HOLD | Confidence: 25.0%
2026-07-24 11:17:07,542 | JPY=X | Signal: HOLD | Confidence: 0%
2026-07-24 11:17:07,684 | AUDUSD=X | Signal: HOLD | Confidence: 25.0%
2026-07-24 11:17:08,060 | CAD=X | Signal: HOLD | Confidence: 0.0%
2026-07-24 11:17:08,183 | GC=F | Signal: HOLD | Confidence: 50.0%
2026-07-24 11:17:08,306 | SI=F | Signal: HOLD | Confidence: 50.0%
2026-07-24 11:17:08,487 | BTC-USD | Signal: HOLD | Confidence: 0%
2026-07-24 11:17:08,675 | ETH-USD | Signal: BUY | Confidence: 100.0%
2026-07-24 11:17:08,675 | ETH-USD | ENTRY: 1881.62 | SL: 1790.13421 | TP: 2064.59156 | RR: 2.0 | POSITION: 0.1093
2026-07-24 11:17:08,876 | SOL-USD | Signal: HOLD | Confidence: 25.0%
2026-07-25 07:46:42,128 | EURUSD=X | Signal: HOLD | Confidence: 0%
2026-07-25 07:46:42,329 | GBPUSD=X | Signal: HOLD | Confidence: 25.0%
2026-07-25 07:46:42,552 | JPY=X | Signal: HOLD | Confidence: 0%
2026-07-25 07:46:42,763 | AUDUSD=X | Signal: HOLD | Confidence: 25.0%
2026-07-25 07:46:42,987 | CAD=X | Signal: HOLD | Confidence: 0.0%
2026-07-25 07:46:43,193 | GC=F | Signal: HOLD | Confidence: 50.0%
2026-07-25 07:46:43,408 | SI=F | Signal: HOLD | Confidence: 50.0%
2026-07-25 07:46:43,726 | BTC-USD | Signal: HOLD | Confidence: 0%
2026-07-25 07:46:44,006 | ETH-USD | Signal: HOLD | Confidence: 50.0%
2026-07-25 07:46:44,274 | SOL-USD | Signal: HOLD | Confidence: 25.0%
2026-07-25 07:46:57,184 | EURUSD=X | Signal: HOLD | Confidence: 0%
2026-07-25 07:46:57,381 | GBPUSD=X | Signal: HOLD | Confidence: 25.0%
2026-07-25 07:46:57,578 | JPY=X | Signal: HOLD | Confidence: 0%
2026-07-25 07:46:57,824 | AUDUSD=X | Signal: HOLD | Confidence: 25.0%
2026-07-25 07:46:58,115 | CAD=X | Signal: HOLD | Confidence: 0.0%
2026-07-25 07:46:58,461 | GC=F | Signal: HOLD | Confidence: 50.0%
2026-07-25 07:46:58,649 | SI=F | Signal: HOLD | Confidence: 50.0%
2026-07-25 07:46:58,913 | BTC-USD | Signal: HOLD | Confidence: 0%
2026-07-25 07:46:59,196 | ETH-USD | Signal: HOLD | Confidence: 50.0%
2026-07-25 07:46:59,453 | SOL-USD | Signal: HOLD | Confidence: 25.0%
2026-07-25 07:47:12,193 | EURUSD=X | Signal: HOLD | Confidence: 0%
2026-07-25 07:47:12,384 | GBPUSD=X | Signal: HOLD | Confidence: 25.0%
2026-07-25 07:47:12,619 | JPY=X | Signal: HOLD | Confidence: 0%
2026-07-25 07:47:12,809 | AUDUSD=X | Signal: HOLD | Confidence: 25.0%
2026-07-25 07:47:12,999 | CAD=X | Signal: HOLD | Confidence: 0.0%
2026-07-25 07:47:13,235 | GC=F | Signal: HOLD | Confidence: 50.0%
2026-07-25 07:47:13,418 | SI=F | Signal: HOLD | Confidence: 50.0%
2026-07-25 07:47:13,674 | BTC-USD | Signal: HOLD | Confidence: 0%
2026-07-25 07:47:13,935 | ETH-USD | Signal: HOLD | Confidence: 50.0%
2026-07-25 07:47:14,217 | SOL-USD | Signal: HOLD | Confidence: 25.0%
2026-07-25 07:47:26,855 | EURUSD=X | Signal: HOLD | Confidence: 0%
2026-07-25 07:47:27,092 | GBPUSD=X | Signal: HOLD | Confidence: 25.0%
2026-07-25 07:47:27,288 | JPY=X | Signal: HOLD | Confidence: 0%
2026-07-25 07:47:27,484 | AUDUSD=X | Signal: HOLD | Confidence: 25.0%
2026-07-25 07:47:27,673 | CAD=X | Signal: HOLD | Confidence: 0.0%
2026-07-25 07:47:27,862 | GC=F | Signal: HOLD | Confidence: 50.0%
2026-07-25 07:47:28,040 | SI=F | Signal: HOLD | Confidence: 50.0%
2026-07-25 07:47:28,315 | BTC-USD | Signal: HOLD | Confidence: 0%
2026-07-25 07:47:28,584 | ETH-USD | Signal: HOLD | Confidence: 50.0%
2026-07-25 07:47:29,023 | SOL-USD | Signal: HOLD | Confidence: 25.0%
2026-07-25 07:47:41,964 | EURUSD=X | Signal: HOLD | Confidence: 0%
2026-07-25 07:47:42,188 | GBPUSD=X | Signal: HOLD | Confidence: 25.0%
2026-07-25 07:47:42,404 | JPY=X | Signal: HOLD | Confidence: 0%
2026-07-25 07:47:42,604 | AUDUSD=X | Signal: HOLD | Confidence: 25.0%
2026-07-25 07:47:42,793 | CAD=X | Signal: HOLD | Confidence: 0.0%
2026-07-25 07:47:42,976 | GC=F | Signal: HOLD | Confidence: 50.0%
2026-07-25 07:47:43,166 | SI=F | Signal: HOLD | Confidence: 50.0%
2026-07-25 07:47:43,475 | BTC-USD | Signal: HOLD | Confidence: 0%
2026-07-25 07:47:43,745 | ETH-USD | Signal: HOLD | Confidence: 50.0%
2026-07-25 07:47:43,996 | SOL-USD | Signal: HOLD | Confidence: 25.0%
2026-07-25 07:47:56,815 | EURUSD=X | Signal: HOLD | Confidence: 0%
2026-07-25 07:47:57,037 | GBPUSD=X | Signal: HOLD | Confidence: 25.0%
2026-07-25 07:47:57,230 | JPY=X | Signal: HOLD | Confidence: 0%
2026-07-25 07:47:57,423 | AUDUSD=X | Signal: HOLD | Confidence: 25.0%
2026-07-25 07:47:57,613 | CAD=X | Signal: HOLD | Confidence: 0.0%
2026-07-25 07:47:57,834 | GC=F | Signal: HOLD | Confidence: 50.0%
2026-07-25 07:47:58,027 | SI=F | Signal: HOLD | Confidence: 50.0%
2026-07-25 07:47:58,375 | BTC-USD | Signal: HOLD | Confidence: 0%
2026-07-25 07:47:58,670 | ETH-USD | Signal: HOLD | Confidence: 50.0%
2026-07-25 07:47:58,930 | SOL-USD | Signal: HOLD | Confidence: 25.0%
2026-07-25 07:48:11,849 | EURUSD=X | Signal: HOLD | Confidence: 0%
2026-07-25 07:48:12,073 | GBPUSD=X | Signal: HOLD | Confidence: 25.0%
2026-07-25 07:48:12,321 | JPY=X | Signal: HOLD | Confidence: 0%
2026-07-25 07:48:12,514 | AUDUSD=X | Signal: HOLD | Confidence: 25.0%
2026-07-25 07:48:12,706 | CAD=X | Signal: HOLD | Confidence: 0.0%
2026-07-25 07:48:12,896 | GC=F | Signal: HOLD | Confidence: 50.0%
2026-07-25 07:48:13,086 | SI=F | Signal: HOLD | Confidence: 50.0%
2026-07-25 07:48:13,353 | BTC-USD | Signal: HOLD | Confidence: 0%
2026-07-25 07:48:13,615 | ETH-USD | Signal: HOLD | Confidence: 50.0%
2026-07-25 07:48:13,867 | SOL-USD | Signal: HOLD | Confidence: 25.0%
2026-07-25 07:48:27,272 | EURUSD=X | Signal: HOLD | Confidence: 0%
2026-07-25 07:48:27,466 | GBPUSD=X | Signal: HOLD | Confidence: 25.0%
2026-07-25 07:48:27,655 | JPY=X | Signal: HOLD | Confidence: 0%
2026-07-25 07:48:27,851 | AUDUSD=X | Signal: HOLD | Confidence: 25.0%
2026-07-25 07:48:28,039 | CAD=X | Signal: HOLD | Confidence: 0.0%
2026-07-25 07:48:28,229 | GC=F | Signal: HOLD | Confidence: 50.0%
2026-07-25 07:48:28,422 | SI=F | Signal: HOLD | Confidence: 50.0%
2026-07-25 07:48:28,727 | BTC-USD | Signal: HOLD | Confidence: 0%
2026-07-25 07:48:29,001 | ETH-USD | Signal: HOLD | Confidence: 50.0%
2026-07-25 07:48:29,278 | SOL-USD | Signal: HOLD | Confidence: 25.0%
2026-07-25 07:48:42,411 | EURUSD=X | Signal: HOLD | Confidence: 0%
2026-07-25 07:48:42,600 | GBPUSD=X | Signal: HOLD | Confidence: 25.0%
2026-07-25 07:48:42,790 | JPY=X | Signal: HOLD | Confidence: 0%
2026-07-25 07:48:42,976 | AUDUSD=X | Signal: HOLD | Confidence: 25.0%
2026-07-25 07:48:43,216 | CAD=X | Signal: HOLD | Confidence: 0.0%
2026-07-25 07:48:43,411 | GC=F | Signal: HOLD | Confidence: 50.0%
2026-07-25 07:48:43,590 | SI=F | Signal: HOLD | Confidence: 50.0%
2026-07-25 07:48:43,846 | BTC-USD | Signal: HOLD | Confidence: 0%
2026-07-25 07:48:44,104 | ETH-USD | Signal: HOLD | Confidence: 50.0%
2026-07-25 07:48:44,362 | SOL-USD | Signal: HOLD | Confidence: 25.0%
2026-07-25 07:48:57,717 | EURUSD=X | Signal: HOLD | Confidence: 0%
2026-07-25 07:48:57,925 | GBPUSD=X | Signal: HOLD | Confidence: 25.0%
2026-07-25 07:48:58,125 | JPY=X | Signal: HOLD | Confidence: 0%
2026-07-25 07:48:58,365 | AUDUSD=X | Signal: HOLD | Confidence: 25.0%
2026-07-25 07:48:58,623 | CAD=X | Signal: HOLD | Confidence: 0.0%
2026-07-25 07:48:58,855 | GC=F | Signal: HOLD | Confidence: 50.0%
2026-07-25 07:48:59,043 | SI=F | Signal: HOLD | Confidence: 50.0%
2026-07-25 07:48:59,308 | BTC-USD | Signal: HOLD | Confidence: 0%
2026-07-25 07:48:59,614 | ETH-USD | Signal: HOLD | Confidence: 50.0%
2026-07-25 08:01:33,628 | EURUSD=X | Signal: HOLD | Confidence: 0%
2026-07-25 08:01:33,837 | GBPUSD=X | Signal: HOLD | Confidence: 25.0%
2026-07-25 08:01:34,035 | JPY=X | Signal: HOLD | Confidence: 0%
2026-07-25 08:01:34,237 | AUDUSD=X | Signal: HOLD | Confidence: 25.0%
2026-07-25 08:01:34,442 | CAD=X | Signal: HOLD | Confidence: 0.0%
2026-07-25 08:01:34,632 | GC=F | Signal: HOLD | Confidence: 50.0%
2026-07-25 08:01:34,856 | SI=F | Signal: HOLD | Confidence: 50.0%
2026-07-25 08:01:35,192 | BTC-USD | Signal: HOLD | Confidence: 0%
2026-07-25 08:01:35,518 | ETH-USD | Signal: HOLD | Confidence: 50.0%
2026-07-25 08:01:35,789 | SOL-USD | Signal: HOLD | Confidence: 25.0%
2026-07-25 08:01:48,689 | EURUSD=X | Signal: HOLD | Confidence: 0%
2026-07-25 08:01:48,988 | GBPUSD=X | Signal: HOLD | Confidence: 25.0%
2026-07-25 08:01:49,214 | JPY=X | Signal: HOLD | Confidence: 0%
2026-07-25 08:01:49,412 | AUDUSD=X | Signal: HOLD | Confidence: 25.0%
2026-07-25 08:01:49,612 | CAD=X | Signal: HOLD | Confidence: 0.0%
2026-07-25 08:01:49,842 | GC=F | Signal: HOLD | Confidence: 50.0%
2026-07-25 08:01:50,035 | SI=F | Signal: HOLD | Confidence: 50.0%
2026-07-25 08:01:50,310 | BTC-USD | Signal: HOLD | Confidence: 0%
2026-07-25 08:01:50,585 | ETH-USD | Signal: HOLD | Confidence: 50.0%
2026-07-25 08:01:50,857 | SOL-USD | Signal: HOLD | Confidence: 25.0%
2026-07-25 08:02:04,305 | EURUSD=X | Signal: HOLD | Confidence: 0%
2026-07-25 08:02:04,507 | GBPUSD=X | Signal: HOLD | Confidence: 25.0%
2026-07-25 08:02:04,706 | JPY=X | Signal: HOLD | Confidence: 0%
2026-07-25 08:02:04,898 | AUDUSD=X | Signal: HOLD | Confidence: 25.0%
2026-07-25 08:02:05,119 | CAD=X | Signal: HOLD | Confidence: 0.0%
2026-07-25 08:02:05,406 | GC=F | Signal: HOLD | Confidence: 50.0%
2026-07-25 08:02:05,610 | SI=F | Signal: HOLD | Confidence: 50.0%
2026-07-25 08:02:05,911 | BTC-USD | Signal: HOLD | Confidence: 0%
2026-07-25 08:02:06,238 | ETH-USD | Signal: HOLD | Confidence: 50.0%
2026-07-25 08:02:06,489 | SOL-USD | Signal: HOLD | Confidence: 25.0%
2026-07-25 08:02:18,824 | EURUSD=X | Signal: HOLD | Confidence: 0%
2026-07-25 08:02:19,021 | GBPUSD=X | Signal: HOLD | Confidence: 25.0%
2026-07-25 08:02:19,223 | JPY=X | Signal: HOLD | Confidence: 0%
2026-07-25 08:02:19,428 | AUDUSD=X | Signal: HOLD | Confidence: 25.0%
2026-07-25 08:02:19,623 | CAD=X | Signal: HOLD | Confidence: 0.0%
2026-07-25 08:02:19,809 | GC=F | Signal: HOLD | Confidence: 50.0%
2026-07-25 08:02:19,999 | SI=F | Signal: HOLD | Confidence: 50.0%
2026-07-25 08:02:20,273 | BTC-USD | Signal: HOLD | Confidence: 0%
2026-07-25 08:02:20,565 | ETH-USD | Signal: HOLD | Confidence: 50.0%
2026-07-25 08:02:20,869 | SOL-USD | Signal: HOLD | Confidence: 25.0%
2026-07-25 08:02:34,020 | EURUSD=X | Signal: HOLD | Confidence: 0%
2026-07-25 08:02:34,353 | GBPUSD=X | Signal: HOLD | Confidence: 25.0%
2026-07-25 08:02:34,586 | JPY=X | Signal: HOLD | Confidence: 0%
2026-07-25 08:02:34,779 | AUDUSD=X | Signal: HOLD | Confidence: 25.0%
2026-07-25 08:02:34,970 | CAD=X | Signal: HOLD | Confidence: 0.0%
2026-07-25 08:02:35,210 | GC=F | Signal: HOLD | Confidence: 50.0%
2026-07-25 08:02:35,419 | SI=F | Signal: HOLD | Confidence: 50.0%
2026-07-25 08:02:35,692 | BTC-USD | Signal: HOLD | Confidence: 0%
2026-07-25 08:02:35,958 | ETH-USD | Signal: HOLD | Confidence: 50.0%
2026-07-25 08:02:36,220 | SOL-USD | Signal: HOLD | Confidence: 25.0%
2026-07-25 08:02:48,917 | EURUSD=X | Signal: HOLD | Confidence: 0%
2026-07-25 08:02:49,167 | GBPUSD=X | Signal: HOLD | Confidence: 25.0%
2026-07-25 08:02:49,389 | JPY=X | Signal: HOLD | Confidence: 0%
2026-07-25 08:02:49,683 | AUDUSD=X | Signal: HOLD | Confidence: 25.0%
2026-07-25 08:02:49,881 | CAD=X | Signal: HOLD | Confidence: 0.0%
2026-07-25 08:02:50,069 | GC=F | Signal: HOLD | Confidence: 50.0%
2026-07-25 08:02:50,257 | SI=F | Signal: HOLD | Confidence: 50.0%
2026-07-25 08:02:50,534 | BTC-USD | Signal: HOLD | Confidence: 0%
2026-07-25 08:02:50,810 | ETH-USD | Signal: HOLD | Confidence: 50.0%
2026-07-25 08:02:51,082 | SOL-USD | Signal: HOLD | Confidence: 25.0%
2026-07-25 08:03:05,006 | EURUSD=X | Signal: HOLD | Confidence: 0%
2026-07-25 08:03:05,237 | GBPUSD=X | Signal: HOLD | Confidence: 25.0%
2026-07-25 08:03:05,459 | JPY=X | Signal: HOLD | Confidence: 0%
2026-07-25 08:03:05,704 | AUDUSD=X | Signal: HOLD | Confidence: 25.0%
2026-07-25 08:03:05,939 | CAD=X | Signal: HOLD | Confidence: 0.0%
2026-07-25 08:03:06,218 | GC=F | Signal: HOLD | Confidence: 50.0%
2026-07-25 08:03:06,408 | SI=F | Signal: HOLD | Confidence: 50.0%
2026-07-25 08:03:06,683 | BTC-USD | Signal: HOLD | Confidence: 0%
2026-07-25 08:03:06,980 | ETH-USD | Signal: HOLD | Confidence: 50.0%
2026-07-25 08:03:07,291 | SOL-USD | Signal: HOLD | Confidence: 25.0%
2026-07-25 08:03:20,565 | EURUSD=X | Signal: HOLD | Confidence: 0%
2026-07-25 08:03:20,775 | GBPUSD=X | Signal: HOLD | Confidence: 25.0%
2026-07-25 08:03:20,966 | JPY=X | Signal: HOLD | Confidence: 0%
2026-07-25 08:03:21,171 | AUDUSD=X | Signal: HOLD | Confidence: 25.0%
2026-07-25 08:03:21,363 | CAD=X | Signal: HOLD | Confidence: 0.0%
2026-07-25 08:03:21,542 | GC=F | Signal: HOLD | Confidence: 50.0%
2026-07-25 08:03:21,735 | SI=F | Signal: HOLD | Confidence: 50.0%
2026-07-25 08:03:22,003 | BTC-USD | Signal: HOLD | Confidence: 0%
2026-07-25 08:03:22,333 | ETH-USD | Signal: HOLD | Confidence: 50.0%
2026-07-25 08:03:22,692 | SOL-USD | Signal: HOLD | Confidence: 25.0%
2026-07-25 10:39:38,088 | EURUSD=X | Signal: HOLD | Confidence: 0%
2026-07-25 10:39:38,298 | GBPUSD=X | Signal: HOLD | Confidence: 25.0%
2026-07-25 10:39:38,503 | JPY=X | Signal: HOLD | Confidence: 0%
2026-07-25 10:39:38,818 | AUDUSD=X | Signal: HOLD | Confidence: 25.0%
2026-07-25 10:39:39,044 | CAD=X | Signal: HOLD | Confidence: 0.0%
2026-07-25 10:39:39,316 | GC=F | Signal: HOLD | Confidence: 50.0%
2026-07-25 10:39:39,528 | SI=F | Signal: HOLD | Confidence: 50.0%
2026-07-25 10:39:39,812 | BTC-USD | Signal: HOLD | Confidence: 0%
2026-07-25 10:39:40,139 | ETH-USD | Signal: HOLD | Confidence: 50.0%
2026-07-25 10:39:40,419 | SOL-USD | Signal: HOLD | Confidence: 25.0%
2026-07-25 10:39:54,696 | EURUSD=X | Signal: HOLD | Confidence: 0%
2026-07-25 10:39:54,895 | GBPUSD=X | Signal: HOLD | Confidence: 25.0%
2026-07-25 10:39:55,111 | JPY=X | Signal: HOLD | Confidence: 0%
2026-07-25 10:39:55,385 | AUDUSD=X | Signal: HOLD | Confidence: 25.0%
2026-07-25 10:39:55,606 | CAD=X | Signal: HOLD | Confidence: 0.0%
2026-07-25 10:39:55,829 | GC=F | Signal: HOLD | Confidence: 50.0%
2026-07-25 10:39:56,020 | SI=F | Signal: HOLD | Confidence: 50.0%
2026-07-25 10:39:56,554 | BTC-USD | Signal: HOLD | Confidence: 0%
2026-07-25 10:39:56,870 | ETH-USD | Signal: HOLD | Confidence: 50.0%
2026-07-25 10:39:57,135 | SOL-USD | Signal: HOLD | Confidence: 25.0%
2026-07-25 10:40:10,996 | EURUSD=X | Signal: HOLD | Confidence: 0%
2026-07-25 10:40:11,200 | GBPUSD=X | Signal: HOLD | Confidence: 25.0%
2026-07-25 10:40:11,410 | JPY=X | Signal: HOLD | Confidence: 0%
2026-07-25 10:40:11,608 | AUDUSD=X | Signal: HOLD | Confidence: 25.0%
2026-07-25 10:40:11,906 | CAD=X | Signal: HOLD | Confidence: 0.0%
2026-07-25 10:40:12,165 | GC=F | Signal: HOLD | Confidence: 50.0%
2026-07-25 10:40:12,370 | SI=F | Signal: HOLD | Confidence: 50.0%
2026-07-25 10:40:12,659 | BTC-USD | Signal: HOLD | Confidence: 0%
2026-07-25 10:40:12,981 | ETH-USD | Signal: HOLD | Confidence: 50.0%
2026-07-25 10:40:13,292 | SOL-USD | Signal: HOLD | Confidence: 25.0%
2026-07-25 10:50:31,077 | EURUSD=X | Signal: HOLD | Confidence: 0%
2026-07-25 10:50:31,295 | GBPUSD=X | Signal: HOLD | Confidence: 25.0%
2026-07-25 10:50:31,535 | JPY=X | Signal: HOLD | Confidence: 0%
2026-07-25 10:50:31,737 | AUDUSD=X | Signal: HOLD | Confidence: 25.0%
2026-07-25 10:50:31,942 | CAD=X | Signal: HOLD | Confidence: 0.0%
2026-07-25 10:50:32,130 | GC=F | Signal: HOLD | Confidence: 50.0%
2026-07-25 10:50:32,400 | SI=F | Signal: HOLD | Confidence: 50.0%
2026-07-25 10:50:32,685 | BTC-USD | Signal: HOLD | Confidence: 0%
2026-07-25 10:50:32,965 | ETH-USD | Signal: HOLD | Confidence: 50.0%
2026-07-25 10:50:33,241 | SOL-USD | Signal: HOLD | Confidence: 25.0%
2026-07-25 10:51:21,601 | EURUSD=X | Signal: HOLD | Confidence: 0%
2026-07-25 10:51:21,861 | GBPUSD=X | Signal: HOLD | Confidence: 25.0%
2026-07-25 10:51:22,071 | JPY=X | Signal: HOLD | Confidence: 0%
2026-07-25 10:51:22,280 | AUDUSD=X | Signal: HOLD | Confidence: 25.0%
2026-07-25 10:51:22,500 | CAD=X | Signal: HOLD | Confidence: 0.0%
2026-07-25 10:51:22,697 | GC=F | Signal: HOLD | Confidence: 50.0%
2026-07-25 10:51:22,927 | SI=F | Signal: HOLD | Confidence: 50.0%
2026-07-25 10:51:23,214 | BTC-USD | Signal: HOLD | Confidence: 0%
2026-07-25 10:51:23,507 | ETH-USD | Signal: HOLD | Confidence: 50.0%
2026-07-25 10:51:23,823 | SOL-USD | Signal: HOLD | Confidence: 25.0%
2026-07-25 11:08:04,055 | EURUSD=X | Signal: HOLD | Confidence: 0%
2026-07-25 11:08:04,274 | GBPUSD=X | Signal: HOLD | Confidence: 25.0%
2026-07-25 11:08:04,514 | JPY=X | Signal: HOLD | Confidence: 0%
2026-07-25 11:08:04,716 | AUDUSD=X | Signal: HOLD | Confidence: 25.0%
2026-07-25 11:08:04,917 | CAD=X | Signal: HOLD | Confidence: 0.0%
2026-07-25 11:08:05,119 | GC=F | Signal: HOLD | Confidence: 50.0%
2026-07-25 11:08:05,340 | SI=F | Signal: HOLD | Confidence: 50.0%
2026-07-25 11:08:05,866 | BTC-USD | Signal: HOLD | Confidence: 0%
2026-07-25 11:08:06,142 | ETH-USD | Signal: HOLD | Confidence: 50.0%
2026-07-25 11:08:06,406 | SOL-USD | Signal: HOLD | Confidence: 25.0%
2026-07-25 11:16:14,448 | EURUSD=X | Signal: HOLD | Confidence: 0%
2026-07-25 11:16:14,660 | GBPUSD=X | Signal: HOLD | Confidence: 20.0%
2026-07-25 11:16:15,167 | JPY=X | Signal: HOLD | Confidence: 0%
2026-07-25 11:16:15,514 | AUDUSD=X | Signal: HOLD | Confidence: 20.0%
2026-07-25 11:16:15,727 | CAD=X | Signal: HOLD | Confidence: 0.0%
2026-07-25 11:16:15,987 | GC=F | Signal: SELL | Confidence: 40.0%
2026-07-25 11:16:15,988 | GC=F | ENTRY: 4067.6001 | SL: 4169.06438 | TP: 3864.67153 | RR: 2.0 | POSITION: 0.0986
2026-07-25 11:16:16,276 | SI=F | Signal: SELL | Confidence: 40.0%
2026-07-25 11:16:16,277 | SI=F | ENTRY: 58.656 | SL: 61.31089 | TP: 53.34621 | RR: 2.0 | POSITION: 3.7666
2026-07-25 11:16:16,585 | BTC-USD | Signal: HOLD | Confidence: 0%
2026-07-25 11:16:16,862 | ETH-USD | Signal: BUY | Confidence: 40.0%
2026-07-25 11:16:16,863 | ETH-USD | ENTRY: 1857.38 | SL: 1767.22706 | TP: 2037.6859 | RR: 2.0 | POSITION: 0.1109
2026-07-25 11:16:17,128 | SOL-USD | Signal: HOLD | Confidence: 20.0%
2026-07-25 11:17:32,547 | EURUSD=X | Signal: HOLD | Confidence: 0%
2026-07-25 11:17:32,805 | GBPUSD=X | Signal: HOLD | Confidence: 20.0%
2026-07-25 11:17:33,064 | JPY=X | Signal: HOLD | Confidence: 0%
2026-07-25 11:17:33,275 | AUDUSD=X | Signal: HOLD | Confidence: 20.0%
2026-07-25 11:17:33,473 | CAD=X | Signal: HOLD | Confidence: 0.0%
2026-07-25 11:17:33,672 | GC=F | Signal: SELL | Confidence: 40.0%
2026-07-25 11:17:33,672 | GC=F | ENTRY: 4067.6001 | SL: 4169.06438 | TP: 3864.67153 | RR: 2.0 | POSITION: 0.0986
2026-07-25 11:17:33,890 | SI=F | Signal: SELL | Confidence: 40.0%
2026-07-25 11:17:33,890 | SI=F | ENTRY: 58.656 | SL: 61.31089 | TP: 53.34621 | RR: 2.0 | POSITION: 3.7666
2026-07-25 11:17:34,158 | BTC-USD | Signal: HOLD | Confidence: 0%
2026-07-25 11:17:34,491 | ETH-USD | Signal: BUY | Confidence: 40.0%
2026-07-25 11:17:34,492 | ETH-USD | ENTRY: 1857.37 | SL: 1767.21705 | TP: 2037.67589 | RR: 2.0 | POSITION: 0.1109
2026-07-25 11:17:34,749 | SOL-USD | Signal: HOLD | Confidence: 20.0%
2026-07-25 11:17:48,720 | EURUSD=X | Signal: HOLD | Confidence: 0%
2026-07-25 11:17:48,934 | GBPUSD=X | Signal: HOLD | Confidence: 20.0%
2026-07-25 11:17:49,166 | JPY=X | Signal: HOLD | Confidence: 0%
2026-07-25 11:17:49,391 | AUDUSD=X | Signal: HOLD | Confidence: 20.0%
2026-07-25 11:17:49,626 | CAD=X | Signal: HOLD | Confidence: 0.0%
2026-07-25 11:17:49,814 | GC=F | Signal: SELL | Confidence: 40.0%
2026-07-25 11:17:49,814 | GC=F | ENTRY: 4067.6001 | SL: 4169.06438 | TP: 3864.67153 | RR: 2.0 | POSITION: 0.0986
2026-07-25 11:17:50,004 | SI=F | Signal: SELL | Confidence: 40.0%
2026-07-25 11:17:50,004 | SI=F | ENTRY: 58.656 | SL: 61.31089 | TP: 53.34621 | RR: 2.0 | POSITION: 3.7666
2026-07-25 11:17:50,285 | BTC-USD | Signal: HOLD | Confidence: 0%
2026-07-25 11:17:50,619 | ETH-USD | Signal: BUY | Confidence: 40.0%
2026-07-25 11:17:50,619 | ETH-USD | ENTRY: 1857.43994 | SL: 1767.287 | TP: 2037.74583 | RR: 2.0 | POSITION: 0.1109
2026-07-25 11:17:50,970 | SOL-USD | Signal: HOLD | Confidence: 20.0%
2026-07-25 11:18:04,553 | EURUSD=X | Signal: HOLD | Confidence: 0%
2026-07-25 11:18:04,758 | GBPUSD=X | Signal: HOLD | Confidence: 20.0%
2026-07-25 11:18:04,963 | JPY=X | Signal: HOLD | Confidence: 0%
2026-07-25 11:18:05,206 | AUDUSD=X | Signal: HOLD | Confidence: 20.0%
2026-07-25 11:18:05,410 | CAD=X | Signal: HOLD | Confidence: 0.0%
2026-07-25 11:18:05,738 | GC=F | Signal: SELL | Confidence: 40.0%
2026-07-25 11:18:05,739 | GC=F | ENTRY: 4067.6001 | SL: 4169.06438 | TP: 3864.67153 | RR: 2.0 | POSITION: 0.0986
2026-07-25 11:18:05,961 | SI=F | Signal: SELL | Confidence: 40.0%
2026-07-25 11:18:05,961 | SI=F | ENTRY: 58.656 | SL: 61.31089 | TP: 53.34621 | RR: 2.0 | POSITION: 3.7666
2026-07-25 11:18:06,397 | BTC-USD | Signal: HOLD | Confidence: 0%
2026-07-25 11:18:06,661 | ETH-USD | Signal: BUY | Confidence: 40.0%
2026-07-25 11:18:06,661 | ETH-USD | ENTRY: 1857.40002 | SL: 1767.24708 | TP: 2037.70592 | RR: 2.0 | POSITION: 0.1109
2026-07-25 11:18:06,926 | SOL-USD | Signal: HOLD | Confidence: 20.0%
2026-07-25 11:18:19,911 | EURUSD=X | Signal: HOLD | Confidence: 0%
2026-07-25 11:18:20,118 | GBPUSD=X | Signal: HOLD | Confidence: 20.0%
2026-07-25 11:18:20,319 | JPY=X | Signal: HOLD | Confidence: 0%
2026-07-25 11:18:20,520 | AUDUSD=X | Signal: HOLD | Confidence: 20.0%
2026-07-25 11:18:20,720 | CAD=X | Signal: HOLD | Confidence: 0.0%
2026-07-25 11:18:20,972 | GC=F | Signal: SELL | Confidence: 40.0%
2026-07-25 11:18:20,973 | GC=F | ENTRY: 4067.6001 | SL: 4169.06438 | TP: 3864.67153 | RR: 2.0 | POSITION: 0.0986
2026-07-25 11:18:21,170 | SI=F | Signal: SELL | Confidence: 40.0%
2026-07-25 11:18:21,171 | SI=F | ENTRY: 58.656 | SL: 61.31089 | TP: 53.34621 | RR: 2.0 | POSITION: 3.7666
2026-07-25 11:18:21,447 | BTC-USD | Signal: HOLD | Confidence: 0%
2026-07-25 11:18:21,766 | ETH-USD | Signal: BUY | Confidence: 40.0%
2026-07-25 11:18:21,766 | ETH-USD | ENTRY: 1857.57996 | SL: 1767.42701 | TP: 2037.88585 | RR: 2.0 | POSITION: 0.1109
2026-07-25 11:18:22,086 | SOL-USD | Signal: HOLD | Confidence: 20.0%
2026-07-25 11:18:34,811 | EURUSD=X | Signal: HOLD | Confidence: 0%
2026-07-25 11:18:35,010 | GBPUSD=X | Signal: HOLD | Confidence: 20.0%
2026-07-25 11:18:35,262 | JPY=X | Signal: HOLD | Confidence: 0%
2026-07-25 11:18:35,467 | AUDUSD=X | Signal: HOLD | Confidence: 20.0%
2026-07-25 11:18:35,669 | CAD=X | Signal: HOLD | Confidence: 0.0%
2026-07-25 11:18:35,861 | GC=F | Signal: SELL | Confidence: 40.0%
2026-07-25 11:18:35,861 | GC=F | ENTRY: 4067.6001 | SL: 4169.06438 | TP: 3864.67153 | RR: 2.0 | POSITION: 0.0986
2026-07-25 11:18:36,168 | SI=F | Signal: SELL | Confidence: 40.0%
2026-07-25 11:18:36,169 | SI=F | ENTRY: 58.656 | SL: 61.31089 | TP: 53.34621 | RR: 2.0 | POSITION: 3.7666
2026-07-25 11:18:36,466 | BTC-USD | Signal: HOLD | Confidence: 0%
2026-07-25 11:18:36,735 | ETH-USD | Signal: BUY | Confidence: 40.0%
2026-07-25 11:18:36,735 | ETH-USD | ENTRY: 1857.56995 | SL: 1767.417 | TP: 2037.87584 | RR: 2.0 | POSITION: 0.1109
2026-07-25 11:18:37,146 | SOL-USD | Signal: HOLD | Confidence: 20.0%
2026-07-25 11:18:50,643 | EURUSD=X | Signal: HOLD | Confidence: 0%
2026-07-25 11:18:50,850 | GBPUSD=X | Signal: HOLD | Confidence: 20.0%
2026-07-25 11:18:51,053 | JPY=X | Signal: HOLD | Confidence: 0%
2026-07-25 11:18:51,263 | AUDUSD=X | Signal: HOLD | Confidence: 20.0%
2026-07-25 11:18:51,526 | CAD=X | Signal: HOLD | Confidence: 0.0%
2026-07-25 11:18:51,718 | GC=F | Signal: SELL | Confidence: 40.0%
2026-07-25 11:18:51,718 | GC=F | ENTRY: 4067.6001 | SL: 4169.06438 | TP: 3864.67153 | RR: 2.0 | POSITION: 0.0986
2026-07-25 11:18:51,910 | SI=F | Signal: SELL | Confidence: 40.0%
2026-07-25 11:18:51,911 | SI=F | ENTRY: 58.656 | SL: 61.31089 | TP: 53.34621 | RR: 2.0 | POSITION: 3.7666
2026-07-25 11:18:52,186 | BTC-USD | Signal: HOLD | Confidence: 0%
2026-07-25 11:18:52,468 | ETH-USD | Signal: BUY | Confidence: 40.0%
2026-07-25 11:18:52,468 | ETH-USD | ENTRY: 1857.71997 | SL: 1767.56703 | TP: 2038.02586 | RR: 2.0 | POSITION: 0.1109
2026-07-25 11:18:52,778 | SOL-USD | Signal: HOLD | Confidence: 20.0%
2026-07-25 11:19:05,923 | EURUSD=X | Signal: HOLD | Confidence: 0%
2026-07-25 11:19:06,170 | GBPUSD=X | Signal: HOLD | Confidence: 20.0%
2026-07-25 11:19:06,430 | JPY=X | Signal: HOLD | Confidence: 0%
2026-07-25 11:19:06,694 | AUDUSD=X | Signal: HOLD | Confidence: 20.0%
2026-07-25 11:19:06,900 | CAD=X | Signal: HOLD | Confidence: 0.0%
2026-07-25 11:19:07,144 | GC=F | Signal: SELL | Confidence: 40.0%
2026-07-25 11:19:07,145 | GC=F | ENTRY: 4067.6001 | SL: 4169.06438 | TP: 3864.67153 | RR: 2.0 | POSITION: 0.0986
2026-07-25 11:19:07,338 | SI=F | Signal: SELL | Confidence: 40.0%
2026-07-25 11:19:07,338 | SI=F | ENTRY: 58.656 | SL: 61.31089 | TP: 53.34621 | RR: 2.0 | POSITION: 3.7666
2026-07-25 11:19:07,751 | BTC-USD | Signal: HOLD | Confidence: 0%
2026-07-25 11:19:08,025 | ETH-USD | Signal: BUY | Confidence: 40.0%
2026-07-25 11:19:08,025 | ETH-USD | ENTRY: 1857.68005 | SL: 1767.52711 | TP: 2037.98594 | RR: 2.0 | POSITION: 0.1109
2026-07-25 11:19:08,300 | SOL-USD | Signal: HOLD | Confidence: 20.0%
2026-07-25 11:19:21,615 | EURUSD=X | Signal: HOLD | Confidence: 0%
2026-07-25 11:19:21,832 | GBPUSD=X | Signal: HOLD | Confidence: 20.0%
2026-07-25 11:19:22,082 | JPY=X | Signal: HOLD | Confidence: 0%
2026-07-25 11:19:22,320 | AUDUSD=X | Signal: HOLD | Confidence: 20.0%
2026-07-25 11:19:22,538 | CAD=X | Signal: HOLD | Confidence: 0.0%
2026-07-25 11:19:22,764 | GC=F | Signal: SELL | Confidence: 40.0%
2026-07-25 11:19:22,764 | GC=F | ENTRY: 4067.6001 | SL: 4169.06438 | TP: 3864.67153 | RR: 2.0 | POSITION: 0.0986
2026-07-25 11:19:22,979 | SI=F | Signal: SELL | Confidence: 40.0%
2026-07-25 11:19:22,979 | SI=F | ENTRY: 58.656 | SL: 61.31089 | TP: 53.34621 | RR: 2.0 | POSITION: 3.7666
2026-07-25 11:19:23,265 | BTC-USD | Signal: HOLD | Confidence: 0%
2026-07-25 11:19:23,588 | ETH-USD | Signal: BUY | Confidence: 40.0%
2026-07-25 11:19:23,588 | ETH-USD | ENTRY: 1857.70996 | SL: 1767.55702 | TP: 2038.01585 | RR: 2.0 | POSITION: 0.1109
2026-07-25 11:19:23,906 | SOL-USD | Signal: HOLD | Confidence: 20.0%
2026-07-25 11:19:37,111 | EURUSD=X | Signal: HOLD | Confidence: 0%
2026-07-25 11:19:37,339 | GBPUSD=X | Signal: HOLD | Confidence: 20.0%
2026-07-25 11:19:37,532 | JPY=X | Signal: HOLD | Confidence: 0%
2026-07-25 11:19:37,725 | AUDUSD=X | Signal: HOLD | Confidence: 20.0%
2026-07-25 11:19:37,937 | CAD=X | Signal: HOLD | Confidence: 0.0%
2026-07-25 11:19:38,326 | GC=F | Signal: SELL | Confidence: 40.0%
2026-07-25 11:19:38,326 | GC=F | ENTRY: 4067.6001 | SL: 4169.06438 | TP: 3864.67153 | RR: 2.0 | POSITION: 0.0986
2026-07-25 11:19:38,519 | SI=F | Signal: SELL | Confidence: 40.0%
2026-07-25 11:19:38,520 | SI=F | ENTRY: 58.656 | SL: 61.31089 | TP: 53.34621 | RR: 2.0 | POSITION: 3.7666
2026-07-25 11:19:38,855 | BTC-USD | Signal: HOLD | Confidence: 0%
2026-07-25 11:19:39,189 | ETH-USD | Signal: BUY | Confidence: 40.0%
2026-07-25 11:19:39,190 | ETH-USD | ENTRY: 1857.65002 | SL: 1767.49708 | TP: 2037.95592 | RR: 2.0 | POSITION: 0.1109
2026-07-25 11:19:39,494 | SOL-USD | Signal: HOLD | Confidence: 20.0%
2026-07-25 11:19:52,995 | EURUSD=X | Signal: HOLD | Confidence: 0%
2026-07-25 11:19:53,198 | GBPUSD=X | Signal: HOLD | Confidence: 20.0%
2026-07-25 11:19:53,418 | JPY=X | Signal: HOLD | Confidence: 0%
2026-07-25 11:19:53,623 | AUDUSD=X | Signal: HOLD | Confidence: 20.0%
2026-07-25 11:19:53,829 | CAD=X | Signal: HOLD | Confidence: 0.0%
2026-07-25 11:19:54,025 | GC=F | Signal: SELL | Confidence: 40.0%
2026-07-25 11:19:54,025 | GC=F | ENTRY: 4067.6001 | SL: 4169.06438 | TP: 3864.67153 | RR: 2.0 | POSITION: 0.0986
2026-07-25 11:19:54,218 | SI=F | Signal: SELL | Confidence: 40.0%
2026-07-25 11:19:54,218 | SI=F | ENTRY: 58.656 | SL: 61.31089 | TP: 53.34621 | RR: 2.0 | POSITION: 3.7666
2026-07-25 11:19:54,588 | BTC-USD | Signal: HOLD | Confidence: 0%
2026-07-25 11:19:54,887 | ETH-USD | Signal: BUY | Confidence: 40.0%
2026-07-25 11:19:54,887 | ETH-USD | ENTRY: 1857.70996 | SL: 1767.55702 | TP: 2038.01585 | RR: 2.0 | POSITION: 0.1109
2026-07-25 11:19:55,151 | SOL-USD | Signal: HOLD | Confidence: 20.0%
2026-07-25 11:20:08,119 | EURUSD=X | Signal: HOLD | Confidence: 0%
2026-07-25 11:20:08,332 | GBPUSD=X | Signal: HOLD | Confidence: 20.0%
2026-07-25 11:20:08,540 | JPY=X | Signal: HOLD | Confidence: 0%
2026-07-25 11:20:08,847 | AUDUSD=X | Signal: HOLD | Confidence: 20.0%
2026-07-25 11:20:09,134 | CAD=X | Signal: HOLD | Confidence: 0.0%
2026-07-25 11:20:09,339 | GC=F | Signal: SELL | Confidence: 40.0%
2026-07-25 11:20:09,340 | GC=F | ENTRY: 4067.6001 | SL: 4169.06438 | TP: 3864.67153 | RR: 2.0 | POSITION: 0.0986
2026-07-25 11:20:09,574 | SI=F | Signal: SELL | Confidence: 40.0%
2026-07-25 11:20:09,575 | SI=F | ENTRY: 58.656 | SL: 61.31089 | TP: 53.34621 | RR: 2.0 | POSITION: 3.7666
2026-07-25 11:20:09,851 | BTC-USD | Signal: HOLD | Confidence: 0%
2026-07-25 11:20:10,125 | ETH-USD | Signal: BUY | Confidence: 40.0%
2026-07-25 11:20:10,126 | ETH-USD | ENTRY: 1857.73999 | SL: 1767.58704 | TP: 2038.04588 | RR: 2.0 | POSITION: 0.1109
2026-07-25 11:20:10,394 | SOL-USD | Signal: HOLD | Confidence: 20.0%
2026-07-25 11:20:23,462 | EURUSD=X | Signal: HOLD | Confidence: 0%
2026-07-25 11:20:23,663 | GBPUSD=X | Signal: HOLD | Confidence: 20.0%
2026-07-25 11:20:23,872 | JPY=X | Signal: HOLD | Confidence: 0%
2026-07-25 11:20:24,071 | AUDUSD=X | Signal: HOLD | Confidence: 20.0%
2026-07-25 11:20:24,276 | CAD=X | Signal: HOLD | Confidence: 0.0%
2026-07-25 11:20:24,472 | GC=F | Signal: SELL | Confidence: 40.0%
2026-07-25 11:20:24,473 | GC=F | ENTRY: 4067.6001 | SL: 4169.06438 | TP: 3864.67153 | RR: 2.0 | POSITION: 0.0986
2026-07-25 11:20:24,723 | SI=F | Signal: SELL | Confidence: 40.0%
2026-07-25 11:20:24,723 | SI=F | ENTRY: 58.656 | SL: 61.31089 | TP: 53.34621 | RR: 2.0 | POSITION: 3.7666
2026-07-25 11:20:25,003 | BTC-USD | Signal: HOLD | Confidence: 0%
2026-07-25 11:20:25,273 | ETH-USD | Signal: BUY | Confidence: 40.0%
2026-07-25 11:20:25,273 | ETH-USD | ENTRY: 1857.76001 | SL: 1767.60706 | TP: 2038.0659 | RR: 2.0 | POSITION: 0.1109
2026-07-25 11:20:25,578 | SOL-USD | Signal: HOLD | Confidence: 20.0%
2026-07-25 11:20:38,537 | EURUSD=X | Signal: HOLD | Confidence: 0%
2026-07-25 11:20:38,756 | GBPUSD=X | Signal: HOLD | Confidence: 20.0%
2026-07-25 11:20:38,964 | JPY=X | Signal: HOLD | Confidence: 0%
2026-07-25 11:20:39,202 | AUDUSD=X | Signal: HOLD | Confidence: 20.0%
2026-07-25 11:20:39,575 | CAD=X | Signal: HOLD | Confidence: 0.0%
2026-07-25 11:20:39,872 | GC=F | Signal: SELL | Confidence: 40.0%
2026-07-25 11:20:39,872 | GC=F | ENTRY: 4067.6001 | SL: 4169.06438 | TP: 3864.67153 | RR: 2.0 | POSITION: 0.0986
2026-07-25 11:20:40,076 | SI=F | Signal: SELL | Confidence: 40.0%
2026-07-25 11:20:40,076 | SI=F | ENTRY: 58.656 | SL: 61.31089 | TP: 53.34621 | RR: 2.0 | POSITION: 3.7666
2026-07-25 11:20:40,352 | BTC-USD | Signal: HOLD | Confidence: 0%
2026-07-25 11:20:40,629 | ETH-USD | Signal: BUY | Confidence: 40.0%
2026-07-25 11:20:40,629 | ETH-USD | ENTRY: 1857.76001 | SL: 1767.60706 | TP: 2038.0659 | RR: 2.0 | POSITION: 0.1109
2026-07-25 11:20:40,887 | SOL-USD | Signal: HOLD | Confidence: 20.0%
2026-07-25 11:28:09,672 | EURUSD=X | Signal: HOLD | Confidence: 0%
2026-07-25 11:28:09,951 | GBPUSD=X | Signal: HOLD | Confidence: 20.0%
2026-07-25 11:28:10,170 | JPY=X | Signal: HOLD | Confidence: 0%
2026-07-25 11:28:10,398 | AUDUSD=X | Signal: HOLD | Confidence: 20.0%
2026-07-25 11:28:10,621 | CAD=X | Signal: HOLD | Confidence: 0.0%
2026-07-25 11:28:10,832 | GC=F | Signal: SELL | Confidence: 40.0%
2026-07-25 11:28:10,832 | GC=F | ENTRY: 4067.6001 | SL: 4169.06438 | TP: 3864.67153 | RR: 2.0 | POSITION: 0.0986
2026-07-25 11:28:11,061 | SI=F | Signal: SELL | Confidence: 40.0%
2026-07-25 11:28:11,061 | SI=F | ENTRY: 58.656 | SL: 61.31089 | TP: 53.34621 | RR: 2.0 | POSITION: 3.7666
2026-07-25 11:28:11,366 | BTC-USD | Signal: HOLD | Confidence: 0%
2026-07-25 11:28:11,671 | ETH-USD | Signal: BUY | Confidence: 40.0%
2026-07-25 11:28:11,671 | ETH-USD | ENTRY: 1857.13 | SL: 1766.97706 | TP: 2037.4359 | RR: 2.0 | POSITION: 0.1109
2026-07-25 11:28:12,055 | SOL-USD | Signal: HOLD | Confidence: 20.0%
2026-07-25 11:28:25,380 | EURUSD=X | Signal: HOLD | Confidence: 0%
2026-07-25 11:28:25,610 | GBPUSD=X | Signal: HOLD | Confidence: 20.0%
2026-07-25 11:28:25,830 | JPY=X | Signal: HOLD | Confidence: 0%
2026-07-25 11:28:26,050 | AUDUSD=X | Signal: HOLD | Confidence: 20.0%
2026-07-25 11:28:26,271 | CAD=X | Signal: HOLD | Confidence: 0.0%
2026-07-25 11:28:26,544 | GC=F | Signal: SELL | Confidence: 40.0%
2026-07-25 11:28:26,545 | GC=F | ENTRY: 4067.6001 | SL: 4169.06438 | TP: 3864.67153 | RR: 2.0 | POSITION: 0.0986
2026-07-25 11:28:26,782 | SI=F | Signal: SELL | Confidence: 40.0%
2026-07-25 11:28:26,782 | SI=F | ENTRY: 58.656 | SL: 61.31089 | TP: 53.34621 | RR: 2.0 | POSITION: 3.7666
2026-07-25 11:28:27,077 | BTC-USD | Signal: HOLD | Confidence: 0%
2026-07-25 11:28:27,373 | ETH-USD | Signal: BUY | Confidence: 40.0%
2026-07-25 11:28:27,373 | ETH-USD | ENTRY: 1857.16003 | SL: 1767.00709 | TP: 2037.46592 | RR: 2.0 | POSITION: 0.1109
2026-07-25 11:28:27,670 | SOL-USD | Signal: HOLD | Confidence: 20.0%
2026-07-25 11:28:41,070 | EURUSD=X | Signal: HOLD | Confidence: 0%
2026-07-25 11:28:41,308 | GBPUSD=X | Signal: HOLD | Confidence: 20.0%
2026-07-25 11:28:41,573 | JPY=X | Signal: HOLD | Confidence: 0%
2026-07-25 11:28:41,804 | AUDUSD=X | Signal: HOLD | Confidence: 20.0%
2026-07-25 11:28:42,026 | CAD=X | Signal: HOLD | Confidence: 0.0%
2026-07-25 11:28:42,267 | GC=F | Signal: SELL | Confidence: 40.0%
2026-07-25 11:28:42,267 | GC=F | ENTRY: 4067.6001 | SL: 4169.06438 | TP: 3864.67153 | RR: 2.0 | POSITION: 0.0986
2026-07-25 11:28:42,477 | SI=F | Signal: SELL | Confidence: 40.0%
2026-07-25 11:28:42,478 | SI=F | ENTRY: 58.656 | SL: 61.31089 | TP: 53.34621 | RR: 2.0 | POSITION: 3.7666
2026-07-25 11:28:42,789 | BTC-USD | Signal: HOLD | Confidence: 0%
2026-07-25 11:28:43,146 | ETH-USD | Signal: BUY | Confidence: 40.0%
2026-07-25 11:28:43,146 | ETH-USD | ENTRY: 1856.81995 | SL: 1766.667 | TP: 2037.12584 | RR: 2.0 | POSITION: 0.1109
2026-07-25 11:28:43,437 | SOL-USD | Signal: HOLD | Confidence: 20.0%
2026-07-25 11:28:56,635 | EURUSD=X | Signal: HOLD | Confidence: 0%
2026-07-25 11:28:56,878 | GBPUSD=X | Signal: HOLD | Confidence: 20.0%
2026-07-25 11:28:57,103 | JPY=X | Signal: HOLD | Confidence: 0%
2026-07-25 11:28:57,362 | AUDUSD=X | Signal: HOLD | Confidence: 20.0%
2026-07-25 11:28:57,637 | CAD=X | Signal: HOLD | Confidence: 0.0%
2026-07-25 11:28:57,882 | GC=F | Signal: SELL | Confidence: 40.0%
2026-07-25 11:28:57,882 | GC=F | ENTRY: 4067.6001 | SL: 4169.06438 | TP: 3864.67153 | RR: 2.0 | POSITION: 0.0986
2026-07-25 11:28:58,107 | SI=F | Signal: SELL | Confidence: 40.0%
2026-07-25 11:28:58,108 | SI=F | ENTRY: 58.656 | SL: 61.31089 | TP: 53.34621 | RR: 2.0 | POSITION: 3.7666
2026-07-25 11:28:58,403 | BTC-USD | Signal: HOLD | Confidence: 0%
2026-07-25 11:28:58,855 | ETH-USD | Signal: BUY | Confidence: 40.0%
2026-07-25 11:28:58,855 | ETH-USD | ENTRY: 1857.09998 | SL: 1766.94703 | TP: 2037.40587 | RR: 2.0 | POSITION: 0.1109
2026-07-25 11:28:59,174 | SOL-USD | Signal: HOLD | Confidence: 20.0%
2026-07-25 11:29:12,248 | EURUSD=X | Signal: HOLD | Confidence: 0%
2026-07-25 11:29:12,465 | GBPUSD=X | Signal: HOLD | Confidence: 20.0%
2026-07-25 11:29:12,720 | JPY=X | Signal: HOLD | Confidence: 0%
2026-07-25 11:29:12,949 | AUDUSD=X | Signal: HOLD | Confidence: 20.0%
2026-07-25 11:29:13,180 | CAD=X | Signal: HOLD | Confidence: 0.0%
2026-07-25 11:29:13,392 | GC=F | Signal: SELL | Confidence: 40.0%
2026-07-25 11:29:13,392 | GC=F | ENTRY: 4067.6001 | SL: 4169.06438 | TP: 3864.67153 | RR: 2.0 | POSITION: 0.0986
2026-07-25 11:29:13,607 | SI=F | Signal: SELL | Confidence: 40.0%
2026-07-25 11:29:13,608 | SI=F | ENTRY: 58.656 | SL: 61.31089 | TP: 53.34621 | RR: 2.0 | POSITION: 3.7666
2026-07-25 11:29:14,001 | BTC-USD | Signal: HOLD | Confidence: 0%
2026-07-25 11:29:14,366 | ETH-USD | Signal: BUY | Confidence: 40.0%
2026-07-25 11:29:14,367 | ETH-USD | ENTRY: 1856.60999 | SL: 1766.45704 | TP: 2036.91588 | RR: 2.0 | POSITION: 0.1109
2026-07-25 11:29:14,688 | SOL-USD | Signal: HOLD | Confidence: 20.0%
2026-07-25 11:30:55,737 | EURUSD=X | Signal: HOLD | Confidence: 0%
2026-07-25 11:30:55,955 | GBPUSD=X | Signal: HOLD | Confidence: 20.0%
2026-07-25 11:30:56,219 | JPY=X | Signal: HOLD | Confidence: 0%
2026-07-25 11:30:56,461 | AUDUSD=X | Signal: HOLD | Confidence: 20.0%
2026-07-25 11:30:56,719 | CAD=X | Signal: HOLD | Confidence: 0.0%
2026-07-25 11:30:57,000 | GC=F | Signal: SELL | Confidence: 40.0%
2026-07-25 11:30:57,000 | GC=F | ENTRY: 4067.6001 | SL: 4169.06438 | TP: 3864.67153 | RR: 2.0 | POSITION: 0.0986
2026-07-25 11:30:57,244 | SI=F | Signal: SELL | Confidence: 40.0%
2026-07-25 11:30:57,245 | SI=F | ENTRY: 58.656 | SL: 61.31089 | TP: 53.34621 | RR: 2.0 | POSITION: 3.7666
2026-07-25 11:30:57,551 | BTC-USD | Signal: HOLD | Confidence: 0%
2026-07-25 11:30:57,845 | ETH-USD | Signal: BUY | Confidence: 40.0%
2026-07-25 11:30:57,846 | ETH-USD | ENTRY: 1857.58997 | SL: 1767.43702 | TP: 2037.89586 | RR: 2.0 | POSITION: 0.1109
2026-07-25 11:30:58,211 | SOL-USD | Signal: HOLD | Confidence: 20.0%
2026-07-25 11:31:11,470 | EURUSD=X | Signal: HOLD | Confidence: 0%
2026-07-25 11:31:11,705 | GBPUSD=X | Signal: HOLD | Confidence: 20.0%
2026-07-25 11:31:11,921 | JPY=X | Signal: HOLD | Confidence: 0%
2026-07-25 11:31:12,150 | AUDUSD=X | Signal: HOLD | Confidence: 20.0%
2026-07-25 11:31:12,366 | CAD=X | Signal: HOLD | Confidence: 0.0%
2026-07-25 11:31:12,574 | GC=F | Signal: SELL | Confidence: 40.0%
2026-07-25 11:31:12,575 | GC=F | ENTRY: 4067.6001 | SL: 4169.06438 | TP: 3864.67153 | RR: 2.0 | POSITION: 0.0986
2026-07-25 11:31:12,805 | SI=F | Signal: SELL | Confidence: 40.0%
2026-07-25 11:31:12,805 | SI=F | ENTRY: 58.656 | SL: 61.31089 | TP: 53.34621 | RR: 2.0 | POSITION: 3.7666
2026-07-25 11:31:13,108 | BTC-USD | Signal: HOLD | Confidence: 0%
2026-07-25 11:31:13,474 | ETH-USD | Signal: BUY | Confidence: 40.0%
2026-07-25 11:31:13,474 | ETH-USD | ENTRY: 1857.79004 | SL: 1767.63709 | TP: 2038.09593 | RR: 2.0 | POSITION: 0.1109
2026-07-25 11:31:13,769 | SOL-USD | Signal: HOLD | Confidence: 20.0%
2026-07-25 11:36:23,297 | EURUSD=X | Signal: HOLD | Confidence: 0%
2026-07-25 11:36:23,522 | GBPUSD=X | Signal: HOLD | Confidence: 20.0%
2026-07-25 11:36:23,737 | JPY=X | Signal: HOLD | Confidence: 0%
2026-07-25 11:36:24,048 | AUDUSD=X | Signal: HOLD | Confidence: 20.0%
2026-07-25 11:36:24,271 | CAD=X | Signal: HOLD | Confidence: 0.0%
2026-07-25 11:36:24,478 | GC=F | Signal: SELL | Confidence: 40.0%
2026-07-25 11:36:24,479 | GC=F | ENTRY: 4067.6001 | SL: 4169.06438 | TP: 3864.67153 | RR: 2.0 | POSITION: 0.0986
2026-07-25 11:36:24,715 | SI=F | Signal: SELL | Confidence: 40.0%
2026-07-25 11:36:24,716 | SI=F | ENTRY: 58.656 | SL: 61.31089 | TP: 53.34621 | RR: 2.0 | POSITION: 3.7666
2026-07-25 11:36:25,036 | BTC-USD | Signal: HOLD | Confidence: 0%
2026-07-25 11:36:25,337 | ETH-USD | Signal: BUY | Confidence: 40.0%
2026-07-25 11:36:25,338 | ETH-USD | ENTRY: 1856.25 | SL: 1766.09705 | TP: 2036.55589 | RR: 2.0 | POSITION: 0.1109
2026-07-25 11:36:25,625 | SOL-USD | Signal: HOLD | Confidence: 20.0%
2026-07-25 11:38:34,877 | EURUSD=X | Signal: HOLD | Confidence: 0%
2026-07-25 11:38:35,103 | GBPUSD=X | Signal: HOLD | Confidence: 20.0%
2026-07-25 11:38:35,318 | JPY=X | Signal: HOLD | Confidence: 0%
2026-07-25 11:38:35,530 | AUDUSD=X | Signal: HOLD | Confidence: 20.0%
2026-07-25 11:38:35,736 | CAD=X | Signal: HOLD | Confidence: 0.0%
2026-07-25 11:38:35,980 | GC=F | Signal: SELL | Confidence: 40.0%
2026-07-25 11:38:35,981 | GC=F | ENTRY: 4067.6001 | SL: 4169.06438 | TP: 3864.67153 | RR: 2.0 | POSITION: 0.0986
2026-07-25 11:38:36,211 | SI=F | Signal: SELL | Confidence: 40.0%
2026-07-25 11:38:36,211 | SI=F | ENTRY: 58.656 | SL: 61.31089 | TP: 53.34621 | RR: 2.0 | POSITION: 3.7666
2026-07-25 11:38:36,499 | BTC-USD | Signal: HOLD | Confidence: 0%
2026-07-25 11:38:36,823 | ETH-USD | Signal: BUY | Confidence: 40.0%
2026-07-25 11:38:36,823 | ETH-USD | ENTRY: 1856.18994 | SL: 1766.037 | TP: 2036.49583 | RR: 2.0 | POSITION: 0.1109
2026-07-25 11:38:37,089 | SOL-USD | Signal: HOLD | Confidence: 20.0%
2026-07-25 11:40:46,689 | EURUSD=X | Signal: HOLD | Confidence: 0%
2026-07-25 11:40:46,916 | GBPUSD=X | Signal: HOLD | Confidence: 20.0%
2026-07-25 11:40:47,136 | JPY=X | Signal: HOLD | Confidence: 0%
2026-07-25 11:40:47,391 | AUDUSD=X | Signal: HOLD | Confidence: 20.0%
2026-07-25 11:40:47,658 | CAD=X | Signal: HOLD | Confidence: 0.0%
2026-07-25 11:40:47,881 | GC=F | Signal: SELL | Confidence: 40.0%
2026-07-25 11:40:47,882 | GC=F | ENTRY: 4067.6001 | SL: 4169.06438 | TP: 3864.67153 | RR: 2.0 | POSITION: 0.0986
2026-07-25 11:40:48,111 | SI=F | Signal: SELL | Confidence: 40.0%
2026-07-25 11:40:48,112 | SI=F | ENTRY: 58.656 | SL: 61.31089 | TP: 53.34621 | RR: 2.0 | POSITION: 3.7666
2026-07-25 11:40:48,459 | BTC-USD | Signal: HOLD | Confidence: 0%
2026-07-25 11:40:48,770 | ETH-USD | Signal: BUY | Confidence: 40.0%
2026-07-25 11:40:48,770 | ETH-USD | ENTRY: 1856.10999 | SL: 1765.95704 | TP: 2036.41588 | RR: 2.0 | POSITION: 0.1109
2026-07-25 11:40:49,065 | SOL-USD | Signal: HOLD | Confidence: 20.0%
2026-07-25 11:50:05,785 | EURUSD=X | Signal: HOLD | Confidence: 0%
2026-07-25 11:50:06,005 | GBPUSD=X | Signal: HOLD | Confidence: 20.0%
2026-07-25 11:50:06,227 | JPY=X | Signal: HOLD | Confidence: 0%
2026-07-25 11:50:06,511 | AUDUSD=X | Signal: HOLD | Confidence: 20.0%
2026-07-25 11:50:06,731 | CAD=X | Signal: HOLD | Confidence: 0.0%
2026-07-25 11:50:06,936 | GC=F | Signal: SELL | Confidence: 40.0%
2026-07-25 11:50:06,937 | GC=F | ENTRY: 4067.6001 | SL: 4169.06438 | TP: 3864.67153 | RR: 2.0 | POSITION: 0.0986
2026-07-25 11:50:07,175 | SI=F | Signal: SELL | Confidence: 40.0%
2026-07-25 11:50:07,176 | SI=F | ENTRY: 58.656 | SL: 61.31089 | TP: 53.34621 | RR: 2.0 | POSITION: 3.7666
2026-07-25 11:50:07,480 | BTC-USD | Signal: HOLD | Confidence: 0%
2026-07-25 11:50:07,907 | ETH-USD | Signal: BUY | Confidence: 40.0%
2026-07-25 11:50:07,907 | ETH-USD | ENTRY: 1856.56006 | SL: 1766.40711 | TP: 2036.86595 | RR: 2.0 | POSITION: 0.1109
2026-07-25 11:50:08,195 | SOL-USD | Signal: HOLD | Confidence: 20.0%
2026-07-25 12:00:01,311 | EURUSD=X | Signal: HOLD | Confidence: 0%
2026-07-25 12:00:01,547 | GBPUSD=X | Signal: HOLD | Confidence: 20.0%
2026-07-25 12:00:01,818 | JPY=X | Signal: HOLD | Confidence: 0%
2026-07-25 12:00:02,101 | AUDUSD=X | Signal: HOLD | Confidence: 20.0%
2026-07-25 12:00:02,335 | CAD=X | Signal: HOLD | Confidence: 0.0%
2026-07-25 12:00:02,537 | GC=F | Signal: SELL | Confidence: 40.0%
2026-07-25 12:00:02,538 | GC=F | ENTRY: 4067.6001 | SL: 4169.06438 | TP: 3864.67153 | RR: 2.0 | POSITION: 0.0986
2026-07-25 12:00:02,763 | SI=F | Signal: SELL | Confidence: 40.0%
2026-07-25 12:00:02,763 | SI=F | ENTRY: 58.656 | SL: 61.31089 | TP: 53.34621 | RR: 2.0 | POSITION: 3.7666
2026-07-25 12:00:03,064 | BTC-USD | Signal: HOLD | Confidence: 0%
2026-07-25 12:00:03,366 | ETH-USD | Signal: BUY | Confidence: 40.0%
2026-07-25 12:00:03,366 | ETH-USD | ENTRY: 1856.06006 | SL: 1765.90711 | TP: 2036.36595 | RR: 2.0 | POSITION: 0.1109
2026-07-25 12:00:03,640 | SOL-USD | Signal: HOLD | Confidence: 20.0%
2026-07-25 12:01:11,441 | EURUSD=X | Signal: HOLD | Confidence: 0%
2026-07-25 12:01:11,661 | GBPUSD=X | Signal: HOLD | Confidence: 20.0%
2026-07-25 12:01:11,986 | JPY=X | Signal: HOLD | Confidence: 0%
2026-07-25 12:01:12,264 | AUDUSD=X | Signal: HOLD | Confidence: 20.0%
2026-07-25 12:01:12,610 | CAD=X | Signal: HOLD | Confidence: 0.0%
2026-07-25 12:01:12,833 | GC=F | Signal: SELL | Confidence: 40.0%
2026-07-25 12:01:12,833 | GC=F | ENTRY: 4067.6001 | SL: 4169.06438 | TP: 3864.67153 | RR: 2.0 | POSITION: 0.0986
2026-07-25 12:01:13,066 | SI=F | Signal: SELL | Confidence: 40.0%
2026-07-25 12:01:13,066 | SI=F | ENTRY: 58.656 | SL: 61.31089 | TP: 53.34621 | RR: 2.0 | POSITION: 3.7666
2026-07-25 12:01:13,364 | BTC-USD | Signal: HOLD | Confidence: 0%
2026-07-25 12:01:13,656 | ETH-USD | Signal: BUY | Confidence: 40.0%
2026-07-25 12:01:13,656 | ETH-USD | ENTRY: 1856.02002 | SL: 1765.86707 | TP: 2036.32591 | RR: 2.0 | POSITION: 0.1109
2026-07-25 12:01:13,956 | SOL-USD | Signal: HOLD | Confidence: 20.0%
2026-07-25 12:10:35,935 | EURUSD=X | Signal: HOLD | Confidence: 0%
2026-07-25 12:10:36,359 | GBPUSD=X | Signal: HOLD | Confidence: 20.0%
2026-07-25 12:10:36,585 | JPY=X | Signal: HOLD | Confidence: 0%
2026-07-25 12:10:36,901 | AUDUSD=X | Signal: HOLD | Confidence: 20.0%
2026-07-25 12:10:37,184 | CAD=X | Signal: HOLD | Confidence: 0.0%
2026-07-25 12:10:37,445 | GC=F | Signal: SELL | Confidence: 40.0%
2026-07-25 12:10:37,445 | GC=F | ENTRY: 4067.6001 | SL: 4169.06438 | TP: 3864.67153 | RR: 2.0 | POSITION: 0.0986
2026-07-25 12:10:37,701 | SI=F | Signal: SELL | Confidence: 40.0%
2026-07-25 12:10:37,701 | SI=F | ENTRY: 58.656 | SL: 61.31089 | TP: 53.34621 | RR: 2.0 | POSITION: 3.7666
2026-07-25 12:10:38,006 | BTC-USD | Signal: HOLD | Confidence: 0%
2026-07-25 12:10:38,335 | ETH-USD | Signal: BUY | Confidence: 40.0%
2026-07-25 12:10:38,336 | ETH-USD | ENTRY: 1855.91003 | SL: 1765.75709 | TP: 2036.21592 | RR: 2.0 | POSITION: 0.1109
2026-07-25 12:10:38,699 | SOL-USD | Signal: HOLD | Confidence: 20.0%
2026-07-25 12:11:51,857 | EURUSD=X | Signal: HOLD | Confidence: 0%
2026-07-25 12:11:52,063 | GBPUSD=X | Signal: HOLD | Confidence: 20.0%
2026-07-25 12:11:52,389 | JPY=X | Signal: HOLD | Confidence: 0%
2026-07-25 12:11:52,610 | AUDUSD=X | Signal: HOLD | Confidence: 20.0%
2026-07-25 12:11:52,936 | CAD=X | Signal: HOLD | Confidence: 0.0%
2026-07-25 12:11:53,138 | GC=F | Signal: SELL | Confidence: 40.0%
2026-07-25 12:11:53,138 | GC=F | ENTRY: 4067.6001 | SL: 4169.06438 | TP: 3864.67153 | RR: 2.0 | POSITION: 0.0986
2026-07-25 12:11:53,369 | SI=F | Signal: SELL | Confidence: 40.0%
2026-07-25 12:11:53,369 | SI=F | ENTRY: 58.656 | SL: 61.31089 | TP: 53.34621 | RR: 2.0 | POSITION: 3.7666
2026-07-25 12:11:53,684 | BTC-USD | Signal: HOLD | Confidence: 0%
2026-07-25 12:11:54,048 | ETH-USD | Signal: BUY | Confidence: 40.0%
2026-07-25 12:11:54,048 | ETH-USD | ENTRY: 1855.91003 | SL: 1765.75709 | TP: 2036.21592 | RR: 2.0 | POSITION: 0.1109
2026-07-25 12:11:54,369 | SOL-USD | Signal: HOLD | Confidence: 20.0%
2026-07-25 12:17:43,888 | EURUSD=X | Signal: HOLD | Confidence: 0%
2026-07-25 12:17:44,151 | GBPUSD=X | Signal: HOLD | Confidence: 20.0%
2026-07-25 12:17:44,542 | JPY=X | Signal: HOLD | Confidence: 0%
2026-07-25 12:17:44,768 | AUDUSD=X | Signal: HOLD | Confidence: 20.0%
2026-07-25 12:17:45,048 | CAD=X | Signal: HOLD | Confidence: 0.0%
2026-07-25 12:17:45,296 | GC=F | Signal: SELL | Confidence: 40.0%
2026-07-25 12:17:45,296 | GC=F | ENTRY: 4067.6001 | SL: 4169.06438 | TP: 3864.67153 | RR: 2.0 | POSITION: 0.0986
2026-07-25 12:17:45,557 | SI=F | Signal: SELL | Confidence: 40.0%
2026-07-25 12:17:45,558 | SI=F | ENTRY: 58.656 | SL: 61.31089 | TP: 53.34621 | RR: 2.0 | POSITION: 3.7666
2026-07-25 12:17:45,904 | BTC-USD | Signal: HOLD | Confidence: 0%
2026-07-25 12:17:46,239 | ETH-USD | Signal: BUY | Confidence: 40.0%
2026-07-25 12:17:46,239 | ETH-USD | ENTRY: 1856.39001 | SL: 1766.23707 | TP: 2036.69591 | RR: 2.0 | POSITION: 0.1109
2026-07-25 12:17:46,528 | SOL-USD | Signal: HOLD | Confidence: 20.0%
2026-07-25 12:26:55,386 | EURUSD=X | Signal: HOLD | Confidence: 0%
2026-07-25 12:26:55,605 | GBPUSD=X | Signal: HOLD | Confidence: 20.0%
2026-07-25 12:26:55,877 | JPY=X | Signal: HOLD | Confidence: 0%
2026-07-25 12:26:56,095 | AUDUSD=X | Signal: HOLD | Confidence: 20.0%
2026-07-25 12:26:56,358 | CAD=X | Signal: HOLD | Confidence: 0.0%
2026-07-25 12:26:56,565 | GC=F | Signal: SELL | Confidence: 40.0%
2026-07-25 12:26:56,565 | GC=F | ENTRY: 4067.6001 | SL: 4169.06438 | TP: 3864.67153 | RR: 2.0 | POSITION: 0.0986
2026-07-25 12:26:56,816 | SI=F | Signal: SELL | Confidence: 40.0%
2026-07-25 12:26:56,817 | SI=F | ENTRY: 58.656 | SL: 61.31089 | TP: 53.34621 | RR: 2.0 | POSITION: 3.7666
2026-07-25 12:26:57,166 | BTC-USD | Signal: HOLD | Confidence: 0%
2026-07-25 12:26:57,467 | ETH-USD | Signal: BUY | Confidence: 40.0%
2026-07-25 12:26:57,467 | ETH-USD | ENTRY: 1856.76001 | SL: 1766.60706 | TP: 2037.0659 | RR: 2.0 | POSITION: 0.1109
2026-07-25 12:26:57,757 | SOL-USD | Signal: HOLD | Confidence: 20.0%
2026-07-25 13:09:59,093 | EURUSD=X | Signal: HOLD | Confidence: 0%
2026-07-25 13:09:59,389 | GBPUSD=X | Signal: HOLD | Confidence: 20.0%
2026-07-25 13:09:59,747 | JPY=X | Signal: HOLD | Confidence: 0%
2026-07-25 13:10:00,057 | AUDUSD=X | Signal: HOLD | Confidence: 20.0%
2026-07-25 13:10:00,435 | CAD=X | Signal: HOLD | Confidence: 0.0%
2026-07-25 13:10:00,741 | GC=F | Signal: SELL | Confidence: 40.0%
2026-07-25 13:10:00,742 | GC=F | ENTRY: 4067.6001 | SL: 4169.06438 | TP: 3864.67153 | RR: 2.0 | POSITION: 0.0986
2026-07-25 13:10:01,152 | SI=F | Signal: SELL | Confidence: 40.0%
2026-07-25 13:10:01,160 | SI=F | ENTRY: 58.656 | SL: 61.31089 | TP: 53.34621 | RR: 2.0 | POSITION: 3.7666
2026-07-25 13:10:01,573 | BTC-USD | Signal: HOLD | Confidence: 0%
2026-07-25 13:10:02,014 | ETH-USD | Signal: BUY | Confidence: 80.0%
2026-07-25 13:10:02,014 | ETH-USD | ENTRY: 1861.18994 | SL: 1771.037 | TP: 2041.49583 | RR: 2.0 | POSITION: 0.1109
2026-07-25 13:10:02,406 | SOL-USD | Signal: HOLD | Confidence: 20.0%
2026-07-25 13:16:33,607 | EURUSD=X | Signal: HOLD | Confidence: 0%
2026-07-25 13:16:33,896 | GBPUSD=X | Signal: HOLD | Confidence: 0%
2026-07-25 13:16:34,181 | JPY=X | Signal: HOLD | Confidence: 0%
2026-07-25 13:16:34,524 | AUDUSD=X | Signal: HOLD | Confidence: 20%
2026-07-25 13:16:34,859 | CAD=X | Signal: HOLD | Confidence: 20%
2026-07-25 13:16:35,161 | GC=F | Signal: HOLD | Confidence: 30%
2026-07-25 13:16:35,516 | SI=F | Signal: HOLD | Confidence: 30%
2026-07-25 13:16:35,940 | BTC-USD | Signal: HOLD | Confidence: 0%
2026-07-25 13:16:36,325 | ETH-USD | Signal: HOLD | Confidence: 20%
2026-07-25 13:16:36,716 | SOL-USD | Signal: HOLD | Confidence: 20%
2026-07-25 13:25:26,641 | EURUSD=X | Signal: HOLD | Confidence: 0%
2026-07-25 13:25:26,956 | GBPUSD=X | Signal: HOLD | Confidence: 0%
2026-07-25 13:25:27,283 | JPY=X | Signal: HOLD | Confidence: 0%
2026-07-25 13:25:27,610 | AUDUSD=X | Signal: HOLD | Confidence: 20%
2026-07-25 13:25:27,971 | CAD=X | Signal: HOLD | Confidence: 20%
2026-07-25 13:25:28,260 | GC=F | Signal: HOLD | Confidence: 30%
2026-07-25 13:25:28,535 | SI=F | Signal: HOLD | Confidence: 30%
2026-07-25 13:25:28,933 | BTC-USD | Signal: HOLD | Confidence: 0%
2026-07-25 13:25:29,321 | ETH-USD | Signal: HOLD | Confidence: 0%
2026-07-25 13:25:29,708 | SOL-USD | Signal: HOLD | Confidence: 20%
2026-07-25 13:34:44,155 | EURUSD=X | Signal: HOLD | Confidence: 0%
2026-07-25 13:34:44,630 | GBPUSD=X | Signal: HOLD | Confidence: 0%
2026-07-25 13:34:45,159 | JPY=X | Signal: HOLD | Confidence: 0%
2026-07-25 13:34:45,464 | AUDUSD=X | Signal: HOLD | Confidence: 20%
2026-07-25 13:34:45,875 | CAD=X | Signal: HOLD | Confidence: 20%
2026-07-25 13:34:46,190 | GC=F | Signal: HOLD | Confidence: 30%
2026-07-25 13:34:46,463 | SI=F | Signal: HOLD | Confidence: 30%
2026-07-25 13:34:46,845 | BTC-USD | Signal: HOLD | Confidence: 0%
2026-07-25 13:34:47,242 | ETH-USD | Signal: HOLD | Confidence: 0%
2026-07-25 13:34:47,614 | SOL-USD | Signal: HOLD | Confidence: 20%
2026-07-25 13:35:01,186 | EURUSD=X | Signal: HOLD | Confidence: 0%
2026-07-25 13:35:01,447 | GBPUSD=X | Signal: HOLD | Confidence: 0%
2026-07-25 13:35:01,924 | JPY=X | Signal: HOLD | Confidence: 0%
2026-07-25 13:35:02,316 | AUDUSD=X | Signal: HOLD | Confidence: 20%
2026-07-25 13:35:02,646 | CAD=X | Signal: HOLD | Confidence: 20%
2026-07-25 13:35:02,995 | GC=F | Signal: HOLD | Confidence: 30%
2026-07-25 13:35:03,319 | SI=F | Signal: HOLD | Confidence: 30%
2026-07-25 13:35:03,699 | BTC-USD | Signal: HOLD | Confidence: 0%
2026-07-25 13:35:04,127 | ETH-USD | Signal: HOLD | Confidence: 0%
2026-07-25 13:35:04,563 | SOL-USD | Signal: HOLD | Confidence: 20%
2026-07-25 13:39:15,435 | EURUSD=X | Signal: HOLD | Confidence: 0%
2026-07-25 13:39:15,725 | GBPUSD=X | Signal: HOLD | Confidence: 0%
2026-07-25 13:39:16,011 | JPY=X | Signal: HOLD | Confidence: 0%
2026-07-25 13:39:16,486 | AUDUSD=X | Signal: HOLD | Confidence: 20%
2026-07-25 13:39:16,897 | CAD=X | Signal: HOLD | Confidence: 20%
2026-07-25 13:39:17,240 | GC=F | Signal: HOLD | Confidence: 30%
2026-07-25 13:39:17,525 | SI=F | Signal: HOLD | Confidence: 30%
2026-07-25 13:39:17,928 | BTC-USD | Signal: HOLD | Confidence: 0%
2026-07-25 13:39:18,464 | ETH-USD | Signal: HOLD | Confidence: 0%
2026-07-25 13:39:18,855 | SOL-USD | Signal: HOLD | Confidence: 20%
2026-07-25 14:08:53,708 | EURUSD=X | Signal: HOLD | Confidence: 0%
2026-07-25 14:08:54,226 | JPY=X | Signal: HOLD | Confidence: 0%
2026-07-25 14:08:56,127 | BTC-USD | Signal: HOLD | Confidence: 0%
2026-07-25 14:32:54,590 | EURUSD=X | Signal: HOLD | Confidence: 0%
2026-07-25 14:32:57,233 | GBPUSD=X | Signal: HOLD | Confidence: 10%
2026-07-25 14:32:57,492 | JPY=X | Signal: HOLD | Confidence: 0%
2026-07-25 14:35:32,300 | EURUSD=X | Signal: HOLD | Confidence: 0%
2026-07-25 14:37:41,433 | EURUSD=X | Signal: HOLD | Confidence: 0%
2026-07-25 14:37:42,031 | GBPUSD=X | Signal: HOLD | Confidence: 30%
2026-07-25 14:37:42,326 | JPY=X | Signal: HOLD | Confidence: 0%
2026-07-25 14:37:42,926 | AUDUSD=X | Signal: HOLD | Confidence: 40%
2026-07-25 14:37:43,467 | CAD=X | Signal: HOLD | Confidence: 10%
2026-07-25 14:37:43,984 | GC=F | Signal: HOLD | Confidence: 10%
2026-07-25 14:37:44,536 | SI=F | Signal: HOLD | Confidence: 10%
2026-07-25 14:37:44,947 | BTC-USD | Signal: HOLD | Confidence: 0%
2026-07-25 14:37:45,572 | ETH-USD | Signal: HOLD | Confidence: 20%
2026-07-25 14:37:46,256 | SOL-USD | Signal: SELL | Confidence: 50%
2026-07-25 14:37:46,256 | SOL-USD | ENTRY: 73.84 | SL: 77.00707 | TP: 67.50585 | RR: 2.0 | POSITION: 3.1575
2026-07-25 14:48:28,823 | EURUSD=X | Signal: HOLD | Confidence: 0%
2026-07-25 14:48:29,351 | JPY=X | Signal: HOLD | Confidence: 0%
2026-07-25 14:48:30,906 | BTC-USD | Signal: HOLD | Confidence: 0%
2026-07-25 15:00:39,929 | EURUSD=X | Signal: HOLD | Confidence: 0%
2026-07-25 15:00:40,567 | GBPUSD=X | Signal: HOLD | Confidence: 30%
2026-07-25 15:00:40,862 | JPY=X | Signal: HOLD | Confidence: 0%
2026-07-25 15:00:41,445 | AUDUSD=X | Signal: HOLD | Confidence: 40%
2026-07-25 15:00:42,028 | CAD=X | Signal: HOLD | Confidence: 10%
2026-07-25 15:00:42,591 | GC=F | Signal: HOLD | Confidence: 10%
2026-07-25 15:00:43,123 | SI=F | Signal: HOLD | Confidence: 10%
2026-07-25 15:00:43,535 | BTC-USD | Signal: HOLD | Confidence: 0%
2026-07-25 15:00:44,157 | ETH-USD | Signal: HOLD | Confidence: 20%
2026-07-25 15:00:44,770 | SOL-USD | Signal: SELL | Confidence: 50%
2026-07-25 15:00:44,770 | SOL-USD | ENTRY: 73.94 | SL: 77.10708 | TP: 67.60585 | RR: 2.0 | POSITION: 3.1575
2026-07-25 15:18:58,923 | EURUSD=X | Signal: HOLD | Confidence: 0%
2026-07-25 15:18:59,475 | GBPUSD=X | Signal: HOLD | Confidence: 10%
2026-07-25 15:18:59,799 | JPY=X | Signal: HOLD | Confidence: 0%
2026-07-25 15:19:00,542 | AUDUSD=X | Signal: HOLD | Confidence: 20%
2026-07-25 15:19:01,069 | CAD=X | Signal: HOLD | Confidence: 30%
2026-07-25 15:19:01,636 | GC=F | Signal: SELL | Confidence: 50%
2026-07-25 15:19:01,637 | GC=F | ENTRY: 4067.6001 | SL: 4169.06438 | TP: 3864.67153 | RR: 2.0 | POSITION: 0.0986
2026-07-25 15:19:02,218 | SI=F | Signal: SELL | Confidence: 50%
2026-07-25 15:19:02,218 | SI=F | ENTRY: 58.656 | SL: 61.31089 | TP: 53.34621 | RR: 2.0 | POSITION: 3.7666
2026-07-25 15:19:02,584 | BTC-USD | Signal: HOLD | Confidence: 0%
2026-07-25 15:19:03,205 | ETH-USD | Signal: HOLD | Confidence: 20%
2026-07-25 15:19:03,821 | SOL-USD | Signal: SELL | Confidence: 50%
2026-07-25 15:19:03,821 | SOL-USD | ENTRY: 74.12 | SL: 77.28708 | TP: 67.78585 | RR: 2.0 | POSITION: 3.1575
2026-07-25 15:52:10,220 | EURUSD=X | Signal: HOLD | Confidence: 0%
2026-07-25 15:52:10,681 | GBPUSD=X | Signal: HOLD | Confidence: 10%
2026-07-25 15:52:10,951 | JPY=X | Signal: HOLD | Confidence: 0%
2026-07-25 15:52:11,499 | AUDUSD=X | Signal: HOLD | Confidence: 20%
2026-07-25 15:52:12,097 | CAD=X | Signal: HOLD | Confidence: 30%
2026-07-25 15:52:12,859 | BTC-USD | Signal: HOLD | Confidence: 0%
2026-07-25 15:53:52,470 | EURUSD=X | Signal: HOLD | Confidence: 0%
2026-07-25 15:53:53,005 | GBPUSD=X | Signal: HOLD | Confidence: 10%
2026-07-25 15:53:53,376 | JPY=X | Signal: HOLD | Confidence: 0%
2026-07-25 15:53:53,983 | AUDUSD=X | Signal: HOLD | Confidence: 20%
2026-07-25 15:53:54,537 | CAD=X | Signal: HOLD | Confidence: 30%
2026-07-25 15:53:55,057 | GC=F | Signal: SELL | Confidence: 50%
2026-07-25 15:53:55,057 | GC=F | ENTRY: 4067.6001 | SL: 4169.06438 | TP: 3864.67153 | RR: 2.0 | POSITION: 0.0986
2026-07-25 15:53:55,583 | SI=F | Signal: SELL | Confidence: 50%
2026-07-25 15:53:55,584 | SI=F | ENTRY: 58.656 | SL: 61.31089 | TP: 53.34621 | RR: 2.0 | POSITION: 3.7666
2026-07-25 15:53:55,946 | BTC-USD | Signal: HOLD | Confidence: 0%
2026-07-25 15:53:56,734 | ETH-USD | Signal: HOLD | Confidence: 20%
2026-07-25 15:53:57,446 | SOL-USD | Signal: HOLD | Confidence: 40%
2026-07-25 16:48:56,612 | EURUSD=X | Signal: HOLD | Confidence: 0%
2026-07-25 16:48:57,162 | GBPUSD=X | Signal: HOLD | Confidence: 10%
2026-07-25 16:48:57,455 | JPY=X | Signal: HOLD | Confidence: 0%
2026-07-25 16:48:58,066 | AUDUSD=X | Signal: HOLD | Confidence: 20%
2026-07-25 16:48:58,642 | CAD=X | Signal: HOLD | Confidence: 30%
2026-07-25 16:48:59,263 | GC=F | Signal: SELL | Confidence: 50%
2026-07-25 16:48:59,264 | GC=F | ENTRY: 4067.6001 | SL: 4169.06438 | TP: 3864.67153 | RR: 2.0 | POSITION: 0.0986
2026-07-25 16:48:59,963 | SI=F | Signal: SELL | Confidence: 50%
2026-07-25 16:48:59,963 | SI=F | ENTRY: 58.656 | SL: 61.31089 | TP: 53.34621 | RR: 2.0 | POSITION: 3.7666
2026-07-25 16:49:00,320 | BTC-USD | Signal: HOLD | Confidence: 0%
2026-07-25 16:49:00,960 | ETH-USD | Signal: HOLD | Confidence: 20%
2026-07-25 16:49:01,578 | SOL-USD | Signal: HOLD | Confidence: 40%
2026-07-26 08:13:01,044 | EURUSD=X | Signal: HOLD | Confidence: 0%
2026-07-26 08:13:04,468 | GBPUSD=X | Signal: HOLD | Confidence: 10%
2026-07-26 08:13:04,828 | JPY=X | Signal: HOLD | Confidence: 0%
2026-07-26 08:13:08,449 | AUDUSD=X | Signal: HOLD | Confidence: 20%
2026-07-26 08:13:11,711 | CAD=X | Signal: HOLD | Confidence: 30%
2026-07-26 08:13:14,569 | GC=F | Signal: HOLD | Confidence: 65%
2026-07-26 08:13:17,209 | SI=F | Signal: HOLD | Confidence: 65%
2026-07-26 08:13:18,244 | BTC-USD | Signal: HOLD | Confidence: 0%
2026-07-26 08:13:21,546 | ETH-USD | Signal: HOLD | Confidence: 20%
2026-07-26 08:13:25,134 | SOL-USD | Signal: HOLD | Confidence: 40%
2026-07-30 17:10:49,681 | EURUSD=X | Signal: BUY | Confidence: 90%
2026-07-30 17:10:49,682 | EURUSD=X | ENTRY: 1.14705 | SL: 1.14612 | TP: 1.14891 | RR: 2.0 | POSITION: 10752.6882
2026-07-30 17:10:51,088 | GBPUSD=X | Signal: BUY | Confidence: 85%
2026-07-30 17:10:51,091 | GBPUSD=X | ENTRY: 1.33794 | SL: 1.33648 | TP: 1.34085 | RR: 2.0 | POSITION: 6849.3151
2026-07-30 17:10:52,296 | JPY=X | Signal: HOLD | Confidence: 40%
2026-07-30 17:10:53,062 | AUDUSD=X | Signal: HOLD | Confidence: 20%
2026-07-30 17:10:53,806 | CAD=X | Signal: HOLD | Confidence: 10%
2026-07-30 17:10:54,472 | GC=F | Signal: HOLD | Confidence: 40%
2026-07-30 17:10:55,070 | SI=F | Signal: HOLD | Confidence: 0%
2026-07-30 17:10:55,888 | BTC-USD | Signal: HOLD | Confidence: 40%
2026-07-30 17:10:56,553 | ETH-USD | Signal: HOLD | Confidence: 20%
2026-07-30 17:10:57,334 | SOL-USD | Signal: HOLD | Confidence: 10%
2026-07-30 17:11:27,304 | EURUSD=X | Signal: BUY | Confidence: 90%
2026-07-30 17:11:27,305 | EURUSD=X | ENTRY: 1.14705 | SL: 1.14612 | TP: 1.14891 | RR: 2.0 | POSITION: 10752.6882
2026-07-30 17:11:27,979 | GBPUSD=X | Signal: BUY | Confidence: 85%
2026-07-30 17:11:27,980 | GBPUSD=X | ENTRY: 1.33794 | SL: 1.33648 | TP: 1.34085 | RR: 2.0 | POSITION: 6849.3151
2026-07-30 17:11:28,654 | JPY=X | Signal: HOLD | Confidence: 40%
2026-07-30 17:11:29,369 | AUDUSD=X | Signal: HOLD | Confidence: 20%
2026-07-30 17:11:30,154 | CAD=X | Signal: HOLD | Confidence: 10%
2026-07-30 17:11:30,800 | GC=F | Signal: HOLD | Confidence: 40%
2026-07-30 17:11:31,433 | SI=F | Signal: HOLD | Confidence: 15%
2026-07-30 17:11:32,471 | BTC-USD | Signal: HOLD | Confidence: 40%
2026-07-30 17:11:33,290 | ETH-USD | Signal: HOLD | Confidence: 20%
2026-07-30 17:11:34,099 | SOL-USD | Signal: HOLD | Confidence: 10%
2026-07-30 17:12:03,992 | EURUSD=X | Signal: BUY | Confidence: 75%
2026-07-30 17:12:03,993 | EURUSD=X | ENTRY: 1.14692 | SL: 1.14599 | TP: 1.14878 | RR: 2.0 | POSITION: 10752.6882
2026-07-30 17:12:05,259 | GBPUSD=X | Signal: BUY | Confidence: 85%
2026-07-30 17:12:05,261 | GBPUSD=X | ENTRY: 1.33786 | SL: 1.3364 | TP: 1.34078 | RR: 2.0 | POSITION: 6849.3151
2026-07-30 17:12:06,140 | JPY=X | Signal: HOLD | Confidence: 40%
2026-07-30 17:12:07,063 | AUDUSD=X | Signal: HOLD | Confidence: 20%
2026-07-30 17:12:07,902 | CAD=X | Signal: HOLD | Confidence: 10%
2026-07-30 17:12:08,787 | GC=F | Signal: HOLD | Confidence: 40%
2026-07-30 17:12:09,615 | SI=F | Signal: HOLD | Confidence: 15%
2026-07-30 17:12:10,753 | BTC-USD | Signal: HOLD | Confidence: 40%
2026-07-30 17:12:11,857 | ETH-USD | Signal: HOLD | Confidence: 20%
2026-07-30 17:12:12,631 | SOL-USD | Signal: HOLD | Confidence: 10%
2026-07-30 17:24:44,391 | EURUSD=X | Signal: BUY | Confidence: 85%
2026-07-30 17:24:44,403 | EURUSD=X | ENTRY: 1.14745 | SL: 1.14653 | TP: 1.14928 | RR: 2.0 | POSITION: 10869.5652
2026-07-30 17:24:45,351 | GBPUSD=X | Signal: BUY | Confidence: 85%
2026-07-30 17:24:45,352 | GBPUSD=X | ENTRY: 1.33838 | SL: 1.33689 | TP: 1.34137 | RR: 2.0 | POSITION: 6711.4094
2026-07-30 17:24:45,999 | JPY=X | Signal: HOLD | Confidence: 30%
2026-07-30 17:24:46,836 | AUDUSD=X | Signal: HOLD | Confidence: 25%
2026-07-30 17:24:47,509 | CAD=X | Signal: HOLD | Confidence: 50%
2026-07-30 17:24:48,198 | GC=F | Signal: HOLD | Confidence: 50%
2026-07-30 17:24:48,971 | SI=F | Signal: HOLD | Confidence: 0%
2026-07-30 17:24:49,937 | BTC-USD | Signal: HOLD | Confidence: 45%
2026-07-30 17:24:50,641 | ETH-USD | Signal: HOLD | Confidence: 20%
2026-07-30 17:24:51,437 | SOL-USD | Signal: HOLD | Confidence: 10%
2026-07-30 17:25:28,482 | EURUSD=X | Signal: BUY | Confidence: 85%
2026-07-30 17:25:28,483 | EURUSD=X | ENTRY: 1.14758 | SL: 1.14665 | TP: 1.14944 | RR: 2.0 | POSITION: 10752.6882
2026-07-30 17:25:29,256 | GBPUSD=X | Signal: BUY | Confidence: 85%
2026-07-30 17:25:29,257 | GBPUSD=X | ENTRY: 1.33838 | SL: 1.33689 | TP: 1.34137 | RR: 2.0 | POSITION: 6711.4094
2026-07-30 17:25:30,201 | JPY=X | Signal: HOLD | Confidence: 40%
2026-07-30 17:25:31,088 | AUDUSD=X | Signal: HOLD | Confidence: 25%
2026-07-30 17:25:31,922 | CAD=X | Signal: HOLD | Confidence: 45%
2026-07-30 17:25:32,585 | GC=F | Signal: HOLD | Confidence: 40%
2026-07-30 17:25:33,359 | SI=F | Signal: HOLD | Confidence: 0%
2026-07-30 17:25:34,007 | BTC-USD | Signal: HOLD | Confidence: 45%
2026-07-30 17:25:34,733 | ETH-USD | Signal: HOLD | Confidence: 25%
2026-07-30 17:25:35,613 | SOL-USD | Signal: HOLD | Confidence: 5%
2026-07-30 17:30:52,063 | EURUSD=X | Signal: BUY | Confidence: 80%
2026-07-30 17:30:52,072 | EURUSD=X | ENTRY: 1.14797 | SL: 1.14709 | TP: 1.14975 | RR: 2.0 | POSITION: 11363.6364
2026-07-30 17:30:52,777 | GBPUSD=X | Signal: BUY | Confidence: 80%
2026-07-30 17:30:52,778 | GBPUSD=X | ENTRY: 1.33892 | SL: 1.33746 | TP: 1.34185 | RR: 2.0 | POSITION: 6849.3151
2026-07-30 17:30:53,472 | JPY=X | Signal: HOLD | Confidence: 40%
2026-07-30 17:30:54,234 | AUDUSD=X | Signal: HOLD | Confidence: 25%
2026-07-30 17:30:54,883 | CAD=X | Signal: SELL | Confidence: 60%
2026-07-30 17:30:54,884 | CAD=X | ENTRY: 1.40425 | SL: 1.4058 | TP: 1.40115 | RR: 2.0 | POSITION: 6451.6129
2026-07-30 17:30:55,760 | GC=F | Signal: BUY | Confidence: 70%
2026-07-30 17:30:55,761 | GC=F | ENTRY: 4135.2002 | SL: 4123.37163 | TP: 4158.85732 | RR: 2.0 | POSITION: 0.8454
2026-07-30 17:30:56,618 | SI=F | Signal: HOLD | Confidence: 20%
2026-07-30 17:30:57,332 | BTC-USD | Signal: HOLD | Confidence: 40%
2026-07-30 17:30:58,024 | ETH-USD | Signal: HOLD | Confidence: 40%
2026-07-30 17:30:58,662 | SOL-USD | Signal: HOLD | Confidence: 10%
2026-07-30 17:31:28,389 | EURUSD=X | Signal: BUY | Confidence: 80%
2026-07-30 17:31:28,390 | EURUSD=X | ENTRY: 1.14797 | SL: 1.14709 | TP: 1.14975 | RR: 2.0 | POSITION: 11363.6364
2026-07-30 17:31:29,135 | GBPUSD=X | Signal: BUY | Confidence: 80%
2026-07-30 17:31:29,142 | GBPUSD=X | ENTRY: 1.33892 | SL: 1.33746 | TP: 1.34185 | RR: 2.0 | POSITION: 6849.3151
2026-07-30 17:31:30,281 | JPY=X | Signal: HOLD | Confidence: 40%
2026-07-30 17:31:31,445 | AUDUSD=X | Signal: HOLD | Confidence: 25%
2026-07-30 17:31:32,392 | CAD=X | Signal: HOLD | Confidence: 20%
2026-07-30 17:31:33,248 | GC=F | Signal: BUY | Confidence: 70%
2026-07-30 17:31:33,249 | GC=F | ENTRY: 4135.7002 | SL: 4123.87163 | TP: 4159.35732 | RR: 2.0 | POSITION: 0.8454
2026-07-30 17:31:33,758 | SI=F | Signal: HOLD | Confidence: 10%
2026-07-30 17:31:34,586 | BTC-USD | Signal: HOLD | Confidence: 40%
2026-07-30 17:31:35,430 | ETH-USD | Signal: HOLD | Confidence: 35%
2026-07-30 17:31:36,213 | SOL-USD | Signal: HOLD | Confidence: 10%
2026-07-30 17:32:03,764 | EURUSD=X | Signal: BUY | Confidence: 80%
2026-07-30 17:32:03,765 | EURUSD=X | ENTRY: 1.14797 | SL: 1.14709 | TP: 1.14975 | RR: 2.0 | POSITION: 11363.6364
2026-07-30 17:32:04,380 | GBPUSD=X | Signal: BUY | Confidence: 75%
2026-07-30 17:32:04,381 | GBPUSD=X | ENTRY: 1.33889 | SL: 1.33742 | TP: 1.34181 | RR: 2.0 | POSITION: 6802.7211
2026-07-30 17:32:05,018 | JPY=X | Signal: HOLD | Confidence: 40%
2026-07-30 17:32:05,636 | AUDUSD=X | Signal: HOLD | Confidence: 20%
2026-07-30 17:32:06,217 | CAD=X | Signal: HOLD | Confidence: 20%
2026-07-30 17:32:06,728 | GC=F | Signal: BUY | Confidence: 70%
2026-07-30 17:32:06,731 | GC=F | ENTRY: 4135.2002 | SL: 4123.37163 | TP: 4158.85732 | RR: 2.0 | POSITION: 0.8454
2026-07-30 17:32:07,269 | SI=F | Signal: HOLD | Confidence: 10%
2026-07-30 17:32:08,058 | BTC-USD | Signal: HOLD | Confidence: 40%
2026-07-30 17:32:08,869 | ETH-USD | Signal: HOLD | Confidence: 35%
2026-07-30 17:32:09,586 | SOL-USD | Signal: HOLD | Confidence: 0%
2026-07-30 17:32:38,146 | EURUSD=X | Signal: BUY | Confidence: 80%
2026-07-30 17:32:38,147 | EURUSD=X | ENTRY: 1.14797 | SL: 1.14709 | TP: 1.14975 | RR: 2.0 | POSITION: 11363.6364
2026-07-30 17:32:39,031 | GBPUSD=X | Signal: BUY | Confidence: 75%
2026-07-30 17:32:39,032 | GBPUSD=X | ENTRY: 1.33889 | SL: 1.33742 | TP: 1.34181 | RR: 2.0 | POSITION: 6802.7211
2026-07-30 17:32:39,804 | JPY=X | Signal: HOLD | Confidence: 40%
2026-07-30 17:32:40,639 | AUDUSD=X | Signal: HOLD | Confidence: 20%
2026-07-30 17:32:41,757 | CAD=X | Signal: HOLD | Confidence: 30%
2026-07-30 17:32:42,800 | GC=F | Signal: BUY | Confidence: 70%
2026-07-30 17:32:42,801 | GC=F | ENTRY: 4135.3999 | SL: 4123.52849 | TP: 4159.14272 | RR: 2.0 | POSITION: 0.8424
2026-07-30 17:32:43,648 | SI=F | Signal: HOLD | Confidence: 10%
2026-07-30 17:32:44,596 | BTC-USD | Signal: HOLD | Confidence: 50%
2026-07-30 17:32:45,228 | ETH-USD | Signal: HOLD | Confidence: 40%
2026-07-30 17:32:46,136 | SOL-USD | Signal: HOLD | Confidence: 0%
2026-07-30 17:33:15,038 | EURUSD=X | Signal: BUY | Confidence: 85%
2026-07-30 17:33:15,043 | EURUSD=X | ENTRY: 1.14811 | SL: 1.1472 | TP: 1.14991 | RR: 2.0 | POSITION: 10989.011
2026-07-30 17:33:15,931 | GBPUSD=X | Signal: BUY | Confidence: 85%
2026-07-30 17:33:15,932 | GBPUSD=X | ENTRY: 1.33912 | SL: 1.33764 | TP: 1.34208 | RR: 2.0 | POSITION: 6756.7568
2026-07-30 17:33:16,785 | JPY=X | Signal: HOLD | Confidence: 30%
2026-07-30 17:33:17,665 | AUDUSD=X | Signal: HOLD | Confidence: 20%
2026-07-30 17:33:18,560 | CAD=X | Signal: HOLD | Confidence: 30%
2026-07-30 17:33:19,220 | GC=F | Signal: BUY | Confidence: 70%
2026-07-30 17:33:19,221 | GC=F | ENTRY: 4136.2998 | SL: 4124.4284 | TP: 4160.04262 | RR: 2.0 | POSITION: 0.8424
2026-07-30 17:33:19,915 | SI=F | Signal: HOLD | Confidence: 10%
2026-07-30 17:33:20,620 | BTC-USD | Signal: HOLD | Confidence: 40%
2026-07-30 17:33:21,382 | ETH-USD | Signal: HOLD | Confidence: 50%
2026-07-30 17:33:22,109 | SOL-USD | Signal: HOLD | Confidence: 10%
2026-07-30 17:33:55,710 | EURUSD=X | Signal: BUY | Confidence: 70%
2026-07-30 17:33:55,711 | EURUSD=X | ENTRY: 1.14797 | SL: 1.14707 | TP: 1.14978 | RR: 2.0 | POSITION: 11111.1111
2026-07-30 17:33:56,464 | GBPUSD=X | Signal: BUY | Confidence: 80%
2026-07-30 17:33:56,466 | GBPUSD=X | ENTRY: 1.33905 | SL: 1.33756 | TP: 1.34201 | RR: 2.0 | POSITION: 6711.4094
2026-07-30 17:33:57,138 | JPY=X | Signal: HOLD | Confidence: 30%
2026-07-30 17:33:57,963 | AUDUSD=X | Signal: HOLD | Confidence: 25%
2026-07-30 17:33:58,586 | CAD=X | Signal: HOLD | Confidence: 30%
2026-07-30 17:33:59,456 | GC=F | Signal: BUY | Confidence: 70%
2026-07-30 17:33:59,457 | GC=F | ENTRY: 4136.1001 | SL: 4124.08943 | TP: 4160.12144 | RR: 2.0 | POSITION: 0.8326
2026-07-30 17:34:00,141 | SI=F | Signal: HOLD | Confidence: 10%
2026-07-30 17:34:00,915 | BTC-USD | Signal: HOLD | Confidence: 45%
2026-07-30 17:34:01,682 | ETH-USD | Signal: HOLD | Confidence: 20%
2026-07-30 17:34:02,322 | SOL-USD | Signal: HOLD | Confidence: 5%
2026-07-30 17:34:34,950 | EURUSD=X | Signal: BUY | Confidence: 70%
2026-07-30 17:34:34,951 | EURUSD=X | ENTRY: 1.14797 | SL: 1.14707 | TP: 1.14978 | RR: 2.0 | POSITION: 11111.1111
2026-07-30 17:34:35,756 | GBPUSD=X | Signal: BUY | Confidence: 80%
2026-07-30 17:34:35,757 | GBPUSD=X | ENTRY: 1.33905 | SL: 1.33756 | TP: 1.34201 | RR: 2.0 | POSITION: 6711.4094
2026-07-30 17:34:36,591 | JPY=X | Signal: HOLD | Confidence: 40%
2026-07-30 17:34:37,438 | AUDUSD=X | Signal: HOLD | Confidence: 25%
2026-07-30 17:34:38,224 | CAD=X | Signal: HOLD | Confidence: 20%
2026-07-30 17:34:38,908 | GC=F | Signal: BUY | Confidence: 60%
2026-07-30 17:34:38,910 | GC=F | ENTRY: 4137.6001 | SL: 4125.47156 | TP: 4161.85718 | RR: 2.0 | POSITION: 0.8245
2026-07-30 17:34:39,504 | SI=F | Signal: HOLD | Confidence: 10%
2026-07-30 17:34:40,231 | BTC-USD | Signal: HOLD | Confidence: 40%
2026-07-30 17:34:40,900 | ETH-USD | Signal: HOLD | Confidence: 35%
2026-07-30 17:34:41,596 | SOL-USD | Signal: HOLD | Confidence: 10%
2026-07-30 17:35:09,763 | EURUSD=X | Signal: BUY | Confidence: 85%
2026-07-30 17:35:09,764 | EURUSD=X | ENTRY: 1.14811 | SL: 1.1472 | TP: 1.14991 | RR: 2.0 | POSITION: 10989.011
2026-07-30 17:35:10,496 | GBPUSD=X | Signal: BUY | Confidence: 85%
2026-07-30 17:35:10,497 | GBPUSD=X | ENTRY: 1.33919 | SL: 1.3377 | TP: 1.34217 | RR: 2.0 | POSITION: 6711.4094
2026-07-30 17:35:11,119 | JPY=X | Signal: HOLD | Confidence: 30%
2026-07-30 17:35:11,924 | AUDUSD=X | Signal: HOLD | Confidence: 25%
2026-07-30 17:35:12,690 | CAD=X | Signal: HOLD | Confidence: 20%
2026-07-30 17:35:13,494 | GC=F | Signal: BUY | Confidence: 60%
2026-07-30 17:35:13,496 | GC=F | ENTRY: 4138.5 | SL: 4126.37146 | TP: 4162.75708 | RR: 2.0 | POSITION: 0.8245
2026-07-30 17:35:14,165 | SI=F | Signal: HOLD | Confidence: 10%
2026-07-30 17:35:14,941 | BTC-USD | Signal: HOLD | Confidence: 40%
2026-07-30 17:35:15,645 | ETH-USD | Signal: BUY | Confidence: 65%
2026-07-30 17:35:15,646 | ETH-USD | ENTRY: 1922.19995 | SL: 1916.70885 | TP: 1933.18215 | RR: 2.0 | POSITION: 1.8211
2026-07-30 17:35:16,377 | SOL-USD | Signal: HOLD | Confidence: 0%
2026-07-30 17:35:49,604 | EURUSD=X | Signal: BUY | Confidence: 70%
2026-07-30 17:35:49,605 | EURUSD=X | ENTRY: 1.14797 | SL: 1.14707 | TP: 1.14978 | RR: 2.0 | POSITION: 11111.1111
2026-07-30 17:35:50,463 | GBPUSD=X | Signal: BUY | Confidence: 80%
2026-07-30 17:35:50,464 | GBPUSD=X | ENTRY: 1.33906 | SL: 1.33757 | TP: 1.34205 | RR: 2.0 | POSITION: 6711.4094
2026-07-30 17:35:51,162 | JPY=X | Signal: HOLD | Confidence: 40%
2026-07-30 17:35:52,274 | AUDUSD=X | Signal: HOLD | Confidence: 25%
2026-07-30 17:35:53,347 | CAD=X | Signal: HOLD | Confidence: 20%
2026-07-30 17:35:54,069 | GC=F | Signal: BUY | Confidence: 60%
2026-07-30 17:35:54,070 | GC=F | ENTRY: 4138.5 | SL: 4126.37146 | TP: 4162.75708 | RR: 2.0 | POSITION: 0.8245
2026-07-30 17:35:54,986 | SI=F | Signal: HOLD | Confidence: 10%
2026-07-30 17:35:55,712 | BTC-USD | Signal: HOLD | Confidence: 45%
2026-07-30 17:35:56,558 | ETH-USD | Signal: BUY | Confidence: 65%
2026-07-30 17:35:56,559 | ETH-USD | ENTRY: 1922.53003 | SL: 1917.03893 | TP: 1933.51222 | RR: 2.0 | POSITION: 1.8211
2026-07-30 17:35:57,514 | SOL-USD | Signal: HOLD | Confidence: 20%
2026-07-30 17:36:27,324 | EURUSD=X | Signal: BUY | Confidence: 70%
2026-07-30 17:36:27,325 | EURUSD=X | ENTRY: 1.14797 | SL: 1.14707 | TP: 1.14978 | RR: 2.0 | POSITION: 11111.1111
2026-07-30 17:36:28,399 | GBPUSD=X | Signal: BUY | Confidence: 80%
2026-07-30 17:36:28,400 | GBPUSD=X | ENTRY: 1.33906 | SL: 1.33757 | TP: 1.34205 | RR: 2.0 | POSITION: 6711.4094
2026-07-30 17:36:29,400 | JPY=X | Signal: HOLD | Confidence: 40%
2026-07-30 17:36:30,354 | AUDUSD=X | Signal: HOLD | Confidence: 25%
2026-07-30 17:36:31,334 | CAD=X | Signal: HOLD | Confidence: 20%
2026-07-30 17:36:32,106 | GC=F | Signal: BUY | Confidence: 60%
2026-07-30 17:36:32,107 | GC=F | ENTRY: 4137.1001 | SL: 4124.97156 | TP: 4161.35718 | RR: 2.0 | POSITION: 0.8245
2026-07-30 17:36:32,981 | SI=F | Signal: HOLD | Confidence: 10%
2026-07-30 17:36:33,849 | BTC-USD | Signal: HOLD | Confidence: 40%
2026-07-30 17:36:34,882 | ETH-USD | Signal: BUY | Confidence: 65%
2026-07-30 17:36:34,883 | ETH-USD | ENTRY: 1921.51001 | SL: 1916.01891 | TP: 1932.4922 | RR: 2.0 | POSITION: 1.8211
2026-07-30 17:36:35,916 | SOL-USD | Signal: HOLD | Confidence: 20%
2026-07-30 17:37:05,169 | EURUSD=X | Signal: BUY | Confidence: 85%
2026-07-30 17:37:05,170 | EURUSD=X | ENTRY: 1.14811 | SL: 1.1472 | TP: 1.14991 | RR: 2.0 | POSITION: 10989.011
2026-07-30 17:37:05,892 | GBPUSD=X | Signal: BUY | Confidence: 70%
2026-07-30 17:37:05,893 | GBPUSD=X | ENTRY: 1.33897 | SL: 1.33748 | TP: 1.34196 | RR: 2.0 | POSITION: 6711.4094
2026-07-30 17:37:06,770 | JPY=X | Signal: HOLD | Confidence: 40%
2026-07-30 17:37:07,476 | AUDUSD=X | Signal: HOLD | Confidence: 25%
2026-07-30 17:37:08,302 | CAD=X | Signal: HOLD | Confidence: 20%
2026-07-30 17:37:09,107 | GC=F | Signal: BUY | Confidence: 60%
2026-07-30 17:37:09,108 | GC=F | ENTRY: 4137.2002 | SL: 4125.07166 | TP: 4161.45728 | RR: 2.0 | POSITION: 0.8245
2026-07-30 17:37:10,011 | SI=F | Signal: HOLD | Confidence: 10%
2026-07-30 17:37:10,731 | BTC-USD | Signal: HOLD | Confidence: 40%
2026-07-30 17:37:11,481 | ETH-USD | Signal: BUY | Confidence: 65%
2026-07-30 17:37:11,482 | ETH-USD | ENTRY: 1921.72998 | SL: 1916.23888 | TP: 1932.71218 | RR: 2.0 | POSITION: 1.8211
2026-07-30 17:37:12,367 | SOL-USD | Signal: HOLD | Confidence: 0%
2026-07-30 17:37:56,960 | EURUSD=X | Signal: BUY | Confidence: 85%
2026-07-30 17:37:56,961 | EURUSD=X | ENTRY: 1.14811 | SL: 1.1472 | TP: 1.14991 | RR: 2.0 | POSITION: 10989.011
2026-07-30 17:37:57,655 | GBPUSD=X | Signal: BUY | Confidence: 70%
2026-07-30 17:37:57,656 | GBPUSD=X | ENTRY: 1.33897 | SL: 1.33748 | TP: 1.34196 | RR: 2.0 | POSITION: 6711.4094
2026-07-30 17:37:58,344 | JPY=X | Signal: HOLD | Confidence: 40%
2026-07-30 17:37:59,209 | AUDUSD=X | Signal: HOLD | Confidence: 25%
2026-07-30 17:38:00,031 | CAD=X | Signal: HOLD | Confidence: 10%
2026-07-30 17:38:00,629 | GC=F | Signal: BUY | Confidence: 60%
2026-07-30 17:38:00,630 | GC=F | ENTRY: 4137.2998 | SL: 4125.17126 | TP: 4161.55688 | RR: 2.0 | POSITION: 0.8245
2026-07-30 17:38:01,169 | SI=F | Signal: HOLD | Confidence: 10%
2026-07-30 17:38:01,788 | BTC-USD | Signal: HOLD | Confidence: 45%
2026-07-30 17:38:02,426 | ETH-USD | Signal: BUY | Confidence: 65%
2026-07-30 17:38:02,427 | ETH-USD | ENTRY: 1922.46997 | SL: 1916.97887 | TP: 1933.45217 | RR: 2.0 | POSITION: 1.8211
2026-07-30 17:38:03,319 | SOL-USD | Signal: HOLD | Confidence: 0%
2026-07-30 17:38:36,308 | EURUSD=X | Signal: BUY | Confidence: 85%
2026-07-30 17:38:36,309 | EURUSD=X | ENTRY: 1.14811 | SL: 1.1472 | TP: 1.14991 | RR: 2.0 | POSITION: 10989.011
2026-07-30 17:38:37,010 | GBPUSD=X | Signal: BUY | Confidence: 70%
2026-07-30 17:38:37,011 | GBPUSD=X | ENTRY: 1.33896 | SL: 1.33747 | TP: 1.34194 | RR: 2.0 | POSITION: 6711.4094
2026-07-30 17:38:37,681 | JPY=X | Signal: HOLD | Confidence: 50%
2026-07-30 17:38:38,396 | AUDUSD=X | Signal: HOLD | Confidence: 25%
2026-07-30 17:38:39,263 | CAD=X | Signal: HOLD | Confidence: 10%
2026-07-30 17:38:39,930 | GC=F | Signal: BUY | Confidence: 70%
2026-07-30 17:38:39,931 | GC=F | ENTRY: 4135.3999 | SL: 4123.27136 | TP: 4159.65698 | RR: 2.0 | POSITION: 0.8245
2026-07-30 17:38:40,629 | SI=F | Signal: HOLD | Confidence: 10%
2026-07-30 17:38:41,349 | BTC-USD | Signal: HOLD | Confidence: 45%
2026-07-30 17:38:42,115 | ETH-USD | Signal: BUY | Confidence: 65%
2026-07-30 17:38:42,117 | ETH-USD | ENTRY: 1922.41003 | SL: 1916.91894 | TP: 1933.39223 | RR: 2.0 | POSITION: 1.8211
2026-07-30 17:38:42,905 | SOL-USD | Signal: HOLD | Confidence: 10%
2026-07-30 17:39:14,739 | EURUSD=X | Signal: BUY | Confidence: 85%
2026-07-30 17:39:14,740 | EURUSD=X | ENTRY: 1.14811 | SL: 1.1472 | TP: 1.14991 | RR: 2.0 | POSITION: 10989.011
2026-07-30 17:39:15,407 | GBPUSD=X | Signal: BUY | Confidence: 80%
2026-07-30 17:39:15,409 | GBPUSD=X | ENTRY: 1.33901 | SL: 1.33752 | TP: 1.34199 | RR: 2.0 | POSITION: 6711.4094
2026-07-30 17:39:16,064 | JPY=X | Signal: HOLD | Confidence: 30%
2026-07-30 17:39:16,866 | AUDUSD=X | Signal: HOLD | Confidence: 25%
2026-07-30 17:39:17,673 | CAD=X | Signal: HOLD | Confidence: 30%
2026-07-30 17:39:18,407 | GC=F | Signal: HOLD | Confidence: 50%
2026-07-30 17:39:19,060 | SI=F | Signal: HOLD | Confidence: 10%
2026-07-30 17:39:19,850 | BTC-USD | Signal: HOLD | Confidence: 45%
2026-07-30 17:39:20,560 | ETH-USD | Signal: BUY | Confidence: 65%
2026-07-30 17:39:20,561 | ETH-USD | ENTRY: 1922.52002 | SL: 1917.02892 | TP: 1933.50221 | RR: 2.0 | POSITION: 1.8211
2026-07-30 17:39:21,417 | SOL-USD | Signal: HOLD | Confidence: 10%
2026-07-30 17:39:55,439 | EURUSD=X | Signal: BUY | Confidence: 85%
2026-07-30 17:39:55,440 | EURUSD=X | ENTRY: 1.14824 | SL: 1.14732 | TP: 1.15007 | RR: 2.0 | POSITION: 10869.5652
2026-07-30 17:39:56,226 | GBPUSD=X | Signal: BUY | Confidence: 85%
2026-07-30 17:39:56,227 | GBPUSD=X | ENTRY: 1.33917 | SL: 1.33768 | TP: 1.34215 | RR: 2.0 | POSITION: 6711.4094
2026-07-30 17:39:57,498 | JPY=X | Signal: HOLD | Confidence: 40%
2026-07-30 17:39:58,490 | AUDUSD=X | Signal: HOLD | Confidence: 20%
2026-07-30 17:39:59,420 | CAD=X | Signal: HOLD | Confidence: 20%
2026-07-30 17:40:00,749 | GC=F | Signal: BUY | Confidence: 70%
2026-07-30 17:40:00,750 | GC=F | ENTRY: 4135.2998 | SL: 4123.17126 | TP: 4159.55688 | RR: 2.0 | POSITION: 0.8245
2026-07-30 17:40:01,588 | SI=F | Signal: HOLD | Confidence: 10%
2026-07-30 17:40:02,622 | BTC-USD | Signal: HOLD | Confidence: 45%
2026-07-30 17:40:04,562 | ETH-USD | Signal: HOLD | Confidence: 35%
2026-07-30 17:40:06,177 | SOL-USD | Signal: HOLD | Confidence: 10%
2026-07-30 17:40:40,331 | EURUSD=X | Signal: BUY | Confidence: 85%
2026-07-30 17:40:40,332 | EURUSD=X | ENTRY: 1.14824 | SL: 1.14732 | TP: 1.15007 | RR: 2.0 | POSITION: 10869.5652
2026-07-30 17:40:41,335 | GBPUSD=X | Signal: BUY | Confidence: 85%
2026-07-30 17:40:41,336 | GBPUSD=X | ENTRY: 1.33917 | SL: 1.33768 | TP: 1.34215 | RR: 2.0 | POSITION: 6711.4094
2026-07-30 17:40:42,248 | JPY=X | Signal: HOLD | Confidence: 40%
2026-07-30 17:40:42,995 | AUDUSD=X | Signal: HOLD | Confidence: 20%
2026-07-30 17:40:43,843 | CAD=X | Signal: HOLD | Confidence: 30%
2026-07-30 17:40:44,494 | GC=F | Signal: HOLD | Confidence: 40%
2026-07-30 17:40:45,114 | SI=F | Signal: HOLD | Confidence: 10%
2026-07-30 17:40:45,820 | BTC-USD | Signal: HOLD | Confidence: 45%
2026-07-30 17:40:46,504 | ETH-USD | Signal: HOLD | Confidence: 35%
2026-07-30 17:40:47,143 | SOL-USD | Signal: HOLD | Confidence: 10%
2026-07-30 17:41:19,721 | EURUSD=X | Signal: BUY | Confidence: 70%
2026-07-30 17:41:19,722 | EURUSD=X | ENTRY: 1.14797 | SL: 1.14706 | TP: 1.14981 | RR: 2.0 | POSITION: 10989.011
2026-07-30 17:41:20,807 | GBPUSD=X | Signal: BUY | Confidence: 70%
2026-07-30 17:41:20,808 | GBPUSD=X | ENTRY: 1.33885 | SL: 1.33736 | TP: 1.34183 | RR: 2.0 | POSITION: 6711.4094
2026-07-30 17:41:21,728 | JPY=X | Signal: HOLD | Confidence: 40%
2026-07-30 17:41:22,462 | AUDUSD=X | Signal: HOLD | Confidence: 20%
2026-07-30 17:41:23,665 | CAD=X | Signal: HOLD | Confidence: 30%
2026-07-30 17:41:24,486 | GC=F | Signal: HOLD | Confidence: 40%
2026-07-30 17:41:25,110 | SI=F | Signal: HOLD | Confidence: 20%
2026-07-30 17:41:25,913 | BTC-USD | Signal: HOLD | Confidence: 45%
2026-07-30 17:41:26,612 | ETH-USD | Signal: HOLD | Confidence: 35%
2026-07-30 17:41:27,337 | SOL-USD | Signal: HOLD | Confidence: 10%
2026-07-30 17:41:54,981 | EURUSD=X | Signal: BUY | Confidence: 70%
2026-07-30 17:41:54,983 | EURUSD=X | ENTRY: 1.14797 | SL: 1.14706 | TP: 1.14981 | RR: 2.0 | POSITION: 10989.011
2026-07-30 17:41:55,579 | GBPUSD=X | Signal: BUY | Confidence: 90%
2026-07-30 17:41:55,580 | GBPUSD=X | ENTRY: 1.33892 | SL: 1.33743 | TP: 1.3419 | RR: 2.0 | POSITION: 6711.4094
2026-07-30 17:41:56,217 | JPY=X | Signal: HOLD | Confidence: 40%
2026-07-30 17:41:57,095 | AUDUSD=X | Signal: HOLD | Confidence: 10%
2026-07-30 17:41:57,838 | CAD=X | Signal: HOLD | Confidence: 30%
2026-07-30 17:41:58,355 | GC=F | Signal: HOLD | Confidence: 35%
2026-07-30 17:41:58,868 | SI=F | Signal: HOLD | Confidence: 40%
2026-07-30 17:41:59,477 | BTC-USD | Signal: HOLD | Confidence: 45%
2026-07-30 17:42:00,212 | ETH-USD | Signal: BUY | Confidence: 65%
2026-07-30 17:42:00,216 | ETH-USD | ENTRY: 1922.5 | SL: 1917.0089 | TP: 1933.4822 | RR: 2.0 | POSITION: 1.8211
2026-07-30 17:42:00,993 | SOL-USD | Signal: HOLD | Confidence: 10%
2026-07-30 17:42:29,615 | EURUSD=X | Signal: BUY | Confidence: 70%
2026-07-30 17:42:29,616 | EURUSD=X | ENTRY: 1.14797 | SL: 1.14706 | TP: 1.14981 | RR: 2.0 | POSITION: 10989.011
2026-07-30 17:42:30,259 | GBPUSD=X | Signal: BUY | Confidence: 90%
2026-07-30 17:42:30,259 | GBPUSD=X | ENTRY: 1.33892 | SL: 1.33743 | TP: 1.3419 | RR: 2.0 | POSITION: 6711.4094
2026-07-30 17:42:30,873 | JPY=X | Signal: HOLD | Confidence: 40%
2026-07-30 17:42:31,557 | AUDUSD=X | Signal: HOLD | Confidence: 10%
2026-07-30 17:42:32,266 | CAD=X | Signal: HOLD | Confidence: 20%
2026-07-30 17:42:33,031 | GC=F | Signal: HOLD | Confidence: 35%
2026-07-30 17:42:33,730 | SI=F | Signal: HOLD | Confidence: 40%
2026-07-30 17:42:34,515 | BTC-USD | Signal: HOLD | Confidence: 45%
2026-07-30 17:42:35,322 | ETH-USD | Signal: HOLD | Confidence: 45%
2026-07-30 17:42:35,974 | SOL-USD | Signal: HOLD | Confidence: 15%
2026-07-30 17:43:04,750 | EURUSD=X | Signal: BUY | Confidence: 70%
2026-07-30 17:43:04,751 | EURUSD=X | ENTRY: 1.14797 | SL: 1.14706 | TP: 1.14981 | RR: 2.0 | POSITION: 10989.011
2026-07-30 17:43:05,703 | GBPUSD=X | Signal: BUY | Confidence: 80%
2026-07-30 17:43:05,705 | GBPUSD=X | ENTRY: 1.33903 | SL: 1.33754 | TP: 1.34201 | RR: 2.0 | POSITION: 6711.4094
2026-07-30 17:43:06,887 | JPY=X | Signal: HOLD | Confidence: 40%
2026-07-30 17:43:08,064 | AUDUSD=X | Signal: HOLD | Confidence: 10%
2026-07-30 17:43:08,819 | CAD=X | Signal: HOLD | Confidence: 30%
2026-07-30 17:43:09,809 | GC=F | Signal: HOLD | Confidence: 40%
2026-07-30 17:43:10,718 | SI=F | Signal: HOLD | Confidence: 30%
2026-07-30 17:43:11,753 | BTC-USD | Signal: HOLD | Confidence: 45%
2026-07-30 17:43:12,464 | ETH-USD | Signal: HOLD | Confidence: 35%
2026-07-30 17:43:13,156 | SOL-USD | Signal: HOLD | Confidence: 10%
2026-07-30 17:43:45,331 | EURUSD=X | Signal: BUY | Confidence: 70%
2026-07-30 17:43:45,332 | EURUSD=X | ENTRY: 1.14797 | SL: 1.14706 | TP: 1.14981 | RR: 2.0 | POSITION: 10989.011
2026-07-30 17:43:46,197 | GBPUSD=X | Signal: BUY | Confidence: 80%
2026-07-30 17:43:46,198 | GBPUSD=X | ENTRY: 1.33903 | SL: 1.33754 | TP: 1.34201 | RR: 2.0 | POSITION: 6711.4094
2026-07-30 17:43:46,985 | JPY=X | Signal: HOLD | Confidence: 50%
2026-07-30 17:43:47,789 | AUDUSD=X | Signal: HOLD | Confidence: 10%
2026-07-30 17:43:48,571 | CAD=X | Signal: HOLD | Confidence: 30%
2026-07-30 17:43:49,275 | GC=F | Signal: HOLD | Confidence: 40%
2026-07-30 17:43:49,919 | SI=F | Signal: HOLD | Confidence: 20%
2026-07-30 17:43:50,716 | BTC-USD | Signal: HOLD | Confidence: 45%
2026-07-30 17:43:51,419 | ETH-USD | Signal: HOLD | Confidence: 35%
2026-07-30 17:43:52,168 | SOL-USD | Signal: HOLD | Confidence: 10%
2026-07-30 17:44:26,244 | EURUSD=X | Signal: BUY | Confidence: 65%
2026-07-30 17:44:26,245 | EURUSD=X | ENTRY: 1.14837 | SL: 1.14744 | TP: 1.15023 | RR: 2.0 | POSITION: 10752.6882
2026-07-30 17:44:27,355 | GBPUSD=X | Signal: BUY | Confidence: 85%
2026-07-30 17:44:27,357 | GBPUSD=X | ENTRY: 1.33951 | SL: 1.33799 | TP: 1.34256 | RR: 2.0 | POSITION: 6578.9474
2026-07-30 17:44:28,493 | JPY=X | Signal: HOLD | Confidence: 40%
2026-07-30 17:44:29,741 | AUDUSD=X | Signal: HOLD | Confidence: 25%
2026-07-30 17:44:30,738 | CAD=X | Signal: HOLD | Confidence: 30%
2026-07-30 17:44:31,654 | GC=F | Signal: HOLD | Confidence: 50%
2026-07-30 17:44:32,654 | SI=F | Signal: HOLD | Confidence: 20%
2026-07-30 17:44:33,686 | BTC-USD | Signal: HOLD | Confidence: 45%
2026-07-30 17:44:34,693 | ETH-USD | Signal: HOLD | Confidence: 35%
2026-07-30 17:44:35,675 | SOL-USD | Signal: HOLD | Confidence: 10%
2026-07-30 17:45:08,604 | EURUSD=X | Signal: BUY | Confidence: 65%
2026-07-30 17:45:08,605 | EURUSD=X | ENTRY: 1.14837 | SL: 1.14744 | TP: 1.15023 | RR: 2.0 | POSITION: 10752.6882
2026-07-30 17:45:09,659 | GBPUSD=X | Signal: BUY | Confidence: 85%
2026-07-30 17:45:09,660 | GBPUSD=X | ENTRY: 1.33939 | SL: 1.33786 | TP: 1.34244 | RR: 2.0 | POSITION: 6535.9477
2026-07-30 17:45:10,529 | JPY=X | Signal: HOLD | Confidence: 50%
2026-07-30 17:45:11,284 | AUDUSD=X | Signal: HOLD | Confidence: 25%
2026-07-30 17:45:12,106 | CAD=X | Signal: HOLD | Confidence: 30%
2026-07-30 17:45:13,144 | GC=F | Signal: BUY | Confidence: 60%
2026-07-30 17:45:13,145 | GC=F | ENTRY: 4137.7002 | SL: 4126.08592 | TP: 4160.92875 | RR: 2.0 | POSITION: 0.861
2026-07-30 17:45:14,709 | SI=F | Signal: HOLD | Confidence: 20%
2026-07-30 17:45:15,917 | BTC-USD | Signal: HOLD | Confidence: 45%
2026-07-30 17:45:17,070 | ETH-USD | Signal: HOLD | Confidence: 35%
2026-07-30 17:45:18,402 | SOL-USD | Signal: HOLD | Confidence: 10%
2026-07-30 17:45:49,379 | EURUSD=X | Signal: HOLD | Confidence: 60%
2026-07-30 17:45:50,114 | GBPUSD=X | Signal: BUY | Confidence: 80%
2026-07-30 17:45:50,114 | GBPUSD=X | ENTRY: 1.33903 | SL: 1.33754 | TP: 1.34201 | RR: 2.0 | POSITION: 6711.4094
2026-07-30 17:45:50,731 | JPY=X | Signal: HOLD | Confidence: 40%
2026-07-30 17:45:51,548 | AUDUSD=X | Signal: HOLD | Confidence: 20%
2026-07-30 17:45:52,678 | CAD=X | Signal: HOLD | Confidence: 30%
2026-07-30 17:45:53,508 | GC=F | Signal: BUY | Confidence: 60%
2026-07-30 17:45:53,509 | GC=F | ENTRY: 4137.7998 | SL: 4125.93912 | TP: 4161.52117 | RR: 2.0 | POSITION: 0.8431
2026-07-30 17:45:54,252 | SI=F | Signal: HOLD | Confidence: 20%
2026-07-30 17:45:55,102 | BTC-USD | Signal: HOLD | Confidence: 40%
2026-07-30 17:45:55,869 | ETH-USD | Signal: HOLD | Confidence: 20%
2026-07-30 17:45:56,655 | SOL-USD | Signal: HOLD | Confidence: 10%
2026-07-30 17:46:24,638 | EURUSD=X | Signal: HOLD | Confidence: 60%
2026-07-30 17:46:25,358 | GBPUSD=X | Signal: BUY | Confidence: 80%
2026-07-30 17:46:25,359 | GBPUSD=X | ENTRY: 1.33903 | SL: 1.33754 | TP: 1.34201 | RR: 2.0 | POSITION: 6711.4094
2026-07-30 17:46:26,071 | JPY=X | Signal: HOLD | Confidence: 25%
2026-07-30 17:46:26,818 | AUDUSD=X | Signal: HOLD | Confidence: 20%
2026-07-30 17:46:27,668 | CAD=X | Signal: HOLD | Confidence: 20%
2026-07-30 17:46:28,394 | GC=F | Signal: BUY | Confidence: 60%
2026-07-30 17:46:28,394 | GC=F | ENTRY: 4138.7998 | SL: 4126.88555 | TP: 4162.62831 | RR: 2.0 | POSITION: 0.8393
2026-07-30 17:46:29,112 | SI=F | Signal: HOLD | Confidence: 20%
2026-07-30 17:46:29,928 | BTC-USD | Signal: HOLD | Confidence: 40%
2026-07-30 17:46:30,638 | ETH-USD | Signal: HOLD | Confidence: 15%
2026-07-30 17:46:31,349 | SOL-USD | Signal: HOLD | Confidence: 10%
2026-07-30 17:47:03,101 | EURUSD=X | Signal: BUY | Confidence: 75%
2026-07-30 17:47:03,102 | EURUSD=X | ENTRY: 1.14811 | SL: 1.14722 | TP: 1.14988 | RR: 2.0 | POSITION: 11235.9551
2026-07-30 17:47:03,931 | GBPUSD=X | Signal: BUY | Confidence: 75%
2026-07-30 17:47:03,932 | GBPUSD=X | ENTRY: 1.33878 | SL: 1.33726 | TP: 1.34182 | RR: 2.0 | POSITION: 6578.9474
2026-07-30 17:47:04,594 | JPY=X | Signal: HOLD | Confidence: 25%
2026-07-30 17:47:05,455 | AUDUSD=X | Signal: HOLD | Confidence: 20%
2026-07-30 17:47:06,270 | CAD=X | Signal: HOLD | Confidence: 20%
2026-07-30 17:47:06,803 | GC=F | Signal: BUY | Confidence: 60%
2026-07-30 17:47:06,804 | GC=F | ENTRY: 4139.2002 | SL: 4127.28594 | TP: 4163.0287 | RR: 2.0 | POSITION: 0.8393
2026-07-30 17:47:07,466 | SI=F | Signal: HOLD | Confidence: 20%
2026-07-30 17:47:08,210 | BTC-USD | Signal: HOLD | Confidence: 35%
2026-07-30 17:47:08,905 | ETH-USD | Signal: HOLD | Confidence: 25%
2026-07-30 17:47:09,923 | SOL-USD | Signal: HOLD | Confidence: 5%
2026-07-30 17:47:42,386 | EURUSD=X | Signal: BUY | Confidence: 75%
2026-07-30 17:47:42,387 | EURUSD=X | ENTRY: 1.14811 | SL: 1.14722 | TP: 1.14988 | RR: 2.0 | POSITION: 11235.9551
2026-07-30 17:47:43,334 | GBPUSD=X | Signal: BUY | Confidence: 75%
2026-07-30 17:47:43,336 | GBPUSD=X | ENTRY: 1.33863 | SL: 1.3371 | TP: 1.3417 | RR: 2.0 | POSITION: 6535.9477
2026-07-30 17:47:44,188 | JPY=X | Signal: HOLD | Confidence: 25%
2026-07-30 17:47:45,007 | AUDUSD=X | Signal: HOLD | Confidence: 15%
2026-07-30 17:47:45,781 | CAD=X | Signal: HOLD | Confidence: 20%
2026-07-30 17:47:46,423 | GC=F | Signal: BUY | Confidence: 60%
2026-07-30 17:47:46,424 | GC=F | ENTRY: 4139.7998 | SL: 4127.87483 | TP: 4163.64976 | RR: 2.0 | POSITION: 0.8386
2026-07-30 17:47:47,119 | SI=F | Signal: HOLD | Confidence: 20%
2026-07-30 17:47:47,952 | BTC-USD | Signal: HOLD | Confidence: 35%
2026-07-30 17:47:48,752 | ETH-USD | Signal: HOLD | Confidence: 25%
2026-07-30 17:47:49,688 | SOL-USD | Signal: HOLD | Confidence: 5%
2026-07-30 17:48:22,016 | EURUSD=X | Signal: BUY | Confidence: 75%
2026-07-30 17:48:22,017 | EURUSD=X | ENTRY: 1.14797 | SL: 1.14707 | TP: 1.14978 | RR: 2.0 | POSITION: 11111.1111
2026-07-30 17:48:22,889 | GBPUSD=X | Signal: BUY | Confidence: 75%
2026-07-30 17:48:22,890 | GBPUSD=X | ENTRY: 1.33863 | SL: 1.3371 | TP: 1.3417 | RR: 2.0 | POSITION: 6535.9477
2026-07-30 17:48:24,054 | JPY=X | Signal: HOLD | Confidence: 25%
2026-07-30 17:48:26,368 | AUDUSD=X | Signal: HOLD | Confidence: 15%
2026-07-30 17:48:27,488 | CAD=X | Signal: HOLD | Confidence: 20%
2026-07-30 17:48:28,314 | GC=F | Signal: BUY | Confidence: 60%
2026-07-30 17:48:28,315 | GC=F | ENTRY: 4140.1001 | SL: 4128.13227 | TP: 4164.03575 | RR: 2.0 | POSITION: 0.8356
2026-07-30 17:48:29,395 | SI=F | Signal: HOLD | Confidence: 20%
2026-07-30 17:48:30,166 | BTC-USD | Signal: HOLD | Confidence: 35%
2026-07-30 17:48:31,020 | ETH-USD | Signal: HOLD | Confidence: 25%
2026-07-30 17:48:31,899 | SOL-USD | Signal: HOLD | Confidence: 5%
2026-07-30 17:49:00,487 | EURUSD=X | Signal: BUY | Confidence: 75%
2026-07-30 17:49:00,488 | EURUSD=X | ENTRY: 1.14797 | SL: 1.14707 | TP: 1.14978 | RR: 2.0 | POSITION: 11111.1111
2026-07-30 17:49:01,223 | GBPUSD=X | Signal: BUY | Confidence: 75%
2026-07-30 17:49:01,225 | GBPUSD=X | ENTRY: 1.33851 | SL: 1.33696 | TP: 1.34161 | RR: 2.0 | POSITION: 6451.6129
2026-07-30 17:49:01,841 | JPY=X | Signal: HOLD | Confidence: 25%
2026-07-30 17:49:02,484 | AUDUSD=X | Signal: HOLD | Confidence: 15%
2026-07-30 17:49:03,154 | CAD=X | Signal: HOLD | Confidence: 50%
2026-07-30 17:49:03,673 | GC=F | Signal: BUY | Confidence: 60%
2026-07-30 17:49:03,674 | GC=F | ENTRY: 4140.7002 | SL: 4128.73237 | TP: 4164.63585 | RR: 2.0 | POSITION: 0.8356
2026-07-30 17:49:04,365 | SI=F | Signal: HOLD | Confidence: 20%
2026-07-30 17:49:05,153 | BTC-USD | Signal: HOLD | Confidence: 40%
2026-07-30 17:49:05,925 | ETH-USD | Signal: HOLD | Confidence: 5%
2026-07-30 17:49:06,759 | SOL-USD | Signal: HOLD | Confidence: 5%
2026-07-30 17:49:36,427 | EURUSD=X | Signal: BUY | Confidence: 75%
2026-07-30 17:49:36,428 | EURUSD=X | ENTRY: 1.14797 | SL: 1.14707 | TP: 1.14978 | RR: 2.0 | POSITION: 11111.1111
2026-07-30 17:49:37,338 | GBPUSD=X | Signal: BUY | Confidence: 75%
2026-07-30 17:49:37,339 | GBPUSD=X | ENTRY: 1.33851 | SL: 1.33696 | TP: 1.34161 | RR: 2.0 | POSITION: 6451.6129
2026-07-30 17:49:38,392 | JPY=X | Signal: HOLD | Confidence: 30%
2026-07-30 17:49:39,290 | AUDUSD=X | Signal: HOLD | Confidence: 15%
2026-07-30 17:49:40,207 | CAD=X | Signal: HOLD | Confidence: 50%
2026-07-30 17:49:41,066 | GC=F | Signal: BUY | Confidence: 60%
2026-07-30 17:49:41,067 | GC=F | ENTRY: 4139.5 | SL: 4127.53217 | TP: 4163.43565 | RR: 2.0 | POSITION: 0.8356
2026-07-30 17:49:41,843 | SI=F | Signal: HOLD | Confidence: 20%
2026-07-30 17:49:42,752 | BTC-USD | Signal: HOLD | Confidence: 35%
2026-07-30 17:49:43,582 | ETH-USD | Signal: HOLD | Confidence: 5%
2026-07-30 17:49:44,252 | SOL-USD | Signal: HOLD | Confidence: 5%
2026-07-30 17:50:12,353 | EURUSD=X | Signal: BUY | Confidence: 75%
2026-07-30 17:50:12,354 | EURUSD=X | ENTRY: 1.14784 | SL: 1.14693 | TP: 1.14968 | RR: 2.0 | POSITION: 10989.011
2026-07-30 17:50:13,016 | GBPUSD=X | Signal: BUY | Confidence: 55%
2026-07-30 17:50:13,016 | GBPUSD=X | ENTRY: 1.3384 | SL: 1.33684 | TP: 1.34152 | RR: 2.0 | POSITION: 6410.2564
2026-07-30 17:50:13,768 | JPY=X | Signal: HOLD | Confidence: 40%
2026-07-30 17:50:14,388 | AUDUSD=X | Signal: HOLD | Confidence: 15%
2026-07-30 17:50:15,149 | CAD=X | Signal: HOLD | Confidence: 50%
2026-07-30 17:50:15,850 | GC=F | Signal: BUY | Confidence: 60%
2026-07-30 17:50:15,851 | GC=F | ENTRY: 4139.8999 | SL: 4127.93208 | TP: 4163.83555 | RR: 2.0 | POSITION: 0.8356
2026-07-30 17:50:16,460 | SI=F | Signal: HOLD | Confidence: 20%
2026-07-30 17:50:17,233 | BTC-USD | Signal: HOLD | Confidence: 35%
2026-07-30 17:50:17,956 | ETH-USD | Signal: HOLD | Confidence: 5%
2026-07-30 17:50:18,974 | SOL-USD | Signal: HOLD | Confidence: 5%
2026-07-30 17:50:47,531 | EURUSD=X | Signal: BUY | Confidence: 75%
2026-07-30 17:50:47,531 | EURUSD=X | ENTRY: 1.14784 | SL: 1.14693 | TP: 1.14968 | RR: 2.0 | POSITION: 10989.011
2026-07-30 17:50:48,320 | GBPUSD=X | Signal: BUY | Confidence: 75%
2026-07-30 17:50:48,321 | GBPUSD=X | ENTRY: 1.33854 | SL: 1.33698 | TP: 1.34167 | RR: 2.0 | POSITION: 6410.2564
2026-07-30 17:50:49,112 | JPY=X | Signal: HOLD | Confidence: 30%
2026-07-30 17:50:49,989 | AUDUSD=X | Signal: HOLD | Confidence: 15%
2026-07-30 17:50:50,635 | CAD=X | Signal: HOLD | Confidence: 30%
2026-07-30 17:50:51,547 | GC=F | Signal: BUY | Confidence: 60%
2026-07-30 17:50:51,549 | GC=F | ENTRY: 4139.2002 | SL: 4127.23237 | TP: 4163.13585 | RR: 2.0 | POSITION: 0.8356
2026-07-30 17:50:52,243 | SI=F | Signal: HOLD | Confidence: 35%
2026-07-30 17:50:53,109 | BTC-USD | Signal: HOLD | Confidence: 35%
2026-07-30 17:50:53,860 | ETH-USD | Signal: HOLD | Confidence: 5%
2026-07-30 17:50:54,656 | SOL-USD | Signal: HOLD | Confidence: 5%
2026-07-30 17:51:28,329 | EURUSD=X | Signal: BUY | Confidence: 75%
2026-07-30 17:51:28,330 | EURUSD=X | ENTRY: 1.14784 | SL: 1.14693 | TP: 1.14968 | RR: 2.0 | POSITION: 10989.011
2026-07-30 17:51:29,032 | GBPUSD=X | Signal: BUY | Confidence: 75%
2026-07-30 17:51:29,035 | GBPUSD=X | ENTRY: 1.33854 | SL: 1.33698 | TP: 1.34167 | RR: 2.0 | POSITION: 6410.2564
2026-07-30 17:51:29,796 | JPY=X | Signal: HOLD | Confidence: 40%
2026-07-30 17:51:30,894 | AUDUSD=X | Signal: HOLD | Confidence: 15%
2026-07-30 17:51:32,031 | CAD=X | Signal: HOLD | Confidence: 50%
2026-07-30 17:51:32,774 | GC=F | Signal: BUY | Confidence: 60%
2026-07-30 17:51:32,775 | GC=F | ENTRY: 4138.2002 | SL: 4126.23237 | TP: 4162.13585 | RR: 2.0 | POSITION: 0.8356
2026-07-30 17:51:33,388 | SI=F | Signal: HOLD | Confidence: 35%
2026-07-30 17:51:34,234 | BTC-USD | Signal: HOLD | Confidence: 35%
2026-07-30 17:51:34,857 | ETH-USD | Signal: HOLD | Confidence: 5%
2026-07-30 17:51:35,544 | SOL-USD | Signal: HOLD | Confidence: 5%
2026-07-30 17:52:07,227 | EURUSD=X | Signal: BUY | Confidence: 80%
2026-07-30 17:52:07,229 | EURUSD=X | ENTRY: 1.14797 | SL: 1.14706 | TP: 1.14981 | RR: 2.0 | POSITION: 10989.011
2026-07-30 17:52:07,807 | GBPUSD=X | Signal: BUY | Confidence: 75%
2026-07-30 17:52:07,808 | GBPUSD=X | ENTRY: 1.33856 | SL: 1.337 | TP: 1.34168 | RR: 2.0 | POSITION: 6410.2564
2026-07-30 17:52:08,446 | JPY=X | Signal: HOLD | Confidence: 40%
2026-07-30 17:52:09,195 | AUDUSD=X | Signal: HOLD | Confidence: 15%
2026-07-30 17:52:10,165 | CAD=X | Signal: HOLD | Confidence: 50%
2026-07-30 17:52:10,906 | GC=F | Signal: BUY | Confidence: 70%
2026-07-30 17:52:10,907 | GC=F | ENTRY: 4135.7002 | SL: 4123.73237 | TP: 4159.63585 | RR: 2.0 | POSITION: 0.8356
2026-07-30 17:52:11,501 | SI=F | Signal: HOLD | Confidence: 45%
2026-07-30 17:52:12,261 | BTC-USD | Signal: HOLD | Confidence: 35%
2026-07-30 17:52:13,100 | ETH-USD | Signal: HOLD | Confidence: 5%
2026-07-30 17:52:13,697 | SOL-USD | Signal: HOLD | Confidence: 5%
2026-07-30 17:52:43,982 | EURUSD=X | Signal: BUY | Confidence: 80%
2026-07-30 17:52:43,983 | EURUSD=X | ENTRY: 1.14797 | SL: 1.14706 | TP: 1.14981 | RR: 2.0 | POSITION: 10989.011
2026-07-30 17:52:44,626 | GBPUSD=X | Signal: BUY | Confidence: 80%
2026-07-30 17:52:44,627 | GBPUSD=X | ENTRY: 1.33874 | SL: 1.33718 | TP: 1.34186 | RR: 2.0 | POSITION: 6410.2564
2026-07-30 17:52:45,292 | JPY=X | Signal: HOLD | Confidence: 40%
2026-07-30 17:52:45,912 | AUDUSD=X | Signal: HOLD | Confidence: 15%
2026-07-30 17:52:46,620 | CAD=X | Signal: HOLD | Confidence: 50%
2026-07-30 17:52:47,348 | GC=F | Signal: HOLD | Confidence: 30%
2026-07-30 17:52:47,913 | SI=F | Signal: HOLD | Confidence: 45%
2026-07-30 17:52:48,801 | BTC-USD | Signal: HOLD | Confidence: 35%
2026-07-30 17:52:49,575 | ETH-USD | Signal: HOLD | Confidence: 5%
2026-07-30 17:52:50,394 | SOL-USD | Signal: HOLD | Confidence: 5%
2026-07-30 17:53:23,082 | EURUSD=X | Signal: BUY | Confidence: 80%
2026-07-30 17:53:23,083 | EURUSD=X | ENTRY: 1.14797 | SL: 1.14706 | TP: 1.14981 | RR: 2.0 | POSITION: 10989.011
2026-07-30 17:53:23,789 | GBPUSD=X | Signal: BUY | Confidence: 80%
2026-07-30 17:53:23,790 | GBPUSD=X | ENTRY: 1.33874 | SL: 1.33718 | TP: 1.34186 | RR: 2.0 | POSITION: 6410.2564
2026-07-30 17:53:24,583 | JPY=X | Signal: HOLD | Confidence: 40%
2026-07-30 17:53:25,490 | AUDUSD=X | Signal: HOLD | Confidence: 15%
2026-07-30 17:53:26,142 | CAD=X | Signal: HOLD | Confidence: 20%
2026-07-30 17:53:26,757 | GC=F | Signal: HOLD | Confidence: 30%
2026-07-30 17:53:27,431 | SI=F | Signal: HOLD | Confidence: 45%
2026-07-30 17:53:28,396 | BTC-USD | Signal: HOLD | Confidence: 40%
2026-07-30 17:53:29,247 | ETH-USD | Signal: HOLD | Confidence: 5%
2026-07-30 17:53:30,014 | SOL-USD | Signal: HOLD | Confidence: 5%
2026-07-30 17:54:03,165 | EURUSD=X | Signal: BUY | Confidence: 80%
2026-07-30 17:54:03,167 | EURUSD=X | ENTRY: 1.14797 | SL: 1.14706 | TP: 1.14981 | RR: 2.0 | POSITION: 10989.011
2026-07-30 17:54:03,823 | GBPUSD=X | Signal: BUY | Confidence: 90%
2026-07-30 17:54:03,824 | GBPUSD=X | ENTRY: 1.33908 | SL: 1.33752 | TP: 1.3422 | RR: 2.0 | POSITION: 6410.2564
2026-07-30 17:54:04,609 | JPY=X | Signal: HOLD | Confidence: 50%
2026-07-30 17:54:05,336 | AUDUSD=X | Signal: HOLD | Confidence: 20%
2026-07-30 17:54:06,138 | CAD=X | Signal: HOLD | Confidence: 50%
2026-07-30 17:54:06,979 | GC=F | Signal: HOLD | Confidence: 30%
2026-07-30 17:54:07,562 | SI=F | Signal: HOLD | Confidence: 35%
2026-07-30 17:54:08,273 | BTC-USD | Signal: HOLD | Confidence: 40%
2026-07-30 17:54:09,146 | ETH-USD | Signal: HOLD | Confidence: 10%
2026-07-30 17:54:09,908 | SOL-USD | Signal: HOLD | Confidence: 10%
2026-07-30 17:54:42,392 | EURUSD=X | Signal: BUY | Confidence: 80%
2026-07-30 17:54:42,393 | EURUSD=X | ENTRY: 1.14797 | SL: 1.14706 | TP: 1.14981 | RR: 2.0 | POSITION: 10989.011
2026-07-30 17:54:43,248 | GBPUSD=X | Signal: BUY | Confidence: 90%
2026-07-30 17:54:43,249 | GBPUSD=X | ENTRY: 1.33908 | SL: 1.33752 | TP: 1.3422 | RR: 2.0 | POSITION: 6410.2564
2026-07-30 17:54:46,210 | JPY=X | Signal: HOLD | Confidence: 50%
2026-07-30 17:54:47,450 | AUDUSD=X | Signal: HOLD | Confidence: 20%
2026-07-30 17:54:48,219 | CAD=X | Signal: HOLD | Confidence: 50%
2026-07-30 17:54:49,097 | GC=F | Signal: BUY | Confidence: 70%
2026-07-30 17:54:49,098 | GC=F | ENTRY: 4135.7998 | SL: 4123.83198 | TP: 4159.73546 | RR: 2.0 | POSITION: 0.8356
2026-07-30 17:54:49,647 | SI=F | Signal: HOLD | Confidence: 35%
2026-07-30 17:54:50,283 | BTC-USD | Signal: HOLD | Confidence: 40%
2026-07-30 17:54:50,891 | ETH-USD | Signal: HOLD | Confidence: 10%
2026-07-30 17:54:51,476 | SOL-USD | Signal: HOLD | Confidence: 10%
2026-07-30 17:55:22,700 | EURUSD=X | Signal: BUY | Confidence: 80%
2026-07-30 17:55:22,701 | EURUSD=X | ENTRY: 1.14811 | SL: 1.14719 | TP: 1.14994 | RR: 2.0 | POSITION: 10869.5652
2026-07-30 17:55:23,515 | GBPUSD=X | Signal: BUY | Confidence: 90%
2026-07-30 17:55:23,515 | GBPUSD=X | ENTRY: 1.33903 | SL: 1.33747 | TP: 1.34215 | RR: 2.0 | POSITION: 6410.2564
2026-07-30 17:55:24,219 | JPY=X | Signal: HOLD | Confidence: 50%
2026-07-30 17:55:24,857 | AUDUSD=X | Signal: HOLD | Confidence: 20%
2026-07-30 17:55:25,544 | CAD=X | Signal: HOLD | Confidence: 50%
2026-07-30 17:55:26,074 | GC=F | Signal: HOLD | Confidence: 50%
2026-07-30 17:55:26,801 | SI=F | Signal: HOLD | Confidence: 35%
2026-07-30 17:55:27,573 | BTC-USD | Signal: HOLD | Confidence: 50%
2026-07-30 17:55:28,307 | ETH-USD | Signal: HOLD | Confidence: 10%
2026-07-30 17:55:28,944 | SOL-USD | Signal: HOLD | Confidence: 20%
2026-07-30 17:55:59,062 | EURUSD=X | Signal: BUY | Confidence: 80%
2026-07-30 17:55:59,064 | EURUSD=X | ENTRY: 1.14797 | SL: 1.14706 | TP: 1.14981 | RR: 2.0 | POSITION: 10989.011
2026-07-30 17:55:59,842 | GBPUSD=X | Signal: BUY | Confidence: 90%
2026-07-30 17:55:59,843 | GBPUSD=X | ENTRY: 1.33896 | SL: 1.3374 | TP: 1.34208 | RR: 2.0 | POSITION: 6410.2564
2026-07-30 17:56:00,648 | JPY=X | Signal: HOLD | Confidence: 40%
2026-07-30 17:56:01,512 | AUDUSD=X | Signal: HOLD | Confidence: 20%
2026-07-30 17:56:02,230 | CAD=X | Signal: HOLD | Confidence: 20%
2026-07-30 17:56:03,044 | GC=F | Signal: BUY | Confidence: 55%
2026-07-30 17:56:03,045 | GC=F | ENTRY: 4134.2998 | SL: 4123.15695 | TP: 4156.58552 | RR: 2.0 | POSITION: 0.8974
2026-07-30 17:56:03,645 | SI=F | Signal: HOLD | Confidence: 20%
2026-07-30 17:56:04,324 | BTC-USD | Signal: HOLD | Confidence: 40%
2026-07-30 17:56:04,779 | ETH-USD | Signal: HOLD | Confidence: 10%
2026-07-30 17:56:05,273 | SOL-USD | Signal: HOLD | Confidence: 10%
2026-07-30 17:56:38,259 | EURUSD=X | Signal: BUY | Confidence: 80%
2026-07-30 17:56:38,260 | EURUSD=X | ENTRY: 1.14797 | SL: 1.14706 | TP: 1.14981 | RR: 2.0 | POSITION: 10989.011
2026-07-30 17:56:38,963 | GBPUSD=X | Signal: BUY | Confidence: 90%
2026-07-30 17:56:38,964 | GBPUSD=X | ENTRY: 1.33896 | SL: 1.3374 | TP: 1.34208 | RR: 2.0 | POSITION: 6410.2564
2026-07-30 17:56:39,663 | JPY=X | Signal: HOLD | Confidence: 50%
2026-07-30 17:56:40,382 | AUDUSD=X | Signal: HOLD | Confidence: 20%
2026-07-30 17:56:41,076 | CAD=X | Signal: HOLD | Confidence: 20%
2026-07-30 17:56:41,697 | GC=F | Signal: HOLD | Confidence: 35%
2026-07-30 17:56:42,320 | SI=F | Signal: HOLD | Confidence: 35%
2026-07-30 17:56:43,118 | BTC-USD | Signal: HOLD | Confidence: 40%
2026-07-30 17:56:43,802 | ETH-USD | Signal: HOLD | Confidence: 10%
2026-07-30 17:56:44,689 | SOL-USD | Signal: HOLD | Confidence: 10%
2026-07-30 17:57:15,032 | EURUSD=X | Signal: BUY | Confidence: 80%
2026-07-30 17:57:15,033 | EURUSD=X | ENTRY: 1.14811 | SL: 1.14719 | TP: 1.14994 | RR: 2.0 | POSITION: 10869.5652
2026-07-30 17:57:15,592 | GBPUSD=X | Signal: BUY | Confidence: 90%
2026-07-30 17:57:15,593 | GBPUSD=X | ENTRY: 1.33915 | SL: 1.33759 | TP: 1.34227 | RR: 2.0 | POSITION: 6410.2564
2026-07-30 17:57:16,319 | JPY=X | Signal: HOLD | Confidence: 50%
2026-07-30 17:57:16,939 | AUDUSD=X | Signal: HOLD | Confidence: 20%
2026-07-30 17:57:17,566 | CAD=X | Signal: HOLD | Confidence: 20%
2026-07-30 17:57:18,107 | GC=F | Signal: HOLD | Confidence: 35%
2026-07-30 17:57:18,796 | SI=F | Signal: HOLD | Confidence: 35%
2026-07-30 17:57:19,473 | BTC-USD | Signal: HOLD | Confidence: 40%
2026-07-30 17:57:20,150 | ETH-USD | Signal: HOLD | Confidence: 20%
2026-07-30 17:57:20,732 | SOL-USD | Signal: HOLD | Confidence: 10%
2026-07-30 17:57:53,289 | EURUSD=X | Signal: BUY | Confidence: 80%
2026-07-30 17:57:53,290 | EURUSD=X | ENTRY: 1.14811 | SL: 1.14719 | TP: 1.14994 | RR: 2.0 | POSITION: 10869.5652
2026-07-30 17:57:54,020 | GBPUSD=X | Signal: BUY | Confidence: 90%
2026-07-30 17:57:54,021 | GBPUSD=X | ENTRY: 1.33923 | SL: 1.33767 | TP: 1.34235 | RR: 2.0 | POSITION: 6410.2564
2026-07-30 17:57:54,656 | JPY=X | Signal: HOLD | Confidence: 50%
2026-07-30 17:57:55,289 | AUDUSD=X | Signal: HOLD | Confidence: 30%
2026-07-30 17:57:55,913 | CAD=X | Signal: HOLD | Confidence: 20%
2026-07-30 17:57:56,469 | GC=F | Signal: HOLD | Confidence: 35%
2026-07-30 17:57:57,046 | SI=F | Signal: HOLD | Confidence: 35%
2026-07-30 17:57:57,773 | BTC-USD | Signal: HOLD | Confidence: 40%
2026-07-30 17:57:58,375 | ETH-USD | Signal: HOLD | Confidence: 10%
2026-07-30 17:57:59,166 | SOL-USD | Signal: HOLD | Confidence: 10%
2026-07-30 17:58:29,027 | EURUSD=X | Signal: BUY | Confidence: 80%
2026-07-30 17:58:29,028 | EURUSD=X | ENTRY: 1.14811 | SL: 1.14719 | TP: 1.14994 | RR: 2.0 | POSITION: 10869.5652
2026-07-30 17:58:29,867 | GBPUSD=X | Signal: BUY | Confidence: 90%
2026-07-30 17:58:29,868 | GBPUSD=X | ENTRY: 1.33923 | SL: 1.33767 | TP: 1.34235 | RR: 2.0 | POSITION: 6410.2564
2026-07-30 17:58:30,914 | JPY=X | Signal: HOLD | Confidence: 50%
2026-07-30 17:58:31,963 | AUDUSD=X | Signal: HOLD | Confidence: 30%
2026-07-30 17:58:32,826 | CAD=X | Signal: HOLD | Confidence: 20%
2026-07-30 17:58:33,695 | GC=F | Signal: HOLD | Confidence: 35%
2026-07-30 17:58:35,067 | SI=F | Signal: HOLD | Confidence: 35%
2026-07-30 17:58:36,000 | BTC-USD | Signal: HOLD | Confidence: 35%
2026-07-30 17:58:37,066 | ETH-USD | Signal: HOLD | Confidence: 5%
2026-07-30 17:58:37,963 | SOL-USD | Signal: HOLD | Confidence: 5%
2026-07-30 17:59:10,727 | EURUSD=X | Signal: BUY | Confidence: 80%
2026-07-30 17:59:10,729 | EURUSD=X | ENTRY: 1.14797 | SL: 1.14706 | TP: 1.14981 | RR: 2.0 | POSITION: 10989.011
2026-07-30 17:59:11,726 | GBPUSD=X | Signal: BUY | Confidence: 90%
2026-07-30 17:59:11,727 | GBPUSD=X | ENTRY: 1.33919 | SL: 1.33763 | TP: 1.34231 | RR: 2.0 | POSITION: 6410.2564
2026-07-30 17:59:12,530 | JPY=X | Signal: HOLD | Confidence: 50%
2026-07-30 17:59:13,415 | AUDUSD=X | Signal: HOLD | Confidence: 30%
2026-07-30 17:59:14,496 | CAD=X | Signal: HOLD | Confidence: 20%
2026-07-30 17:59:15,083 | GC=F | Signal: HOLD | Confidence: 35%
2026-07-30 17:59:15,650 | SI=F | Signal: HOLD | Confidence: 35%
2026-07-30 17:59:16,336 | BTC-USD | Signal: HOLD | Confidence: 35%
2026-07-30 17:59:16,980 | ETH-USD | Signal: HOLD | Confidence: 5%
2026-07-30 17:59:17,665 | SOL-USD | Signal: HOLD | Confidence: 5%
2026-07-30 17:59:49,269 | EURUSD=X | Signal: BUY | Confidence: 80%
2026-07-30 17:59:49,270 | EURUSD=X | ENTRY: 1.14811 | SL: 1.14719 | TP: 1.14994 | RR: 2.0 | POSITION: 10869.5652
2026-07-30 17:59:49,954 | GBPUSD=X | Signal: BUY | Confidence: 90%
2026-07-30 17:59:49,955 | GBPUSD=X | ENTRY: 1.33915 | SL: 1.33759 | TP: 1.34227 | RR: 2.0 | POSITION: 6410.2564
2026-07-30 17:59:50,657 | JPY=X | Signal: HOLD | Confidence: 40%
2026-07-30 17:59:51,371 | AUDUSD=X | Signal: HOLD | Confidence: 20%
2026-07-30 17:59:52,188 | CAD=X | Signal: HOLD | Confidence: 30%
2026-07-30 17:59:52,994 | GC=F | Signal: HOLD | Confidence: 40%
2026-07-30 17:59:53,559 | SI=F | Signal: HOLD | Confidence: 35%
2026-07-30 17:59:54,327 | BTC-USD | Signal: HOLD | Confidence: 35%
2026-07-30 17:59:55,111 | ETH-USD | Signal: HOLD | Confidence: 5%
2026-07-30 17:59:55,822 | SOL-USD | Signal: HOLD | Confidence: 5%
2026-07-30 18:00:29,391 | EURUSD=X | Signal: BUY | Confidence: 80%
2026-07-30 18:00:29,392 | EURUSD=X | ENTRY: 1.14811 | SL: 1.14719 | TP: 1.14994 | RR: 2.0 | POSITION: 10869.5652
2026-07-30 18:00:30,101 | GBPUSD=X | Signal: BUY | Confidence: 90%
2026-07-30 18:00:30,102 | GBPUSD=X | ENTRY: 1.33915 | SL: 1.33759 | TP: 1.34227 | RR: 2.0 | POSITION: 6410.2564
2026-07-30 18:00:30,788 | JPY=X | Signal: HOLD | Confidence: 30%
2026-07-30 18:00:31,632 | AUDUSD=X | Signal: HOLD | Confidence: 20%
2026-07-30 18:00:32,374 | CAD=X | Signal: HOLD | Confidence: 50%
2026-07-30 18:00:32,956 | GC=F | Signal: HOLD | Confidence: 40%
2026-07-30 18:00:33,589 | SI=F | Signal: HOLD | Confidence: 35%
2026-07-30 18:00:34,249 | BTC-USD | Signal: HOLD | Confidence: 40%
2026-07-30 18:00:34,890 | ETH-USD | Signal: HOLD | Confidence: 20%
2026-07-30 18:00:35,614 | SOL-USD | Signal: HOLD | Confidence: 10%
2026-07-30 18:01:08,476 | EURUSD=X | Signal: BUY | Confidence: 80%
2026-07-30 18:01:08,477 | EURUSD=X | ENTRY: 1.14863 | SL: 1.14776 | TP: 1.15038 | RR: 2.0 | POSITION: 11494.2529
2026-07-30 18:01:09,294 | GBPUSD=X | Signal: HOLD | Confidence: 60%
2026-07-30 18:01:10,075 | JPY=X | Signal: HOLD | Confidence: 40%
2026-07-30 18:01:10,658 | AUDUSD=X | Signal: HOLD | Confidence: 20%
2026-07-30 18:01:11,285 | CAD=X | Signal: HOLD | Confidence: 50%
2026-07-30 18:01:11,916 | GC=F | Signal: HOLD | Confidence: 35%
2026-07-30 18:01:12,491 | SI=F | Signal: HOLD | Confidence: 15%
2026-07-30 18:01:13,085 | BTC-USD | Signal: HOLD | Confidence: 40%
2026-07-30 18:01:13,688 | ETH-USD | Signal: HOLD | Confidence: 20%
2026-07-30 18:01:14,346 | SOL-USD | Signal: HOLD | Confidence: 10%
2026-07-30 18:01:43,769 | EURUSD=X | Signal: BUY | Confidence: 75%
2026-07-30 18:01:43,770 | EURUSD=X | ENTRY: 1.14797 | SL: 1.14708 | TP: 1.14975 | RR: 2.0 | POSITION: 11235.9551
2026-07-30 18:01:44,483 | GBPUSD=X | Signal: HOLD | Confidence: 45%
2026-07-30 18:01:45,133 | JPY=X | Signal: HOLD | Confidence: 30%
2026-07-30 18:01:45,792 | AUDUSD=X | Signal: HOLD | Confidence: 20%
2026-07-30 18:01:46,614 | CAD=X | Signal: HOLD | Confidence: 30%
2026-07-30 18:01:47,132 | GC=F | Signal: HOLD | Confidence: 35%
2026-07-30 18:01:47,678 | SI=F | Signal: HOLD | Confidence: 15%
2026-07-30 18:01:48,488 | BTC-USD | Signal: HOLD | Confidence: 30%
2026-07-30 18:01:49,124 | ETH-USD | Signal: HOLD | Confidence: 20%
2026-07-30 18:01:49,885 | SOL-USD | Signal: HOLD | Confidence: 15%
2026-07-30 18:02:22,462 | EURUSD=X | Signal: BUY | Confidence: 75%
2026-07-30 18:02:22,463 | EURUSD=X | ENTRY: 1.14797 | SL: 1.14708 | TP: 1.14975 | RR: 2.0 | POSITION: 11235.9551
2026-07-30 18:02:23,109 | GBPUSD=X | Signal: HOLD | Confidence: 45%
2026-07-30 18:02:23,788 | JPY=X | Signal: HOLD | Confidence: 30%
2026-07-30 18:02:24,501 | AUDUSD=X | Signal: HOLD | Confidence: 20%
2026-07-30 18:02:25,136 | CAD=X | Signal: HOLD | Confidence: 30%
2026-07-30 18:02:25,870 | GC=F | Signal: HOLD | Confidence: 25%
2026-07-30 18:02:26,973 | SI=F | Signal: HOLD | Confidence: 15%
2026-07-30 18:02:27,901 | BTC-USD | Signal: HOLD | Confidence: 30%
2026-07-30 18:02:28,846 | ETH-USD | Signal: HOLD | Confidence: 20%
2026-07-30 18:02:30,090 | SOL-USD | Signal: HOLD | Confidence: 10%
2026-07-30 18:03:03,469 | EURUSD=X | Signal: BUY | Confidence: 55%
2026-07-30 18:03:03,470 | EURUSD=X | ENTRY: 1.14758 | SL: 1.14665 | TP: 1.14944 | RR: 2.0 | POSITION: 10752.6882
2026-07-30 18:03:04,349 | GBPUSD=X | Signal: HOLD | Confidence: 45%
2026-07-30 18:03:05,568 | JPY=X | Signal: HOLD | Confidence: 30%
2026-07-30 18:03:06,940 | AUDUSD=X | Signal: HOLD | Confidence: 20%
2026-07-30 18:03:07,734 | CAD=X | Signal: HOLD | Confidence: 40%
2026-07-30 18:07:02,878 | EURUSD=X | Signal: BUY | Confidence: 80%
2026-07-30 18:07:02,979 | EURUSD=X | ENTRY: 1.14811 | SL: 1.14717 | TP: 1.14997 | RR: 2.0 | POSITION: 10638.2979
2026-07-30 18:07:04,656 | GBPUSD=X | Signal: HOLD | Confidence: 60%
2026-07-30 18:07:06,182 | JPY=X | Signal: HOLD | Confidence: 40%
2026-07-30 18:07:07,262 | AUDUSD=X | Signal: HOLD | Confidence: 15%
2026-07-30 18:07:08,182 | CAD=X | Signal: HOLD | Confidence: 30%
2026-07-30 18:07:08,660 | GC=F | Signal: HOLD | Confidence: 50%
2026-07-30 18:07:09,899 | SI=F | Signal: HOLD | Confidence: 30%
2026-07-30 18:07:10,925 | BTC-USD | Signal: HOLD | Confidence: 40%
2026-07-30 18:07:12,075 | ETH-USD | Signal: HOLD | Confidence: 20%
2026-07-30 18:07:13,624 | SOL-USD | Signal: HOLD | Confidence: 10%
2026-07-30 18:07:48,188 | EURUSD=X | Signal: BUY | Confidence: 80%
2026-07-30 18:07:48,189 | EURUSD=X | ENTRY: 1.14824 | SL: 1.14731 | TP: 1.1501 | RR: 2.0 | POSITION: 10752.6882
2026-07-30 18:07:48,883 | GBPUSD=X | Signal: HOLD | Confidence: 60%
2026-07-30 18:07:49,603 | JPY=X | Signal: HOLD | Confidence: 40%
2026-07-30 18:07:50,382 | AUDUSD=X | Signal: HOLD | Confidence: 25%
2026-07-30 18:07:51,099 | CAD=X | Signal: HOLD | Confidence: 40%
2026-07-30 18:07:51,717 | GC=F | Signal: HOLD | Confidence: 50%
2026-07-30 18:07:52,357 | SI=F | Signal: HOLD | Confidence: 30%
2026-07-30 18:07:53,153 | BTC-USD | Signal: HOLD | Confidence: 50%
2026-07-30 18:07:54,064 | ETH-USD | Signal: HOLD | Confidence: 20%
2026-07-30 18:07:54,798 | SOL-USD | Signal: HOLD | Confidence: 10%
2026-07-30 18:08:29,260 | EURUSD=X | Signal: BUY | Confidence: 80%
2026-07-30 18:08:29,261 | EURUSD=X | ENTRY: 1.14824 | SL: 1.14731 | TP: 1.1501 | RR: 2.0 | POSITION: 10752.6882
2026-07-30 18:08:30,023 | GBPUSD=X | Signal: HOLD | Confidence: 60%
2026-07-30 18:08:30,772 | JPY=X | Signal: HOLD | Confidence: 40%
2026-07-30 18:08:31,536 | AUDUSD=X | Signal: HOLD | Confidence: 25%
2026-07-30 18:08:32,237 | CAD=X | Signal: HOLD | Confidence: 30%
2026-07-30 18:08:32,892 | GC=F | Signal: HOLD | Confidence: 50%
2026-07-30 18:08:33,607 | SI=F | Signal: HOLD | Confidence: 30%
2026-07-30 18:08:34,337 | BTC-USD | Signal: HOLD | Confidence: 50%
2026-07-30 18:08:35,338 | ETH-USD | Signal: HOLD | Confidence: 20%
2026-07-30 18:08:36,091 | SOL-USD | Signal: HOLD | Confidence: 10%
2026-07-30 18:09:08,761 | EURUSD=X | Signal: BUY | Confidence: 90%
2026-07-30 18:09:08,762 | EURUSD=X | ENTRY: 1.14837 | SL: 1.14744 | TP: 1.15023 | RR: 2.0 | POSITION: 10752.6882
2026-07-30 18:09:09,428 | GBPUSD=X | Signal: BUY | Confidence: 70%
2026-07-30 18:09:09,429 | GBPUSD=X | ENTRY: 1.33917 | SL: 1.33762 | TP: 1.34229 | RR: 2.0 | POSITION: 6451.6129
2026-07-30 18:09:10,182 | JPY=X | Signal: HOLD | Confidence: 50%
2026-07-30 18:09:11,035 | AUDUSD=X | Signal: HOLD | Confidence: 25%
2026-07-30 18:09:11,905 | CAD=X | Signal: HOLD | Confidence: 40%
2026-07-30 18:09:12,742 | GC=F | Signal: HOLD | Confidence: 50%
2026-07-30 18:09:13,481 | SI=F | Signal: HOLD | Confidence: 30%
2026-07-30 18:09:14,191 | BTC-USD | Signal: HOLD | Confidence: 50%
2026-07-30 18:09:14,976 | ETH-USD | Signal: HOLD | Confidence: 20%
2026-07-30 18:09:15,734 | SOL-USD | Signal: HOLD | Confidence: 10%
2026-07-30 18:09:48,281 | EURUSD=X | Signal: BUY | Confidence: 90%
2026-07-30 18:09:48,282 | EURUSD=X | ENTRY: 1.1485 | SL: 1.14757 | TP: 1.15036 | RR: 2.0 | POSITION: 10752.6882
2026-07-30 18:09:49,156 | GBPUSD=X | Signal: BUY | Confidence: 70%
2026-07-30 18:09:49,157 | GBPUSD=X | ENTRY: 1.33912 | SL: 1.33756 | TP: 1.34223 | RR: 2.0 | POSITION: 6410.2564
2026-07-30 18:09:50,148 | JPY=X | Signal: HOLD | Confidence: 40%
2026-07-30 18:09:50,873 | AUDUSD=X | Signal: HOLD | Confidence: 20%
2026-07-30 18:09:51,685 | CAD=X | Signal: HOLD | Confidence: 40%
2026-07-30 18:09:52,480 | GC=F | Signal: BUY | Confidence: 70%
2026-07-30 18:09:52,481 | GC=F | ENTRY: 4135.7002 | SL: 4123.89308 | TP: 4159.31442 | RR: 2.0 | POSITION: 0.8469
2026-07-30 18:09:53,156 | SI=F | Signal: HOLD | Confidence: 40%
2026-07-30 18:09:53,988 | BTC-USD | Signal: BUY | Confidence: 65%
2026-07-30 18:09:53,989 | BTC-USD | ENTRY: 64813.14062 | SL: 64636.7048 | TP: 65166.01228 | RR: 2.0 | POSITION: 0.0567
2026-07-30 18:09:54,753 | ETH-USD | Signal: HOLD | Confidence: 20%
2026-07-30 18:09:55,514 | SOL-USD | Signal: HOLD | Confidence: 25%
2026-07-30 18:10:28,816 | EURUSD=X | Signal: BUY | Confidence: 90%
2026-07-30 18:10:28,817 | EURUSD=X | ENTRY: 1.1485 | SL: 1.14757 | TP: 1.15036 | RR: 2.0 | POSITION: 10752.6882
2026-07-30 18:10:29,628 | GBPUSD=X | Signal: BUY | Confidence: 70%
2026-07-30 18:10:29,630 | GBPUSD=X | ENTRY: 1.33912 | SL: 1.33756 | TP: 1.34223 | RR: 2.0 | POSITION: 6410.2564
2026-07-30 18:10:30,518 | JPY=X | Signal: HOLD | Confidence: 50%
2026-07-30 18:10:31,264 | AUDUSD=X | Signal: HOLD | Confidence: 20%
2026-07-30 18:10:32,012 | CAD=X | Signal: HOLD | Confidence: 40%
2026-07-30 18:10:32,642 | GC=F | Signal: BUY | Confidence: 60%
2026-07-30 18:10:32,643 | GC=F | ENTRY: 4141.5 | SL: 4129.51078 | TP: 4165.47845 | RR: 2.0 | POSITION: 0.8341
2026-07-30 18:10:33,385 | SI=F | Signal: HOLD | Confidence: 40%
2026-07-30 18:10:34,067 | BTC-USD | Signal: HOLD | Confidence: 40%
2026-07-30 18:10:34,781 | ETH-USD | Signal: HOLD | Confidence: 20%
2026-07-30 18:10:35,501 | SOL-USD | Signal: HOLD | Confidence: 25%
2026-07-30 18:11:09,702 | EURUSD=X | Signal: BUY | Confidence: 90%
2026-07-30 18:11:09,704 | EURUSD=X | ENTRY: 1.1485 | SL: 1.14757 | TP: 1.15036 | RR: 2.0 | POSITION: 10752.6882
2026-07-30 18:11:10,530 | GBPUSD=X | Signal: BUY | Confidence: 70%
2026-07-30 18:11:10,531 | GBPUSD=X | ENTRY: 1.33935 | SL: 1.33779 | TP: 1.34247 | RR: 2.0 | POSITION: 6410.2564
2026-07-30 18:11:11,328 | JPY=X | Signal: HOLD | Confidence: 40%
2026-07-30 18:11:12,213 | AUDUSD=X | Signal: HOLD | Confidence: 20%
2026-07-30 18:11:13,044 | CAD=X | Signal: HOLD | Confidence: 30%
2026-07-30 18:11:13,814 | GC=F | Signal: BUY | Confidence: 70%
2026-07-30 18:11:13,815 | GC=F | ENTRY: 4139.1001 | SL: 4127.11087 | TP: 4163.07854 | RR: 2.0 | POSITION: 0.8341
2026-07-30 18:11:14,431 | SI=F | Signal: HOLD | Confidence: 50%
2026-07-30 18:11:15,491 | BTC-USD | Signal: HOLD | Confidence: 40%
2026-07-30 18:11:16,532 | ETH-USD | Signal: HOLD | Confidence: 20%
2026-07-30 18:11:17,308 | SOL-USD | Signal: HOLD | Confidence: 35%
2026-07-30 18:11:50,763 | EURUSD=X | Signal: BUY | Confidence: 90%
2026-07-30 18:11:50,764 | EURUSD=X | ENTRY: 1.14863 | SL: 1.1477 | TP: 1.1505 | RR: 2.0 | POSITION: 10752.6882
2026-07-30 18:11:51,534 | GBPUSD=X | Signal: BUY | Confidence: 70%
2026-07-30 18:11:51,535 | GBPUSD=X | ENTRY: 1.33941 | SL: 1.33785 | TP: 1.34252 | RR: 2.0 | POSITION: 6410.2564
2026-07-30 18:11:52,306 | JPY=X | Signal: HOLD | Confidence: 40%
2026-07-30 18:11:52,975 | AUDUSD=X | Signal: HOLD | Confidence: 20%
2026-07-30 18:11:53,676 | CAD=X | Signal: HOLD | Confidence: 30%
2026-07-30 18:11:54,180 | GC=F | Signal: HOLD | Confidence: 40%
2026-07-30 18:11:54,836 | SI=F | Signal: HOLD | Confidence: 20%
2026-07-30 18:11:55,702 | BTC-USD | Signal: BUY | Confidence: 65%
2026-07-30 18:11:55,704 | BTC-USD | ENTRY: 64806.35156 | SL: 64628.82296 | TP: 65161.40876 | RR: 2.0 | POSITION: 0.0563
2026-07-30 18:11:56,512 | ETH-USD | Signal: HOLD | Confidence: 20%
2026-07-30 18:11:57,276 | SOL-USD | Signal: HOLD | Confidence: 25%
2026-07-30 18:12:31,459 | EURUSD=X | Signal: BUY | Confidence: 90%
2026-07-30 18:12:31,460 | EURUSD=X | ENTRY: 1.14863 | SL: 1.1477 | TP: 1.1505 | RR: 2.0 | POSITION: 10752.6882
2026-07-30 18:12:32,243 | GBPUSD=X | Signal: BUY | Confidence: 70%
2026-07-30 18:12:32,243 | GBPUSD=X | ENTRY: 1.33941 | SL: 1.33785 | TP: 1.34252 | RR: 2.0 | POSITION: 6410.2564
2026-07-30 18:12:33,086 | JPY=X | Signal: HOLD | Confidence: 50%
2026-07-30 18:12:33,885 | AUDUSD=X | Signal: HOLD | Confidence: 20%
2026-07-30 18:12:34,834 | CAD=X | Signal: HOLD | Confidence: 30%
2026-07-30 18:12:35,550 | GC=F | Signal: HOLD | Confidence: 40%
2026-07-30 18:12:36,282 | SI=F | Signal: HOLD | Confidence: 20%
2026-07-30 18:12:37,114 | BTC-USD | Signal: BUY | Confidence: 65%
2026-07-30 18:12:37,115 | BTC-USD | ENTRY: 64810.87891 | SL: 64633.35031 | TP: 65165.9361 | RR: 2.0 | POSITION: 0.0563
2026-07-30 18:12:38,047 | ETH-USD | Signal: HOLD | Confidence: 20%
2026-07-30 18:12:39,129 | SOL-USD | Signal: HOLD | Confidence: 25%
2026-07-30 18:13:14,237 | EURUSD=X | Signal: BUY | Confidence: 90%
2026-07-30 18:13:14,238 | EURUSD=X | ENTRY: 1.14837 | SL: 1.14744 | TP: 1.15023 | RR: 2.0 | POSITION: 10752.6882
2026-07-30 18:13:15,094 | GBPUSD=X | Signal: HOLD | Confidence: 60%
2026-07-30 18:13:15,912 | JPY=X | Signal: HOLD | Confidence: 50%
2026-07-30 18:13:16,697 | AUDUSD=X | Signal: HOLD | Confidence: 20%
2026-07-30 18:13:17,508 | CAD=X | Signal: HOLD | Confidence: 30%
2026-07-30 18:13:18,397 | GC=F | Signal: HOLD | Confidence: 40%
2026-07-30 18:13:19,546 | SI=F | Signal: HOLD | Confidence: 20%
2026-07-30 18:13:20,521 | BTC-USD | Signal: HOLD | Confidence: 30%
2026-07-30 18:13:21,298 | ETH-USD | Signal: HOLD | Confidence: 20%
2026-07-30 18:13:22,007 | SOL-USD | Signal: HOLD | Confidence: 35%
2026-07-30 18:13:55,268 | EURUSD=X | Signal: BUY | Confidence: 80%
2026-07-30 18:13:55,269 | EURUSD=X | ENTRY: 1.14797 | SL: 1.14704 | TP: 1.14984 | RR: 2.0 | POSITION: 10752.6882
2026-07-30 18:13:55,998 | GBPUSD=X | Signal: HOLD | Confidence: 45%
2026-07-30 18:13:56,784 | JPY=X | Signal: HOLD | Confidence: 40%
2026-07-30 18:13:57,486 | AUDUSD=X | Signal: HOLD | Confidence: 20%
2026-07-30 18:13:58,474 | CAD=X | Signal: HOLD | Confidence: 40%
2026-07-30 18:13:59,101 | GC=F | Signal: HOLD | Confidence: 30%
2026-07-30 18:13:59,786 | SI=F | Signal: HOLD | Confidence: 20%
2026-07-30 18:14:00,623 | BTC-USD | Signal: HOLD | Confidence: 40%
2026-07-30 18:14:01,352 | ETH-USD | Signal: HOLD | Confidence: 20%
2026-07-30 18:14:02,179 | SOL-USD | Signal: HOLD | Confidence: 35%
2026-07-30 18:14:38,171 | EURUSD=X | Signal: BUY | Confidence: 80%
2026-07-30 18:14:38,172 | EURUSD=X | ENTRY: 1.14797 | SL: 1.14704 | TP: 1.14984 | RR: 2.0 | POSITION: 10752.6882
2026-07-30 18:14:39,029 | GBPUSD=X | Signal: HOLD | Confidence: 45%
2026-07-30 18:14:39,928 | JPY=X | Signal: HOLD | Confidence: 50%
2026-07-30 18:14:40,897 | AUDUSD=X | Signal: HOLD | Confidence: 20%
2026-07-30 18:14:41,738 | CAD=X | Signal: HOLD | Confidence: 40%
2026-07-30 18:14:42,491 | GC=F | Signal: HOLD | Confidence: 40%
2026-07-30 18:14:43,186 | SI=F | Signal: HOLD | Confidence: 20%
2026-07-30 18:14:44,128 | BTC-USD | Signal: HOLD | Confidence: 40%
2026-07-30 18:14:44,915 | ETH-USD | Signal: HOLD | Confidence: 20%
2026-07-30 18:14:45,781 | SOL-USD | Signal: HOLD | Confidence: 35%
2026-07-30 18:15:18,713 | EURUSD=X | Signal: BUY | Confidence: 90%
2026-07-30 18:15:18,714 | EURUSD=X | ENTRY: 1.1485 | SL: 1.14757 | TP: 1.15036 | RR: 2.0 | POSITION: 10752.6882
2026-07-30 18:15:19,489 | GBPUSD=X | Signal: HOLD | Confidence: 60%
2026-07-30 18:15:20,292 | JPY=X | Signal: SELL | Confidence: 55%
2026-07-30 18:15:20,294 | JPY=X | ENTRY: 162.701 | SL: 163.00025 | TP: 162.1025 | RR: 2.0 | POSITION: 33.4169
2026-07-30 18:15:21,321 | AUDUSD=X | Signal: HOLD | Confidence: 20%
2026-07-30 18:15:22,630 | CAD=X | Signal: HOLD | Confidence: 40%
2026-07-30 18:15:23,380 | GC=F | Signal: HOLD | Confidence: 40%
2026-07-30 18:15:24,077 | SI=F | Signal: HOLD | Confidence: 20%
2026-07-30 18:15:25,146 | BTC-USD | Signal: HOLD | Confidence: 40%
2026-07-30 18:15:25,876 | ETH-USD | Signal: HOLD | Confidence: 20%
2026-07-30 18:15:26,694 | SOL-USD | Signal: HOLD | Confidence: 35%
2026-07-30 18:15:57,944 | EURUSD=X | Signal: HOLD | Confidence: 60%
2026-07-30 18:15:58,765 | GBPUSD=X | Signal: HOLD | Confidence: 60%
2026-07-30 18:15:59,612 | JPY=X | Signal: HOLD | Confidence: 40%
2026-07-30 18:16:00,459 | AUDUSD=X | Signal: HOLD | Confidence: 20%
2026-07-30 18:16:01,241 | CAD=X | Signal: HOLD | Confidence: 20%
2026-07-30 18:16:01,963 | GC=F | Signal: HOLD | Confidence: 40%
2026-07-30 18:16:02,956 | SI=F | Signal: HOLD | Confidence: 20%
2026-07-30 18:16:04,034 | BTC-USD | Signal: HOLD | Confidence: 40%
2026-07-30 18:16:04,819 | ETH-USD | Signal: HOLD | Confidence: 10%
2026-07-30 18:16:05,698 | SOL-USD | Signal: HOLD | Confidence: 10%
2026-07-30 18:16:38,073 | EURUSD=X | Signal: HOLD | Confidence: 60%
2026-07-30 18:16:38,894 | GBPUSD=X | Signal: HOLD | Confidence: 60%
2026-07-30 18:16:39,676 | JPY=X | Signal: HOLD | Confidence: 30%
2026-07-30 18:16:40,519 | AUDUSD=X | Signal: HOLD | Confidence: 20%
2026-07-30 18:16:41,337 | CAD=X | Signal: HOLD | Confidence: 20%
2026-07-30 18:16:41,949 | GC=F | Signal: HOLD | Confidence: 40%
2026-07-30 18:16:42,686 | SI=F | Signal: HOLD | Confidence: 20%
2026-07-30 18:16:43,689 | BTC-USD | Signal: HOLD | Confidence: 30%
2026-07-30 18:16:44,472 | ETH-USD | Signal: HOLD | Confidence: 15%
2026-07-30 18:16:45,404 | SOL-USD | Signal: HOLD | Confidence: 0%
2026-07-30 18:17:17,546 | EURUSD=X | Signal: BUY | Confidence: 55%
2026-07-30 18:17:17,548 | EURUSD=X | ENTRY: 1.14824 | SL: 1.14733 | TP: 1.15004 | RR: 2.0 | POSITION: 10989.011
2026-07-30 18:17:18,355 | GBPUSD=X | Signal: BUY | Confidence: 55%
2026-07-30 18:17:18,356 | GBPUSD=X | ENTRY: 1.33828 | SL: 1.33668 | TP: 1.34147 | RR: 2.0 | POSITION: 6250.0
2026-07-30 18:17:19,228 | JPY=X | Signal: HOLD | Confidence: 40%
2026-07-30 18:17:20,484 | AUDUSD=X | Signal: HOLD | Confidence: 20%
2026-07-30 18:17:21,292 | CAD=X | Signal: HOLD | Confidence: 20%
2026-07-30 18:17:22,002 | GC=F | Signal: HOLD | Confidence: 40%
2026-07-30 18:17:22,768 | SI=F | Signal: HOLD | Confidence: 20%
2026-07-30 18:17:23,660 | BTC-USD | Signal: HOLD | Confidence: 40%
2026-07-30 18:17:24,515 | ETH-USD | Signal: HOLD | Confidence: 15%
2026-07-30 18:17:25,341 | SOL-USD | Signal: HOLD | Confidence: 10%
2026-07-30 18:17:59,484 | EURUSD=X | Signal: BUY | Confidence: 55%
2026-07-30 18:17:59,485 | EURUSD=X | ENTRY: 1.14811 | SL: 1.14719 | TP: 1.14994 | RR: 2.0 | POSITION: 10869.5652
2026-07-30 18:18:00,336 | GBPUSD=X | Signal: BUY | Confidence: 55%
2026-07-30 18:18:00,337 | GBPUSD=X | ENTRY: 1.33794 | SL: 1.3363 | TP: 1.3412 | RR: 2.0 | POSITION: 6097.561
2026-07-30 18:18:01,265 | JPY=X | Signal: HOLD | Confidence: 40%
2026-07-30 18:18:01,993 | AUDUSD=X | Signal: HOLD | Confidence: 5%
2026-07-30 18:18:02,811 | CAD=X | Signal: HOLD | Confidence: 20%
2026-07-30 18:18:03,576 | GC=F | Signal: HOLD | Confidence: 55%
2026-07-30 18:18:04,307 | SI=F | Signal: HOLD | Confidence: 30%
2026-07-30 18:18:05,162 | BTC-USD | Signal: HOLD | Confidence: 45%
2026-07-30 18:18:05,978 | ETH-USD | Signal: HOLD | Confidence: 15%
2026-07-30 18:18:06,726 | SOL-USD | Signal: HOLD | Confidence: 10%
2026-07-30 18:18:39,623 | EURUSD=X | Signal: BUY | Confidence: 55%
2026-07-30 18:18:39,624 | EURUSD=X | ENTRY: 1.14811 | SL: 1.14719 | TP: 1.14994 | RR: 2.0 | POSITION: 10869.5652
2026-07-30 18:18:40,418 | GBPUSD=X | Signal: BUY | Confidence: 55%
2026-07-30 18:18:40,419 | GBPUSD=X | ENTRY: 1.33794 | SL: 1.3363 | TP: 1.3412 | RR: 2.0 | POSITION: 6097.561
2026-07-30 18:18:41,205 | JPY=X | Signal: HOLD | Confidence: 40%
2026-07-30 18:18:42,045 | AUDUSD=X | Signal: HOLD | Confidence: 5%
2026-07-30 18:18:42,941 | CAD=X | Signal: HOLD | Confidence: 20%
2026-07-30 18:18:43,583 | GC=F | Signal: HOLD | Confidence: 40%
2026-07-30 18:18:44,345 | SI=F | Signal: HOLD | Confidence: 20%
2026-07-30 18:18:45,331 | BTC-USD | Signal: HOLD | Confidence: 45%
2026-07-30 18:18:46,162 | ETH-USD | Signal: HOLD | Confidence: 15%
2026-07-30 18:18:47,025 | SOL-USD | Signal: HOLD | Confidence: 10%
2026-07-30 18:19:20,784 | EURUSD=X | Signal: BUY | Confidence: 55%
2026-07-30 18:19:20,785 | EURUSD=X | ENTRY: 1.14797 | SL: 1.14704 | TP: 1.14984 | RR: 2.0 | POSITION: 10752.6882
2026-07-30 18:19:21,706 | GBPUSD=X | Signal: BUY | Confidence: 55%
2026-07-30 18:19:21,707 | GBPUSD=X | ENTRY: 1.33783 | SL: 1.33618 | TP: 1.34112 | RR: 2.0 | POSITION: 6060.6061
2026-07-30 18:19:22,568 | JPY=X | Signal: HOLD | Confidence: 40%
2026-07-30 18:19:23,512 | AUDUSD=X | Signal: HOLD | Confidence: 5%
2026-07-30 18:19:24,426 | CAD=X | Signal: HOLD | Confidence: 20%
2026-07-30 18:19:25,127 | GC=F | Signal: HOLD | Confidence: 40%
2026-07-30 18:19:25,924 | SI=F | Signal: HOLD | Confidence: 20%
2026-07-30 18:19:26,859 | BTC-USD | Signal: HOLD | Confidence: 45%
2026-07-30 18:19:27,772 | ETH-USD | Signal: HOLD | Confidence: 15%
2026-07-30 18:19:28,630 | SOL-USD | Signal: HOLD | Confidence: 15%
2026-07-30 18:20:05,252 | EURUSD=X | Signal: BUY | Confidence: 55%
2026-07-30 18:20:05,253 | EURUSD=X | ENTRY: 1.14784 | SL: 1.1469 | TP: 1.14973 | RR: 2.0 | POSITION: 10638.2979
2026-07-30 18:20:06,511 | GBPUSD=X | Signal: BUY | Confidence: 55%
2026-07-30 18:20:06,513 | GBPUSD=X | ENTRY: 1.33763 | SL: 1.33597 | TP: 1.34096 | RR: 2.0 | POSITION: 6024.0964
2026-07-30 18:20:07,266 | JPY=X | Signal: HOLD | Confidence: 40%
2026-07-30 18:20:08,199 | AUDUSD=X | Signal: HOLD | Confidence: 5%
2026-07-30 18:20:09,081 | CAD=X | Signal: HOLD | Confidence: 20%
2026-07-30 18:20:09,988 | GC=F | Signal: HOLD | Confidence: 40%
2026-07-30 18:20:10,820 | SI=F | Signal: HOLD | Confidence: 20%
2026-07-30 18:20:12,032 | BTC-USD | Signal: HOLD | Confidence: 40%
2026-07-30 18:20:12,940 | ETH-USD | Signal: HOLD | Confidence: 10%
2026-07-30 18:20:13,960 | SOL-USD | Signal: HOLD | Confidence: 10%
2026-07-30 18:20:53,940 | EURUSD=X | Signal: BUY | Confidence: 55%
2026-07-30 18:20:53,941 | EURUSD=X | ENTRY: 1.14784 | SL: 1.1469 | TP: 1.14973 | RR: 2.0 | POSITION: 10638.2979
2026-07-30 18:20:54,826 | GBPUSD=X | Signal: BUY | Confidence: 55%
2026-07-30 18:20:54,827 | GBPUSD=X | ENTRY: 1.3376 | SL: 1.33593 | TP: 1.34094 | RR: 2.0 | POSITION: 5988.024
2026-07-30 18:20:55,434 | JPY=X | Signal: HOLD | Confidence: 40%
2026-07-30 18:20:56,266 | AUDUSD=X | Signal: HOLD | Confidence: 5%
2026-07-30 18:20:57,438 | CAD=X | Signal: HOLD | Confidence: 20%
2026-07-30 18:20:58,245 | GC=F | Signal: BUY | Confidence: 65%
2026-07-30 18:20:58,246 | GC=F | ENTRY: 4136.2002 | SL: 4123.65381 | TP: 4161.29297 | RR: 2.0 | POSITION: 0.797
2026-07-30 18:20:58,903 | SI=F | Signal: HOLD | Confidence: 20%
2026-07-30 18:20:59,799 | BTC-USD | Signal: HOLD | Confidence: 45%
2026-07-30 18:21:00,931 | ETH-USD | Signal: HOLD | Confidence: 15%
2026-07-30 18:21:01,967 | SOL-USD | Signal: HOLD | Confidence: 10%
2026-07-30 18:21:33,344 | EURUSD=X | Signal: BUY | Confidence: 55%
2026-07-30 18:21:33,345 | EURUSD=X | ENTRY: 1.14784 | SL: 1.1469 | TP: 1.14973 | RR: 2.0 | POSITION: 10638.2979
2026-07-30 18:21:34,182 | GBPUSD=X | Signal: BUY | Confidence: 55%
2026-07-30 18:21:34,188 | GBPUSD=X | ENTRY: 1.3376 | SL: 1.33593 | TP: 1.34094 | RR: 2.0 | POSITION: 5988.024
2026-07-30 18:21:35,211 | JPY=X | Signal: HOLD | Confidence: 35%
2026-07-30 18:21:36,125 | AUDUSD=X | Signal: HOLD | Confidence: 5%
2026-07-30 18:21:36,937 | CAD=X | Signal: HOLD | Confidence: 20%
2026-07-30 18:21:37,676 | GC=F | Signal: BUY | Confidence: 65%
2026-07-30 18:21:37,676 | GC=F | ENTRY: 4136.6001 | SL: 4124.05371 | TP: 4161.69287 | RR: 2.0 | POSITION: 0.797
2026-07-30 18:21:38,405 | SI=F | Signal: HOLD | Confidence: 30%
2026-07-30 18:21:39,280 | BTC-USD | Signal: HOLD | Confidence: 45%
2026-07-30 18:21:39,959 | ETH-USD | Signal: HOLD | Confidence: 15%
2026-07-30 18:21:40,780 | SOL-USD | Signal: HOLD | Confidence: 10%
2026-07-30 18:22:14,479 | EURUSD=X | Signal: BUY | Confidence: 55%
2026-07-30 18:22:14,480 | EURUSD=X | ENTRY: 1.14784 | SL: 1.1469 | TP: 1.14973 | RR: 2.0 | POSITION: 10638.2979
2026-07-30 18:22:15,233 | GBPUSD=X | Signal: HOLD | Confidence: 60%
2026-07-30 18:22:15,983 | JPY=X | Signal: SELL | Confidence: 55%
2026-07-30 18:22:15,983 | JPY=X | ENTRY: 162.847 | SL: 163.15439 | TP: 162.23222 | RR: 2.0 | POSITION: 32.532
2026-07-30 18:22:16,748 | AUDUSD=X | Signal: HOLD | Confidence: 5%
2026-07-30 18:22:17,727 | CAD=X | Signal: HOLD | Confidence: 20%
2026-07-30 18:22:18,527 | GC=F | Signal: BUY | Confidence: 85%
2026-07-30 18:22:18,528 | GC=F | ENTRY: 4137.8999 | SL: 4125.35352 | TP: 4162.99268 | RR: 2.0 | POSITION: 0.797
2026-07-30 18:22:19,322 | SI=F | Signal: HOLD | Confidence: 30%
2026-07-30 18:22:20,177 | BTC-USD | Signal: HOLD | Confidence: 45%
2026-07-30 18:22:20,985 | ETH-USD | Signal: HOLD | Confidence: 25%
2026-07-30 18:22:21,809 | SOL-USD | Signal: HOLD | Confidence: 10%
2026-07-30 18:22:53,312 | EURUSD=X | Signal: BUY | Confidence: 55%
2026-07-30 18:22:53,313 | EURUSD=X | ENTRY: 1.14771 | SL: 1.14675 | TP: 1.14963 | RR: 2.0 | POSITION: 10416.6667
2026-07-30 18:22:53,971 | GBPUSD=X | Signal: BUY | Confidence: 55%
2026-07-30 18:22:53,972 | GBPUSD=X | ENTRY: 1.33767 | SL: 1.336 | TP: 1.34101 | RR: 2.0 | POSITION: 5988.024
2026-07-30 18:22:54,835 | JPY=X | Signal: SELL | Confidence: 55%
2026-07-30 18:22:54,836 | JPY=X | ENTRY: 162.879 | SL: 163.18982 | TP: 162.25736 | RR: 2.0 | POSITION: 32.173
2026-07-30 18:22:55,629 | AUDUSD=X | Signal: HOLD | Confidence: 5%
2026-07-30 18:22:56,365 | CAD=X | Signal: HOLD | Confidence: 20%
2026-07-30 18:22:57,095 | GC=F | Signal: BUY | Confidence: 85%
2026-07-30 18:22:57,096 | GC=F | ENTRY: 4137.2998 | SL: 4124.75342 | TP: 4162.39258 | RR: 2.0 | POSITION: 0.797
2026-07-30 18:22:57,736 | SI=F | Signal: HOLD | Confidence: 20%
2026-07-30 18:22:58,552 | BTC-USD | Signal: HOLD | Confidence: 45%
2026-07-30 18:22:59,478 | ETH-USD | Signal: HOLD | Confidence: 25%
2026-07-30 18:23:00,234 | SOL-USD | Signal: HOLD | Confidence: 25%
2026-07-30 18:23:33,610 | EURUSD=X | Signal: BUY | Confidence: 55%
2026-07-30 18:23:33,611 | EURUSD=X | ENTRY: 1.14771 | SL: 1.14675 | TP: 1.14963 | RR: 2.0 | POSITION: 10416.6667
2026-07-30 18:23:34,381 | GBPUSD=X | Signal: BUY | Confidence: 55%
2026-07-30 18:23:34,384 | GBPUSD=X | ENTRY: 1.33767 | SL: 1.336 | TP: 1.34101 | RR: 2.0 | POSITION: 5988.024
2026-07-30 18:23:35,160 | JPY=X | Signal: SELL | Confidence: 55%
2026-07-30 18:23:35,160 | JPY=X | ENTRY: 162.918 | SL: 163.233 | TP: 162.288 | RR: 2.0 | POSITION: 31.746
2026-07-30 18:23:35,913 | AUDUSD=X | Signal: HOLD | Confidence: 5%
2026-07-30 18:23:36,756 | CAD=X | Signal: HOLD | Confidence: 20%
2026-07-30 18:23:37,341 | GC=F | Signal: HOLD | Confidence: 40%
2026-07-30 18:23:38,082 | SI=F | Signal: HOLD | Confidence: 20%
2026-07-30 18:23:38,913 | BTC-USD | Signal: HOLD | Confidence: 45%
2026-07-30 18:23:39,691 | ETH-USD | Signal: HOLD | Confidence: 25%
2026-07-30 18:23:40,429 | SOL-USD | Signal: HOLD | Confidence: 30%
2026-07-30 18:24:15,081 | EURUSD=X | Signal: BUY | Confidence: 55%
2026-07-30 18:24:15,082 | EURUSD=X | ENTRY: 1.14758 | SL: 1.1466 | TP: 1.14953 | RR: 2.0 | POSITION: 10204.0816
2026-07-30 18:24:15,767 | GBPUSD=X | Signal: BUY | Confidence: 55%
2026-07-30 18:24:15,768 | GBPUSD=X | ENTRY: 1.33742 | SL: 1.33573 | TP: 1.3408 | RR: 2.0 | POSITION: 5917.1598
2026-07-30 18:24:16,402 | JPY=X | Signal: SELL | Confidence: 55%
2026-07-30 18:24:16,403 | JPY=X | ENTRY: 162.91 | SL: 163.22479 | TP: 162.28043 | RR: 2.0 | POSITION: 31.7672
2026-07-30 18:24:17,240 | AUDUSD=X | Signal: HOLD | Confidence: 5%
2026-07-30 18:24:18,008 | CAD=X | Signal: HOLD | Confidence: 15%
2026-07-30 18:24:18,780 | GC=F | Signal: HOLD | Confidence: 55%
2026-07-30 18:24:19,522 | SI=F | Signal: HOLD | Confidence: 20%
2026-07-30 18:24:20,236 | BTC-USD | Signal: HOLD | Confidence: 45%
2026-07-30 18:24:21,068 | ETH-USD | Signal: HOLD | Confidence: 25%
2026-07-30 18:24:21,854 | SOL-USD | Signal: HOLD | Confidence: 30%
2026-07-30 18:24:58,388 | EURUSD=X | Signal: BUY | Confidence: 55%
2026-07-30 18:24:58,389 | EURUSD=X | ENTRY: 1.14758 | SL: 1.1466 | TP: 1.14953 | RR: 2.0 | POSITION: 10204.0816
2026-07-30 18:24:59,103 | GBPUSD=X | Signal: BUY | Confidence: 55%
2026-07-30 18:24:59,107 | GBPUSD=X | ENTRY: 1.33735 | SL: 1.33565 | TP: 1.34074 | RR: 2.0 | POSITION: 5882.3529
2026-07-30 18:24:59,883 | JPY=X | Signal: SELL | Confidence: 55%
2026-07-30 18:24:59,884 | JPY=X | ENTRY: 162.89301 | SL: 163.20843 | TP: 162.26215 | RR: 2.0 | POSITION: 31.7038
2026-07-30 18:25:00,837 | AUDUSD=X | Signal: HOLD | Confidence: 5%
2026-07-30 18:25:01,692 | CAD=X | Signal: HOLD | Confidence: 20%
2026-07-30 18:25:02,439 | GC=F | Signal: HOLD | Confidence: 45%
2026-07-30 18:25:03,200 | SI=F | Signal: HOLD | Confidence: 20%
2026-07-30 18:25:04,295 | BTC-USD | Signal: HOLD | Confidence: 45%
2026-07-30 18:25:05,316 | ETH-USD | Signal: HOLD | Confidence: 45%
2026-07-30 18:25:06,270 | SOL-USD | Signal: HOLD | Confidence: 30%
2026-07-30 18:25:37,533 | EURUSD=X | Signal: BUY | Confidence: 55%
2026-07-30 18:25:37,534 | EURUSD=X | ENTRY: 1.14758 | SL: 1.1466 | TP: 1.14953 | RR: 2.0 | POSITION: 10204.0816
2026-07-30 18:25:38,231 | GBPUSD=X | Signal: BUY | Confidence: 55%
2026-07-30 18:25:38,232 | GBPUSD=X | ENTRY: 1.33735 | SL: 1.33565 | TP: 1.34074 | RR: 2.0 | POSITION: 5882.3529
2026-07-30 18:25:38,940 | JPY=X | Signal: SELL | Confidence: 55%
2026-07-30 18:25:38,941 | JPY=X | ENTRY: 162.88901 | SL: 163.20443 | TP: 162.25815 | RR: 2.0 | POSITION: 31.7038
2026-07-30 18:25:39,753 | AUDUSD=X | Signal: HOLD | Confidence: 5%
2026-07-30 18:25:40,567 | CAD=X | Signal: HOLD | Confidence: 15%
2026-07-30 18:25:41,176 | GC=F | Signal: HOLD | Confidence: 40%
2026-07-30 18:25:41,869 | SI=F | Signal: HOLD | Confidence: 15%
2026-07-30 18:25:42,741 | BTC-USD | Signal: HOLD | Confidence: 45%
2026-07-30 18:25:43,507 | ETH-USD | Signal: HOLD | Confidence: 45%
2026-07-30 18:25:44,310 | SOL-USD | Signal: HOLD | Confidence: 25%
2026-07-30 18:26:16,675 | EURUSD=X | Signal: BUY | Confidence: 55%
2026-07-30 18:26:16,676 | EURUSD=X | ENTRY: 1.14758 | SL: 1.1466 | TP: 1.14953 | RR: 2.0 | POSITION: 10204.0816
2026-07-30 18:26:17,590 | GBPUSD=X | Signal: BUY | Confidence: 55%
2026-07-30 18:26:17,590 | GBPUSD=X | ENTRY: 1.33735 | SL: 1.33565 | TP: 1.34074 | RR: 2.0 | POSITION: 5882.3529
2026-07-30 18:26:18,301 | JPY=X | Signal: HOLD | Confidence: 35%
2026-07-30 18:26:19,087 | AUDUSD=X | Signal: HOLD | Confidence: 5%
2026-07-30 18:26:19,894 | CAD=X | Signal: HOLD | Confidence: 15%
2026-07-30 18:26:20,515 | GC=F | Signal: HOLD | Confidence: 40%
2026-07-30 18:26:21,163 | SI=F | Signal: HOLD | Confidence: 15%
2026-07-30 18:26:22,015 | BTC-USD | Signal: HOLD | Confidence: 45%
2026-07-30 18:26:22,804 | ETH-USD | Signal: HOLD | Confidence: 45%
2026-07-30 18:26:23,658 | SOL-USD | Signal: HOLD | Confidence: 25%
2026-07-30 18:26:56,941 | EURUSD=X | Signal: BUY | Confidence: 55%
2026-07-30 18:26:56,942 | EURUSD=X | ENTRY: 1.14745 | SL: 1.14646 | TP: 1.14942 | RR: 2.0 | POSITION: 10101.0101
2026-07-30 18:26:57,581 | GBPUSD=X | Signal: BUY | Confidence: 55%
2026-07-30 18:26:57,582 | GBPUSD=X | ENTRY: 1.33702 | SL: 1.33529 | TP: 1.34049 | RR: 2.0 | POSITION: 5780.3468
2026-07-30 18:26:58,358 | JPY=X | Signal: SELL | Confidence: 55%
2026-07-30 18:26:58,359 | JPY=X | ENTRY: 162.918 | SL: 163.23343 | TP: 162.28715 | RR: 2.0 | POSITION: 31.7028
2026-07-30 18:26:59,318 | AUDUSD=X | Signal: HOLD | Confidence: 5%
2026-07-30 18:27:00,072 | CAD=X | Signal: HOLD | Confidence: 15%
2026-07-30 18:27:00,802 | GC=F | Signal: HOLD | Confidence: 50%
2026-07-30 18:27:01,487 | SI=F | Signal: HOLD | Confidence: 15%
2026-07-30 18:27:02,360 | BTC-USD | Signal: HOLD | Confidence: 45%
2026-07-30 18:27:03,245 | ETH-USD | Signal: HOLD | Confidence: 25%
2026-07-30 18:27:04,015 | SOL-USD | Signal: HOLD | Confidence: 25%
2026-07-30 18:27:39,324 | EURUSD=X | Signal: BUY | Confidence: 55%
2026-07-30 18:27:39,326 | EURUSD=X | ENTRY: 1.14745 | SL: 1.14646 | TP: 1.14942 | RR: 2.0 | POSITION: 10101.0101
2026-07-30 18:27:40,092 | GBPUSD=X | Signal: BUY | Confidence: 55%
2026-07-30 18:27:40,093 | GBPUSD=X | ENTRY: 1.33702 | SL: 1.33529 | TP: 1.34049 | RR: 2.0 | POSITION: 5780.3468
2026-07-30 18:27:40,884 | JPY=X | Signal: SELL | Confidence: 55%
2026-07-30 18:27:40,885 | JPY=X | ENTRY: 162.912 | SL: 163.22904 | TP: 162.27793 | RR: 2.0 | POSITION: 31.5418
2026-07-30 18:27:41,635 | AUDUSD=X | Signal: HOLD | Confidence: 5%
2026-07-30 18:27:42,570 | CAD=X | Signal: HOLD | Confidence: 20%
2026-07-30 18:27:43,255 | GC=F | Signal: HOLD | Confidence: 40%
2026-07-30 18:27:43,908 | SI=F | Signal: HOLD | Confidence: 10%
2026-07-30 18:27:45,032 | BTC-USD | Signal: HOLD | Confidence: 45%
2026-07-30 18:27:45,986 | ETH-USD | Signal: HOLD | Confidence: 45%
2026-07-30 18:27:46,768 | SOL-USD | Signal: HOLD | Confidence: 25%
2026-07-30 18:28:17,914 | EURUSD=X | Signal: BUY | Confidence: 55%
2026-07-30 18:28:17,915 | EURUSD=X | ENTRY: 1.14758 | SL: 1.14659 | TP: 1.14955 | RR: 2.0 | POSITION: 10101.0101
2026-07-30 18:28:18,842 | GBPUSD=X | Signal: BUY | Confidence: 55%
2026-07-30 18:28:18,843 | GBPUSD=X | ENTRY: 1.33718 | SL: 1.33545 | TP: 1.34065 | RR: 2.0 | POSITION: 5780.3468
2026-07-30 18:28:19,668 | JPY=X | Signal: SELL | Confidence: 55%
2026-07-30 18:28:19,670 | JPY=X | ENTRY: 162.911 | SL: 163.22803 | TP: 162.27693 | RR: 2.0 | POSITION: 31.5428
2026-07-30 18:28:20,478 | AUDUSD=X | Signal: HOLD | Confidence: 5%
2026-07-30 18:28:21,266 | CAD=X | Signal: HOLD | Confidence: 15%
2026-07-30 18:28:21,894 | GC=F | Signal: HOLD | Confidence: 40%
2026-07-30 18:28:22,516 | SI=F | Signal: HOLD | Confidence: 0%
2026-07-30 18:28:23,450 | BTC-USD | Signal: HOLD | Confidence: 45%
2026-07-30 18:28:24,248 | ETH-USD | Signal: HOLD | Confidence: 45%
2026-07-30 18:28:25,002 | SOL-USD | Signal: HOLD | Confidence: 30%
2026-07-30 18:28:58,270 | EURUSD=X | Signal: HOLD | Confidence: 60%
2026-07-30 18:28:58,985 | GBPUSD=X | Signal: HOLD | Confidence: 60%
2026-07-30 18:28:59,867 | JPY=X | Signal: HOLD | Confidence: 35%
2026-07-30 18:29:00,667 | AUDUSD=X | Signal: HOLD | Confidence: 5%
2026-07-30 18:29:01,705 | CAD=X | Signal: HOLD | Confidence: 20%
2026-07-30 18:29:02,382 | GC=F | Signal: HOLD | Confidence: 40%
2026-07-30 18:29:03,010 | SI=F | Signal: HOLD | Confidence: 10%
2026-07-30 18:29:03,784 | BTC-USD | Signal: HOLD | Confidence: 45%
2026-07-30 18:29:04,629 | ETH-USD | Signal: HOLD | Confidence: 45%
2026-07-30 18:29:05,475 | SOL-USD | Signal: HOLD | Confidence: 30%
2026-07-30 18:29:37,581 | EURUSD=X | Signal: HOLD | Confidence: 60%
2026-07-30 18:29:38,380 | GBPUSD=X | Signal: HOLD | Confidence: 60%
2026-07-30 18:29:39,170 | JPY=X | Signal: HOLD | Confidence: 35%
2026-07-30 18:29:39,971 | AUDUSD=X | Signal: HOLD | Confidence: 5%
2026-07-30 18:29:40,906 | CAD=X | Signal: HOLD | Confidence: 15%
2026-07-30 18:29:41,519 | GC=F | Signal: HOLD | Confidence: 40%
2026-07-30 18:29:42,212 | SI=F | Signal: HOLD | Confidence: 20%
2026-07-30 18:29:43,000 | BTC-USD | Signal: HOLD | Confidence: 45%
2026-07-30 18:29:43,752 | ETH-USD | Signal: HOLD | Confidence: 45%
2026-07-30 18:29:44,464 | SOL-USD | Signal: HOLD | Confidence: 25%
2026-07-30 18:30:22,902 | EURUSD=X | Signal: BUY | Confidence: 55%
2026-07-30 18:30:22,903 | EURUSD=X | ENTRY: 1.14771 | SL: 1.14672 | TP: 1.14969 | RR: 2.0 | POSITION: 10101.0101
2026-07-30 18:30:23,935 | GBPUSD=X | Signal: BUY | Confidence: 55%
2026-07-30 18:30:23,936 | GBPUSD=X | ENTRY: 1.33735 | SL: 1.33561 | TP: 1.34081 | RR: 2.0 | POSITION: 5747.1264
2026-07-30 18:30:25,042 | JPY=X | Signal: HOLD | Confidence: 35%
2026-07-30 18:30:25,945 | AUDUSD=X | Signal: HOLD | Confidence: 5%
2026-07-30 18:30:27,025 | CAD=X | Signal: HOLD | Confidence: 15%
2026-07-30 18:30:27,839 | GC=F | Signal: HOLD | Confidence: 40%
2026-07-30 18:30:28,647 | SI=F | Signal: HOLD | Confidence: 20%
2026-07-30 18:30:29,806 | BTC-USD | Signal: HOLD | Confidence: 45%
2026-07-30 18:30:31,026 | ETH-USD | Signal: HOLD | Confidence: 45%
2026-07-30 18:30:32,199 | SOL-USD | Signal: HOLD | Confidence: 25%
2026-07-30 18:31:12,056 | EURUSD=X | Signal: HOLD | Confidence: 60%
2026-07-30 18:31:12,810 | GBPUSD=X | Signal: HOLD | Confidence: 60%
2026-07-30 18:31:13,581 | JPY=X | Signal: HOLD | Confidence: 40%
2026-07-30 18:31:14,549 | AUDUSD=X | Signal: HOLD | Confidence: 5%
2026-07-30 18:31:15,345 | CAD=X | Signal: HOLD | Confidence: 20%
2026-07-30 18:31:16,015 | GC=F | Signal: HOLD | Confidence: 40%
2026-07-30 18:31:16,684 | SI=F | Signal: HOLD | Confidence: 20%
2026-07-30 18:31:17,524 | BTC-USD | Signal: HOLD | Confidence: 40%
2026-07-30 18:31:18,388 | ETH-USD | Signal: HOLD | Confidence: 40%
2026-07-30 18:31:19,239 | SOL-USD | Signal: HOLD | Confidence: 40%
2026-07-30 18:31:51,765 | EURUSD=X | Signal: BUY | Confidence: 55%
2026-07-30 18:31:51,766 | EURUSD=X | ENTRY: 1.14745 | SL: 1.14646 | TP: 1.14942 | RR: 2.0 | POSITION: 10101.0101
2026-07-30 18:31:52,501 | GBPUSD=X | Signal: BUY | Confidence: 55%
2026-07-30 18:31:52,502 | GBPUSD=X | ENTRY: 1.33708 | SL: 1.3354 | TP: 1.34044 | RR: 2.0 | POSITION: 5952.381
2026-07-30 18:31:53,471 | JPY=X | Signal: HOLD | Confidence: 40%
2026-07-30 18:31:54,349 | AUDUSD=X | Signal: HOLD | Confidence: 10%
2026-07-30 18:31:55,074 | CAD=X | Signal: HOLD | Confidence: 15%
2026-07-30 18:31:55,783 | GC=F | Signal: HOLD | Confidence: 40%
2026-07-30 18:31:56,513 | SI=F | Signal: HOLD | Confidence: 10%
2026-07-30 18:31:57,331 | BTC-USD | Signal: HOLD | Confidence: 35%
2026-07-30 18:31:58,173 | ETH-USD | Signal: HOLD | Confidence: 50%
2026-07-30 18:31:58,957 | SOL-USD | Signal: HOLD | Confidence: 50%
2026-07-30 18:32:33,834 | EURUSD=X | Signal: BUY | Confidence: 55%
2026-07-30 18:32:33,835 | EURUSD=X | ENTRY: 1.14745 | SL: 1.14646 | TP: 1.14942 | RR: 2.0 | POSITION: 10101.0101
2026-07-30 18:32:34,425 | GBPUSD=X | Signal: BUY | Confidence: 55%
2026-07-30 18:32:34,426 | GBPUSD=X | ENTRY: 1.33708 | SL: 1.3354 | TP: 1.34044 | RR: 2.0 | POSITION: 5952.381
2026-07-30 18:32:35,175 | JPY=X | Signal: HOLD | Confidence: 40%
2026-07-30 18:32:35,890 | AUDUSD=X | Signal: HOLD | Confidence: 10%
2026-07-30 18:32:36,783 | CAD=X | Signal: HOLD | Confidence: 20%
2026-07-30 18:32:37,466 | GC=F | Signal: HOLD | Confidence: 30%
2026-07-30 18:32:38,146 | SI=F | Signal: HOLD | Confidence: 10%
2026-07-30 18:32:38,836 | BTC-USD | Signal: HOLD | Confidence: 40%
2026-07-30 18:32:39,565 | ETH-USD | Signal: HOLD | Confidence: 45%
2026-07-30 18:32:40,359 | SOL-USD | Signal: HOLD | Confidence: 40%
2026-07-30 18:33:10,744 | EURUSD=X | Signal: BUY | Confidence: 55%
2026-07-30 18:33:10,745 | EURUSD=X | ENTRY: 1.14745 | SL: 1.14646 | TP: 1.14942 | RR: 2.0 | POSITION: 10101.0101
2026-07-30 18:33:11,651 | GBPUSD=X | Signal: BUY | Confidence: 55%
2026-07-30 18:33:11,652 | GBPUSD=X | ENTRY: 1.3371 | SL: 1.33541 | TP: 1.34046 | RR: 2.0 | POSITION: 5917.1598
2026-07-30 18:33:12,691 | JPY=X | Signal: HOLD | Confidence: 30%
2026-07-30 18:33:13,395 | AUDUSD=X | Signal: HOLD | Confidence: 10%
2026-07-30 18:33:14,403 | CAD=X | Signal: HOLD | Confidence: 15%
2026-07-30 18:33:15,283 | GC=F | Signal: HOLD | Confidence: 25%
2026-07-30 18:33:16,244 | SI=F | Signal: HOLD | Confidence: 10%
2026-07-30 18:33:17,255 | BTC-USD | Signal: HOLD | Confidence: 35%
2026-07-30 18:33:18,755 | ETH-USD | Signal: HOLD | Confidence: 50%
2026-07-30 18:33:20,050 | SOL-USD | Signal: HOLD | Confidence: 40%
2026-07-30 18:35:40,999 | EURUSD=X | Signal: BUY | Confidence: 55%
2026-07-30 18:35:41,000 | EURUSD=X | ENTRY: 1.14732 | SL: 1.14631 | TP: 1.14932 | RR: 2.0 | POSITION: 9900.9901
2026-07-30 18:35:41,758 | GBPUSD=X | Signal: BUY | Confidence: 55%
2026-07-30 18:35:41,759 | GBPUSD=X | ENTRY: 1.33704 | SL: 1.33536 | TP: 1.34041 | RR: 2.0 | POSITION: 5952.381
2026-07-30 18:35:42,510 | JPY=X | Signal: HOLD | Confidence: 45%
2026-07-30 18:35:43,299 | AUDUSD=X | Signal: HOLD | Confidence: 5%
2026-07-30 18:35:44,045 | CAD=X | Signal: HOLD | Confidence: 30%
2026-07-30 18:35:44,692 | GC=F | Signal: HOLD | Confidence: 30%
2026-07-30 18:35:45,378 | SI=F | Signal: HOLD | Confidence: 20%
2026-07-30 18:35:46,082 | BTC-USD | Signal: HOLD | Confidence: 40%
2026-07-30 18:35:46,993 | ETH-USD | Signal: HOLD | Confidence: 40%
2026-07-30 18:35:47,747 | SOL-USD | Signal: HOLD | Confidence: 40%
2026-07-30 18:36:21,694 | EURUSD=X | Signal: HOLD | Confidence: 60%
2026-07-30 18:36:22,407 | GBPUSD=X | Signal: HOLD | Confidence: 60%
2026-07-30 18:36:23,251 | JPY=X | Signal: HOLD | Confidence: 45%
2026-07-30 18:36:24,057 | AUDUSD=X | Signal: HOLD | Confidence: 15%
2026-07-30 18:36:24,783 | CAD=X | Signal: HOLD | Confidence: 10%
2026-07-30 18:36:25,474 | GC=F | Signal: HOLD | Confidence: 30%
2026-07-30 18:36:26,061 | SI=F | Signal: HOLD | Confidence: 35%
2026-07-30 18:36:26,934 | BTC-USD | Signal: HOLD | Confidence: 40%
2026-07-30 18:36:27,737 | ETH-USD | Signal: HOLD | Confidence: 40%
2026-07-30 18:36:28,583 | SOL-USD | Signal: HOLD | Confidence: 50%
2026-07-30 18:37:02,197 | EURUSD=X | Signal: HOLD | Confidence: 60%
2026-07-30 18:37:03,088 | GBPUSD=X | Signal: HOLD | Confidence: 60%
2026-07-30 18:37:03,858 | JPY=X | Signal: HOLD | Confidence: 45%
2026-07-30 18:37:04,587 | AUDUSD=X | Signal: HOLD | Confidence: 15%
2026-07-30 18:37:05,453 | CAD=X | Signal: HOLD | Confidence: 10%
2026-07-30 18:37:06,155 | GC=F | Signal: HOLD | Confidence: 30%
2026-07-30 18:37:07,074 | SI=F | Signal: HOLD | Confidence: 35%
2026-07-30 18:37:07,900 | BTC-USD | Signal: HOLD | Confidence: 40%
2026-07-30 18:37:09,436 | ETH-USD | Signal: HOLD | Confidence: 40%
2026-07-30 18:37:10,581 | SOL-USD | Signal: HOLD | Confidence: 50%
2026-07-30 18:37:44,597 | EURUSD=X | Signal: HOLD | Confidence: 60%
2026-07-30 18:37:45,672 | GBPUSD=X | Signal: HOLD | Confidence: 60%
2026-07-30 18:37:46,801 | JPY=X | Signal: HOLD | Confidence: 45%
2026-07-30 18:37:47,857 | AUDUSD=X | Signal: HOLD | Confidence: 15%
2026-07-30 18:37:48,862 | CAD=X | Signal: HOLD | Confidence: 10%
2026-07-30 18:37:49,595 | GC=F | Signal: HOLD | Confidence: 30%
2026-07-30 18:37:50,453 | SI=F | Signal: HOLD | Confidence: 25%
2026-07-30 18:37:51,253 | BTC-USD | Signal: HOLD | Confidence: 50%
2026-07-30 18:37:52,200 | ETH-USD | Signal: HOLD | Confidence: 45%
2026-07-30 18:37:53,260 | SOL-USD | Signal: HOLD | Confidence: 50%
2026-07-30 18:38:26,622 | EURUSD=X | Signal: BUY | Confidence: 70%
2026-07-30 18:38:26,623 | EURUSD=X | ENTRY: 1.14784 | SL: 1.14683 | TP: 1.14987 | RR: 2.0 | POSITION: 9900.9901
2026-07-30 18:38:27,247 | GBPUSD=X | Signal: BUY | Confidence: 65%
2026-07-30 18:38:27,248 | GBPUSD=X | ENTRY: 1.33783 | SL: 1.33609 | TP: 1.3413 | RR: 2.0 | POSITION: 5747.1264
2026-07-30 18:38:27,890 | JPY=X | Signal: HOLD | Confidence: 45%
2026-07-30 18:38:28,941 | AUDUSD=X | Signal: HOLD | Confidence: 15%
2026-07-30 18:38:29,916 | CAD=X | Signal: HOLD | Confidence: 10%
2026-07-30 18:38:30,651 | GC=F | Signal: HOLD | Confidence: 30%
2026-07-30 18:38:31,302 | SI=F | Signal: HOLD | Confidence: 25%
2026-07-30 18:38:32,165 | BTC-USD | Signal: HOLD | Confidence: 35%
2026-07-30 18:38:33,388 | ETH-USD | Signal: HOLD | Confidence: 40%
2026-07-30 18:38:34,840 | SOL-USD | Signal: HOLD | Confidence: 40%
2026-07-30 18:39:09,744 | EURUSD=X | Signal: BUY | Confidence: 70%
2026-07-30 18:39:09,746 | EURUSD=X | ENTRY: 1.14771 | SL: 1.14669 | TP: 1.14974 | RR: 2.0 | POSITION: 9803.9216
2026-07-30 18:39:10,535 | GBPUSD=X | Signal: HOLD | Confidence: 60%
2026-07-30 18:39:11,384 | JPY=X | Signal: HOLD | Confidence: 40%
2026-07-30 18:39:12,176 | AUDUSD=X | Signal: HOLD | Confidence: 15%
2026-07-30 18:39:12,965 | CAD=X | Signal: HOLD | Confidence: 10%
2026-07-30 18:39:13,590 | GC=F | Signal: HOLD | Confidence: 40%
2026-07-30 18:39:14,296 | SI=F | Signal: HOLD | Confidence: 25%
2026-07-30 18:39:15,140 | BTC-USD | Signal: HOLD | Confidence: 35%
2026-07-30 18:39:15,932 | ETH-USD | Signal: HOLD | Confidence: 40%
2026-07-30 18:39:16,794 | SOL-USD | Signal: HOLD | Confidence: 40%
2026-07-30 18:39:53,996 | EURUSD=X | Signal: BUY | Confidence: 70%
2026-07-30 18:39:53,997 | EURUSD=X | ENTRY: 1.14771 | SL: 1.14669 | TP: 1.14974 | RR: 2.0 | POSITION: 9803.9216
2026-07-30 18:39:54,632 | GBPUSD=X | Signal: HOLD | Confidence: 60%
2026-07-30 18:39:55,332 | JPY=X | Signal: HOLD | Confidence: 40%
2026-07-30 18:39:55,974 | AUDUSD=X | Signal: HOLD | Confidence: 10%
2026-07-30 18:39:56,725 | CAD=X | Signal: HOLD | Confidence: 10%
2026-07-30 18:39:57,356 | GC=F | Signal: HOLD | Confidence: 30%
2026-07-30 18:39:58,061 | SI=F | Signal: HOLD | Confidence: 35%
2026-07-30 18:39:58,907 | BTC-USD | Signal: HOLD | Confidence: 35%
2026-07-30 18:39:59,931 | ETH-USD | Signal: HOLD | Confidence: 40%
2026-07-30 18:40:00,874 | SOL-USD | Signal: HOLD | Confidence: 40%
2026-07-30 18:40:36,363 | EURUSD=X | Signal: BUY | Confidence: 70%
2026-07-30 18:40:36,367 | EURUSD=X | ENTRY: 1.14771 | SL: 1.14669 | TP: 1.14974 | RR: 2.0 | POSITION: 9803.9216
2026-07-30 18:40:37,251 | GBPUSD=X | Signal: HOLD | Confidence: 60%
2026-07-30 18:40:37,936 | JPY=X | Signal: HOLD | Confidence: 40%
2026-07-30 18:40:38,737 | AUDUSD=X | Signal: HOLD | Confidence: 10%
2026-07-30 18:40:39,518 | CAD=X | Signal: HOLD | Confidence: 10%
2026-07-30 18:40:40,261 | GC=F | Signal: HOLD | Confidence: 30%
2026-07-30 18:40:41,158 | SI=F | Signal: HOLD | Confidence: 5%
2026-07-30 18:40:41,879 | BTC-USD | Signal: HOLD | Confidence: 35%
2026-07-30 18:40:42,770 | ETH-USD | Signal: HOLD | Confidence: 30%
2026-07-30 18:40:43,534 | SOL-USD | Signal: HOLD | Confidence: 20%
2026-07-30 18:41:20,092 | EURUSD=X | Signal: HOLD | Confidence: 60%
2026-07-30 18:41:20,854 | GBPUSD=X | Signal: BUY | Confidence: 70%
2026-07-30 18:41:20,855 | GBPUSD=X | ENTRY: 1.33735 | SL: 1.33561 | TP: 1.34082 | RR: 2.0 | POSITION: 5747.1264
2026-07-30 18:41:21,611 | JPY=X | Signal: HOLD | Confidence: 40%
2026-07-30 18:41:22,390 | AUDUSD=X | Signal: HOLD | Confidence: 10%
2026-07-30 18:41:23,200 | CAD=X | Signal: HOLD | Confidence: 10%
2026-07-30 18:41:23,881 | GC=F | Signal: HOLD | Confidence: 40%
2026-07-30 18:41:24,486 | SI=F | Signal: HOLD | Confidence: 10%
2026-07-30 18:41:25,358 | BTC-USD | Signal: HOLD | Confidence: 35%
2026-07-30 18:41:26,160 | ETH-USD | Signal: HOLD | Confidence: 50%
2026-07-30 18:41:26,957 | SOL-USD | Signal: HOLD | Confidence: 20%
2026-07-30 18:42:03,049 | EURUSD=X | Signal: HOLD | Confidence: 60%
2026-07-30 18:42:03,886 | GBPUSD=X | Signal: HOLD | Confidence: 50%
2026-07-30 18:42:04,625 | JPY=X | Signal: HOLD | Confidence: 40%
2026-07-30 18:42:05,518 | AUDUSD=X | Signal: HOLD | Confidence: 0%
2026-07-30 18:42:06,345 | CAD=X | Signal: HOLD | Confidence: 10%
2026-07-30 18:42:06,984 | GC=F | Signal: HOLD | Confidence: 30%
2026-07-30 18:42:07,586 | SI=F | Signal: HOLD | Confidence: 20%
2026-07-30 18:42:08,355 | BTC-USD | Signal: HOLD | Confidence: 35%
2026-07-30 18:42:09,106 | ETH-USD | Signal: HOLD | Confidence: 30%
2026-07-30 18:42:10,131 | SOL-USD | Signal: HOLD | Confidence: 40%
2026-07-30 18:42:43,477 | EURUSD=X | Signal: HOLD | Confidence: 60%
2026-07-30 18:42:44,810 | GBPUSD=X | Signal: HOLD | Confidence: 50%
2026-07-30 18:42:45,668 | JPY=X | Signal: HOLD | Confidence: 40%
2026-07-30 18:42:46,548 | AUDUSD=X | Signal: HOLD | Confidence: 0%
2026-07-30 18:42:47,528 | CAD=X | Signal: HOLD | Confidence: 10%
2026-07-30 18:42:48,447 | GC=F | Signal: HOLD | Confidence: 40%
2026-07-30 18:42:49,345 | SI=F | Signal: HOLD | Confidence: 35%
2026-07-30 18:42:50,276 | BTC-USD | Signal: HOLD | Confidence: 25%
2026-07-30 18:42:51,031 | ETH-USD | Signal: HOLD | Confidence: 30%
2026-07-30 18:42:51,835 | SOL-USD | Signal: HOLD | Confidence: 40%
2026-07-30 18:43:24,779 | EURUSD=X | Signal: BUY | Confidence: 70%
2026-07-30 18:43:24,780 | EURUSD=X | ENTRY: 1.14771 | SL: 1.14669 | TP: 1.14974 | RR: 2.0 | POSITION: 9803.9216
2026-07-30 18:43:25,671 | GBPUSD=X | Signal: HOLD | Confidence: 60%
2026-07-30 18:43:26,814 | JPY=X | Signal: HOLD | Confidence: 40%
2026-07-30 18:43:27,800 | AUDUSD=X | Signal: HOLD | Confidence: 0%
2026-07-30 18:43:29,276 | CAD=X | Signal: HOLD | Confidence: 10%
2026-07-30 18:43:30,163 | GC=F | Signal: HOLD | Confidence: 30%
2026-07-30 18:43:31,094 | SI=F | Signal: HOLD | Confidence: 20%
2026-07-30 18:43:32,064 | BTC-USD | Signal: HOLD | Confidence: 35%
2026-07-30 18:43:33,016 | ETH-USD | Signal: HOLD | Confidence: 50%
2026-07-30 18:43:34,065 | SOL-USD | Signal: HOLD | Confidence: 40%
2026-07-30 18:44:07,319 | EURUSD=X | Signal: BUY | Confidence: 70%
2026-07-30 18:44:07,320 | EURUSD=X | ENTRY: 1.14784 | SL: 1.14683 | TP: 1.14987 | RR: 2.0 | POSITION: 9900.9901
2026-07-30 18:44:08,167 | GBPUSD=X | Signal: HOLD | Confidence: 60%
2026-07-30 18:44:09,055 | JPY=X | Signal: HOLD | Confidence: 45%
2026-07-30 18:44:09,711 | AUDUSD=X | Signal: HOLD | Confidence: 15%
2026-07-30 18:44:10,668 | CAD=X | Signal: HOLD | Confidence: 10%
2026-07-30 18:44:11,436 | GC=F | Signal: HOLD | Confidence: 40%
2026-07-30 18:44:12,205 | SI=F | Signal: HOLD | Confidence: 10%
2026-07-30 18:44:13,065 | BTC-USD | Signal: HOLD | Confidence: 40%
2026-07-30 18:44:13,922 | ETH-USD | Signal: HOLD | Confidence: 40%
2026-07-30 18:44:14,718 | SOL-USD | Signal: HOLD | Confidence: 50%
2026-07-30 18:44:48,710 | EURUSD=X | Signal: BUY | Confidence: 70%
2026-07-30 18:44:48,711 | EURUSD=X | ENTRY: 1.14771 | SL: 1.14669 | TP: 1.14974 | RR: 2.0 | POSITION: 9803.9216
2026-07-30 18:44:49,431 | GBPUSD=X | Signal: HOLD | Confidence: 50%
2026-07-30 18:44:50,290 | JPY=X | Signal: HOLD | Confidence: 45%
2026-07-30 18:44:51,053 | AUDUSD=X | Signal: HOLD | Confidence: 15%
2026-07-30 18:44:51,816 | CAD=X | Signal: HOLD | Confidence: 30%
2026-07-30 18:44:52,528 | GC=F | Signal: HOLD | Confidence: 20%
2026-07-30 18:44:53,298 | SI=F | Signal: HOLD | Confidence: 0%
2026-07-30 18:44:54,205 | BTC-USD | Signal: HOLD | Confidence: 25%
2026-07-30 18:44:55,154 | ETH-USD | Signal: HOLD | Confidence: 50%
2026-07-30 18:44:56,272 | SOL-USD | Signal: HOLD | Confidence: 40%
2026-07-30 18:45:30,401 | EURUSD=X | Signal: BUY | Confidence: 70%
2026-07-30 18:45:30,402 | EURUSD=X | ENTRY: 1.14771 | SL: 1.14669 | TP: 1.14974 | RR: 2.0 | POSITION: 9803.9216
2026-07-30 18:45:31,175 | GBPUSD=X | Signal: HOLD | Confidence: 50%
2026-07-30 18:45:31,884 | JPY=X | Signal: HOLD | Confidence: 40%
2026-07-30 18:45:32,672 | AUDUSD=X | Signal: HOLD | Confidence: 15%
2026-07-30 18:45:33,359 | CAD=X | Signal: HOLD | Confidence: 10%
2026-07-30 18:45:34,251 | GC=F | Signal: HOLD | Confidence: 40%
2026-07-30 18:45:34,845 | SI=F | Signal: HOLD | Confidence: 0%
2026-07-30 18:45:35,674 | BTC-USD | Signal: HOLD | Confidence: 40%
2026-07-30 18:45:36,558 | ETH-USD | Signal: BUY | Confidence: 60%
2026-07-30 18:45:36,559 | ETH-USD | ENTRY: 1923.25 | SL: 1917.35498 | TP: 1935.04003 | RR: 2.0 | POSITION: 1.6963
2026-07-30 18:45:37,430 | SOL-USD | Signal: HOLD | Confidence: 40%
2026-07-30 18:46:06,960 | EURUSD=X | Signal: HOLD | Confidence: 50%
2026-07-30 18:46:07,692 | GBPUSD=X | Signal: HOLD | Confidence: 20%
2026-07-30 18:46:08,531 | JPY=X | Signal: HOLD | Confidence: 40%
2026-07-30 18:46:09,326 | AUDUSD=X | Signal: HOLD | Confidence: 10%
2026-07-30 18:46:10,076 | CAD=X | Signal: HOLD | Confidence: 20%
2026-07-30 18:46:10,703 | GC=F | Signal: HOLD | Confidence: 40%
2026-07-30 18:46:11,291 | SI=F | Signal: HOLD | Confidence: 0%
2026-07-30 18:46:12,056 | BTC-USD | Signal: HOLD | Confidence: 40%
2026-07-30 18:46:12,989 | ETH-USD | Signal: BUY | Confidence: 60%
2026-07-30 18:46:12,990 | ETH-USD | ENTRY: 1922.20996 | SL: 1916.20351 | TP: 1934.22286 | RR: 2.0 | POSITION: 1.6649
2026-07-30 18:46:13,948 | SOL-USD | Signal: HOLD | Confidence: 40%
2026-07-30 18:46:46,088 | EURUSD=X | Signal: BUY | Confidence: 55%
2026-07-30 18:46:46,089 | EURUSD=X | ENTRY: 1.14771 | SL: 1.14672 | TP: 1.14969 | RR: 2.0 | POSITION: 10101.0101
2026-07-30 18:46:46,949 | GBPUSD=X | Signal: HOLD | Confidence: 15%
2026-07-30 18:46:47,775 | JPY=X | Signal: HOLD | Confidence: 50%
2026-07-30 18:46:48,655 | AUDUSD=X | Signal: HOLD | Confidence: 10%
2026-07-30 18:46:49,412 | CAD=X | Signal: HOLD | Confidence: 20%
2026-07-30 18:46:50,118 | GC=F | Signal: HOLD | Confidence: 20%
2026-07-30 18:46:50,665 | SI=F | Signal: HOLD | Confidence: 0%
2026-07-30 18:46:51,492 | BTC-USD | Signal: HOLD | Confidence: 35%
2026-07-30 18:46:52,492 | ETH-USD | Signal: BUY | Confidence: 55%
2026-07-30 18:46:52,493 | ETH-USD | ENTRY: 1921.75 | SL: 1915.69427 | TP: 1933.86146 | RR: 2.0 | POSITION: 1.6513
2026-07-30 18:46:53,310 | SOL-USD | Signal: HOLD | Confidence: 35%
2026-07-30 18:47:27,382 | EURUSD=X | Signal: BUY | Confidence: 55%
2026-07-30 18:47:27,383 | EURUSD=X | ENTRY: 1.14771 | SL: 1.14672 | TP: 1.14969 | RR: 2.0 | POSITION: 10101.0101
2026-07-30 18:47:28,362 | GBPUSD=X | Signal: HOLD | Confidence: 15%
2026-07-30 18:47:29,453 | JPY=X | Signal: HOLD | Confidence: 30%
2026-07-30 18:47:30,447 | AUDUSD=X | Signal: HOLD | Confidence: 10%
2026-07-30 18:47:31,424 | CAD=X | Signal: HOLD | Confidence: 20%
2026-07-30 18:47:32,141 | GC=F | Signal: HOLD | Confidence: 20%
2026-07-30 18:47:32,912 | SI=F | Signal: HOLD | Confidence: 10%
2026-07-30 18:47:33,933 | BTC-USD | Signal: HOLD | Confidence: 40%
2026-07-30 18:47:34,782 | ETH-USD | Signal: BUY | Confidence: 55%
2026-07-30 18:47:34,783 | ETH-USD | ENTRY: 1922.13 | SL: 1916.07428 | TP: 1934.24146 | RR: 2.0 | POSITION: 1.6513
2026-07-30 18:47:35,710 | SOL-USD | Signal: HOLD | Confidence: 35%
2026-07-30 18:48:08,514 | EURUSD=X | Signal: BUY | Confidence: 55%
2026-07-30 18:48:08,515 | EURUSD=X | ENTRY: 1.14771 | SL: 1.14672 | TP: 1.14969 | RR: 2.0 | POSITION: 10101.0101
2026-07-30 18:48:09,280 | GBPUSD=X | Signal: BUY | Confidence: 55%
2026-07-30 18:48:09,281 | GBPUSD=X | ENTRY: 1.33727 | SL: 1.33555 | TP: 1.34072 | RR: 2.0 | POSITION: 5813.9535
2026-07-30 18:48:09,847 | JPY=X | Signal: HOLD | Confidence: 30%
2026-07-30 18:48:10,741 | AUDUSD=X | Signal: HOLD | Confidence: 15%
2026-07-30 18:48:11,892 | CAD=X | Signal: HOLD | Confidence: 20%
2026-07-30 18:48:12,626 | GC=F | Signal: HOLD | Confidence: 40%
2026-07-30 18:48:13,193 | SI=F | Signal: HOLD | Confidence: 35%
2026-07-30 18:48:14,375 | BTC-USD | Signal: HOLD | Confidence: 50%
2026-07-30 18:48:15,602 | ETH-USD | Signal: BUY | Confidence: 70%
2026-07-30 18:48:15,603 | ETH-USD | ENTRY: 1922.79004 | SL: 1916.73431 | TP: 1934.9015 | RR: 2.0 | POSITION: 1.6513
2026-07-30 18:48:16,415 | SOL-USD | Signal: HOLD | Confidence: 35%
2026-07-30 18:48:48,428 | EURUSD=X | Signal: BUY | Confidence: 55%
2026-07-30 18:48:48,429 | EURUSD=X | ENTRY: 1.14771 | SL: 1.14672 | TP: 1.14969 | RR: 2.0 | POSITION: 10101.0101
2026-07-30 18:48:49,132 | GBPUSD=X | Signal: HOLD | Confidence: 30%
2026-07-30 18:48:49,734 | JPY=X | Signal: HOLD | Confidence: 40%
2026-07-30 18:48:50,552 | AUDUSD=X | Signal: HOLD | Confidence: 15%
2026-07-30 18:48:51,329 | CAD=X | Signal: HOLD | Confidence: 20%
2026-07-30 18:48:52,022 | GC=F | Signal: HOLD | Confidence: 55%
2026-07-30 18:48:52,753 | SI=F | Signal: HOLD | Confidence: 35%
2026-07-30 18:48:53,671 | BTC-USD | Signal: HOLD | Confidence: 50%
2026-07-30 18:48:54,603 | ETH-USD | Signal: BUY | Confidence: 60%
2026-07-30 18:48:54,604 | ETH-USD | ENTRY: 1922.29004 | SL: 1916.23431 | TP: 1934.4015 | RR: 2.0 | POSITION: 1.6513
2026-07-30 18:48:55,244 | SOL-USD | Signal: HOLD | Confidence: 35%
2026-07-30 18:49:26,234 | EURUSD=X | Signal: BUY | Confidence: 55%
2026-07-30 18:49:26,235 | EURUSD=X | ENTRY: 1.14771 | SL: 1.14672 | TP: 1.14969 | RR: 2.0 | POSITION: 10101.0101
2026-07-30 18:49:27,032 | GBPUSD=X | Signal: HOLD | Confidence: 30%
2026-07-30 18:49:27,848 | JPY=X | Signal: HOLD | Confidence: 30%
2026-07-30 18:49:28,699 | AUDUSD=X | Signal: HOLD | Confidence: 15%
2026-07-30 18:49:29,453 | CAD=X | Signal: HOLD | Confidence: 20%
2026-07-30 18:49:30,182 | GC=F | Signal: HOLD | Confidence: 55%
2026-07-30 18:49:30,884 | SI=F | Signal: HOLD | Confidence: 35%
2026-07-30 18:49:31,582 | BTC-USD | Signal: HOLD | Confidence: 50%
2026-07-30 18:49:32,348 | ETH-USD | Signal: BUY | Confidence: 60%
2026-07-30 18:49:32,351 | ETH-USD | ENTRY: 1922.56995 | SL: 1916.51422 | TP: 1934.68141 | RR: 2.0 | POSITION: 1.6513
2026-07-30 18:49:33,136 | SOL-USD | Signal: HOLD | Confidence: 35%
2026-07-30 18:50:07,762 | EURUSD=X | Signal: BUY | Confidence: 55%
2026-07-30 18:50:07,768 | EURUSD=X | ENTRY: 1.14771 | SL: 1.14672 | TP: 1.14969 | RR: 2.0 | POSITION: 10101.0101
2026-07-30 18:50:08,795 | GBPUSD=X | Signal: HOLD | Confidence: 50%
2026-07-30 18:50:09,810 | JPY=X | Signal: HOLD | Confidence: 40%
2026-07-30 18:50:10,958 | AUDUSD=X | Signal: HOLD | Confidence: 15%
2026-07-30 18:50:11,810 | CAD=X | Signal: HOLD | Confidence: 20%
2026-07-30 18:50:12,675 | GC=F | Signal: HOLD | Confidence: 55%
2026-07-30 18:50:13,447 | SI=F | Signal: HOLD | Confidence: 35%
2026-07-30 18:50:14,403 | BTC-USD | Signal: HOLD | Confidence: 50%
2026-07-30 18:50:15,614 | ETH-USD | Signal: BUY | Confidence: 55%
2026-07-30 18:50:15,615 | ETH-USD | ENTRY: 1921.80005 | SL: 1915.74432 | TP: 1933.91151 | RR: 2.0 | POSITION: 1.6513
2026-07-30 18:50:16,586 | SOL-USD | Signal: HOLD | Confidence: 35%
2026-07-30 18:50:51,354 | EURUSD=X | Signal: BUY | Confidence: 55%
2026-07-30 18:50:51,354 | EURUSD=X | ENTRY: 1.14771 | SL: 1.14672 | TP: 1.14969 | RR: 2.0 | POSITION: 10101.0101
2026-07-30 18:50:52,084 | GBPUSD=X | Signal: BUY | Confidence: 55%
2026-07-30 18:50:52,085 | GBPUSD=X | ENTRY: 1.33733 | SL: 1.33561 | TP: 1.34077 | RR: 2.0 | POSITION: 5813.9535
2026-07-30 18:50:52,792 | JPY=X | Signal: HOLD | Confidence: 50%
2026-07-30 18:50:53,723 | AUDUSD=X | Signal: HOLD | Confidence: 15%
2026-07-30 18:50:54,348 | CAD=X | Signal: HOLD | Confidence: 20%
2026-07-30 18:50:54,916 | GC=F | Signal: HOLD | Confidence: 45%
2026-07-30 18:50:55,477 | SI=F | Signal: HOLD | Confidence: 20%
2026-07-30 18:50:56,207 | BTC-USD | Signal: HOLD | Confidence: 40%
2026-07-30 18:50:56,855 | ETH-USD | Signal: HOLD | Confidence: 45%
2026-07-30 18:50:57,628 | SOL-USD | Signal: HOLD | Confidence: 15%
2026-07-30 18:51:31,051 | EURUSD=X | Signal: BUY | Confidence: 55%
2026-07-30 18:51:31,052 | EURUSD=X | ENTRY: 1.14771 | SL: 1.14672 | TP: 1.14969 | RR: 2.0 | POSITION: 10101.0101
2026-07-30 18:51:32,213 | GBPUSD=X | Signal: BUY | Confidence: 55%
2026-07-30 18:51:32,215 | GBPUSD=X | ENTRY: 1.33733 | SL: 1.33561 | TP: 1.34077 | RR: 2.0 | POSITION: 5813.9535
2026-07-30 18:51:33,013 | JPY=X | Signal: HOLD | Confidence: 40%
2026-07-30 18:51:33,896 | AUDUSD=X | Signal: HOLD | Confidence: 15%
2026-07-30 18:51:34,839 | CAD=X | Signal: HOLD | Confidence: 10%
2026-07-30 18:51:35,546 | GC=F | Signal: BUY | Confidence: 55%
2026-07-30 18:51:35,547 | GC=F | ENTRY: 4128.7002 | SL: 4115.37163 | TP: 4155.35732 | RR: 2.0 | POSITION: 0.7503
2026-07-30 18:51:36,184 | SI=F | Signal: HOLD | Confidence: 20%
2026-07-30 18:51:37,090 | BTC-USD | Signal: HOLD | Confidence: 40%
2026-07-30 18:51:38,117 | ETH-USD | Signal: HOLD | Confidence: 45%
2026-07-30 18:51:39,339 | SOL-USD | Signal: HOLD | Confidence: 15%
2026-07-30 18:52:15,543 | EURUSD=X | Signal: BUY | Confidence: 55%
2026-07-30 18:52:15,544 | EURUSD=X | ENTRY: 1.14784 | SL: 1.14684 | TP: 1.14985 | RR: 2.0 | POSITION: 10000.0
2026-07-30 18:52:16,582 | GBPUSD=X | Signal: BUY | Confidence: 55%
2026-07-30 18:52:16,582 | GBPUSD=X | ENTRY: 1.33729 | SL: 1.33557 | TP: 1.34074 | RR: 2.0 | POSITION: 5813.9535
2026-07-30 18:52:17,502 | JPY=X | Signal: HOLD | Confidence: 45%
2026-07-30 18:52:18,415 | AUDUSD=X | Signal: HOLD | Confidence: 15%
2026-07-30 18:52:19,234 | CAD=X | Signal: HOLD | Confidence: 10%
2026-07-30 18:52:20,053 | GC=F | Signal: HOLD | Confidence: 45%
2026-07-30 18:52:20,656 | SI=F | Signal: HOLD | Confidence: 35%
2026-07-30 18:52:22,214 | BTC-USD | Signal: HOLD | Confidence: 40%
2026-07-30 18:52:23,085 | ETH-USD | Signal: BUY | Confidence: 55%
2026-07-30 18:52:23,086 | ETH-USD | ENTRY: 1921.20996 | SL: 1915.0578 | TP: 1933.51428 | RR: 2.0 | POSITION: 1.6254
2026-07-30 18:52:24,253 | SOL-USD | Signal: HOLD | Confidence: 15%
2026-07-30 18:52:58,503 | EURUSD=X | Signal: BUY | Confidence: 55%
2026-07-30 18:52:58,505 | EURUSD=X | ENTRY: 1.14797 | SL: 1.14696 | TP: 1.15001 | RR: 2.0 | POSITION: 9900.9901
2026-07-30 18:52:59,202 | GBPUSD=X | Signal: BUY | Confidence: 55%
2026-07-30 18:52:59,204 | GBPUSD=X | ENTRY: 1.33767 | SL: 1.33592 | TP: 1.34116 | RR: 2.0 | POSITION: 5714.2857
2026-07-30 18:53:00,007 | JPY=X | Signal: HOLD | Confidence: 45%
2026-07-30 18:53:01,332 | AUDUSD=X | Signal: HOLD | Confidence: 15%
2026-07-30 18:53:02,243 | CAD=X | Signal: HOLD | Confidence: 20%
2026-07-30 18:53:03,169 | GC=F | Signal: HOLD | Confidence: 35%
2026-07-30 18:53:03,953 | SI=F | Signal: HOLD | Confidence: 20%
2026-07-30 18:53:05,122 | BTC-USD | Signal: HOLD | Confidence: 50%
2026-07-30 18:53:06,349 | ETH-USD | Signal: BUY | Confidence: 60%
2026-07-30 18:53:06,349 | ETH-USD | ENTRY: 1922.09998 | SL: 1915.94781 | TP: 1934.4043 | RR: 2.0 | POSITION: 1.6254
2026-07-30 18:53:07,223 | SOL-USD | Signal: HOLD | Confidence: 35%
2026-07-30 18:53:44,268 | EURUSD=X | Signal: BUY | Confidence: 55%
2026-07-30 18:53:44,270 | EURUSD=X | ENTRY: 1.14797 | SL: 1.14696 | TP: 1.15001 | RR: 2.0 | POSITION: 9900.9901
2026-07-30 18:53:45,018 | GBPUSD=X | Signal: BUY | Confidence: 55%
2026-07-30 18:53:45,019 | GBPUSD=X | ENTRY: 1.33767 | SL: 1.33592 | TP: 1.34116 | RR: 2.0 | POSITION: 5714.2857
2026-07-30 18:53:45,644 | JPY=X | Signal: HOLD | Confidence: 40%
2026-07-30 18:53:46,604 | AUDUSD=X | Signal: HOLD | Confidence: 15%
2026-07-30 18:53:47,403 | CAD=X | Signal: HOLD | Confidence: 20%
2026-07-30 18:53:48,120 | GC=F | Signal: HOLD | Confidence: 55%
2026-07-30 18:53:48,723 | SI=F | Signal: HOLD | Confidence: 35%
2026-07-30 18:53:49,374 | BTC-USD | Signal: HOLD | Confidence: 50%
2026-07-30 18:53:50,068 | ETH-USD | Signal: BUY | Confidence: 70%
2026-07-30 18:53:50,069 | ETH-USD | ENTRY: 1922.52002 | SL: 1916.36786 | TP: 1934.82434 | RR: 2.0 | POSITION: 1.6254
2026-07-30 18:53:50,773 | SOL-USD | Signal: HOLD | Confidence: 40%
2026-07-30 18:54:24,831 | EURUSD=X | Signal: BUY | Confidence: 55%
2026-07-30 18:54:24,833 | EURUSD=X | ENTRY: 1.14797 | SL: 1.14696 | TP: 1.15001 | RR: 2.0 | POSITION: 9900.9901
2026-07-30 18:54:25,730 | GBPUSD=X | Signal: HOLD | Confidence: 40%
2026-07-30 18:54:26,865 | JPY=X | Signal: HOLD | Confidence: 45%
2026-07-30 18:54:28,007 | AUDUSD=X | Signal: HOLD | Confidence: 15%
2026-07-30 18:54:29,015 | CAD=X | Signal: HOLD | Confidence: 20%
2026-07-30 18:54:29,802 | GC=F | Signal: HOLD | Confidence: 55%
2026-07-30 18:54:30,620 | SI=F | Signal: HOLD | Confidence: 35%
2026-07-30 18:54:31,440 | BTC-USD | Signal: HOLD | Confidence: 50%
2026-07-30 18:54:32,443 | ETH-USD | Signal: BUY | Confidence: 70%
2026-07-30 18:54:32,443 | ETH-USD | ENTRY: 1922.82996 | SL: 1916.6778 | TP: 1935.13428 | RR: 2.0 | POSITION: 1.6254
2026-07-30 18:54:33,436 | SOL-USD | Signal: HOLD | Confidence: 40%
2026-07-30 18:55:05,747 | EURUSD=X | Signal: BUY | Confidence: 55%
2026-07-30 18:55:05,748 | EURUSD=X | ENTRY: 1.14824 | SL: 1.14719 | TP: 1.15033 | RR: 2.0 | POSITION: 9523.8095
2026-07-30 18:55:06,614 | GBPUSD=X | Signal: HOLD | Confidence: 50%
2026-07-30 18:55:07,435 | JPY=X | Signal: HOLD | Confidence: 45%
2026-07-30 18:55:08,610 | AUDUSD=X | Signal: HOLD | Confidence: 15%
2026-07-30 18:55:09,340 | CAD=X | Signal: HOLD | Confidence: 20%
2026-07-30 18:55:10,019 | GC=F | Signal: HOLD | Confidence: 55%
2026-07-30 18:55:10,632 | SI=F | Signal: HOLD | Confidence: 35%
2026-07-30 18:55:11,263 | BTC-USD | Signal: HOLD | Confidence: 50%
2026-07-30 18:55:11,946 | ETH-USD | Signal: BUY | Confidence: 70%
2026-07-30 18:55:11,948 | ETH-USD | ENTRY: 1924.07996 | SL: 1917.84209 | TP: 1936.55569 | RR: 2.0 | POSITION: 1.6031
2026-07-30 18:55:12,751 | SOL-USD | Signal: HOLD | Confidence: 50%
2026-07-30 18:55:48,250 | EURUSD=X | Signal: BUY | Confidence: 75%
2026-07-30 18:55:48,251 | EURUSD=X | ENTRY: 1.14837 | SL: 1.14731 | TP: 1.15049 | RR: 2.0 | POSITION: 9433.9623
2026-07-30 18:55:48,991 | GBPUSD=X | Signal: BUY | Confidence: 55%
2026-07-30 18:55:48,992 | GBPUSD=X | ENTRY: 1.33751 | SL: 1.33576 | TP: 1.341 | RR: 2.0 | POSITION: 5714.2857
2026-07-30 18:55:49,933 | JPY=X | Signal: HOLD | Confidence: 45%
2026-07-30 18:55:50,624 | AUDUSD=X | Signal: HOLD | Confidence: 25%
2026-07-30 18:55:51,631 | CAD=X | Signal: HOLD | Confidence: 20%
2026-07-30 18:55:52,393 | GC=F | Signal: HOLD | Confidence: 40%
2026-07-30 18:55:53,055 | SI=F | Signal: HOLD | Confidence: 10%
2026-07-30 18:55:53,834 | BTC-USD | Signal: HOLD | Confidence: 40%
2026-07-30 18:55:54,573 | ETH-USD | Signal: BUY | Confidence: 60%
2026-07-30 18:55:54,574 | ETH-USD | ENTRY: 1924.97998 | SL: 1918.64568 | TP: 1937.64858 | RR: 2.0 | POSITION: 1.5787
2026-07-30 18:55:55,310 | SOL-USD | Signal: HOLD | Confidence: 50%
2026-07-30 18:56:29,994 | EURUSD=X | Signal: BUY | Confidence: 75%
2026-07-30 18:56:29,995 | EURUSD=X | ENTRY: 1.14837 | SL: 1.14731 | TP: 1.15049 | RR: 2.0 | POSITION: 9433.9623
2026-07-30 18:56:30,597 | GBPUSD=X | Signal: BUY | Confidence: 55%
2026-07-30 18:56:30,599 | GBPUSD=X | ENTRY: 1.33751 | SL: 1.33576 | TP: 1.341 | RR: 2.0 | POSITION: 5714.2857
2026-07-30 18:56:31,147 | JPY=X | Signal: HOLD | Confidence: 45%
2026-07-30 18:56:32,006 | AUDUSD=X | Signal: HOLD | Confidence: 25%
2026-07-30 18:56:32,604 | CAD=X | Signal: HOLD | Confidence: 20%
2026-07-30 18:56:33,128 | GC=F | Signal: HOLD | Confidence: 30%
2026-07-30 18:56:33,780 | SI=F | Signal: HOLD | Confidence: 0%
2026-07-30 18:56:34,418 | BTC-USD | Signal: HOLD | Confidence: 40%
2026-07-30 18:56:35,117 | ETH-USD | Signal: BUY | Confidence: 60%
2026-07-30 18:56:35,118 | ETH-USD | ENTRY: 1924.68994 | SL: 1918.32671 | TP: 1937.4164 | RR: 2.0 | POSITION: 1.5715
2026-07-30 18:56:35,892 | SOL-USD | Signal: HOLD | Confidence: 40%
2026-07-30 18:57:10,427 | EURUSD=X | Signal: BUY | Confidence: 75%
2026-07-30 18:57:10,427 | EURUSD=X | ENTRY: 1.14837 | SL: 1.14731 | TP: 1.15049 | RR: 2.0 | POSITION: 9433.9623
2026-07-30 18:57:11,150 | GBPUSD=X | Signal: BUY | Confidence: 55%
2026-07-30 18:57:11,151 | GBPUSD=X | ENTRY: 1.33754 | SL: 1.3358 | TP: 1.34104 | RR: 2.0 | POSITION: 5747.1264
2026-07-30 18:57:11,787 | JPY=X | Signal: HOLD | Confidence: 40%
2026-07-30 18:57:12,467 | AUDUSD=X | Signal: HOLD | Confidence: 25%
2026-07-30 18:57:13,189 | CAD=X | Signal: HOLD | Confidence: 20%
2026-07-30 18:57:13,855 | GC=F | Signal: HOLD | Confidence: 30%
2026-07-30 18:57:14,393 | SI=F | Signal: HOLD | Confidence: 0%
2026-07-30 18:57:15,219 | BTC-USD | Signal: HOLD | Confidence: 50%
2026-07-30 18:57:16,076 | ETH-USD | Signal: BUY | Confidence: 70%
2026-07-30 18:57:16,078 | ETH-USD | ENTRY: 1924.13 | SL: 1917.76678 | TP: 1936.85646 | RR: 2.0 | POSITION: 1.5715
2026-07-30 18:57:16,784 | SOL-USD | Signal: HOLD | Confidence: 15%
2026-07-30 18:57:50,619 | EURUSD=X | Signal: BUY | Confidence: 75%
2026-07-30 18:57:50,620 | EURUSD=X | ENTRY: 1.14837 | SL: 1.14731 | TP: 1.15049 | RR: 2.0 | POSITION: 9433.9623
2026-07-30 18:57:51,329 | GBPUSD=X | Signal: HOLD | Confidence: 50%
2026-07-30 18:57:52,104 | JPY=X | Signal: HOLD | Confidence: 40%
2026-07-30 18:57:52,804 | AUDUSD=X | Signal: HOLD | Confidence: 25%
2026-07-30 18:57:53,604 | CAD=X | Signal: HOLD | Confidence: 20%
2026-07-30 18:57:54,294 | GC=F | Signal: HOLD | Confidence: 30%
2026-07-30 18:57:54,975 | SI=F | Signal: HOLD | Confidence: 0%
2026-07-30 18:57:55,692 | BTC-USD | Signal: HOLD | Confidence: 50%
2026-07-30 18:57:56,423 | ETH-USD | Signal: BUY | Confidence: 70%
2026-07-30 18:57:56,424 | ETH-USD | ENTRY: 1924.06006 | SL: 1917.69683 | TP: 1936.78652 | RR: 2.0 | POSITION: 1.5715
2026-07-30 18:57:57,225 | SOL-USD | Signal: HOLD | Confidence: 35%
2026-07-30 18:58:27,722 | EURUSD=X | Signal: BUY | Confidence: 75%
2026-07-30 18:58:27,723 | EURUSD=X | ENTRY: 1.14837 | SL: 1.14731 | TP: 1.15049 | RR: 2.0 | POSITION: 9433.9623
2026-07-30 18:58:28,440 | GBPUSD=X | Signal: HOLD | Confidence: 50%
2026-07-30 18:58:29,137 | JPY=X | Signal: HOLD | Confidence: 40%
2026-07-30 18:58:29,871 | AUDUSD=X | Signal: HOLD | Confidence: 25%
2026-07-30 18:58:30,517 | CAD=X | Signal: HOLD | Confidence: 20%
2026-07-30 18:58:31,056 | GC=F | Signal: HOLD | Confidence: 40%
2026-07-30 18:58:31,643 | SI=F | Signal: HOLD | Confidence: 10%
2026-07-30 18:58:32,448 | BTC-USD | Signal: HOLD | Confidence: 50%
2026-07-30 18:58:33,359 | ETH-USD | Signal: BUY | Confidence: 70%
2026-07-30 18:58:33,360 | ETH-USD | ENTRY: 1923.23999 | SL: 1916.87676 | TP: 1935.96645 | RR: 2.0 | POSITION: 1.5715
2026-07-30 18:58:34,112 | SOL-USD | Signal: HOLD | Confidence: 35%
2026-07-30 18:59:12,081 | EURUSD=X | Signal: BUY | Confidence: 55%
2026-07-30 18:59:12,082 | EURUSD=X | ENTRY: 1.14824 | SL: 1.14718 | TP: 1.15035 | RR: 2.0 | POSITION: 9433.9623
2026-07-30 18:59:12,808 | GBPUSD=X | Signal: HOLD | Confidence: 40%
2026-07-30 18:59:13,578 | JPY=X | Signal: HOLD | Confidence: 40%
2026-07-30 18:59:14,355 | AUDUSD=X | Signal: HOLD | Confidence: 25%
2026-07-30 18:59:15,167 | CAD=X | Signal: HOLD | Confidence: 20%
2026-07-30 18:59:15,799 | GC=F | Signal: HOLD | Confidence: 30%
2026-07-30 18:59:16,428 | SI=F | Signal: HOLD | Confidence: 0%
2026-07-30 18:59:17,268 | BTC-USD | Signal: HOLD | Confidence: 30%
2026-07-30 18:59:17,987 | ETH-USD | Signal: BUY | Confidence: 70%
2026-07-30 18:59:17,988 | ETH-USD | ENTRY: 1922.95996 | SL: 1916.59673 | TP: 1935.68642 | RR: 2.0 | POSITION: 1.5715
2026-07-30 18:59:18,880 | SOL-USD | Signal: HOLD | Confidence: 15%
2026-07-30 18:59:54,019 | EURUSD=X | Signal: BUY | Confidence: 75%
2026-07-30 18:59:54,020 | EURUSD=X | ENTRY: 1.14837 | SL: 1.14731 | TP: 1.15049 | RR: 2.0 | POSITION: 9433.9623
2026-07-30 18:59:54,760 | GBPUSD=X | Signal: HOLD | Confidence: 50%
2026-07-30 18:59:55,477 | JPY=X | Signal: HOLD | Confidence: 40%
2026-07-30 18:59:56,168 | AUDUSD=X | Signal: HOLD | Confidence: 25%
2026-07-30 18:59:56,902 | CAD=X | Signal: HOLD | Confidence: 20%
2026-07-30 18:59:57,551 | GC=F | Signal: HOLD | Confidence: 40%
2026-07-30 18:59:58,240 | SI=F | Signal: HOLD | Confidence: 0%
2026-07-30 18:59:59,096 | BTC-USD | Signal: HOLD | Confidence: 30%
2026-07-30 18:59:59,995 | ETH-USD | Signal: BUY | Confidence: 70%
2026-07-30 18:59:59,996 | ETH-USD | ENTRY: 1922.91003 | SL: 1916.54681 | TP: 1935.63649 | RR: 2.0 | POSITION: 1.5715
2026-07-30 19:00:00,985 | SOL-USD | Signal: HOLD | Confidence: 15%
2026-07-30 19:00:38,613 | EURUSD=X | Signal: BUY | Confidence: 75%
2026-07-30 19:00:38,614 | EURUSD=X | ENTRY: 1.14837 | SL: 1.14731 | TP: 1.15049 | RR: 2.0 | POSITION: 9433.9623
2026-07-30 19:00:39,345 | GBPUSD=X | Signal: HOLD | Confidence: 50%
2026-07-30 19:00:40,118 | JPY=X | Signal: HOLD | Confidence: 10%
2026-07-30 19:00:40,883 | AUDUSD=X | Signal: HOLD | Confidence: 25%
2026-07-30 19:00:41,692 | CAD=X | Signal: HOLD | Confidence: 20%
2026-07-30 19:00:42,355 | GC=F | Signal: HOLD | Confidence: 30%
2026-07-30 19:00:43,081 | SI=F | Signal: HOLD | Confidence: 5%
2026-07-30 19:00:43,895 | BTC-USD | Signal: HOLD | Confidence: 40%
2026-07-30 19:00:44,694 | ETH-USD | Signal: BUY | Confidence: 60%
2026-07-30 19:00:44,695 | ETH-USD | ENTRY: 1922.76001 | SL: 1916.71392 | TP: 1934.85219 | RR: 2.0 | POSITION: 1.654
2026-07-30 19:00:45,384 | SOL-USD | Signal: HOLD | Confidence: 20%
2026-07-30 19:01:19,802 | EURUSD=X | Signal: HOLD | Confidence: 50%
2026-07-30 19:01:20,854 | GBPUSD=X | Signal: HOLD | Confidence: 50%
2026-07-30 19:01:21,819 | JPY=X | Signal: HOLD | Confidence: 40%
2026-07-30 19:01:22,813 | AUDUSD=X | Signal: HOLD | Confidence: 25%
2026-07-30 19:01:23,769 | CAD=X | Signal: HOLD | Confidence: 20%
2026-07-30 19:01:24,622 | GC=F | Signal: HOLD | Confidence: 40%
2026-07-30 19:01:25,496 | SI=F | Signal: HOLD | Confidence: 0%
2026-07-30 19:01:26,554 | BTC-USD | Signal: HOLD | Confidence: 40%
2026-07-30 19:01:27,453 | ETH-USD | Signal: BUY | Confidence: 60%
2026-07-30 19:01:27,454 | ETH-USD | ENTRY: 1922.05005 | SL: 1915.73825 | TP: 1934.67365 | RR: 2.0 | POSITION: 1.5843
2026-07-30 19:01:28,301 | SOL-USD | Signal: HOLD | Confidence: 10%
2026-07-30 19:02:03,283 | EURUSD=X | Signal: HOLD | Confidence: 50%
2026-07-30 19:02:04,144 | GBPUSD=X | Signal: HOLD | Confidence: 50%
2026-07-30 19:02:04,944 | JPY=X | Signal: HOLD | Confidence: 10%
2026-07-30 19:02:05,765 | AUDUSD=X | Signal: HOLD | Confidence: 20%
2026-07-30 19:02:06,499 | CAD=X | Signal: HOLD | Confidence: 10%
2026-07-30 19:02:07,145 | GC=F | Signal: HOLD | Confidence: 40%
2026-07-30 19:02:07,706 | SI=F | Signal: HOLD | Confidence: 10%
2026-07-30 19:02:08,304 | BTC-USD | Signal: HOLD | Confidence: 40%
2026-07-30 19:02:09,028 | ETH-USD | Signal: HOLD | Confidence: 35%
2026-07-30 19:02:09,841 | SOL-USD | Signal: HOLD | Confidence: 5%
2026-07-30 19:02:43,272 | EURUSD=X | Signal: HOLD | Confidence: 50%
2026-07-30 19:02:43,982 | GBPUSD=X | Signal: BUY | Confidence: 55%
2026-07-30 19:02:43,983 | GBPUSD=X | ENTRY: 1.33733 | SL: 1.33564 | TP: 1.34069 | RR: 2.0 | POSITION: 5917.1598
2026-07-30 19:02:44,836 | JPY=X | Signal: HOLD | Confidence: 0%
2026-07-30 19:02:45,570 | AUDUSD=X | Signal: HOLD | Confidence: 20%
2026-07-30 19:02:46,396 | CAD=X | Signal: HOLD | Confidence: 10%
2026-07-30 19:02:46,946 | GC=F | Signal: HOLD | Confidence: 30%
2026-07-30 19:02:47,615 | SI=F | Signal: HOLD | Confidence: 10%
2026-07-30 19:02:48,393 | BTC-USD | Signal: HOLD | Confidence: 40%
2026-07-30 19:02:49,283 | ETH-USD | Signal: HOLD | Confidence: 25%
2026-07-30 19:02:50,035 | SOL-USD | Signal: HOLD | Confidence: 5%
2026-07-30 19:03:25,524 | EURUSD=X | Signal: HOLD | Confidence: 50%
2026-07-30 19:03:26,271 | GBPUSD=X | Signal: BUY | Confidence: 55%
2026-07-30 19:03:26,271 | GBPUSD=X | ENTRY: 1.33742 | SL: 1.33572 | TP: 1.3408 | RR: 2.0 | POSITION: 5882.3529
2026-07-30 19:03:26,975 | JPY=X | Signal: HOLD | Confidence: 10%
2026-07-30 19:03:27,705 | AUDUSD=X | Signal: HOLD | Confidence: 20%
2026-07-30 19:03:28,423 | CAD=X | Signal: HOLD | Confidence: 20%
2026-07-30 19:03:29,064 | GC=F | Signal: HOLD | Confidence: 30%
2026-07-30 19:03:29,667 | SI=F | Signal: HOLD | Confidence: 20%
2026-07-30 19:03:30,548 | BTC-USD | Signal: HOLD | Confidence: 35%
2026-07-30 19:03:31,363 | ETH-USD | Signal: HOLD | Confidence: 25%
2026-07-30 19:03:32,089 | SOL-USD | Signal: HOLD | Confidence: 5%
2026-07-30 19:04:04,314 | EURUSD=X | Signal: HOLD | Confidence: 50%
2026-07-30 19:04:05,058 | GBPUSD=X | Signal: BUY | Confidence: 55%
2026-07-30 19:04:05,058 | GBPUSD=X | ENTRY: 1.3377 | SL: 1.33598 | TP: 1.34115 | RR: 2.0 | POSITION: 5813.9535
2026-07-30 19:04:05,708 | JPY=X | Signal: HOLD | Confidence: 10%
2026-07-30 19:04:06,437 | AUDUSD=X | Signal: HOLD | Confidence: 25%
2026-07-30 19:04:07,224 | CAD=X | Signal: HOLD | Confidence: 20%
2026-07-30 19:04:07,912 | GC=F | Signal: HOLD | Confidence: 30%
2026-07-30 19:04:08,629 | SI=F | Signal: HOLD | Confidence: 10%
2026-07-30 19:04:09,327 | BTC-USD | Signal: HOLD | Confidence: 35%
2026-07-30 19:04:10,025 | ETH-USD | Signal: HOLD | Confidence: 25%
2026-07-30 19:04:10,926 | SOL-USD | Signal: HOLD | Confidence: 5%
2026-07-30 19:04:43,796 | EURUSD=X | Signal: HOLD | Confidence: 50%
2026-07-30 19:04:44,485 | GBPUSD=X | Signal: BUY | Confidence: 55%
2026-07-30 19:04:44,486 | GBPUSD=X | ENTRY: 1.3377 | SL: 1.33598 | TP: 1.34115 | RR: 2.0 | POSITION: 5813.9535
2026-07-30 19:04:45,223 | JPY=X | Signal: HOLD | Confidence: 0%
2026-07-30 19:04:45,972 | AUDUSD=X | Signal: HOLD | Confidence: 25%
2026-07-30 19:04:46,632 | CAD=X | Signal: HOLD | Confidence: 20%
2026-07-30 19:04:47,250 | GC=F | Signal: HOLD | Confidence: 30%
2026-07-30 19:04:47,914 | SI=F | Signal: HOLD | Confidence: 10%
2026-07-30 19:04:48,625 | BTC-USD | Signal: HOLD | Confidence: 35%
2026-07-30 19:04:49,384 | ETH-USD | Signal: HOLD | Confidence: 25%
2026-07-30 19:04:50,249 | SOL-USD | Signal: HOLD | Confidence: 5%
2026-07-30 19:05:26,553 | EURUSD=X | Signal: BUY | Confidence: 55%
2026-07-30 19:05:26,554 | EURUSD=X | ENTRY: 1.1485 | SL: 1.14751 | TP: 1.15048 | RR: 2.0 | POSITION: 10101.0101
2026-07-30 19:05:27,278 | GBPUSD=X | Signal: HOLD | Confidence: 50%
2026-07-30 19:05:27,958 | JPY=X | Signal: HOLD | Confidence: 0%
2026-07-30 19:05:28,620 | AUDUSD=X | Signal: HOLD | Confidence: 25%
2026-07-30 19:05:29,303 | CAD=X | Signal: HOLD | Confidence: 10%
2026-07-30 19:05:29,956 | GC=F | Signal: HOLD | Confidence: 45%
2026-07-30 19:05:30,615 | SI=F | Signal: HOLD | Confidence: 20%
2026-07-30 19:05:31,357 | BTC-USD | Signal: HOLD | Confidence: 35%
2026-07-30 19:05:31,968 | ETH-USD | Signal: HOLD | Confidence: 25%
2026-07-30 19:05:32,713 | SOL-USD | Signal: HOLD | Confidence: 5%
2026-07-30 19:06:08,032 | EURUSD=X | Signal: HOLD | Confidence: 40%
2026-07-30 19:06:08,848 | GBPUSD=X | Signal: HOLD | Confidence: 40%
2026-07-30 19:06:09,700 | JPY=X | Signal: HOLD | Confidence: 10%
2026-07-30 19:06:10,557 | AUDUSD=X | Signal: HOLD | Confidence: 20%
2026-07-30 19:06:11,374 | CAD=X | Signal: HOLD | Confidence: 10%
2026-07-30 19:06:12,083 | GC=F | Signal: HOLD | Confidence: 45%
2026-07-30 19:06:12,833 | SI=F | Signal: HOLD | Confidence: 20%
2026-07-30 19:06:13,711 | BTC-USD | Signal: HOLD | Confidence: 35%
2026-07-30 19:06:14,570 | ETH-USD | Signal: HOLD | Confidence: 25%
2026-07-30 19:06:15,386 | SOL-USD | Signal: HOLD | Confidence: 5%
2026-07-30 19:06:54,400 | EURUSD=X | Signal: BUY | Confidence: 85%
2026-07-30 19:06:54,402 | EURUSD=X | ENTRY: 1.14903 | SL: 1.14798 | TP: 1.15112 | RR: 2.0 | POSITION: 9523.8095
2026-07-30 19:06:55,178 | GBPUSD=X | Signal: BUY | Confidence: 55%
2026-07-30 19:06:55,179 | GBPUSD=X | ENTRY: 1.33837 | SL: 1.33657 | TP: 1.34196 | RR: 2.0 | POSITION: 5555.5556
2026-07-30 19:06:55,978 | JPY=X | Signal: HOLD | Confidence: 45%
2026-07-30 19:06:56,846 | AUDUSD=X | Signal: HOLD | Confidence: 20%
2026-07-30 19:06:57,612 | CAD=X | Signal: HOLD | Confidence: 10%
2026-07-30 19:06:58,319 | GC=F | Signal: HOLD | Confidence: 45%
2026-07-30 19:06:58,977 | SI=F | Signal: HOLD | Confidence: 10%
2026-07-30 19:06:59,729 | BTC-USD | Signal: HOLD | Confidence: 35%
2026-07-30 19:07:00,529 | ETH-USD | Signal: HOLD | Confidence: 25%
2026-07-30 19:07:01,513 | SOL-USD | Signal: HOLD | Confidence: 5%
2026-07-30 19:07:38,666 | EURUSD=X | Signal: BUY | Confidence: 85%
2026-07-30 19:07:38,667 | EURUSD=X | ENTRY: 1.14903 | SL: 1.14798 | TP: 1.15112 | RR: 2.0 | POSITION: 9523.8095
2026-07-30 19:07:39,420 | GBPUSD=X | Signal: BUY | Confidence: 55%
2026-07-30 19:07:39,421 | GBPUSD=X | ENTRY: 1.33837 | SL: 1.33657 | TP: 1.34196 | RR: 2.0 | POSITION: 5555.5556
2026-07-30 19:07:40,234 | JPY=X | Signal: SELL | Confidence: 60%
2026-07-30 19:07:40,236 | JPY=X | ENTRY: 162.233 | SL: 162.6245 | TP: 161.45 | RR: 2.0 | POSITION: 25.5428
2026-07-30 19:07:41,439 | AUDUSD=X | Signal: HOLD | Confidence: 20%
2026-07-30 19:07:42,173 | CAD=X | Signal: HOLD | Confidence: 20%
2026-07-30 19:07:43,001 | GC=F | Signal: BUY | Confidence: 55%
2026-07-30 19:07:43,002 | GC=F | ENTRY: 4136.5 | SL: 4123.11787 | TP: 4163.26426 | RR: 2.0 | POSITION: 0.7473
2026-07-30 19:07:43,846 | SI=F | Signal: HOLD | Confidence: 0%
2026-07-30 19:07:44,615 | BTC-USD | Signal: HOLD | Confidence: 40%
2026-07-30 19:07:45,463 | ETH-USD | Signal: HOLD | Confidence: 25%
2026-07-30 19:07:46,292 | SOL-USD | Signal: HOLD | Confidence: 5%
2026-07-30 19:08:21,026 | EURUSD=X | Signal: BUY | Confidence: 85%
2026-07-30 19:08:21,027 | EURUSD=X | ENTRY: 1.14903 | SL: 1.14798 | TP: 1.15112 | RR: 2.0 | POSITION: 9523.8095
2026-07-30 19:08:22,015 | GBPUSD=X | Signal: BUY | Confidence: 55%
2026-07-30 19:08:22,016 | GBPUSD=X | ENTRY: 1.33853 | SL: 1.33671 | TP: 1.34215 | RR: 2.0 | POSITION: 5494.5055
2026-07-30 19:08:22,895 | JPY=X | Signal: HOLD | Confidence: 45%
2026-07-30 19:08:23,894 | AUDUSD=X | Signal: HOLD | Confidence: 45%
2026-07-30 19:08:24,814 | CAD=X | Signal: HOLD | Confidence: 20%
2026-07-30 19:08:25,574 | GC=F | Signal: HOLD | Confidence: 20%
2026-07-30 19:08:26,379 | SI=F | Signal: HOLD | Confidence: 5%
2026-07-30 19:08:27,127 | BTC-USD | Signal: HOLD | Confidence: 40%
2026-07-30 19:08:27,900 | ETH-USD | Signal: HOLD | Confidence: 25%
2026-07-30 19:08:28,715 | SOL-USD | Signal: HOLD | Confidence: 10%
2026-07-30 19:09:07,369 | EURUSD=X | Signal: BUY | Confidence: 85%
2026-07-30 19:09:07,371 | EURUSD=X | ENTRY: 1.14956 | SL: 1.14846 | TP: 1.15176 | RR: 2.0 | POSITION: 9090.9091
2026-07-30 19:09:08,212 | GBPUSD=X | Signal: BUY | Confidence: 55%
2026-07-30 19:09:08,213 | GBPUSD=X | ENTRY: 1.33946 | SL: 1.33755 | TP: 1.34328 | RR: 2.0 | POSITION: 5235.6021
2026-07-30 19:09:09,066 | JPY=X | Signal: HOLD | Confidence: 45%
2026-07-30 19:09:09,956 | AUDUSD=X | Signal: HOLD | Confidence: 45%
2026-07-30 19:09:10,982 | CAD=X | Signal: HOLD | Confidence: 40%
2026-07-30 19:09:11,677 | GC=F | Signal: BUY | Confidence: 55%
2026-07-30 19:09:11,677 | GC=F | ENTRY: 4135.6001 | SL: 4122.21797 | TP: 4162.36436 | RR: 2.0 | POSITION: 0.7473
2026-07-30 19:09:12,429 | SI=F | Signal: HOLD | Confidence: 0%
2026-07-30 19:09:13,273 | BTC-USD | Signal: HOLD | Confidence: 40%
2026-07-30 19:09:14,033 | ETH-USD | Signal: HOLD | Confidence: 25%
2026-07-30 19:09:14,857 | SOL-USD | Signal: HOLD | Confidence: 10%
2026-07-30 19:09:48,550 | EURUSD=X | Signal: BUY | Confidence: 85%
2026-07-30 19:09:48,551 | EURUSD=X | ENTRY: 1.14956 | SL: 1.14846 | TP: 1.15176 | RR: 2.0 | POSITION: 9090.9091
2026-07-30 19:09:49,321 | GBPUSD=X | Signal: BUY | Confidence: 55%
2026-07-30 19:09:49,322 | GBPUSD=X | ENTRY: 1.33946 | SL: 1.33755 | TP: 1.34328 | RR: 2.0 | POSITION: 5235.6021
2026-07-30 19:09:50,158 | JPY=X | Signal: HOLD | Confidence: 45%
2026-07-30 19:09:51,037 | AUDUSD=X | Signal: HOLD | Confidence: 45%
2026-07-30 19:09:51,843 | CAD=X | Signal: HOLD | Confidence: 40%
2026-07-30 19:09:52,740 | GC=F | Signal: BUY | Confidence: 55%
2026-07-30 19:09:52,741 | GC=F | ENTRY: 4136.1001 | SL: 4122.71797 | TP: 4162.86436 | RR: 2.0 | POSITION: 0.7473
2026-07-30 19:09:53,398 | SI=F | Signal: HOLD | Confidence: 0%
2026-07-30 19:09:54,174 | BTC-USD | Signal: HOLD | Confidence: 40%
2026-07-30 19:09:54,993 | ETH-USD | Signal: HOLD | Confidence: 25%
2026-07-30 19:09:55,839 | SOL-USD | Signal: HOLD | Confidence: 10%
2026-07-30 19:10:32,830 | EURUSD=X | Signal: BUY | Confidence: 85%
2026-07-30 19:10:32,831 | EURUSD=X | ENTRY: 1.14956 | SL: 1.14846 | TP: 1.15176 | RR: 2.0 | POSITION: 9090.9091
2026-07-30 19:10:33,612 | GBPUSD=X | Signal: BUY | Confidence: 55%
2026-07-30 19:10:33,613 | GBPUSD=X | ENTRY: 1.33946 | SL: 1.33755 | TP: 1.34328 | RR: 2.0 | POSITION: 5235.6021
2026-07-30 19:10:34,400 | JPY=X | Signal: HOLD | Confidence: 45%
2026-07-30 19:10:35,225 | AUDUSD=X | Signal: HOLD | Confidence: 45%
2026-07-30 19:10:36,049 | CAD=X | Signal: HOLD | Confidence: 40%
2026-07-30 19:10:36,811 | GC=F | Signal: HOLD | Confidence: 30%
2026-07-30 19:10:37,535 | SI=F | Signal: HOLD | Confidence: 10%
2026-07-30 19:10:38,360 | BTC-USD | Signal: HOLD | Confidence: 35%
2026-07-30 19:10:39,219 | ETH-USD | Signal: HOLD | Confidence: 25%
2026-07-30 19:10:40,084 | SOL-USD | Signal: HOLD | Confidence: 5%
2026-07-30 19:11:13,602 | EURUSD=X | Signal: BUY | Confidence: 80%
2026-07-30 19:11:13,603 | EURUSD=X | ENTRY: 1.14916 | SL: 1.14806 | TP: 1.15136 | RR: 2.0 | POSITION: 9090.9091
2026-07-30 19:11:14,313 | GBPUSD=X | Signal: BUY | Confidence: 55%
2026-07-30 19:11:14,314 | GBPUSD=X | ENTRY: 1.3393 | SL: 1.33739 | TP: 1.34312 | RR: 2.0 | POSITION: 5235.6021
2026-07-30 19:11:15,055 | JPY=X | Signal: HOLD | Confidence: 45%
2026-07-30 19:11:15,839 | AUDUSD=X | Signal: HOLD | Confidence: 45%
2026-07-30 19:11:16,722 | CAD=X | Signal: SELL | Confidence: 70%
2026-07-30 19:11:16,723 | CAD=X | ENTRY: 1.40342 | SL: 1.40525 | TP: 1.39976 | RR: 2.0 | POSITION: 5464.4809
2026-07-30 19:11:17,561 | GC=F | Signal: HOLD | Confidence: 40%
2026-07-30 19:11:18,239 | SI=F | Signal: HOLD | Confidence: 10%
2026-07-30 19:11:19,087 | BTC-USD | Signal: HOLD | Confidence: 40%
2026-07-30 19:11:19,871 | ETH-USD | Signal: HOLD | Confidence: 25%
2026-07-30 19:11:20,724 | SOL-USD | Signal: HOLD | Confidence: 5%
2026-07-30 19:11:56,920 | EURUSD=X | Signal: BUY | Confidence: 85%
2026-07-30 19:11:56,921 | EURUSD=X | ENTRY: 1.14969 | SL: 1.14857 | TP: 1.15192 | RR: 2.0 | POSITION: 8928.5714
2026-07-30 19:11:57,914 | GBPUSD=X | Signal: BUY | Confidence: 55%
2026-07-30 19:11:57,915 | GBPUSD=X | ENTRY: 1.34014 | SL: 1.33816 | TP: 1.34411 | RR: 2.0 | POSITION: 5050.5051
2026-07-30 19:11:58,745 | JPY=X | Signal: HOLD | Confidence: 45%
2026-07-30 19:11:59,634 | AUDUSD=X | Signal: HOLD | Confidence: 45%
2026-07-30 19:12:00,427 | CAD=X | Signal: SELL | Confidence: 75%
2026-07-30 19:12:00,428 | CAD=X | ENTRY: 1.40328 | SL: 1.40512 | TP: 1.3996 | RR: 2.0 | POSITION: 5434.7826
2026-07-30 19:12:01,077 | GC=F | Signal: HOLD | Confidence: 30%
2026-07-30 19:12:01,808 | SI=F | Signal: HOLD | Confidence: 10%
2026-07-30 19:12:02,641 | BTC-USD | Signal: HOLD | Confidence: 50%
2026-07-30 19:12:03,474 | ETH-USD | Signal: HOLD | Confidence: 30%
2026-07-30 19:12:04,295 | SOL-USD | Signal: HOLD | Confidence: 30%
2026-07-30 19:12:41,348 | EURUSD=X | Signal: BUY | Confidence: 85%
2026-07-30 19:12:41,349 | EURUSD=X | ENTRY: 1.14969 | SL: 1.14857 | TP: 1.15192 | RR: 2.0 | POSITION: 8928.5714
2026-07-30 19:12:42,090 | GBPUSD=X | Signal: BUY | Confidence: 55%
2026-07-30 19:12:42,091 | GBPUSD=X | ENTRY: 1.34014 | SL: 1.33816 | TP: 1.34411 | RR: 2.0 | POSITION: 5050.5051
2026-07-30 19:12:42,876 | JPY=X | Signal: HOLD | Confidence: 45%
2026-07-30 19:12:43,703 | AUDUSD=X | Signal: HOLD | Confidence: 45%
2026-07-30 19:12:44,491 | CAD=X | Signal: SELL | Confidence: 85%
2026-07-30 19:12:44,492 | CAD=X | ENTRY: 1.40306 | SL: 1.40492 | TP: 1.39934 | RR: 2.0 | POSITION: 5376.3441
2026-07-30 19:12:45,215 | GC=F | Signal: HOLD | Confidence: 30%
2026-07-30 19:12:45,951 | SI=F | Signal: HOLD | Confidence: 5%
2026-07-30 19:12:46,821 | BTC-USD | Signal: HOLD | Confidence: 50%
2026-07-30 19:12:47,862 | ETH-USD | Signal: HOLD | Confidence: 40%
2026-07-30 19:12:48,759 | SOL-USD | Signal: HOLD | Confidence: 30%
2026-07-30 19:13:23,237 | EURUSD=X | Signal: BUY | Confidence: 85%
2026-07-30 19:13:23,238 | EURUSD=X | ENTRY: 1.14982 | SL: 1.14869 | TP: 1.15208 | RR: 2.0 | POSITION: 8849.5575
2026-07-30 19:13:24,015 | GBPUSD=X | Signal: BUY | Confidence: 55%
2026-07-30 19:13:24,015 | GBPUSD=X | ENTRY: 1.34039 | SL: 1.33838 | TP: 1.34442 | RR: 2.0 | POSITION: 4975.1244
2026-07-30 19:13:24,969 | JPY=X | Signal: HOLD | Confidence: 45%
2026-07-30 19:13:25,913 | AUDUSD=X | Signal: HOLD | Confidence: 45%
2026-07-30 19:13:26,723 | CAD=X | Signal: SELL | Confidence: 85%
2026-07-30 19:13:26,724 | CAD=X | ENTRY: 1.40289 | SL: 1.40478 | TP: 1.39911 | RR: 2.0 | POSITION: 5291.0053
2026-07-30 19:13:27,386 | GC=F | Signal: HOLD | Confidence: 30%
2026-07-30 19:13:27,950 | SI=F | Signal: HOLD | Confidence: 5%
2026-07-30 19:13:28,764 | BTC-USD | Signal: BUY | Confidence: 60%
2026-07-30 19:13:28,765 | BTC-USD | ENTRY: 64850.35938 | SL: 64656.80036 | TP: 65237.4774 | RR: 2.0 | POSITION: 0.0517
2026-07-30 19:13:29,551 | ETH-USD | Signal: BUY | Confidence: 70%
2026-07-30 19:13:29,552 | ETH-USD | ENTRY: 1923.92004 | SL: 1916.90645 | TP: 1937.94723 | RR: 2.0 | POSITION: 1.4258
2026-07-30 19:13:30,364 | SOL-USD | Signal: HOLD | Confidence: 20%
2026-07-30 19:14:06,733 | EURUSD=X | Signal: BUY | Confidence: 85%
2026-07-30 19:14:06,734 | EURUSD=X | ENTRY: 1.15009 | SL: 1.14893 | TP: 1.1524 | RR: 2.0 | POSITION: 8620.6897
2026-07-30 19:14:07,624 | GBPUSD=X | Signal: BUY | Confidence: 65%
2026-07-30 19:14:07,625 | GBPUSD=X | ENTRY: 1.34093 | SL: 1.33886 | TP: 1.34507 | RR: 2.0 | POSITION: 4830.9179
2026-07-30 19:14:08,426 | JPY=X | Signal: HOLD | Confidence: 45%
2026-07-30 19:14:09,219 | AUDUSD=X | Signal: HOLD | Confidence: 25%
2026-07-30 19:14:10,008 | CAD=X | Signal: SELL | Confidence: 85%
2026-07-30 19:14:10,009 | CAD=X | ENTRY: 1.40258 | SL: 1.40447 | TP: 1.3988 | RR: 2.0 | POSITION: 5291.0053
2026-07-30 19:14:10,687 | GC=F | Signal: HOLD | Confidence: 30%
2026-07-30 19:14:11,357 | SI=F | Signal: HOLD | Confidence: 10%
2026-07-30 19:14:12,226 | BTC-USD | Signal: HOLD | Confidence: 40%
2026-07-30 19:14:13,065 | ETH-USD | Signal: BUY | Confidence: 70%
2026-07-30 19:14:13,066 | ETH-USD | ENTRY: 1923.88 | SL: 1916.8707 | TP: 1937.89861 | RR: 2.0 | POSITION: 1.4267
2026-07-30 19:14:13,913 | SOL-USD | Signal: HOLD | Confidence: 20%
2026-07-30 19:14:47,945 | EURUSD=X | Signal: BUY | Confidence: 85%
2026-07-30 19:14:47,946 | EURUSD=X | ENTRY: 1.15048 | SL: 1.14928 | TP: 1.15288 | RR: 2.0 | POSITION: 8333.3333
2026-07-30 19:14:48,713 | GBPUSD=X | Signal: BUY | Confidence: 85%
2026-07-30 19:14:48,714 | GBPUSD=X | ENTRY: 1.34153 | SL: 1.33939 | TP: 1.34579 | RR: 2.0 | POSITION: 4672.8972
2026-07-30 19:14:49,669 | JPY=X | Signal: HOLD | Confidence: 45%
2026-07-30 19:14:50,751 | AUDUSD=X | Signal: HOLD | Confidence: 25%
2026-07-30 19:14:51,827 | CAD=X | Signal: SELL | Confidence: 85%
2026-07-30 19:14:51,827 | CAD=X | ENTRY: 1.40254 | SL: 1.40448 | TP: 1.39867 | RR: 2.0 | POSITION: 5154.6392
2026-07-30 19:14:52,681 | GC=F | Signal: HOLD | Confidence: 40%
2026-07-30 19:14:53,496 | SI=F | Signal: HOLD | Confidence: 20%
2026-07-30 19:14:54,484 | BTC-USD | Signal: BUY | Confidence: 70%
2026-07-30 19:14:54,485 | BTC-USD | ENTRY: 64921.26172 | SL: 64720.10603 | TP: 65323.5731 | RR: 2.0 | POSITION: 0.0497
2026-07-30 19:14:55,514 | ETH-USD | Signal: BUY | Confidence: 60%
2026-07-30 19:14:55,515 | ETH-USD | ENTRY: 1928.27002 | SL: 1920.79036 | TP: 1943.22934 | RR: 2.0 | POSITION: 1.337
2026-07-30 19:14:56,292 | SOL-USD | Signal: HOLD | Confidence: 40%
2026-07-30 19:15:31,466 | EURUSD=X | Signal: BUY | Confidence: 85%
2026-07-30 19:15:31,466 | EURUSD=X | ENTRY: 1.15048 | SL: 1.14928 | TP: 1.15288 | RR: 2.0 | POSITION: 8333.3333
2026-07-30 19:15:32,638 | GBPUSD=X | Signal: BUY | Confidence: 85%
2026-07-30 19:15:32,639 | GBPUSD=X | ENTRY: 1.34153 | SL: 1.33939 | TP: 1.34579 | RR: 2.0 | POSITION: 4672.8972
2026-07-30 19:15:33,458 | JPY=X | Signal: HOLD | Confidence: 40%
2026-07-30 19:15:34,285 | AUDUSD=X | Signal: HOLD | Confidence: 25%
2026-07-30 19:15:35,309 | CAD=X | Signal: SELL | Confidence: 80%
2026-07-30 19:15:35,310 | CAD=X | ENTRY: 1.40257 | SL: 1.40439 | TP: 1.39893 | RR: 2.0 | POSITION: 5494.5055
2026-07-30 19:15:35,963 | GC=F | Signal: HOLD | Confidence: 30%
2026-07-30 19:15:36,753 | SI=F | Signal: HOLD | Confidence: 5%
2026-07-30 19:15:37,936 | BTC-USD | Signal: BUY | Confidence: 60%
2026-07-30 19:15:37,938 | BTC-USD | ENTRY: 64975.42969 | SL: 64774.89049 | TP: 65376.50809 | RR: 2.0 | POSITION: 0.0499
2026-07-30 19:15:38,792 | ETH-USD | Signal: BUY | Confidence: 60%
2026-07-30 19:15:38,793 | ETH-USD | ENTRY: 1930.41003 | SL: 1922.90145 | TP: 1945.42719 | RR: 2.0 | POSITION: 1.3318
2026-07-30 19:15:39,764 | SOL-USD | Signal: HOLD | Confidence: 40%
2026-07-30 19:16:17,531 | EURUSD=X | Signal: BUY | Confidence: 80%
2026-07-30 19:16:17,532 | EURUSD=X | ENTRY: 1.15062 | SL: 1.14947 | TP: 1.1529 | RR: 2.0 | POSITION: 8695.6522
2026-07-30 19:16:18,397 | GBPUSD=X | Signal: BUY | Confidence: 80%
2026-07-30 19:16:18,397 | GBPUSD=X | ENTRY: 1.34172 | SL: 1.3397 | TP: 1.34577 | RR: 2.0 | POSITION: 4950.495
2026-07-30 19:16:19,300 | JPY=X | Signal: HOLD | Confidence: 45%
2026-07-30 19:16:20,243 | AUDUSD=X | Signal: HOLD | Confidence: 20%
2026-07-30 19:16:21,310 | CAD=X | Signal: SELL | Confidence: 80%
2026-07-30 19:16:21,311 | CAD=X | ENTRY: 1.40259 | SL: 1.40455 | TP: 1.39868 | RR: 2.0 | POSITION: 5102.0408
2026-07-30 19:16:22,182 | GC=F | Signal: HOLD | Confidence: 30%
2026-07-30 19:16:23,124 | SI=F | Signal: HOLD | Confidence: 10%
2026-07-30 19:16:24,239 | BTC-USD | Signal: BUY | Confidence: 60%
2026-07-30 19:16:24,240 | BTC-USD | ENTRY: 64949.03906 | SL: 64751.32743 | TP: 65344.46233 | RR: 2.0 | POSITION: 0.0506
2026-07-30 19:16:25,503 | ETH-USD | Signal: BUY | Confidence: 60%
2026-07-30 19:16:25,504 | ETH-USD | ENTRY: 1930.19995 | SL: 1922.55321 | TP: 1945.49344 | RR: 2.0 | POSITION: 1.3077
2026-07-30 19:16:26,466 | SOL-USD | Signal: HOLD | Confidence: 40%
2026-07-30 19:17:07,316 | EURUSD=X | Signal: BUY | Confidence: 75%
2026-07-30 19:17:07,317 | EURUSD=X | ENTRY: 1.15048 | SL: 1.14934 | TP: 1.15277 | RR: 2.0 | POSITION: 8771.9298
2026-07-30 19:17:08,176 | GBPUSD=X | Signal: BUY | Confidence: 75%
2026-07-30 19:17:08,177 | GBPUSD=X | ENTRY: 1.34154 | SL: 1.33952 | TP: 1.34559 | RR: 2.0 | POSITION: 4950.495
2026-07-30 19:17:08,988 | JPY=X | Signal: HOLD | Confidence: 30%
2026-07-30 19:17:09,752 | AUDUSD=X | Signal: HOLD | Confidence: 20%
2026-07-30 19:17:10,500 | CAD=X | Signal: SELL | Confidence: 70%
2026-07-30 19:17:10,501 | CAD=X | ENTRY: 1.40257 | SL: 1.40447 | TP: 1.39876 | RR: 2.0 | POSITION: 5263.1579
2026-07-30 19:17:11,184 | GC=F | Signal: HOLD | Confidence: 40%
2026-07-30 19:17:11,895 | SI=F | Signal: HOLD | Confidence: 20%
2026-07-30 19:17:12,776 | BTC-USD | Signal: BUY | Confidence: 65%
2026-07-30 19:17:12,777 | BTC-USD | ENTRY: 64972.80859 | SL: 64771.41727 | TP: 65375.59124 | RR: 2.0 | POSITION: 0.0497
2026-07-30 19:17:13,815 | ETH-USD | Signal: BUY | Confidence: 65%
2026-07-30 19:17:13,816 | ETH-USD | ENTRY: 1930.33997 | SL: 1922.70818 | TP: 1945.60353 | RR: 2.0 | POSITION: 1.3103
2026-07-30 19:17:14,873 | SOL-USD | Signal: HOLD | Confidence: 45%
2026-07-30 19:17:51,791 | EURUSD=X | Signal: BUY | Confidence: 80%
2026-07-30 19:17:51,792 | EURUSD=X | ENTRY: 1.15075 | SL: 1.14959 | TP: 1.15306 | RR: 2.0 | POSITION: 8620.6897
2026-07-30 19:17:52,754 | GBPUSD=X | Signal: BUY | Confidence: 75%
2026-07-30 19:17:52,754 | GBPUSD=X | ENTRY: 1.3414 | SL: 1.33936 | TP: 1.34547 | RR: 2.0 | POSITION: 4901.9608
2026-07-30 19:17:53,627 | JPY=X | Signal: HOLD | Confidence: 40%
2026-07-30 19:17:54,646 | AUDUSD=X | Signal: HOLD | Confidence: 25%
2026-07-30 19:17:55,494 | CAD=X | Signal: SELL | Confidence: 70%
2026-07-30 19:17:55,495 | CAD=X | ENTRY: 1.40263 | SL: 1.40455 | TP: 1.39879 | RR: 2.0 | POSITION: 5208.3333
2026-07-30 19:17:56,547 | GC=F | Signal: BUY | Confidence: 60%
2026-07-30 19:17:56,549 | GC=F | ENTRY: 4146.5 | SL: 4132.29285 | TP: 4174.91431 | RR: 2.0 | POSITION: 0.7039
2026-07-30 19:17:57,415 | SI=F | Signal: HOLD | Confidence: 35%
2026-07-30 19:17:58,337 | BTC-USD | Signal: BUY | Confidence: 70%
2026-07-30 19:17:58,339 | BTC-USD | ENTRY: 64937.08984 | SL: 64734.86314 | TP: 65341.54325 | RR: 2.0 | POSITION: 0.0494
2026-07-30 19:17:59,263 | ETH-USD | Signal: BUY | Confidence: 60%
2026-07-30 19:17:59,264 | ETH-USD | ENTRY: 1929.77002 | SL: 1922.10287 | TP: 1945.10432 | RR: 2.0 | POSITION: 1.3043
2026-07-30 19:18:00,195 | SOL-USD | Signal: HOLD | Confidence: 45%
2026-07-30 19:18:37,297 | EURUSD=X | Signal: BUY | Confidence: 80%
2026-07-30 19:18:37,298 | EURUSD=X | ENTRY: 1.15075 | SL: 1.14959 | TP: 1.15306 | RR: 2.0 | POSITION: 8620.6897
2026-07-30 19:18:38,266 | GBPUSD=X | Signal: BUY | Confidence: 75%
2026-07-30 19:18:38,267 | GBPUSD=X | ENTRY: 1.3414 | SL: 1.33936 | TP: 1.34547 | RR: 2.0 | POSITION: 4901.9608
2026-07-30 19:18:39,900 | JPY=X | Signal: HOLD | Confidence: 30%
2026-07-30 19:18:40,932 | AUDUSD=X | Signal: HOLD | Confidence: 25%
2026-07-30 19:18:42,069 | CAD=X | Signal: SELL | Confidence: 70%
2026-07-30 19:18:42,070 | CAD=X | ENTRY: 1.40264 | SL: 1.40456 | TP: 1.3988 | RR: 2.0 | POSITION: 5208.3333
2026-07-30 19:18:42,808 | GC=F | Signal: BUY | Confidence: 75%
2026-07-30 19:18:42,809 | GC=F | ENTRY: 4151.3999 | SL: 4136.68916 | TP: 4180.82139 | RR: 2.0 | POSITION: 0.6798
2026-07-30 19:18:43,580 | SI=F | Signal: HOLD | Confidence: 25%
2026-07-30 19:18:44,522 | BTC-USD | Signal: HOLD | Confidence: 50%
2026-07-30 19:18:45,191 | ETH-USD | Signal: BUY | Confidence: 60%
2026-07-30 19:18:45,192 | ETH-USD | ENTRY: 1929.30005 | SL: 1921.4733 | TP: 1944.95355 | RR: 2.0 | POSITION: 1.2777
2026-07-30 19:18:46,220 | SOL-USD | Signal: HOLD | Confidence: 45%
2026-07-30 19:19:22,436 | EURUSD=X | Signal: BUY | Confidence: 80%
2026-07-30 19:19:22,437 | EURUSD=X | ENTRY: 1.15075 | SL: 1.14959 | TP: 1.15306 | RR: 2.0 | POSITION: 8620.6897
2026-07-30 19:19:23,356 | GBPUSD=X | Signal: BUY | Confidence: 75%
2026-07-30 19:19:23,357 | GBPUSD=X | ENTRY: 1.34126 | SL: 1.3392 | TP: 1.34536 | RR: 2.0 | POSITION: 4854.3689
2026-07-30 19:19:25,151 | JPY=X | Signal: HOLD | Confidence: 30%
2026-07-30 19:19:26,084 | AUDUSD=X | Signal: HOLD | Confidence: 25%
2026-07-30 19:19:27,116 | CAD=X | Signal: SELL | Confidence: 80%
2026-07-30 19:19:27,117 | CAD=X | ENTRY: 1.4023 | SL: 1.40422 | TP: 1.39846 | RR: 2.0 | POSITION: 5208.3333
2026-07-30 19:19:27,834 | GC=F | Signal: BUY | Confidence: 60%
2026-07-30 19:19:27,835 | GC=F | ENTRY: 4157.2998 | SL: 4142.58906 | TP: 4186.7213 | RR: 2.0 | POSITION: 0.6798
2026-07-30 19:19:28,415 | SI=F | Signal: HOLD | Confidence: 35%
2026-07-30 19:19:29,274 | BTC-USD | Signal: BUY | Confidence: 65%
2026-07-30 19:19:29,275 | BTC-USD | ENTRY: 65000.0 | SL: 64795.05371 | TP: 65409.89258 | RR: 2.0 | POSITION: 0.0488
2026-07-30 19:19:30,303 | ETH-USD | Signal: HOLD | Confidence: 45%
2026-07-30 19:19:31,202 | SOL-USD | Signal: HOLD | Confidence: 45%
2026-07-30 19:20:13,718 | EURUSD=X | Signal: BUY | Confidence: 85%
2026-07-30 19:20:13,719 | EURUSD=X | ENTRY: 1.15101 | SL: 1.14983 | TP: 1.15339 | RR: 2.0 | POSITION: 8474.5763
2026-07-30 19:20:14,849 | GBPUSD=X | Signal: BUY | Confidence: 90%
2026-07-30 19:20:14,850 | GBPUSD=X | ENTRY: 1.34158 | SL: 1.33953 | TP: 1.34569 | RR: 2.0 | POSITION: 4878.0488
2026-07-30 19:20:15,652 | JPY=X | Signal: HOLD | Confidence: 40%
2026-07-30 19:20:17,282 | AUDUSD=X | Signal: HOLD | Confidence: 25%
2026-07-30 19:20:18,727 | CAD=X | Signal: SELL | Confidence: 80%
2026-07-30 19:20:18,728 | CAD=X | ENTRY: 1.4023 | SL: 1.40422 | TP: 1.39846 | RR: 2.0 | POSITION: 5208.3333
2026-07-30 19:20:20,947 | GC=F | Signal: BUY | Confidence: 75%
2026-07-30 19:20:20,948 | GC=F | ENTRY: 4146.6001 | SL: 4131.88935 | TP: 4176.02159 | RR: 2.0 | POSITION: 0.6798
2026-07-30 19:20:22,324 | SI=F | Signal: HOLD | Confidence: 25%
2026-07-30 19:20:24,139 | BTC-USD | Signal: HOLD | Confidence: 45%
2026-07-30 19:20:25,805 | ETH-USD | Signal: HOLD | Confidence: 45%
2026-07-30 19:20:27,303 | SOL-USD | Signal: HOLD | Confidence: 45%
2026-07-30 19:21:07,733 | EURUSD=X | Signal: BUY | Confidence: 90%
2026-07-30 19:21:07,734 | EURUSD=X | ENTRY: 1.15062 | SL: 1.14943 | TP: 1.15299 | RR: 2.0 | POSITION: 8403.3613
2026-07-30 19:21:09,726 | GBPUSD=X | Signal: BUY | Confidence: 75%
2026-07-30 19:21:09,727 | GBPUSD=X | ENTRY: 1.34084 | SL: 1.33874 | TP: 1.34504 | RR: 2.0 | POSITION: 4761.9048
2026-07-30 19:21:10,858 | JPY=X | Signal: HOLD | Confidence: 40%
2026-07-30 19:21:12,008 | AUDUSD=X | Signal: HOLD | Confidence: 25%
2026-07-30 19:21:13,211 | CAD=X | Signal: SELL | Confidence: 80%
2026-07-30 19:21:13,211 | CAD=X | ENTRY: 1.4022 | SL: 1.40413 | TP: 1.39834 | RR: 2.0 | POSITION: 5181.3472
2026-07-30 19:21:15,162 | GC=F | Signal: BUY | Confidence: 75%
2026-07-30 19:21:15,163 | GC=F | ENTRY: 4149.2998 | SL: 4134.58906 | TP: 4178.7213 | RR: 2.0 | POSITION: 0.6798
2026-07-30 19:21:16,167 | SI=F | Signal: HOLD | Confidence: 25%
2026-07-30 19:21:17,325 | BTC-USD | Signal: HOLD | Confidence: 40%
2026-07-30 19:21:18,394 | ETH-USD | Signal: HOLD | Confidence: 40%
2026-07-30 19:21:19,530 | SOL-USD | Signal: HOLD | Confidence: 25%
2026-07-30 19:22:01,764 | EURUSD=X | Signal: BUY | Confidence: 80%
2026-07-30 19:22:01,764 | EURUSD=X | ENTRY: 1.15035 | SL: 1.14915 | TP: 1.15275 | RR: 2.0 | POSITION: 8333.3333
2026-07-30 19:22:03,133 | GBPUSD=X | Signal: BUY | Confidence: 65%
2026-07-30 19:22:03,134 | GBPUSD=X | ENTRY: 1.34034 | SL: 1.33819 | TP: 1.34464 | RR: 2.0 | POSITION: 4651.1628
2026-07-30 19:22:04,273 | JPY=X | Signal: HOLD | Confidence: 40%
2026-07-30 19:22:06,468 | AUDUSD=X | Signal: HOLD | Confidence: 10%
2026-07-30 19:22:08,479 | CAD=X | Signal: SELL | Confidence: 80%
2026-07-30 19:22:08,479 | CAD=X | ENTRY: 1.40316 | SL: 1.4051 | TP: 1.39928 | RR: 2.0 | POSITION: 5154.6392
2026-07-30 19:22:09,431 | GC=F | Signal: BUY | Confidence: 75%
2026-07-30 19:22:09,432 | GC=F | ENTRY: 4151.1001 | SL: 4136.38935 | TP: 4180.52159 | RR: 2.0 | POSITION: 0.6798
2026-07-30 19:22:11,113 | SI=F | Signal: HOLD | Confidence: 25%
2026-07-30 19:22:13,403 | BTC-USD | Signal: HOLD | Confidence: 40%
2026-07-30 19:22:15,094 | ETH-USD | Signal: HOLD | Confidence: 45%
2026-07-30 19:22:16,557 | SOL-USD | Signal: HOLD | Confidence: 25%
2026-07-30 19:22:56,180 | EURUSD=X | Signal: BUY | Confidence: 80%
2026-07-30 19:22:56,182 | EURUSD=X | ENTRY: 1.15101 | SL: 1.14981 | TP: 1.15341 | RR: 2.0 | POSITION: 8333.3333
2026-07-30 19:22:57,602 | GBPUSD=X | Signal: BUY | Confidence: 80%
2026-07-30 19:22:57,603 | GBPUSD=X | ENTRY: 1.34097 | SL: 1.33882 | TP: 1.34527 | RR: 2.0 | POSITION: 4651.1628
2026-07-30 19:22:58,568 | JPY=X | Signal: HOLD | Confidence: 30%
2026-07-30 19:22:59,908 | AUDUSD=X | Signal: HOLD | Confidence: 10%
2026-07-30 19:23:01,080 | CAD=X | Signal: SELL | Confidence: 80%
2026-07-30 19:23:01,081 | CAD=X | ENTRY: 1.403 | SL: 1.40496 | TP: 1.39907 | RR: 2.0 | POSITION: 5102.0408
2026-07-30 19:23:02,052 | GC=F | Signal: HOLD | Confidence: 55%
2026-07-30 19:23:02,991 | SI=F | Signal: HOLD | Confidence: 25%
2026-07-30 19:23:03,959 | BTC-USD | Signal: BUY | Confidence: 70%
2026-07-30 19:23:03,960 | BTC-USD | ENTRY: 64941.0 | SL: 64733.17718 | TP: 65356.64565 | RR: 2.0 | POSITION: 0.0481
2026-07-30 19:23:05,325 | ETH-USD | Signal: HOLD | Confidence: 50%
2026-07-30 19:23:06,570 | SOL-USD | Signal: BUY | Confidence: 55%
2026-07-30 19:23:06,572 | SOL-USD | ENTRY: 74.6 | SL: 74.27857 | TP: 75.24286 | RR: 2.0 | POSITION: 31.111
2026-07-30 19:23:46,522 | EURUSD=X | Signal: BUY | Confidence: 80%
2026-07-30 19:23:46,525 | EURUSD=X | ENTRY: 1.15101 | SL: 1.14981 | TP: 1.15341 | RR: 2.0 | POSITION: 8333.3333
2026-07-30 19:23:47,567 | GBPUSD=X | Signal: BUY | Confidence: 80%
2026-07-30 19:23:47,568 | GBPUSD=X | ENTRY: 1.34097 | SL: 1.33882 | TP: 1.34527 | RR: 2.0 | POSITION: 4651.1628
2026-07-30 19:23:49,553 | JPY=X | Signal: HOLD | Confidence: 50%
2026-07-30 19:23:51,204 | AUDUSD=X | Signal: HOLD | Confidence: 10%
2026-07-30 19:23:53,071 | CAD=X | Signal: SELL | Confidence: 70%
2026-07-30 19:23:53,072 | CAD=X | ENTRY: 1.40256 | SL: 1.40452 | TP: 1.39863 | RR: 2.0 | POSITION: 5102.0408
2026-07-30 19:23:54,483 | GC=F | Signal: BUY | Confidence: 75%
2026-07-30 19:23:54,485 | GC=F | ENTRY: 4151.3999 | SL: 4136.68916 | TP: 4180.82139 | RR: 2.0 | POSITION: 0.6798
2026-07-30 19:23:55,201 | SI=F | Signal: HOLD | Confidence: 25%
2026-07-30 19:23:56,093 | BTC-USD | Signal: BUY | Confidence: 60%
2026-07-30 19:23:56,094 | BTC-USD | ENTRY: 65004.87109 | SL: 64787.75572 | TP: 65439.10184 | RR: 2.0 | POSITION: 0.0461
2026-07-30 19:23:56,998 | ETH-USD | Signal: BUY | Confidence: 60%
2026-07-30 19:23:56,999 | ETH-USD | ENTRY: 1931.05005 | SL: 1923.03469 | TP: 1947.08078 | RR: 2.0 | POSITION: 1.2476
2026-07-30 19:23:57,708 | SOL-USD | Signal: HOLD | Confidence: 40%
2026-07-30 19:24:37,732 | EURUSD=X | Signal: BUY | Confidence: 85%
2026-07-30 19:24:37,733 | EURUSD=X | ENTRY: 1.15168 | SL: 1.1504 | TP: 1.15422 | RR: 2.0 | POSITION: 7812.5
2026-07-30 19:24:39,267 | GBPUSD=X | Signal: BUY | Confidence: 90%
2026-07-30 19:24:39,267 | GBPUSD=X | ENTRY: 1.34187 | SL: 1.3397 | TP: 1.3462 | RR: 2.0 | POSITION: 4608.2949
2026-07-30 19:24:40,793 | JPY=X | Signal: HOLD | Confidence: 50%
2026-07-30 19:24:41,709 | AUDUSD=X | Signal: HOLD | Confidence: 25%
2026-07-30 19:24:43,032 | CAD=X | Signal: SELL | Confidence: 70%
2026-07-30 19:24:43,033 | CAD=X | ENTRY: 1.40271 | SL: 1.40467 | TP: 1.39878 | RR: 2.0 | POSITION: 5102.0408
2026-07-30 19:24:44,172 | GC=F | Signal: HOLD | Confidence: 55%
2026-07-30 19:24:45,472 | SI=F | Signal: HOLD | Confidence: 25%
2026-07-30 19:24:47,292 | BTC-USD | Signal: HOLD | Confidence: 50%
2026-07-30 19:24:49,277 | ETH-USD | Signal: HOLD | Confidence: 50%
2026-07-30 19:24:50,624 | SOL-USD | Signal: BUY | Confidence: 55%
2026-07-30 19:24:50,625 | SOL-USD | ENTRY: 74.64 | SL: 74.31857 | TP: 75.28286 | RR: 2.0 | POSITION: 31.111
2026-07-30 19:25:30,537 | EURUSD=X | Signal: BUY | Confidence: 85%
2026-07-30 19:25:30,538 | EURUSD=X | ENTRY: 1.15168 | SL: 1.1504 | TP: 1.15422 | RR: 2.0 | POSITION: 7812.5
2026-07-30 19:25:31,844 | GBPUSD=X | Signal: BUY | Confidence: 90%
2026-07-30 19:25:31,848 | GBPUSD=X | ENTRY: 1.34199 | SL: 1.33981 | TP: 1.34635 | RR: 2.0 | POSITION: 4587.156
2026-07-30 19:25:32,867 | JPY=X | Signal: HOLD | Confidence: 40%
2026-07-30 19:25:35,590 | AUDUSD=X | Signal: HOLD | Confidence: 25%
2026-07-30 19:25:36,806 | CAD=X | Signal: SELL | Confidence: 90%
2026-07-30 19:25:36,810 | CAD=X | ENTRY: 1.40231 | SL: 1.40427 | TP: 1.39838 | RR: 2.0 | POSITION: 5102.0408
2026-07-30 19:25:37,661 | GC=F | Signal: BUY | Confidence: 70%
2026-07-30 19:25:37,662 | GC=F | ENTRY: 4148.8999 | SL: 4134.86414 | TP: 4176.97144 | RR: 2.0 | POSITION: 0.7125
2026-07-30 19:25:38,536 | SI=F | Signal: HOLD | Confidence: 10%
2026-07-30 19:25:39,674 | BTC-USD | Signal: HOLD | Confidence: 50%
2026-07-30 19:25:40,630 | ETH-USD | Signal: BUY | Confidence: 70%
2026-07-30 19:25:40,631 | ETH-USD | ENTRY: 1928.21997 | SL: 1920.20461 | TP: 1944.2507 | RR: 2.0 | POSITION: 1.2476
2026-07-30 19:25:41,600 | SOL-USD | Signal: BUY | Confidence: 55%
2026-07-30 19:25:41,603 | SOL-USD | ENTRY: 74.66 | SL: 74.33858 | TP: 75.30286 | RR: 2.0 | POSITION: 31.1119
2026-07-30 19:26:24,835 | EURUSD=X | Signal: BUY | Confidence: 65%
2026-07-30 19:26:24,838 | EURUSD=X | ENTRY: 1.15181 | SL: 1.15052 | TP: 1.15438 | RR: 2.0 | POSITION: 7751.938
2026-07-30 19:26:25,843 | GBPUSD=X | Signal: BUY | Confidence: 90%
2026-07-30 19:26:25,844 | GBPUSD=X | ENTRY: 1.34207 | SL: 1.33988 | TP: 1.34644 | RR: 2.0 | POSITION: 4566.21
2026-07-30 19:26:26,831 | JPY=X | Signal: HOLD | Confidence: 40%
2026-07-30 19:26:27,861 | AUDUSD=X | Signal: HOLD | Confidence: 25%
2026-07-30 19:26:29,163 | CAD=X | Signal: SELL | Confidence: 70%
2026-07-30 19:26:29,164 | CAD=X | ENTRY: 1.40258 | SL: 1.40454 | TP: 1.39865 | RR: 2.0 | POSITION: 5102.0408
2026-07-30 19:26:29,972 | GC=F | Signal: HOLD | Confidence: 50%
2026-07-30 19:26:30,869 | SI=F | Signal: HOLD | Confidence: 10%
2026-07-30 19:26:31,836 | BTC-USD | Signal: BUY | Confidence: 60%
2026-07-30 19:26:31,837 | BTC-USD | ENTRY: 65003.0 | SL: 64785.88463 | TP: 65437.23075 | RR: 2.0 | POSITION: 0.0461
2026-07-30 19:26:32,885 | ETH-USD | Signal: HOLD | Confidence: 50%
2026-07-30 19:26:33,921 | SOL-USD | Signal: BUY | Confidence: 60%
2026-07-30 19:26:33,921 | SOL-USD | ENTRY: 74.67 | SL: 74.34857 | TP: 75.31286 | RR: 2.0 | POSITION: 31.111
2026-07-30 19:27:09,858 | EURUSD=X | Signal: BUY | Confidence: 65%
2026-07-30 19:27:09,859 | EURUSD=X | ENTRY: 1.15194 | SL: 1.15064 | TP: 1.15454 | RR: 2.0 | POSITION: 7692.3077
2026-07-30 19:27:10,684 | GBPUSD=X | Signal: BUY | Confidence: 90%
2026-07-30 19:27:10,685 | GBPUSD=X | ENTRY: 1.3421 | SL: 1.33991 | TP: 1.34649 | RR: 2.0 | POSITION: 4566.21
2026-07-30 19:27:11,489 | JPY=X | Signal: HOLD | Confidence: 40%
2026-07-30 19:27:12,283 | AUDUSD=X | Signal: HOLD | Confidence: 25%
2026-07-30 19:27:13,222 | CAD=X | Signal: SELL | Confidence: 80%
2026-07-30 19:27:13,222 | CAD=X | ENTRY: 1.4018 | SL: 1.40383 | TP: 1.39774 | RR: 2.0 | POSITION: 4926.1084
2026-07-30 19:27:13,971 | GC=F | Signal: BUY | Confidence: 70%
2026-07-30 19:27:13,971 | GC=F | ENTRY: 4147.7002 | SL: 4133.48226 | TP: 4176.13606 | RR: 2.0 | POSITION: 0.7033
2026-07-30 19:27:14,533 | SI=F | Signal: HOLD | Confidence: 20%
2026-07-30 19:27:15,287 | BTC-USD | Signal: HOLD | Confidence: 50%
2026-07-30 19:27:16,101 | ETH-USD | Signal: HOLD | Confidence: 50%
2026-07-30 19:27:17,219 | SOL-USD | Signal: BUY | Confidence: 55%
2026-07-30 19:27:17,220 | SOL-USD | ENTRY: 74.62 | SL: 74.29857 | TP: 75.26286 | RR: 2.0 | POSITION: 31.111
2026-07-30 19:27:53,838 | EURUSD=X | Signal: BUY | Confidence: 65%
2026-07-30 19:27:53,839 | EURUSD=X | ENTRY: 1.15207 | SL: 1.15076 | TP: 1.1547 | RR: 2.0 | POSITION: 7633.5878
2026-07-30 19:27:55,071 | GBPUSD=X | Signal: BUY | Confidence: 90%
2026-07-30 19:27:55,071 | GBPUSD=X | ENTRY: 1.34225 | SL: 1.34004 | TP: 1.34666 | RR: 2.0 | POSITION: 4524.8869
2026-07-30 19:27:56,107 | JPY=X | Signal: HOLD | Confidence: 40%
2026-07-30 19:27:56,945 | AUDUSD=X | Signal: HOLD | Confidence: 25%
2026-07-30 19:27:57,960 | CAD=X | Signal: SELL | Confidence: 80%
2026-07-30 19:27:57,961 | CAD=X | ENTRY: 1.40172 | SL: 1.40375 | TP: 1.39766 | RR: 2.0 | POSITION: 4926.1084
2026-07-30 19:27:58,926 | GC=F | Signal: BUY | Confidence: 60%
2026-07-30 19:27:58,927 | GC=F | ENTRY: 4153.8999 | SL: 4138.99627 | TP: 4183.70717 | RR: 2.0 | POSITION: 0.671
2026-07-30 19:27:59,718 | SI=F | Signal: HOLD | Confidence: 20%
2026-07-30 19:28:01,083 | BTC-USD | Signal: HOLD | Confidence: 50%
2026-07-30 19:28:02,547 | ETH-USD | Signal: BUY | Confidence: 70%
2026-07-30 19:28:02,548 | ETH-USD | ENTRY: 1928.31995 | SL: 1920.26494 | TP: 1944.42996 | RR: 2.0 | POSITION: 1.2415
2026-07-30 19:28:03,411 | SOL-USD | Signal: BUY | Confidence: 55%
2026-07-30 19:28:03,412 | SOL-USD | ENTRY: 74.63 | SL: 74.30857 | TP: 75.27285 | RR: 2.0 | POSITION: 31.111
2026-07-30 19:28:42,209 | EURUSD=X | Signal: BUY | Confidence: 65%
2026-07-30 19:28:42,210 | EURUSD=X | ENTRY: 1.15207 | SL: 1.15076 | TP: 1.1547 | RR: 2.0 | POSITION: 7633.5878
2026-07-30 19:28:43,090 | GBPUSD=X | Signal: BUY | Confidence: 90%
2026-07-30 19:28:43,091 | GBPUSD=X | ENTRY: 1.34225 | SL: 1.34004 | TP: 1.34666 | RR: 2.0 | POSITION: 4524.8869
2026-07-30 19:28:44,004 | JPY=X | Signal: HOLD | Confidence: 40%
2026-07-30 19:28:45,153 | AUDUSD=X | Signal: HOLD | Confidence: 25%
2026-07-30 19:28:46,534 | CAD=X | Signal: SELL | Confidence: 80%
2026-07-30 19:28:46,535 | CAD=X | ENTRY: 1.40157 | SL: 1.40363 | TP: 1.39745 | RR: 2.0 | POSITION: 4854.3689
2026-07-30 19:28:47,429 | GC=F | Signal: BUY | Confidence: 60%
2026-07-30 19:28:47,430 | GC=F | ENTRY: 4157.2998 | SL: 4141.95687 | TP: 4187.98567 | RR: 2.0 | POSITION: 0.6518
2026-07-30 19:28:48,282 | SI=F | Signal: HOLD | Confidence: 10%
2026-07-30 19:28:49,396 | BTC-USD | Signal: HOLD | Confidence: 50%
2026-07-30 19:28:50,401 | ETH-USD | Signal: BUY | Confidence: 70%
2026-07-30 19:28:50,402 | ETH-USD | ENTRY: 1927.71997 | SL: 1919.66496 | TP: 1943.82998 | RR: 2.0 | POSITION: 1.2415
2026-07-30 19:28:51,447 | SOL-USD | Signal: BUY | Confidence: 55%
2026-07-30 19:28:51,447 | SOL-USD | ENTRY: 74.6 | SL: 74.27857 | TP: 75.24286 | RR: 2.0 | POSITION: 31.111
2026-07-30 19:29:29,633 | EURUSD=X | Signal: BUY | Confidence: 65%
2026-07-30 19:29:29,634 | EURUSD=X | ENTRY: 1.15221 | SL: 1.15088 | TP: 1.15486 | RR: 2.0 | POSITION: 7518.797
2026-07-30 19:29:30,766 | GBPUSD=X | Signal: BUY | Confidence: 90%
2026-07-30 19:29:30,766 | GBPUSD=X | ENTRY: 1.34228 | SL: 1.34007 | TP: 1.3467 | RR: 2.0 | POSITION: 4524.8869
2026-07-30 19:29:32,176 | JPY=X | Signal: HOLD | Confidence: 40%
2026-07-30 19:29:32,945 | AUDUSD=X | Signal: HOLD | Confidence: 25%
2026-07-30 19:29:33,950 | CAD=X | Signal: SELL | Confidence: 80%
2026-07-30 19:29:33,951 | CAD=X | ENTRY: 1.40117 | SL: 1.40325 | TP: 1.39701 | RR: 2.0 | POSITION: 4807.6923
2026-07-30 19:29:34,912 | GC=F | Signal: BUY | Confidence: 75%
2026-07-30 19:29:34,913 | GC=F | ENTRY: 4158.5 | SL: 4143.15707 | TP: 4189.18586 | RR: 2.0 | POSITION: 0.6518
2026-07-30 19:29:36,058 | SI=F | Signal: HOLD | Confidence: 10%
2026-07-30 19:29:37,327 | BTC-USD | Signal: HOLD | Confidence: 50%
2026-07-30 19:29:39,157 | ETH-USD | Signal: BUY | Confidence: 70%
2026-07-30 19:29:39,158 | ETH-USD | ENTRY: 1927.82996 | SL: 1919.77495 | TP: 1943.93997 | RR: 2.0 | POSITION: 1.2415
2026-07-30 19:29:40,639 | SOL-USD | Signal: BUY | Confidence: 55%
2026-07-30 19:29:40,640 | SOL-USD | ENTRY: 74.61 | SL: 74.28857 | TP: 75.25286 | RR: 2.0 | POSITION: 31.111
2026-07-30 19:30:12,835 | EURUSD=X | Signal: BUY | Confidence: 65%
2026-07-30 19:30:12,836 | EURUSD=X | ENTRY: 1.1526 | SL: 1.15123 | TP: 1.15535 | RR: 2.0 | POSITION: 7299.2701
2026-07-30 19:30:13,709 | GBPUSD=X | Signal: BUY | Confidence: 80%
2026-07-30 19:30:13,710 | GBPUSD=X | ENTRY: 1.34264 | SL: 1.34039 | TP: 1.34714 | RR: 2.0 | POSITION: 4444.4444
2026-07-30 19:30:14,533 | JPY=X | Signal: HOLD | Confidence: 40%
2026-07-30 19:30:15,529 | AUDUSD=X | Signal: HOLD | Confidence: 25%
2026-07-30 19:30:16,890 | CAD=X | Signal: SELL | Confidence: 80%
2026-07-30 19:30:16,891 | CAD=X | ENTRY: 1.40117 | SL: 1.40325 | TP: 1.39701 | RR: 2.0 | POSITION: 4807.6923
2026-07-30 19:30:17,721 | GC=F | Signal: BUY | Confidence: 65%
2026-07-30 19:30:17,722 | GC=F | ENTRY: 4152.2998 | SL: 4136.95687 | TP: 4182.98567 | RR: 2.0 | POSITION: 0.6518
2026-07-30 19:30:18,412 | SI=F | Signal: HOLD | Confidence: 10%
2026-07-30 19:30:19,369 | BTC-USD | Signal: HOLD | Confidence: 50%
2026-07-30 19:30:20,228 | ETH-USD | Signal: BUY | Confidence: 70%
2026-07-30 19:30:20,229 | ETH-USD | ENTRY: 1927.84998 | SL: 1919.79497 | TP: 1943.95999 | RR: 2.0 | POSITION: 1.2415
2026-07-30 19:30:21,328 | SOL-USD | Signal: BUY | Confidence: 55%
2026-07-30 19:30:21,329 | SOL-USD | ENTRY: 74.61 | SL: 74.28857 | TP: 75.25286 | RR: 2.0 | POSITION: 31.111
2026-07-30 19:31:04,128 | EURUSD=X | Signal: BUY | Confidence: 80%
2026-07-30 19:31:04,131 | EURUSD=X | ENTRY: 1.1526 | SL: 1.15133 | TP: 1.15515 | RR: 2.0 | POSITION: 7874.0157
2026-07-30 19:31:05,559 | GBPUSD=X | Signal: BUY | Confidence: 60%
2026-07-30 19:31:05,564 | GBPUSD=X | ENTRY: 1.34282 | SL: 1.34075 | TP: 1.34698 | RR: 2.0 | POSITION: 4830.9179
2026-07-30 19:31:06,292 | JPY=X | Signal: HOLD | Confidence: 40%
2026-07-30 19:31:07,278 | AUDUSD=X | Signal: HOLD | Confidence: 25%
2026-07-30 19:31:08,564 | CAD=X | Signal: SELL | Confidence: 80%
2026-07-30 19:31:08,566 | CAD=X | ENTRY: 1.40088 | SL: 1.40291 | TP: 1.39682 | RR: 2.0 | POSITION: 4926.1084
2026-07-30 19:31:09,354 | GC=F | Signal: BUY | Confidence: 75%
2026-07-30 19:31:09,356 | GC=F | ENTRY: 4155.2002 | SL: 4139.85726 | TP: 4185.88606 | RR: 2.0 | POSITION: 0.6518
2026-07-30 19:31:09,842 | SI=F | Signal: HOLD | Confidence: 10%
2026-07-30 19:31:10,776 | BTC-USD | Signal: BUY | Confidence: 60%
2026-07-30 19:31:10,779 | BTC-USD | ENTRY: 64942.58984 | SL: 64739.524 | TP: 65348.72154 | RR: 2.0 | POSITION: 0.0492
2026-07-30 19:31:12,116 | ETH-USD | Signal: BUY | Confidence: 60%
2026-07-30 19:31:12,117 | ETH-USD | ENTRY: 1927.23999 | SL: 1919.30287 | TP: 1943.11424 | RR: 2.0 | POSITION: 1.2599
2026-07-30 19:31:13,305 | SOL-USD | Signal: HOLD | Confidence: 40%
2026-07-30 19:31:52,551 | EURUSD=X | Signal: BUY | Confidence: 65%
2026-07-30 19:31:52,552 | EURUSD=X | ENTRY: 1.15314 | SL: 1.15181 | TP: 1.1558 | RR: 2.0 | POSITION: 7518.797
2026-07-30 19:31:53,393 | GBPUSD=X | Signal: BUY | Confidence: 65%
2026-07-30 19:31:53,393 | GBPUSD=X | ENTRY: 1.34367 | SL: 1.3415 | TP: 1.34801 | RR: 2.0 | POSITION: 4608.2949
2026-07-30 19:31:54,505 | JPY=X | Signal: HOLD | Confidence: 40%
2026-07-30 19:31:55,491 | AUDUSD=X | Signal: HOLD | Confidence: 20%
2026-07-30 19:31:56,614 | CAD=X | Signal: SELL | Confidence: 70%
2026-07-30 19:31:56,615 | CAD=X | ENTRY: 1.40077 | SL: 1.4029 | TP: 1.3965 | RR: 2.0 | POSITION: 4694.8357
2026-07-30 19:31:57,314 | GC=F | Signal: BUY | Confidence: 75%
2026-07-30 19:31:57,315 | GC=F | ENTRY: 4156.6001 | SL: 4141.25717 | TP: 4187.28596 | RR: 2.0 | POSITION: 0.6518
2026-07-30 19:31:58,096 | SI=F | Signal: HOLD | Confidence: 25%
2026-07-30 19:31:58,997 | BTC-USD | Signal: BUY | Confidence: 60%
2026-07-30 19:31:58,998 | BTC-USD | ENTRY: 64966.55078 | SL: 64750.16657 | TP: 65399.3192 | RR: 2.0 | POSITION: 0.0462
2026-07-30 19:31:59,909 | ETH-USD | Signal: BUY | Confidence: 60%
2026-07-30 19:31:59,910 | ETH-USD | ENTRY: 1928.13 | SL: 1920.21428 | TP: 1943.96146 | RR: 2.0 | POSITION: 1.2633
2026-07-30 19:32:00,984 | SOL-USD | Signal: HOLD | Confidence: 30%
2026-07-30 19:32:36,964 | EURUSD=X | Signal: BUY | Confidence: 65%
2026-07-30 19:32:36,965 | EURUSD=X | ENTRY: 1.15314 | SL: 1.15181 | TP: 1.1558 | RR: 2.0 | POSITION: 7518.797
2026-07-30 19:32:37,776 | GBPUSD=X | Signal: BUY | Confidence: 65%
2026-07-30 19:32:37,778 | GBPUSD=X | ENTRY: 1.34367 | SL: 1.3415 | TP: 1.34801 | RR: 2.0 | POSITION: 4608.2949
2026-07-30 19:32:38,537 | JPY=X | Signal: HOLD | Confidence: 40%
2026-07-30 19:32:39,523 | AUDUSD=X | Signal: HOLD | Confidence: 20%
2026-07-30 19:32:40,244 | CAD=X | Signal: SELL | Confidence: 70%
2026-07-30 19:32:40,245 | CAD=X | ENTRY: 1.4008 | SL: 1.40293 | TP: 1.39653 | RR: 2.0 | POSITION: 4694.8357
2026-07-30 19:32:40,992 | GC=F | Signal: BUY | Confidence: 75%
2026-07-30 19:32:40,992 | GC=F | ENTRY: 4156.1001 | SL: 4140.75717 | TP: 4186.78596 | RR: 2.0 | POSITION: 0.6518
2026-07-30 19:32:41,841 | SI=F | Signal: HOLD | Confidence: 25%
2026-07-30 19:32:42,899 | BTC-USD | Signal: BUY | Confidence: 60%
2026-07-30 19:32:42,900 | BTC-USD | ENTRY: 64920.10156 | SL: 64701.77999 | TP: 65356.7447 | RR: 2.0 | POSITION: 0.0458
2026-07-30 19:32:43,639 | ETH-USD | Signal: BUY | Confidence: 60%
2026-07-30 19:32:43,639 | ETH-USD | ENTRY: 1927.09998 | SL: 1919.0375 | TP: 1943.22492 | RR: 2.0 | POSITION: 1.2403
2026-07-30 19:32:44,470 | SOL-USD | Signal: HOLD | Confidence: 40%
2026-07-30 19:33:34,554 | EURUSD=X | Signal: BUY | Confidence: 65%
2026-07-30 19:33:34,555 | EURUSD=X | ENTRY: 1.1534 | SL: 1.15204 | TP: 1.15612 | RR: 2.0 | POSITION: 7352.9412
2026-07-30 19:33:35,568 | GBPUSD=X | Signal: BUY | Confidence: 65%
2026-07-30 19:33:35,569 | GBPUSD=X | ENTRY: 1.34403 | SL: 1.34183 | TP: 1.34844 | RR: 2.0 | POSITION: 4545.4545
2026-07-30 19:33:36,686 | JPY=X | Signal: HOLD | Confidence: 40%
2026-07-30 19:33:37,623 | AUDUSD=X | Signal: HOLD | Confidence: 20%
2026-07-30 19:33:38,162 | CAD=X | Signal: SELL | Confidence: 70%
2026-07-30 19:33:38,163 | CAD=X | ENTRY: 1.40107 | SL: 1.4032 | TP: 1.3968 | RR: 2.0 | POSITION: 4694.8357
2026-07-30 19:33:38,608 | GC=F | Signal: BUY | Confidence: 75%
2026-07-30 19:33:38,609 | GC=F | ENTRY: 4158.3999 | SL: 4143.05697 | TP: 4189.08576 | RR: 2.0 | POSITION: 0.6518
2026-07-30 19:33:38,964 | SI=F | Signal: HOLD | Confidence: 25%
2026-07-30 19:33:39,377 | BTC-USD | Signal: BUY | Confidence: 60%
2026-07-30 19:33:39,377 | BTC-USD | ENTRY: 64905.78906 | SL: 64687.11509 | TP: 65343.137 | RR: 2.0 | POSITION: 0.0457
2026-07-30 19:33:40,229 | ETH-USD | Signal: BUY | Confidence: 60%
2026-07-30 19:33:40,230 | ETH-USD | ENTRY: 1926.15002 | SL: 1918.18394 | TP: 1942.08219 | RR: 2.0 | POSITION: 1.2553
2026-07-30 19:33:41,395 | SOL-USD | Signal: HOLD | Confidence: 40%
2026-07-30 19:34:18,345 | EURUSD=X | Signal: BUY | Confidence: 65%
2026-07-30 19:34:18,346 | EURUSD=X | ENTRY: 1.15354 | SL: 1.15216 | TP: 1.15628 | RR: 2.0 | POSITION: 7246.3768
2026-07-30 19:34:19,438 | GBPUSD=X | Signal: BUY | Confidence: 65%
2026-07-30 19:34:19,439 | GBPUSD=X | ENTRY: 1.34416 | SL: 1.34194 | TP: 1.3486 | RR: 2.0 | POSITION: 4504.5045
2026-07-30 19:34:20,235 | JPY=X | Signal: HOLD | Confidence: 40%
2026-07-30 19:34:21,332 | AUDUSD=X | Signal: HOLD | Confidence: 15%
2026-07-30 19:34:22,419 | CAD=X | Signal: SELL | Confidence: 80%
2026-07-30 19:34:22,420 | CAD=X | ENTRY: 1.40034 | SL: 1.40248 | TP: 1.39605 | RR: 2.0 | POSITION: 4672.8972
2026-07-30 19:34:23,321 | GC=F | Signal: BUY | Confidence: 75%
2026-07-30 19:34:23,322 | GC=F | ENTRY: 4159.2998 | SL: 4143.80688 | TP: 4190.28564 | RR: 2.0 | POSITION: 0.6455
2026-07-30 19:34:23,954 | SI=F | Signal: HOLD | Confidence: 35%
2026-07-30 19:34:24,935 | BTC-USD | Signal: HOLD | Confidence: 35%
2026-07-30 19:34:25,700 | ETH-USD | Signal: HOLD | Confidence: 35%
2026-07-30 19:34:26,983 | SOL-USD | Signal: HOLD | Confidence: 30%
2026-07-30 19:35:02,240 | EURUSD=X | Signal: BUY | Confidence: 65%
2026-07-30 19:35:02,241 | EURUSD=X | ENTRY: 1.1538 | SL: 1.1524 | TP: 1.1566 | RR: 2.0 | POSITION: 7142.8571
2026-07-30 19:35:03,010 | GBPUSD=X | Signal: BUY | Confidence: 65%
2026-07-30 19:35:03,010 | GBPUSD=X | ENTRY: 1.34452 | SL: 1.34226 | TP: 1.34904 | RR: 2.0 | POSITION: 4424.7788
2026-07-30 19:35:03,624 | JPY=X | Signal: HOLD | Confidence: 45%
2026-07-30 19:35:04,496 | AUDUSD=X | Signal: HOLD | Confidence: 15%
2026-07-30 19:35:05,637 | CAD=X | Signal: SELL | Confidence: 80%
2026-07-30 19:35:05,637 | CAD=X | ENTRY: 1.40056 | SL: 1.40271 | TP: 1.39625 | RR: 2.0 | POSITION: 4651.1628
2026-07-30 19:35:06,336 | GC=F | Signal: BUY | Confidence: 75%
2026-07-30 19:35:06,337 | GC=F | ENTRY: 4158.8999 | SL: 4143.40698 | TP: 4189.88574 | RR: 2.0 | POSITION: 0.6455
2026-07-30 19:35:07,123 | SI=F | Signal: HOLD | Confidence: 35%
2026-07-30 19:35:07,986 | BTC-USD | Signal: HOLD | Confidence: 40%
2026-07-30 19:35:09,217 | ETH-USD | Signal: BUY | Confidence: 60%
2026-07-30 19:35:09,218 | ETH-USD | ENTRY: 1924.98999 | SL: 1916.67355 | TP: 1941.62287 | RR: 2.0 | POSITION: 1.2024
2026-07-30 19:35:10,228 | SOL-USD | Signal: HOLD | Confidence: 30%
2026-07-30 19:35:43,937 | EURUSD=X | Signal: BUY | Confidence: 65%
2026-07-30 19:35:43,938 | EURUSD=X | ENTRY: 1.1538 | SL: 1.1524 | TP: 1.1566 | RR: 2.0 | POSITION: 7142.8571
2026-07-30 19:35:44,724 | GBPUSD=X | Signal: BUY | Confidence: 65%
2026-07-30 19:35:44,725 | GBPUSD=X | ENTRY: 1.34452 | SL: 1.34226 | TP: 1.34904 | RR: 2.0 | POSITION: 4424.7788
2026-07-30 19:35:45,457 | JPY=X | Signal: HOLD | Confidence: 45%
2026-07-30 19:35:46,410 | AUDUSD=X | Signal: HOLD | Confidence: 15%
2026-07-30 19:35:47,446 | CAD=X | Signal: SELL | Confidence: 70%
2026-07-30 19:35:47,447 | CAD=X | ENTRY: 1.40079 | SL: 1.40294 | TP: 1.39648 | RR: 2.0 | POSITION: 4651.1628
2026-07-30 19:35:48,386 | GC=F | Signal: HOLD | Confidence: 55%
2026-07-30 19:35:49,442 | SI=F | Signal: HOLD | Confidence: 35%
2026-07-30 19:35:50,299 | BTC-USD | Signal: HOLD | Confidence: 35%
2026-07-30 19:35:51,097 | ETH-USD | Signal: HOLD | Confidence: 35%
2026-07-30 19:35:51,903 | SOL-USD | Signal: HOLD | Confidence: 40%
2026-07-30 19:36:26,911 | EURUSD=X | Signal: BUY | Confidence: 65%
2026-07-30 19:36:26,912 | EURUSD=X | ENTRY: 1.1538 | SL: 1.1524 | TP: 1.1566 | RR: 2.0 | POSITION: 7142.8571
2026-07-30 19:36:27,876 | GBPUSD=X | Signal: BUY | Confidence: 65%
2026-07-30 19:36:27,877 | GBPUSD=X | ENTRY: 1.34448 | SL: 1.34222 | TP: 1.349 | RR: 2.0 | POSITION: 4424.7788
2026-07-30 19:36:28,800 | JPY=X | Signal: HOLD | Confidence: 45%
2026-07-30 19:36:29,495 | AUDUSD=X | Signal: HOLD | Confidence: 20%
2026-07-30 19:36:30,197 | CAD=X | Signal: SELL | Confidence: 70%
2026-07-30 19:36:30,198 | CAD=X | ENTRY: 1.40072 | SL: 1.40287 | TP: 1.39641 | RR: 2.0 | POSITION: 4651.1628
2026-07-30 19:36:30,894 | GC=F | Signal: BUY | Confidence: 60%
2026-07-30 19:36:30,895 | GC=F | ENTRY: 4162.3999 | SL: 4146.68197 | TP: 4193.83576 | RR: 2.0 | POSITION: 0.6362
2026-07-30 19:36:31,749 | SI=F | Signal: BUY | Confidence: 55%
2026-07-30 19:36:31,751 | SI=F | ENTRY: 58.655 | SL: 58.23286 | TP: 59.49928 | RR: 2.0 | POSITION: 23.6888
2026-07-30 19:36:33,184 | BTC-USD | Signal: HOLD | Confidence: 35%
2026-07-30 19:36:33,987 | ETH-USD | Signal: HOLD | Confidence: 35%
2026-07-30 19:36:34,671 | SOL-USD | Signal: HOLD | Confidence: 40%
2026-07-30 19:37:16,705 | EURUSD=X | Signal: HOLD | Confidence: 60%
2026-07-30 19:37:17,633 | GBPUSD=X | Signal: BUY | Confidence: 65%
2026-07-30 19:37:17,634 | GBPUSD=X | ENTRY: 1.34416 | SL: 1.3419 | TP: 1.34868 | RR: 2.0 | POSITION: 4424.7788
2026-07-30 19:37:18,544 | JPY=X | Signal: HOLD | Confidence: 45%
2026-07-30 19:37:19,459 | AUDUSD=X | Signal: HOLD | Confidence: 20%
2026-07-30 19:37:20,453 | CAD=X | Signal: SELL | Confidence: 70%
2026-07-30 19:37:20,453 | CAD=X | ENTRY: 1.40072 | SL: 1.40287 | TP: 1.39641 | RR: 2.0 | POSITION: 4651.1628
2026-07-30 19:37:21,331 | GC=F | Signal: BUY | Confidence: 60%
2026-07-30 19:37:21,334 | GC=F | ENTRY: 4163.0 | SL: 4147.28207 | TP: 4194.43586 | RR: 2.0 | POSITION: 0.6362
2026-07-30 19:37:22,123 | SI=F | Signal: BUY | Confidence: 60%
2026-07-30 19:37:22,124 | SI=F | ENTRY: 58.675 | SL: 58.25286 | TP: 59.51928 | RR: 2.0 | POSITION: 23.6888
2026-07-30 19:37:23,124 | BTC-USD | Signal: HOLD | Confidence: 35%
2026-07-30 19:37:23,919 | ETH-USD | Signal: HOLD | Confidence: 35%
2026-07-30 19:37:24,982 | SOL-USD | Signal: HOLD | Confidence: 40%
2026-07-30 19:38:05,797 | EURUSD=X | Signal: BUY | Confidence: 70%
2026-07-30 19:38:05,798 | EURUSD=X | ENTRY: 1.1526 | SL: 1.1512 | TP: 1.15541 | RR: 2.0 | POSITION: 7142.8571
2026-07-30 19:38:07,182 | GBPUSD=X | Signal: HOLD | Confidence: 50%
2026-07-30 19:38:08,445 | JPY=X | Signal: HOLD | Confidence: 40%
2026-07-30 19:38:09,618 | AUDUSD=X | Signal: HOLD | Confidence: 15%
2026-07-30 19:38:10,689 | CAD=X | Signal: SELL | Confidence: 70%
2026-07-30 19:38:10,690 | CAD=X | ENTRY: 1.40132 | SL: 1.40349 | TP: 1.39698 | RR: 2.0 | POSITION: 4608.2949
2026-07-30 19:38:11,550 | GC=F | Signal: BUY | Confidence: 60%
2026-07-30 19:38:11,551 | GC=F | ENTRY: 4162.0 | SL: 4146.28207 | TP: 4193.43586 | RR: 2.0 | POSITION: 0.6362
2026-07-30 19:38:12,371 | SI=F | Signal: HOLD | Confidence: 35%
2026-07-30 19:38:13,159 | BTC-USD | Signal: HOLD | Confidence: 35%
2026-07-30 19:38:16,068 | ETH-USD | Signal: HOLD | Confidence: 25%
2026-07-30 19:38:16,738 | SOL-USD | Signal: HOLD | Confidence: 20%
2026-07-30 19:38:54,381 | EURUSD=X | Signal: BUY | Confidence: 70%
2026-07-30 19:38:54,383 | EURUSD=X | ENTRY: 1.15221 | SL: 1.15076 | TP: 1.15509 | RR: 2.0 | POSITION: 6896.5517
2026-07-30 19:38:55,244 | GBPUSD=X | Signal: HOLD | Confidence: 50%
2026-07-30 19:38:56,204 | JPY=X | Signal: HOLD | Confidence: 30%
2026-07-30 19:38:57,147 | AUDUSD=X | Signal: HOLD | Confidence: 15%
2026-07-30 19:38:58,235 | CAD=X | Signal: SELL | Confidence: 70%
2026-07-30 19:38:58,236 | CAD=X | ENTRY: 1.4014 | SL: 1.40358 | TP: 1.39703 | RR: 2.0 | POSITION: 4587.156
2026-07-30 19:38:59,358 | GC=F | Signal: BUY | Confidence: 60%
2026-07-30 19:38:59,359 | GC=F | ENTRY: 4165.6001 | SL: 4149.49649 | TP: 4197.8073 | RR: 2.0 | POSITION: 0.621
2026-07-30 19:39:00,303 | SI=F | Signal: HOLD | Confidence: 35%
2026-07-30 19:39:01,281 | BTC-USD | Signal: HOLD | Confidence: 35%
2026-07-30 19:39:02,437 | ETH-USD | Signal: HOLD | Confidence: 25%
2026-07-30 19:39:03,447 | SOL-USD | Signal: HOLD | Confidence: 20%
2026-07-30 19:39:40,809 | EURUSD=X | Signal: BUY | Confidence: 70%
2026-07-30 19:39:40,810 | EURUSD=X | ENTRY: 1.15221 | SL: 1.15076 | TP: 1.15509 | RR: 2.0 | POSITION: 6896.5517
2026-07-30 19:39:41,452 | GBPUSD=X | Signal: HOLD | Confidence: 50%
2026-07-30 19:39:42,539 | JPY=X | Signal: HOLD | Confidence: 40%
2026-07-30 19:39:43,771 | AUDUSD=X | Signal: HOLD | Confidence: 15%
2026-07-30 19:39:44,425 | CAD=X | Signal: SELL | Confidence: 80%
2026-07-30 19:39:44,426 | CAD=X | ENTRY: 1.40182 | SL: 1.40405 | TP: 1.39735 | RR: 2.0 | POSITION: 4484.3049
2026-07-30 19:39:44,968 | GC=F | Signal: BUY | Confidence: 60%
2026-07-30 19:39:44,972 | GC=F | ENTRY: 4171.6001 | SL: 4154.9929 | TP: 4204.81449 | RR: 2.0 | POSITION: 0.6021
2026-07-30 19:39:45,478 | SI=F | Signal: BUY | Confidence: 60%
2026-07-30 19:39:45,479 | SI=F | ENTRY: 58.77 | SL: 58.33768 | TP: 59.63464 | RR: 2.0 | POSITION: 23.131
2026-07-30 19:39:46,104 | BTC-USD | Signal: HOLD | Confidence: 35%
2026-07-30 19:39:47,190 | ETH-USD | Signal: HOLD | Confidence: 25%
2026-07-30 19:39:47,916 | SOL-USD | Signal: HOLD | Confidence: 15%
2026-07-30 19:40:23,544 | EURUSD=X | Signal: BUY | Confidence: 90%
2026-07-30 19:40:23,545 | EURUSD=X | ENTRY: 1.1526 | SL: 1.15116 | TP: 1.15549 | RR: 2.0 | POSITION: 6944.4444
2026-07-30 19:40:24,292 | GBPUSD=X | Signal: HOLD | Confidence: 50%
2026-07-30 19:40:25,091 | JPY=X | Signal: HOLD | Confidence: 40%
2026-07-30 19:40:25,842 | AUDUSD=X | Signal: HOLD | Confidence: 15%
2026-07-30 19:40:26,682 | CAD=X | Signal: SELL | Confidence: 70%
2026-07-30 19:40:26,683 | CAD=X | ENTRY: 1.40147 | SL: 1.4037 | TP: 1.397 | RR: 2.0 | POSITION: 4484.3049
2026-07-30 19:40:27,243 | GC=F | Signal: HOLD | Confidence: 30%
2026-07-30 19:40:28,009 | SI=F | Signal: HOLD | Confidence: 50%
2026-07-30 19:40:28,863 | BTC-USD | Signal: HOLD | Confidence: 35%
2026-07-30 19:40:29,678 | ETH-USD | Signal: HOLD | Confidence: 25%
2026-07-30 19:40:30,620 | SOL-USD | Signal: HOLD | Confidence: 20%
2026-07-30 19:41:08,081 | EURUSD=X | Signal: HOLD | Confidence: 50%
2026-07-30 19:41:08,884 | GBPUSD=X | Signal: BUY | Confidence: 60%
2026-07-30 19:41:08,885 | GBPUSD=X | ENTRY: 1.34392 | SL: 1.34166 | TP: 1.34844 | RR: 2.0 | POSITION: 4424.7788
2026-07-30 19:41:09,759 | JPY=X | Signal: HOLD | Confidence: 40%
2026-07-30 19:41:10,714 | AUDUSD=X | Signal: HOLD | Confidence: 15%
2026-07-30 19:41:11,612 | CAD=X | Signal: SELL | Confidence: 70%
2026-07-30 19:41:11,613 | CAD=X | ENTRY: 1.40147 | SL: 1.4037 | TP: 1.397 | RR: 2.0 | POSITION: 4484.3049
2026-07-30 19:41:12,324 | GC=F | Signal: HOLD | Confidence: 40%
2026-07-30 19:41:13,397 | SI=F | Signal: HOLD | Confidence: 40%
2026-07-30 19:41:14,416 | BTC-USD | Signal: HOLD | Confidence: 35%
2026-07-30 19:41:15,397 | ETH-USD | Signal: HOLD | Confidence: 25%
2026-07-30 19:41:16,055 | SOL-USD | Signal: HOLD | Confidence: 20%
2026-07-30 19:42:00,751 | EURUSD=X | Signal: HOLD | Confidence: 60%
2026-07-30 19:42:01,654 | GBPUSD=X | Signal: BUY | Confidence: 65%
2026-07-30 19:42:01,655 | GBPUSD=X | ENTRY: 1.34405 | SL: 1.34179 | TP: 1.34857 | RR: 2.0 | POSITION: 4424.7788
2026-07-30 19:42:02,861 | JPY=X | Signal: HOLD | Confidence: 45%
2026-07-30 19:42:04,295 | AUDUSD=X | Signal: HOLD | Confidence: 20%
2026-07-30 19:42:05,622 | CAD=X | Signal: SELL | Confidence: 70%
2026-07-30 19:42:05,623 | CAD=X | ENTRY: 1.40133 | SL: 1.40356 | TP: 1.39686 | RR: 2.0 | POSITION: 4484.3049
2026-07-30 19:42:06,442 | GC=F | Signal: HOLD | Confidence: 55%
2026-07-30 19:42:07,449 | SI=F | Signal: HOLD | Confidence: 30%
2026-07-30 19:42:08,397 | BTC-USD | Signal: HOLD | Confidence: 35%
2026-07-30 19:42:09,536 | ETH-USD | Signal: HOLD | Confidence: 25%
2026-07-30 19:42:11,160 | SOL-USD | Signal: HOLD | Confidence: 20%
2026-07-30 19:42:45,280 | EURUSD=X | Signal: HOLD | Confidence: 60%
2026-07-30 19:42:46,160 | GBPUSD=X | Signal: BUY | Confidence: 65%
2026-07-30 19:42:46,162 | GBPUSD=X | ENTRY: 1.34405 | SL: 1.34179 | TP: 1.34857 | RR: 2.0 | POSITION: 4424.7788
2026-07-30 19:42:47,201 | JPY=X | Signal: HOLD | Confidence: 45%
2026-07-30 19:42:48,265 | AUDUSD=X | Signal: HOLD | Confidence: 20%
2026-07-30 19:42:49,498 | CAD=X | Signal: SELL | Confidence: 70%
2026-07-30 19:42:49,499 | CAD=X | ENTRY: 1.40114 | SL: 1.40337 | TP: 1.39667 | RR: 2.0 | POSITION: 4484.3049
2026-07-30 19:42:50,386 | GC=F | Signal: HOLD | Confidence: 30%
2026-07-30 19:42:51,572 | SI=F | Signal: HOLD | Confidence: 50%
2026-07-30 19:42:52,575 | BTC-USD | Signal: HOLD | Confidence: 35%
2026-07-30 19:42:53,496 | ETH-USD | Signal: HOLD | Confidence: 25%
2026-07-30 19:42:54,417 | SOL-USD | Signal: HOLD | Confidence: 40%
2026-07-30 19:43:34,945 | EURUSD=X | Signal: HOLD | Confidence: 60%
2026-07-30 19:43:36,174 | GBPUSD=X | Signal: BUY | Confidence: 65%
2026-07-30 19:43:36,175 | GBPUSD=X | ENTRY: 1.34436 | SL: 1.3421 | TP: 1.34887 | RR: 2.0 | POSITION: 4424.7788
2026-07-30 19:43:37,404 | JPY=X | Signal: HOLD | Confidence: 40%
2026-07-30 19:43:38,516 | AUDUSD=X | Signal: HOLD | Confidence: 20%
2026-07-30 19:43:39,725 | CAD=X | Signal: SELL | Confidence: 70%
2026-07-30 19:43:39,726 | CAD=X | ENTRY: 1.40124 | SL: 1.40347 | TP: 1.39677 | RR: 2.0 | POSITION: 4484.3049
2026-07-30 19:43:40,576 | GC=F | Signal: HOLD | Confidence: 30%
2026-07-30 19:43:41,733 | SI=F | Signal: HOLD | Confidence: 50%
2026-07-30 19:43:43,347 | BTC-USD | Signal: HOLD | Confidence: 35%
2026-07-30 19:43:44,312 | ETH-USD | Signal: HOLD | Confidence: 25%
2026-07-30 19:43:45,698 | SOL-USD | Signal: HOLD | Confidence: 20%
2026-07-30 19:44:19,859 | EURUSD=X | Signal: HOLD | Confidence: 50%
2026-07-30 19:44:21,089 | GBPUSD=X | Signal: BUY | Confidence: 60%
2026-07-30 19:44:21,090 | GBPUSD=X | ENTRY: 1.344 | SL: 1.34174 | TP: 1.34851 | RR: 2.0 | POSITION: 4424.7788
2026-07-30 19:44:22,016 | JPY=X | Signal: HOLD | Confidence: 45%
2026-07-30 19:44:23,385 | AUDUSD=X | Signal: HOLD | Confidence: 15%
2026-07-30 19:44:24,627 | CAD=X | Signal: SELL | Confidence: 70%
2026-07-30 19:44:24,628 | CAD=X | ENTRY: 1.40128 | SL: 1.40351 | TP: 1.39681 | RR: 2.0 | POSITION: 4484.3049
2026-07-30 19:44:25,369 | GC=F | Signal: HOLD | Confidence: 30%
2026-07-30 19:44:26,383 | SI=F | Signal: BUY | Confidence: 55%
2026-07-30 19:44:26,384 | SI=F | ENTRY: 58.795 | SL: 58.36589 | TP: 59.65321 | RR: 2.0 | POSITION: 23.304
2026-07-30 19:44:27,339 | BTC-USD | Signal: HOLD | Confidence: 35%
2026-07-30 19:44:28,305 | ETH-USD | Signal: HOLD | Confidence: 25%
2026-07-30 19:44:29,522 | SOL-USD | Signal: HOLD | Confidence: 20%
2026-07-30 19:45:05,861 | EURUSD=X | Signal: HOLD | Confidence: 50%
2026-07-30 19:45:06,707 | GBPUSD=X | Signal: BUY | Confidence: 65%
2026-07-30 19:45:06,708 | GBPUSD=X | ENTRY: 1.34419 | SL: 1.34194 | TP: 1.34871 | RR: 2.0 | POSITION: 4444.4444
2026-07-30 19:45:07,612 | JPY=X | Signal: HOLD | Confidence: 45%
2026-07-30 19:45:08,621 | AUDUSD=X | Signal: HOLD | Confidence: 15%
2026-07-30 19:45:10,125 | CAD=X | Signal: SELL | Confidence: 70%
2026-07-30 19:45:10,126 | CAD=X | ENTRY: 1.401 | SL: 1.40323 | TP: 1.39653 | RR: 2.0 | POSITION: 4484.3049
2026-07-30 19:45:11,048 | GC=F | Signal: HOLD | Confidence: 50%
2026-07-30 19:45:12,356 | SI=F | Signal: HOLD | Confidence: 50%
2026-07-30 19:45:13,372 | BTC-USD | Signal: HOLD | Confidence: 35%
2026-07-30 19:45:14,440 | ETH-USD | Signal: HOLD | Confidence: 25%
2026-07-30 19:45:15,252 | SOL-USD | Signal: HOLD | Confidence: 20%
2026-07-30 19:45:52,080 | EURUSD=X | Signal: HOLD | Confidence: 60%
2026-07-30 19:45:53,036 | GBPUSD=X | Signal: HOLD | Confidence: 40%
2026-07-30 19:45:54,025 | JPY=X | Signal: HOLD | Confidence: 40%
2026-07-30 19:45:55,176 | AUDUSD=X | Signal: HOLD | Confidence: 20%
2026-07-30 19:45:56,364 | CAD=X | Signal: SELL | Confidence: 70%
2026-07-30 19:45:56,365 | CAD=X | ENTRY: 1.40116 | SL: 1.40339 | TP: 1.39669 | RR: 2.0 | POSITION: 4484.3049
2026-07-30 19:45:57,300 | GC=F | Signal: BUY | Confidence: 60%
2026-07-30 19:45:57,301 | GC=F | ENTRY: 4165.2998 | SL: 4147.82474 | TP: 4200.24993 | RR: 2.0 | POSITION: 0.5722
2026-07-30 19:45:58,148 | SI=F | Signal: HOLD | Confidence: 20%
2026-07-30 19:45:58,957 | BTC-USD | Signal: HOLD | Confidence: 60%
2026-07-30 19:45:59,963 | ETH-USD | Signal: HOLD | Confidence: 20%
2026-07-30 19:46:00,924 | SOL-USD | Signal: BUY | Confidence: 60%
2026-07-30 19:46:00,925 | SOL-USD | ENTRY: 74.36 | SL: 74.03857 | TP: 75.00286 | RR: 2.0 | POSITION: 31.111
2026-07-30 19:46:38,517 | EURUSD=X | Signal: HOLD | Confidence: 60%
2026-07-30 19:46:39,609 | GBPUSD=X | Signal: HOLD | Confidence: 40%
2026-07-30 19:46:41,219 | JPY=X | Signal: HOLD | Confidence: 45%
2026-07-30 19:46:42,506 | AUDUSD=X | Signal: HOLD | Confidence: 20%
2026-07-30 19:46:43,437 | CAD=X | Signal: SELL | Confidence: 80%
2026-07-30 19:46:43,438 | CAD=X | ENTRY: 1.40076 | SL: 1.40296 | TP: 1.39637 | RR: 2.0 | POSITION: 4545.4545
2026-07-30 19:46:44,105 | GC=F | Signal: BUY | Confidence: 60%
2026-07-30 19:46:44,106 | GC=F | ENTRY: 4164.7002 | SL: 4147.01085 | TP: 4200.07889 | RR: 2.0 | POSITION: 0.5653
2026-07-30 19:46:44,742 | SI=F | Signal: HOLD | Confidence: 20%
2026-07-30 19:46:45,673 | BTC-USD | Signal: HOLD | Confidence: 60%
2026-07-30 19:46:46,628 | ETH-USD | Signal: HOLD | Confidence: 20%
2026-07-30 19:46:47,813 | SOL-USD | Signal: BUY | Confidence: 70%
2026-07-30 19:46:47,814 | SOL-USD | ENTRY: 74.39 | SL: 74.06428 | TP: 75.04143 | RR: 2.0 | POSITION: 30.7012
2026-07-30 19:47:24,844 | EURUSD=X | Signal: BUY | Confidence: 65%
2026-07-30 19:47:24,845 | EURUSD=X | ENTRY: 1.1534 | SL: 1.152 | TP: 1.15621 | RR: 2.0 | POSITION: 7142.8571
2026-07-30 19:47:25,671 | GBPUSD=X | Signal: HOLD | Confidence: 45%
2026-07-30 19:47:26,794 | JPY=X | Signal: HOLD | Confidence: 45%
2026-07-30 19:47:28,110 | AUDUSD=X | Signal: HOLD | Confidence: 20%
2026-07-30 19:47:29,042 | CAD=X | Signal: SELL | Confidence: 70%
2026-07-30 19:47:29,043 | CAD=X | ENTRY: 1.40097 | SL: 1.40319 | TP: 1.39653 | RR: 2.0 | POSITION: 4504.5045
2026-07-30 19:47:29,789 | GC=F | Signal: BUY | Confidence: 60%
2026-07-30 19:47:29,790 | GC=F | ENTRY: 4162.2998 | SL: 4143.83906 | TP: 4199.2213 | RR: 2.0 | POSITION: 0.5417
2026-07-30 19:47:30,582 | SI=F | Signal: HOLD | Confidence: 20%
2026-07-30 19:47:31,436 | BTC-USD | Signal: HOLD | Confidence: 60%
2026-07-30 19:47:32,368 | ETH-USD | Signal: HOLD | Confidence: 30%
2026-07-30 19:47:33,360 | SOL-USD | Signal: BUY | Confidence: 60%
2026-07-30 19:47:33,361 | SOL-USD | ENTRY: 74.43 | SL: 74.09893 | TP: 75.09215 | RR: 2.0 | POSITION: 30.2051
2026-07-30 19:48:07,225 | EURUSD=X | Signal: BUY | Confidence: 65%
2026-07-30 19:48:07,226 | EURUSD=X | ENTRY: 1.15354 | SL: 1.15212 | TP: 1.15637 | RR: 2.0 | POSITION: 7042.2535
2026-07-30 19:48:08,274 | GBPUSD=X | Signal: HOLD | Confidence: 45%
2026-07-30 19:48:09,427 | JPY=X | Signal: HOLD | Confidence: 45%
2026-07-30 19:48:10,177 | AUDUSD=X | Signal: HOLD | Confidence: 25%
2026-07-30 19:48:10,792 | CAD=X | Signal: SELL | Confidence: 70%
2026-07-30 19:48:10,793 | CAD=X | ENTRY: 1.40095 | SL: 1.40317 | TP: 1.39651 | RR: 2.0 | POSITION: 4504.5045
2026-07-30 19:48:11,152 | GC=F | Signal: BUY | Confidence: 60%
2026-07-30 19:48:11,153 | GC=F | ENTRY: 4158.6001 | SL: 4140.13935 | TP: 4195.52159 | RR: 2.0 | POSITION: 0.5417
2026-07-30 19:48:11,569 | SI=F | Signal: HOLD | Confidence: 10%
2026-07-30 19:48:12,245 | BTC-USD | Signal: BUY | Confidence: 70%
2026-07-30 19:48:12,246 | BTC-USD | ENTRY: 64659.19141 | SL: 64412.90472 | TP: 65151.76479 | RR: 2.0 | POSITION: 0.0406
2026-07-30 19:48:13,023 | ETH-USD | Signal: HOLD | Confidence: 30%
2026-07-30 19:48:14,748 | SOL-USD | Signal: BUY | Confidence: 70%
2026-07-30 19:48:14,749 | SOL-USD | ENTRY: 74.37 | SL: 74.03893 | TP: 75.03215 | RR: 2.0 | POSITION: 30.2051
2026-07-30 19:48:51,213 | EURUSD=X | Signal: HOLD | Confidence: 60%
2026-07-30 19:48:52,768 | GBPUSD=X | Signal: HOLD | Confidence: 35%
2026-07-30 19:48:53,911 | JPY=X | Signal: HOLD | Confidence: 40%
2026-07-30 19:48:55,457 | AUDUSD=X | Signal: HOLD | Confidence: 25%
2026-07-30 19:48:56,754 | CAD=X | Signal: SELL | Confidence: 70%
2026-07-30 19:48:56,754 | CAD=X | ENTRY: 1.40107 | SL: 1.40329 | TP: 1.39663 | RR: 2.0 | POSITION: 4504.5045
2026-07-30 19:48:57,524 | GC=F | Signal: BUY | Confidence: 60%
2026-07-30 19:48:57,525 | GC=F | ENTRY: 4154.8999 | SL: 4136.24627 | TP: 4192.20717 | RR: 2.0 | POSITION: 0.5361
2026-07-30 19:48:58,150 | SI=F | Signal: HOLD | Confidence: 5%
2026-07-30 19:48:58,780 | BTC-USD | Signal: HOLD | Confidence: 10%
2026-07-30 19:48:59,447 | ETH-USD | Signal: HOLD | Confidence: 10%
2026-07-30 19:49:00,673 | SOL-USD | Signal: BUY | Confidence: 60%
2026-07-30 19:49:00,674 | SOL-USD | ENTRY: 74.24 | SL: 73.89821 | TP: 74.92357 | RR: 2.0 | POSITION: 29.2577
2026-07-30 19:49:40,645 | EURUSD=X | Signal: HOLD | Confidence: 60%
2026-07-30 19:49:41,751 | GBPUSD=X | Signal: HOLD | Confidence: 35%
2026-07-30 19:49:42,779 | JPY=X | Signal: HOLD | Confidence: 45%
2026-07-30 19:49:43,721 | AUDUSD=X | Signal: HOLD | Confidence: 25%
2026-07-30 19:49:44,920 | CAD=X | Signal: SELL | Confidence: 70%
2026-07-30 19:49:44,922 | CAD=X | ENTRY: 1.40119 | SL: 1.40345 | TP: 1.39667 | RR: 2.0 | POSITION: 4424.7788
2026-07-30 19:49:45,816 | GC=F | Signal: BUY | Confidence: 60%
2026-07-30 19:49:45,816 | GC=F | ENTRY: 4158.5 | SL: 4139.84637 | TP: 4195.80727 | RR: 2.0 | POSITION: 0.5361
2026-07-30 19:49:46,511 | SI=F | Signal: HOLD | Confidence: 10%
2026-07-30 19:49:47,654 | BTC-USD | Signal: HOLD | Confidence: 40%
2026-07-30 19:49:48,533 | ETH-USD | Signal: HOLD | Confidence: 10%
2026-07-30 19:49:49,318 | SOL-USD | Signal: BUY | Confidence: 60%
2026-07-30 19:49:49,321 | SOL-USD | ENTRY: 74.31 | SL: 73.96821 | TP: 74.99357 | RR: 2.0 | POSITION: 29.2577
2026-07-30 19:50:30,151 | EURUSD=X | Signal: HOLD | Confidence: 60%
2026-07-30 19:50:30,963 | GBPUSD=X | Signal: HOLD | Confidence: 40%
2026-07-30 19:50:31,748 | JPY=X | Signal: HOLD | Confidence: 45%
2026-07-30 19:50:32,512 | AUDUSD=X | Signal: HOLD | Confidence: 10%
2026-07-30 19:50:33,459 | CAD=X | Signal: SELL | Confidence: 70%
2026-07-30 19:50:33,460 | CAD=X | ENTRY: 1.40116 | SL: 1.40342 | TP: 1.39664 | RR: 2.0 | POSITION: 4424.7788
2026-07-30 19:50:34,241 | GC=F | Signal: BUY | Confidence: 60%
2026-07-30 19:50:34,242 | GC=F | ENTRY: 4159.5 | SL: 4140.84637 | TP: 4196.80727 | RR: 2.0 | POSITION: 0.5361
2026-07-30 19:50:34,908 | SI=F | Signal: HOLD | Confidence: 10%
2026-07-30 19:50:36,030 | BTC-USD | Signal: HOLD | Confidence: 40%
2026-07-30 19:50:36,780 | ETH-USD | Signal: HOLD | Confidence: 10%
2026-07-30 19:50:38,996 | SOL-USD | Signal: BUY | Confidence: 60%
2026-07-30 19:50:38,997 | SOL-USD | ENTRY: 74.27 | SL: 73.92821 | TP: 74.95357 | RR: 2.0 | POSITION: 29.2577
2026-07-30 19:51:14,701 | EURUSD=X | Signal: BUY | Confidence: 70%
2026-07-30 19:51:14,702 | EURUSD=X | ENTRY: 1.15327 | SL: 1.15185 | TP: 1.1561 | RR: 2.0 | POSITION: 7042.2535
2026-07-30 19:51:15,674 | GBPUSD=X | Signal: HOLD | Confidence: 50%
2026-07-30 19:51:17,075 | JPY=X | Signal: HOLD | Confidence: 45%
2026-07-30 19:51:18,900 | AUDUSD=X | Signal: HOLD | Confidence: 10%
2026-07-30 19:51:19,938 | CAD=X | Signal: SELL | Confidence: 70%
2026-07-30 19:51:19,939 | CAD=X | ENTRY: 1.40126 | SL: 1.40352 | TP: 1.39674 | RR: 2.0 | POSITION: 4424.7788
2026-07-30 19:51:20,852 | GC=F | Signal: BUY | Confidence: 60%
2026-07-30 19:51:20,853 | GC=F | ENTRY: 4159.1001 | SL: 4140.44646 | TP: 4196.40737 | RR: 2.0 | POSITION: 0.5361
2026-07-30 19:51:21,618 | SI=F | Signal: HOLD | Confidence: 10%
2026-07-30 19:51:22,660 | BTC-USD | Signal: HOLD | Confidence: 10%
2026-07-30 19:51:23,731 | ETH-USD | Signal: HOLD | Confidence: 10%
2026-07-30 19:51:24,951 | SOL-USD | Signal: BUY | Confidence: 60%
2026-07-30 19:51:24,952 | SOL-USD | ENTRY: 74.27 | SL: 73.92821 | TP: 74.95357 | RR: 2.0 | POSITION: 29.2577
2026-07-30 19:52:03,556 | EURUSD=X | Signal: HOLD | Confidence: 60%
2026-07-30 19:52:04,522 | GBPUSD=X | Signal: HOLD | Confidence: 35%
2026-07-30 19:52:05,204 | JPY=X | Signal: HOLD | Confidence: 45%
2026-07-30 19:52:06,228 | AUDUSD=X | Signal: HOLD | Confidence: 10%
2026-07-30 19:52:07,142 | CAD=X | Signal: SELL | Confidence: 70%
2026-07-30 19:52:07,145 | CAD=X | ENTRY: 1.40127 | SL: 1.40353 | TP: 1.39675 | RR: 2.0 | POSITION: 4424.7788
2026-07-30 19:52:08,076 | GC=F | Signal: BUY | Confidence: 60%
2026-07-30 19:52:08,077 | GC=F | ENTRY: 4160.7998 | SL: 4142.14617 | TP: 4198.10707 | RR: 2.0 | POSITION: 0.5361
2026-07-30 19:52:08,972 | SI=F | Signal: HOLD | Confidence: 10%
2026-07-30 19:52:10,070 | BTC-USD | Signal: HOLD | Confidence: 10%
2026-07-30 19:52:11,121 | ETH-USD | Signal: HOLD | Confidence: 30%
2026-07-30 19:52:12,094 | SOL-USD | Signal: BUY | Confidence: 60%
2026-07-30 19:52:12,095 | SOL-USD | ENTRY: 74.31 | SL: 73.96607 | TP: 74.99786 | RR: 2.0 | POSITION: 29.0757
2026-07-30 19:52:46,393 | EURUSD=X | Signal: HOLD | Confidence: 60%
2026-07-30 19:52:47,421 | GBPUSD=X | Signal: HOLD | Confidence: 35%
2026-07-30 19:52:48,230 | JPY=X | Signal: HOLD | Confidence: 45%
2026-07-30 19:52:48,752 | AUDUSD=X | Signal: HOLD | Confidence: 10%
2026-07-30 19:52:49,279 | CAD=X | Signal: SELL | Confidence: 70%
2026-07-30 19:52:49,280 | CAD=X | ENTRY: 1.40118 | SL: 1.40344 | TP: 1.39666 | RR: 2.0 | POSITION: 4424.7788
2026-07-30 19:52:50,154 | GC=F | Signal: BUY | Confidence: 60%
2026-07-30 19:52:50,155 | GC=F | ENTRY: 4159.7002 | SL: 4141.04656 | TP: 4197.00746 | RR: 2.0 | POSITION: 0.5361
2026-07-30 19:52:52,344 | SI=F | Signal: HOLD | Confidence: 10%
2026-07-30 19:52:53,210 | BTC-USD | Signal: HOLD | Confidence: 40%
2026-07-30 19:52:54,051 | ETH-USD | Signal: HOLD | Confidence: 40%
2026-07-30 19:52:55,099 | SOL-USD | Signal: BUY | Confidence: 70%
2026-07-30 19:52:55,100 | SOL-USD | ENTRY: 74.37 | SL: 74.02607 | TP: 75.05786 | RR: 2.0 | POSITION: 29.0757
2026-07-30 19:53:30,333 | EURUSD=X | Signal: HOLD | Confidence: 60%
2026-07-30 19:53:31,606 | GBPUSD=X | Signal: HOLD | Confidence: 40%
2026-07-30 19:53:32,819 | JPY=X | Signal: HOLD | Confidence: 45%
2026-07-30 19:53:33,863 | AUDUSD=X | Signal: HOLD | Confidence: 10%
2026-07-30 19:53:34,950 | CAD=X | Signal: SELL | Confidence: 70%
2026-07-30 19:53:34,952 | CAD=X | ENTRY: 1.4013 | SL: 1.40356 | TP: 1.39678 | RR: 2.0 | POSITION: 4424.7788
2026-07-30 19:53:35,543 | GC=F | Signal: BUY | Confidence: 60%
2026-07-30 19:53:35,544 | GC=F | ENTRY: 4157.5 | SL: 4138.84637 | TP: 4194.80727 | RR: 2.0 | POSITION: 0.5361
2026-07-30 19:53:36,447 | SI=F | Signal: HOLD | Confidence: 10%
2026-07-30 19:53:37,578 | BTC-USD | Signal: HOLD | Confidence: 50%
2026-07-30 19:53:40,378 | ETH-USD | Signal: HOLD | Confidence: 40%
2026-07-30 19:53:41,595 | SOL-USD | Signal: BUY | Confidence: 70%
2026-07-30 19:53:41,596 | SOL-USD | ENTRY: 74.39 | SL: 74.04607 | TP: 75.07786 | RR: 2.0 | POSITION: 29.0757
2026-07-30 19:54:15,529 | EURUSD=X | Signal: HOLD | Confidence: 60%
2026-07-30 19:54:16,496 | GBPUSD=X | Signal: HOLD | Confidence: 40%
2026-07-30 19:54:17,032 | JPY=X | Signal: HOLD | Confidence: 45%
2026-07-30 19:54:17,618 | AUDUSD=X | Signal: HOLD | Confidence: 20%
2026-07-30 19:54:18,295 | CAD=X | Signal: SELL | Confidence: 70%
2026-07-30 19:54:18,296 | CAD=X | ENTRY: 1.4013 | SL: 1.40356 | TP: 1.39678 | RR: 2.0 | POSITION: 4424.7788
2026-07-30 19:54:18,855 | GC=F | Signal: BUY | Confidence: 60%
2026-07-30 19:54:18,856 | GC=F | ENTRY: 4157.2002 | SL: 4138.54656 | TP: 4194.50746 | RR: 2.0 | POSITION: 0.5361
2026-07-30 19:54:19,494 | SI=F | Signal: HOLD | Confidence: 10%
2026-07-30 19:54:20,315 | BTC-USD | Signal: HOLD | Confidence: 50%
2026-07-30 19:54:21,194 | ETH-USD | Signal: HOLD | Confidence: 40%
2026-07-30 19:54:21,903 | SOL-USD | Signal: BUY | Confidence: 70%
2026-07-30 19:54:21,904 | SOL-USD | ENTRY: 74.45 | SL: 74.105 | TP: 75.14 | RR: 2.0 | POSITION: 28.9855
2026-07-30 19:55:01,998 | EURUSD=X | Signal: BUY | Confidence: 55%
2026-07-30 19:55:01,999 | EURUSD=X | ENTRY: 1.1526 | SL: 1.15116 | TP: 1.15549 | RR: 2.0 | POSITION: 6944.4444
2026-07-30 19:55:02,798 | GBPUSD=X | Signal: HOLD | Confidence: 35%
2026-07-30 19:55:03,726 | JPY=X | Signal: HOLD | Confidence: 45%
2026-07-30 19:55:04,615 | AUDUSD=X | Signal: HOLD | Confidence: 20%
2026-07-30 19:55:05,807 | CAD=X | Signal: SELL | Confidence: 80%
2026-07-30 19:55:05,808 | CAD=X | ENTRY: 1.40168 | SL: 1.40395 | TP: 1.39715 | RR: 2.0 | POSITION: 4405.2863
2026-07-30 19:55:06,290 | GC=F | Signal: BUY | Confidence: 60%
2026-07-30 19:55:06,291 | GC=F | ENTRY: 4156.0 | SL: 4137.34637 | TP: 4193.30727 | RR: 2.0 | POSITION: 0.5361
2026-07-30 19:55:07,032 | SI=F | Signal: HOLD | Confidence: 10%
2026-07-30 19:55:08,305 | BTC-USD | Signal: HOLD | Confidence: 50%
2026-07-30 19:55:09,315 | ETH-USD | Signal: BUY | Confidence: 55%
2026-07-30 19:55:09,316 | ETH-USD | ENTRY: 1918.53003 | SL: 1909.32644 | TP: 1936.9372 | RR: 2.0 | POSITION: 1.0865
2026-07-30 19:55:10,340 | SOL-USD | Signal: BUY | Confidence: 60%
2026-07-30 19:55:10,341 | SOL-USD | ENTRY: 74.46 | SL: 74.11393 | TP: 75.15214 | RR: 2.0 | POSITION: 28.8959
2026-07-30 19:56:02,326 | EURUSD=X | Signal: BUY | Confidence: 55%
2026-07-30 19:56:02,327 | EURUSD=X | ENTRY: 1.1526 | SL: 1.15116 | TP: 1.15549 | RR: 2.0 | POSITION: 6944.4444
2026-07-30 19:56:03,097 | GBPUSD=X | Signal: HOLD | Confidence: 35%
2026-07-30 19:56:03,842 | JPY=X | Signal: HOLD | Confidence: 30%
2026-07-30 19:56:04,771 | AUDUSD=X | Signal: HOLD | Confidence: 20%
2026-07-30 19:56:05,475 | CAD=X | Signal: SELL | Confidence: 80%
2026-07-30 19:56:05,476 | CAD=X | ENTRY: 1.40188 | SL: 1.40417 | TP: 1.3973 | RR: 2.0 | POSITION: 4366.8122
2026-07-30 19:56:06,430 | GC=F | Signal: BUY | Confidence: 70%
2026-07-30 19:56:06,431 | GC=F | ENTRY: 4158.2002 | SL: 4139.7609 | TP: 4195.07879 | RR: 2.0 | POSITION: 0.5423
2026-07-30 19:56:07,069 | SI=F | Signal: HOLD | Confidence: 10%
2026-07-30 19:56:08,019 | BTC-USD | Signal: HOLD | Confidence: 50%
2026-07-30 19:56:08,865 | ETH-USD | Signal: BUY | Confidence: 55%
2026-07-30 19:56:08,867 | ETH-USD | ENTRY: 1918.06006 | SL: 1908.78469 | TP: 1936.61079 | RR: 2.0 | POSITION: 1.0781
2026-07-30 19:56:09,609 | SOL-USD | Signal: BUY | Confidence: 60%
2026-07-30 19:56:09,610 | SOL-USD | ENTRY: 74.46 | SL: 74.11178 | TP: 75.15643 | RR: 2.0 | POSITION: 28.7175
2026-07-30 19:56:44,947 | EURUSD=X | Signal: HOLD | Confidence: 45%
2026-07-30 19:56:46,306 | GBPUSD=X | Signal: BUY | Confidence: 55%
2026-07-30 19:56:46,307 | GBPUSD=X | ENTRY: 1.34367 | SL: 1.34146 | TP: 1.34809 | RR: 2.0 | POSITION: 4524.8869
2026-07-30 19:56:47,233 | JPY=X | Signal: HOLD | Confidence: 30%
2026-07-30 19:56:48,286 | AUDUSD=X | Signal: HOLD | Confidence: 20%
2026-07-30 19:56:49,256 | CAD=X | Signal: SELL | Confidence: 80%
2026-07-30 19:56:49,257 | CAD=X | ENTRY: 1.4019 | SL: 1.4042 | TP: 1.3973 | RR: 2.0 | POSITION: 4347.8261
2026-07-30 19:56:50,003 | GC=F | Signal: BUY | Confidence: 60%
2026-07-30 19:56:50,004 | GC=F | ENTRY: 4158.7998 | SL: 4140.33906 | TP: 4195.7213 | RR: 2.0 | POSITION: 0.5417
2026-07-30 19:56:50,804 | SI=F | Signal: HOLD | Confidence: 10%
2026-07-30 19:56:52,293 | BTC-USD | Signal: HOLD | Confidence: 50%
2026-07-30 19:56:53,298 | ETH-USD | Signal: BUY | Confidence: 55%
2026-07-30 19:56:53,300 | ETH-USD | ENTRY: 1918.20996 | SL: 1908.9346 | TP: 1936.76069 | RR: 2.0 | POSITION: 1.0781
2026-07-30 19:56:54,222 | SOL-USD | Signal: BUY | Confidence: 60%
2026-07-30 19:56:54,223 | SOL-USD | ENTRY: 74.47 | SL: 74.12071 | TP: 75.16857 | RR: 2.0 | POSITION: 28.6295
2026-07-30 19:57:32,219 | EURUSD=X | Signal: HOLD | Confidence: 45%
2026-07-30 19:57:33,413 | GBPUSD=X | Signal: BUY | Confidence: 55%
2026-07-30 19:57:33,414 | GBPUSD=X | ENTRY: 1.34351 | SL: 1.34128 | TP: 1.34796 | RR: 2.0 | POSITION: 4484.3049
2026-07-30 19:57:34,820 | JPY=X | Signal: HOLD | Confidence: 30%
2026-07-30 19:57:36,629 | AUDUSD=X | Signal: HOLD | Confidence: 20%
2026-07-30 19:57:37,928 | CAD=X | Signal: SELL | Confidence: 80%
2026-07-30 19:57:37,929 | CAD=X | ENTRY: 1.4018 | SL: 1.4041 | TP: 1.39719 | RR: 2.0 | POSITION: 4347.8261
2026-07-30 19:57:38,873 | GC=F | Signal: BUY | Confidence: 70%
2026-07-30 19:57:38,873 | GC=F | ENTRY: 4158.2998 | SL: 4139.83906 | TP: 4195.2213 | RR: 2.0 | POSITION: 0.5417
2026-07-30 19:57:39,375 | SI=F | Signal: HOLD | Confidence: 10%
2026-07-30 19:57:40,522 | BTC-USD | Signal: HOLD | Confidence: 40%
2026-07-30 19:57:42,074 | ETH-USD | Signal: HOLD | Confidence: 55%
2026-07-30 19:57:43,522 | SOL-USD | Signal: BUY | Confidence: 60%
2026-07-30 19:57:43,523 | SOL-USD | ENTRY: 74.53 | SL: 74.17535 | TP: 75.23929 | RR: 2.0 | POSITION: 28.1968
2026-07-30 19:58:23,961 | EURUSD=X | Signal: HOLD | Confidence: 45%
2026-07-30 19:58:25,120 | GBPUSD=X | Signal: BUY | Confidence: 55%
2026-07-30 19:58:25,120 | GBPUSD=X | ENTRY: 1.3434 | SL: 1.34116 | TP: 1.34787 | RR: 2.0 | POSITION: 4464.2857
2026-07-30 19:58:26,152 | JPY=X | Signal: HOLD | Confidence: 30%
2026-07-30 19:58:27,125 | AUDUSD=X | Signal: HOLD | Confidence: 20%
2026-07-30 19:58:28,125 | CAD=X | Signal: SELL | Confidence: 80%
2026-07-30 19:58:28,126 | CAD=X | ENTRY: 1.40188 | SL: 1.40418 | TP: 1.39727 | RR: 2.0 | POSITION: 4347.8261
2026-07-30 19:58:28,999 | GC=F | Signal: BUY | Confidence: 70%
2026-07-30 19:58:29,000 | GC=F | ENTRY: 4157.2998 | SL: 4138.83906 | TP: 4194.2213 | RR: 2.0 | POSITION: 0.5417
2026-07-30 19:58:29,802 | SI=F | Signal: HOLD | Confidence: 20%
2026-07-30 19:58:30,724 | BTC-USD | Signal: HOLD | Confidence: 40%
2026-07-30 19:58:31,671 | ETH-USD | Signal: HOLD | Confidence: 55%
2026-07-30 19:58:32,820 | SOL-USD | Signal: BUY | Confidence: 60%
2026-07-30 19:58:32,821 | SOL-USD | ENTRY: 74.55 | SL: 74.19429 | TP: 75.26143 | RR: 2.0 | POSITION: 28.1128
2026-07-30 19:59:09,829 | EURUSD=X | Signal: HOLD | Confidence: 45%
2026-07-30 19:59:10,801 | GBPUSD=X | Signal: BUY | Confidence: 55%
2026-07-30 19:59:10,803 | GBPUSD=X | ENTRY: 1.34311 | SL: 1.34084 | TP: 1.34765 | RR: 2.0 | POSITION: 4405.2863
2026-07-30 19:59:11,866 | JPY=X | Signal: HOLD | Confidence: 30%
2026-07-30 19:59:12,790 | AUDUSD=X | Signal: HOLD | Confidence: 20%
2026-07-30 19:59:13,743 | CAD=X | Signal: SELL | Confidence: 80%
2026-07-30 19:59:13,744 | CAD=X | ENTRY: 1.4016 | SL: 1.4039 | TP: 1.39699 | RR: 2.0 | POSITION: 4347.8261
2026-07-30 19:59:14,508 | GC=F | Signal: BUY | Confidence: 60%
2026-07-30 19:59:14,511 | GC=F | ENTRY: 4152.8999 | SL: 4133.99986 | TP: 4190.69999 | RR: 2.0 | POSITION: 0.5291
2026-07-30 19:59:15,317 | SI=F | Signal: HOLD | Confidence: 10%
2026-07-30 19:59:16,286 | BTC-USD | Signal: HOLD | Confidence: 40%
2026-07-30 19:59:17,285 | ETH-USD | Signal: HOLD | Confidence: 55%
2026-07-30 19:59:18,104 | SOL-USD | Signal: BUY | Confidence: 60%
2026-07-30 19:59:18,106 | SOL-USD | ENTRY: 74.57 | SL: 74.21214 | TP: 75.28572 | RR: 2.0 | POSITION: 27.9439
2026-07-30 19:59:54,540 | EURUSD=X | Signal: HOLD | Confidence: 45%
2026-07-30 19:59:55,285 | GBPUSD=X | Signal: BUY | Confidence: 55%
2026-07-30 19:59:55,285 | GBPUSD=X | ENTRY: 1.34298 | SL: 1.3407 | TP: 1.34755 | RR: 2.0 | POSITION: 4385.9649
2026-07-30 19:59:56,034 | JPY=X | Signal: HOLD | Confidence: 30%
2026-07-30 19:59:56,799 | AUDUSD=X | Signal: HOLD | Confidence: 20%
2026-07-30 19:59:57,603 | CAD=X | Signal: SELL | Confidence: 80%
2026-07-30 19:59:57,604 | CAD=X | ENTRY: 1.4019 | SL: 1.40423 | TP: 1.39724 | RR: 2.0 | POSITION: 4291.8455
2026-07-30 19:59:58,188 | GC=F | Signal: BUY | Confidence: 55%
2026-07-30 19:59:58,189 | GC=F | ENTRY: 4150.5 | SL: 4131.41785 | TP: 4188.66431 | RR: 2.0 | POSITION: 0.524
2026-07-30 19:59:58,874 | SI=F | Signal: HOLD | Confidence: 10%
2026-07-30 19:59:59,742 | BTC-USD | Signal: HOLD | Confidence: 50%
2026-07-30 20:00:01,500 | ETH-USD | Signal: HOLD | Confidence: 45%
2026-07-30 20:00:02,694 | SOL-USD | Signal: BUY | Confidence: 60%
2026-07-30 20:00:02,695 | SOL-USD | ENTRY: 74.51 | SL: 74.14893 | TP: 75.23215 | RR: 2.0 | POSITION: 27.6955
2026-07-30 20:00:37,863 | EURUSD=X | Signal: HOLD | Confidence: 45%
2026-07-30 20:00:39,239 | GBPUSD=X | Signal: BUY | Confidence: 55%
2026-07-30 20:00:39,240 | GBPUSD=X | ENTRY: 1.34298 | SL: 1.3407 | TP: 1.34755 | RR: 2.0 | POSITION: 4385.9649
2026-07-30 20:00:40,724 | JPY=X | Signal: HOLD | Confidence: 40%
2026-07-30 20:00:41,616 | AUDUSD=X | Signal: HOLD | Confidence: 20%
2026-07-30 20:00:42,482 | CAD=X | Signal: SELL | Confidence: 80%
2026-07-30 20:00:42,484 | CAD=X | ENTRY: 1.40219 | SL: 1.40442 | TP: 1.39774 | RR: 2.0 | POSITION: 4484.3049
2026-07-30 20:00:43,159 | GC=F | Signal: BUY | Confidence: 55%
2026-07-30 20:00:43,160 | GC=F | ENTRY: 4147.2998 | SL: 4127.83193 | TP: 4186.23556 | RR: 2.0 | POSITION: 0.5137
2026-07-30 20:00:43,809 | SI=F | Signal: HOLD | Confidence: 10%
2026-07-30 20:00:44,936 | BTC-USD | Signal: HOLD | Confidence: 30%
2026-07-30 20:00:45,967 | ETH-USD | Signal: HOLD | Confidence: 30%
2026-07-30 20:00:46,836 | SOL-USD | Signal: BUY | Confidence: 60%
2026-07-30 20:00:46,837 | SOL-USD | ENTRY: 74.55 | SL: 74.20929 | TP: 75.23143 | RR: 2.0 | POSITION: 29.3505
2026-07-30 20:01:20,609 | EURUSD=X | Signal: HOLD | Confidence: 60%
2026-07-30 20:01:21,546 | GBPUSD=X | Signal: HOLD | Confidence: 40%
2026-07-30 20:01:22,545 | JPY=X | Signal: HOLD | Confidence: 40%
2026-07-30 20:01:23,578 | AUDUSD=X | Signal: HOLD | Confidence: 20%
2026-07-30 20:01:24,204 | CAD=X | Signal: SELL | Confidence: 70%
2026-07-30 20:01:24,205 | CAD=X | ENTRY: 1.402 | SL: 1.40428 | TP: 1.39745 | RR: 2.0 | POSITION: 4385.9649
2026-07-30 20:01:24,930 | GC=F | Signal: BUY | Confidence: 60%
2026-07-30 20:01:24,931 | GC=F | ENTRY: 4149.7002 | SL: 4130.23232 | TP: 4188.63595 | RR: 2.0 | POSITION: 0.5137
2026-07-30 20:01:25,646 | SI=F | Signal: HOLD | Confidence: 10%
2026-07-30 20:01:26,729 | BTC-USD | Signal: HOLD | Confidence: 30%
2026-07-30 20:01:27,462 | ETH-USD | Signal: HOLD | Confidence: 35%
2026-07-30 20:01:28,229 | SOL-USD | Signal: BUY | Confidence: 60%
2026-07-30 20:01:28,230 | SOL-USD | ENTRY: 74.61 | SL: 74.2575 | TP: 75.315 | RR: 2.0 | POSITION: 28.3688
2026-07-30 20:02:03,785 | EURUSD=X | Signal: BUY | Confidence: 55%
2026-07-30 20:02:03,786 | EURUSD=X | ENTRY: 1.15221 | SL: 1.15075 | TP: 1.15512 | RR: 2.0 | POSITION: 6849.3151
2026-07-30 20:02:04,939 | GBPUSD=X | Signal: HOLD | Confidence: 35%
2026-07-30 20:02:05,976 | JPY=X | Signal: HOLD | Confidence: 40%
2026-07-30 20:02:07,531 | AUDUSD=X | Signal: HOLD | Confidence: 20%
2026-07-30 20:02:08,368 | CAD=X | Signal: SELL | Confidence: 70%
2026-07-30 20:02:08,369 | CAD=X | ENTRY: 1.40214 | SL: 1.40442 | TP: 1.39759 | RR: 2.0 | POSITION: 4385.9649
2026-07-30 20:02:09,219 | GC=F | Signal: BUY | Confidence: 60%
2026-07-30 20:02:09,220 | GC=F | ENTRY: 4150.7998 | SL: 4131.33193 | TP: 4189.73556 | RR: 2.0 | POSITION: 0.5137
2026-07-30 20:02:10,030 | SI=F | Signal: HOLD | Confidence: 20%
2026-07-30 20:02:11,034 | BTC-USD | Signal: HOLD | Confidence: 35%
2026-07-30 20:02:11,806 | ETH-USD | Signal: HOLD | Confidence: 35%
2026-07-30 20:02:12,617 | SOL-USD | Signal: BUY | Confidence: 60%
2026-07-30 20:02:12,618 | SOL-USD | ENTRY: 74.61 | SL: 74.2575 | TP: 75.315 | RR: 2.0 | POSITION: 28.3688
2026-07-30 20:02:50,117 | EURUSD=X | Signal: BUY | Confidence: 55%
2026-07-30 20:02:50,119 | EURUSD=X | ENTRY: 1.15221 | SL: 1.15075 | TP: 1.15512 | RR: 2.0 | POSITION: 6849.3151
2026-07-30 20:02:50,966 | GBPUSD=X | Signal: HOLD | Confidence: 35%
2026-07-30 20:02:51,914 | JPY=X | Signal: HOLD | Confidence: 40%
2026-07-30 20:02:52,948 | AUDUSD=X | Signal: HOLD | Confidence: 20%
2026-07-30 20:02:54,313 | CAD=X | Signal: SELL | Confidence: 80%
2026-07-30 20:02:54,314 | CAD=X | ENTRY: 1.40176 | SL: 1.40406 | TP: 1.39716 | RR: 2.0 | POSITION: 4347.8261
2026-07-30 20:02:54,962 | GC=F | Signal: BUY | Confidence: 60%
2026-07-30 20:02:54,963 | GC=F | ENTRY: 4152.7998 | SL: 4133.33193 | TP: 4191.73556 | RR: 2.0 | POSITION: 0.5137
2026-07-30 20:02:55,560 | SI=F | Signal: HOLD | Confidence: 20%
2026-07-30 20:02:56,418 | BTC-USD | Signal: HOLD | Confidence: 30%
2026-07-30 20:02:56,950 | ETH-USD | Signal: HOLD | Confidence: 35%
2026-07-30 20:02:57,576 | SOL-USD | Signal: BUY | Confidence: 60%
2026-07-30 20:02:57,577 | SOL-USD | ENTRY: 74.63 | SL: 74.27321 | TP: 75.34357 | RR: 2.0 | POSITION: 28.0277
2026-07-30 20:03:31,291 | EURUSD=X | Signal: BUY | Confidence: 55%
2026-07-30 20:03:31,292 | EURUSD=X | ENTRY: 1.15207 | SL: 1.1506 | TP: 1.15502 | RR: 2.0 | POSITION: 6802.7211
2026-07-30 20:03:32,285 | GBPUSD=X | Signal: HOLD | Confidence: 35%
2026-07-30 20:03:33,225 | JPY=X | Signal: HOLD | Confidence: 50%
2026-07-30 20:03:34,359 | AUDUSD=X | Signal: HOLD | Confidence: 20%
2026-07-30 20:03:35,916 | CAD=X | Signal: SELL | Confidence: 70%
2026-07-30 20:03:35,917 | CAD=X | ENTRY: 1.40189 | SL: 1.4042 | TP: 1.39727 | RR: 2.0 | POSITION: 4329.0043
2026-07-30 20:03:36,543 | GC=F | Signal: BUY | Confidence: 85%
2026-07-30 20:03:36,545 | GC=F | ENTRY: 4157.3999 | SL: 4137.93202 | TP: 4196.33566 | RR: 2.0 | POSITION: 0.5137
2026-07-30 20:03:37,170 | SI=F | Signal: HOLD | Confidence: 45%
2026-07-30 20:03:37,875 | BTC-USD | Signal: HOLD | Confidence: 30%
2026-07-30 20:03:38,639 | ETH-USD | Signal: HOLD | Confidence: 30%
2026-07-30 20:03:39,392 | SOL-USD | Signal: BUY | Confidence: 60%
2026-07-30 20:03:39,397 | SOL-USD | ENTRY: 74.61 | SL: 74.25107 | TP: 75.32786 | RR: 2.0 | POSITION: 27.8606
2026-07-30 20:04:14,216 | EURUSD=X | Signal: BUY | Confidence: 70%
2026-07-30 20:04:14,217 | EURUSD=X | ENTRY: 1.15247 | SL: 1.151 | TP: 1.15542 | RR: 2.0 | POSITION: 6802.7211
2026-07-30 20:04:14,897 | GBPUSD=X | Signal: HOLD | Confidence: 40%
2026-07-30 20:04:15,751 | JPY=X | Signal: HOLD | Confidence: 40%
2026-07-30 20:04:16,718 | AUDUSD=X | Signal: HOLD | Confidence: 25%
2026-07-30 20:04:17,415 | CAD=X | Signal: SELL | Confidence: 80%
2026-07-30 20:04:17,416 | CAD=X | ENTRY: 1.40156 | SL: 1.40387 | TP: 1.39694 | RR: 2.0 | POSITION: 4329.0043
2026-07-30 20:04:17,967 | GC=F | Signal: BUY | Confidence: 70%
2026-07-30 20:04:17,967 | GC=F | ENTRY: 4157.1001 | SL: 4137.63222 | TP: 4196.03585 | RR: 2.0 | POSITION: 0.5137
2026-07-30 20:04:18,594 | SI=F | Signal: HOLD | Confidence: 45%
2026-07-30 20:04:19,358 | BTC-USD | Signal: HOLD | Confidence: 30%
2026-07-30 20:04:20,143 | ETH-USD | Signal: HOLD | Confidence: 20%
2026-07-30 20:04:20,898 | SOL-USD | Signal: HOLD | Confidence: 50%
2026-07-30 20:04:58,840 | EURUSD=X | Signal: HOLD | Confidence: 60%
2026-07-30 20:04:59,750 | GBPUSD=X | Signal: HOLD | Confidence: 50%
2026-07-30 20:05:00,481 | JPY=X | Signal: HOLD | Confidence: 40%
2026-07-30 20:05:01,333 | AUDUSD=X | Signal: HOLD | Confidence: 25%
2026-07-30 20:05:02,182 | CAD=X | Signal: SELL | Confidence: 70%
2026-07-30 20:05:02,184 | CAD=X | ENTRY: 1.40185 | SL: 1.4042 | TP: 1.39715 | RR: 2.0 | POSITION: 4255.3191
2026-07-30 20:05:03,187 | GC=F | Signal: BUY | Confidence: 60%
2026-07-30 20:05:03,188 | GC=F | ENTRY: 4149.2998 | SL: 4129.83193 | TP: 4188.23556 | RR: 2.0 | POSITION: 0.5137
2026-07-30 20:05:03,967 | SI=F | Signal: HOLD | Confidence: 10%
2026-07-30 20:05:04,946 | BTC-USD | Signal: HOLD | Confidence: 30%
2026-07-30 20:05:05,903 | ETH-USD | Signal: HOLD | Confidence: 40%
2026-07-30 20:05:07,050 | SOL-USD | Signal: BUY | Confidence: 70%
2026-07-30 20:05:07,051 | SOL-USD | ENTRY: 74.57 | SL: 74.21107 | TP: 75.28786 | RR: 2.0 | POSITION: 27.8606
2026-07-30 20:05:40,433 | EURUSD=X | Signal: HOLD | Confidence: 60%
2026-07-30 20:05:41,342 | GBPUSD=X | Signal: HOLD | Confidence: 50%
2026-07-30 20:05:42,013 | JPY=X | Signal: HOLD | Confidence: 30%
2026-07-30 20:05:42,764 | AUDUSD=X | Signal: HOLD | Confidence: 25%
2026-07-30 20:05:43,505 | CAD=X | Signal: SELL | Confidence: 80%
2026-07-30 20:05:43,506 | CAD=X | ENTRY: 1.4013 | SL: 1.40365 | TP: 1.3966 | RR: 2.0 | POSITION: 4255.3191
2026-07-30 20:05:44,134 | GC=F | Signal: BUY | Confidence: 60%
2026-07-30 20:05:44,135 | GC=F | ENTRY: 4150.5 | SL: 4131.03212 | TP: 4189.43576 | RR: 2.0 | POSITION: 0.5137
2026-07-30 20:05:44,757 | SI=F | Signal: HOLD | Confidence: 10%
2026-07-30 20:05:45,505 | BTC-USD | Signal: HOLD | Confidence: 40%
2026-07-30 20:05:46,128 | ETH-USD | Signal: HOLD | Confidence: 20%
2026-07-30 20:05:46,763 | SOL-USD | Signal: BUY | Confidence: 70%
2026-07-30 20:05:46,764 | SOL-USD | ENTRY: 74.54 | SL: 74.18107 | TP: 75.25786 | RR: 2.0 | POSITION: 27.8606
2026-07-30 20:06:24,178 | EURUSD=X | Signal: HOLD | Confidence: 60%
2026-07-30 20:06:24,847 | GBPUSD=X | Signal: HOLD | Confidence: 50%
2026-07-30 20:06:25,477 | JPY=X | Signal: HOLD | Confidence: 30%
2026-07-30 20:06:26,098 | AUDUSD=X | Signal: HOLD | Confidence: 10%
2026-07-30 20:06:26,738 | CAD=X | Signal: SELL | Confidence: 80%
2026-07-30 20:06:26,743 | CAD=X | ENTRY: 1.40148 | SL: 1.40383 | TP: 1.39678 | RR: 2.0 | POSITION: 4255.3191
2026-07-30 20:06:27,345 | GC=F | Signal: BUY | Confidence: 60%
2026-07-30 20:06:27,346 | GC=F | ENTRY: 4150.2998 | SL: 4130.83193 | TP: 4189.23556 | RR: 2.0 | POSITION: 0.5137
2026-07-30 20:06:27,932 | SI=F | Signal: HOLD | Confidence: 10%
2026-07-30 20:06:28,654 | BTC-USD | Signal: HOLD | Confidence: 40%
2026-07-30 20:06:29,532 | ETH-USD | Signal: HOLD | Confidence: 20%
2026-07-30 20:06:30,285 | SOL-USD | Signal: BUY | Confidence: 70%
2026-07-30 20:06:30,286 | SOL-USD | ENTRY: 74.54 | SL: 74.18107 | TP: 75.25786 | RR: 2.0 | POSITION: 27.8606
2026-07-30 20:07:07,993 | EURUSD=X | Signal: BUY | Confidence: 55%
2026-07-30 20:07:07,996 | EURUSD=X | ENTRY: 1.15207 | SL: 1.1506 | TP: 1.15502 | RR: 2.0 | POSITION: 6802.7211
2026-07-30 20:07:08,896 | GBPUSD=X | Signal: HOLD | Confidence: 50%
2026-07-30 20:07:09,895 | JPY=X | Signal: HOLD | Confidence: 30%
2026-07-30 20:07:11,026 | AUDUSD=X | Signal: HOLD | Confidence: 10%
2026-07-30 20:07:11,878 | CAD=X | Signal: SELL | Confidence: 80%
2026-07-30 20:07:11,880 | CAD=X | ENTRY: 1.40148 | SL: 1.40383 | TP: 1.39678 | RR: 2.0 | POSITION: 4255.3191
2026-07-30 20:07:12,536 | GC=F | Signal: HOLD | Confidence: 35%
2026-07-30 20:07:13,178 | SI=F | Signal: HOLD | Confidence: 10%
2026-07-30 20:07:14,143 | BTC-USD | Signal: HOLD | Confidence: 30%
2026-07-30 20:07:15,059 | ETH-USD | Signal: HOLD | Confidence: 40%
2026-07-30 20:07:15,844 | SOL-USD | Signal: BUY | Confidence: 60%
2026-07-30 20:07:15,845 | SOL-USD | ENTRY: 74.63 | SL: 74.27107 | TP: 75.34786 | RR: 2.0 | POSITION: 27.8606
2026-07-30 20:07:52,851 | EURUSD=X | Signal: BUY | Confidence: 55%
2026-07-30 20:07:52,852 | EURUSD=X | ENTRY: 1.15207 | SL: 1.1506 | TP: 1.15502 | RR: 2.0 | POSITION: 6802.7211
2026-07-30 20:07:53,444 | GBPUSD=X | Signal: HOLD | Confidence: 40%
2026-07-30 20:07:54,149 | JPY=X | Signal: HOLD | Confidence: 30%
2026-07-30 20:07:54,875 | AUDUSD=X | Signal: HOLD | Confidence: 20%
2026-07-30 20:07:55,565 | CAD=X | Signal: SELL | Confidence: 80%
2026-07-30 20:07:55,567 | CAD=X | ENTRY: 1.40156 | SL: 1.40392 | TP: 1.39683 | RR: 2.0 | POSITION: 4237.2881
2026-07-30 20:07:56,167 | GC=F | Signal: BUY | Confidence: 60%
2026-07-30 20:07:56,168 | GC=F | ENTRY: 4149.3999 | SL: 4129.87845 | TP: 4188.4428 | RR: 2.0 | POSITION: 0.5123
2026-07-30 20:07:56,810 | SI=F | Signal: HOLD | Confidence: 10%
2026-07-30 20:07:57,595 | BTC-USD | Signal: HOLD | Confidence: 30%
2026-07-30 20:07:58,288 | ETH-USD | Signal: HOLD | Confidence: 40%
2026-07-30 20:07:59,003 | SOL-USD | Signal: BUY | Confidence: 60%
2026-07-30 20:07:59,004 | SOL-USD | ENTRY: 74.64 | SL: 74.28107 | TP: 75.35786 | RR: 2.0 | POSITION: 27.8606
2026-07-30 20:08:37,660 | EURUSD=X | Signal: BUY | Confidence: 55%
2026-07-30 20:08:37,661 | EURUSD=X | ENTRY: 1.15207 | SL: 1.1506 | TP: 1.15502 | RR: 2.0 | POSITION: 6802.7211
2026-07-30 20:08:38,312 | GBPUSD=X | Signal: HOLD | Confidence: 40%
2026-07-30 20:08:39,229 | JPY=X | Signal: HOLD | Confidence: 30%
2026-07-30 20:08:40,555 | AUDUSD=X | Signal: HOLD | Confidence: 20%
2026-07-30 20:08:41,434 | CAD=X | Signal: SELL | Confidence: 70%
2026-07-30 20:08:41,435 | CAD=X | ENTRY: 1.40196 | SL: 1.40432 | TP: 1.39724 | RR: 2.0 | POSITION: 4237.2881
2026-07-30 20:08:42,154 | GC=F | Signal: BUY | Confidence: 60%
2026-07-30 20:08:42,155 | GC=F | ENTRY: 4152.6001 | SL: 4133.07865 | TP: 4191.643 | RR: 2.0 | POSITION: 0.5123
2026-07-30 20:08:42,987 | SI=F | Signal: HOLD | Confidence: 10%
2026-07-30 20:08:43,813 | BTC-USD | Signal: HOLD | Confidence: 30%
2026-07-30 20:08:44,493 | ETH-USD | Signal: HOLD | Confidence: 20%
2026-07-30 20:08:45,259 | SOL-USD | Signal: BUY | Confidence: 60%
2026-07-30 20:08:45,261 | SOL-USD | ENTRY: 74.6 | SL: 74.24107 | TP: 75.31786 | RR: 2.0 | POSITION: 27.8606
2026-07-30 20:09:19,134 | EURUSD=X | Signal: BUY | Confidence: 75%
2026-07-30 20:09:19,135 | EURUSD=X | ENTRY: 1.15168 | SL: 1.15016 | TP: 1.15471 | RR: 2.0 | POSITION: 6578.9474
2026-07-30 20:09:19,806 | GBPUSD=X | Signal: HOLD | Confidence: 40%
2026-07-30 20:09:20,389 | JPY=X | Signal: HOLD | Confidence: 30%
2026-07-30 20:09:21,089 | AUDUSD=X | Signal: HOLD | Confidence: 20%
2026-07-30 20:09:21,858 | CAD=X | Signal: SELL | Confidence: 70%
2026-07-30 20:09:21,859 | CAD=X | ENTRY: 1.40205 | SL: 1.40441 | TP: 1.39733 | RR: 2.0 | POSITION: 4237.2881
2026-07-30 20:09:22,502 | GC=F | Signal: BUY | Confidence: 70%
2026-07-30 20:09:22,503 | GC=F | ENTRY: 4154.1001 | SL: 4134.57865 | TP: 4193.143 | RR: 2.0 | POSITION: 0.5123
2026-07-30 20:09:23,218 | SI=F | Signal: HOLD | Confidence: 10%
2026-07-30 20:09:23,951 | BTC-USD | Signal: HOLD | Confidence: 40%
2026-07-30 20:09:24,659 | ETH-USD | Signal: HOLD | Confidence: 20%
2026-07-30 20:09:25,266 | SOL-USD | Signal: BUY | Confidence: 60%
2026-07-30 20:09:25,267 | SOL-USD | ENTRY: 74.6 | SL: 74.24107 | TP: 75.31786 | RR: 2.0 | POSITION: 27.8606
2026-07-30 20:10:00,115 | EURUSD=X | Signal: BUY | Confidence: 75%
2026-07-30 20:10:00,116 | EURUSD=X | ENTRY: 1.15168 | SL: 1.15016 | TP: 1.15471 | RR: 2.0 | POSITION: 6578.9474
2026-07-30 20:10:00,850 | GBPUSD=X | Signal: HOLD | Confidence: 40%
2026-07-30 20:10:01,517 | JPY=X | Signal: HOLD | Confidence: 30%
2026-07-30 20:10:02,255 | AUDUSD=X | Signal: HOLD | Confidence: 10%
2026-07-30 20:10:02,948 | CAD=X | Signal: SELL | Confidence: 70%
2026-07-30 20:10:02,949 | CAD=X | ENTRY: 1.40213 | SL: 1.40449 | TP: 1.39741 | RR: 2.0 | POSITION: 4237.2881
2026-07-30 20:10:03,560 | GC=F | Signal: BUY | Confidence: 60%
2026-07-30 20:10:03,561 | GC=F | ENTRY: 4153.6001 | SL: 4134.07865 | TP: 4192.643 | RR: 2.0 | POSITION: 0.5123
2026-07-30 20:10:04,187 | SI=F | Signal: HOLD | Confidence: 20%
2026-07-30 20:10:04,997 | BTC-USD | Signal: HOLD | Confidence: 30%
2026-07-30 20:10:05,662 | ETH-USD | Signal: HOLD | Confidence: 20%
2026-07-30 20:10:06,339 | SOL-USD | Signal: BUY | Confidence: 60%
2026-07-30 20:10:06,341 | SOL-USD | ENTRY: 74.61 | SL: 74.25107 | TP: 75.32786 | RR: 2.0 | POSITION: 27.8606
2026-07-30 20:10:41,860 | EURUSD=X | Signal: BUY | Confidence: 75%
2026-07-30 20:10:41,861 | EURUSD=X | ENTRY: 1.15168 | SL: 1.15016 | TP: 1.15471 | RR: 2.0 | POSITION: 6578.9474
2026-07-30 20:10:42,688 | GBPUSD=X | Signal: HOLD | Confidence: 40%
2026-07-30 20:10:43,429 | JPY=X | Signal: HOLD | Confidence: 30%
2026-07-30 20:10:44,129 | AUDUSD=X | Signal: HOLD | Confidence: 10%
2026-07-30 20:10:45,268 | CAD=X | Signal: SELL | Confidence: 70%
2026-07-30 20:10:45,269 | CAD=X | ENTRY: 1.40207 | SL: 1.40444 | TP: 1.39732 | RR: 2.0 | POSITION: 4219.4093
2026-07-30 20:10:45,840 | GC=F | Signal: HOLD | Confidence: 50%
2026-07-30 20:10:46,792 | SI=F | Signal: HOLD | Confidence: 0%
2026-07-30 20:10:47,440 | BTC-USD | Signal: HOLD | Confidence: 30%
2026-07-30 20:10:48,296 | ETH-USD | Signal: HOLD | Confidence: 40%
2026-07-30 20:10:49,286 | SOL-USD | Signal: BUY | Confidence: 60%
2026-07-30 20:10:49,288 | SOL-USD | ENTRY: 74.65 | SL: 74.29107 | TP: 75.36786 | RR: 2.0 | POSITION: 27.8606
2026-07-30 20:11:25,294 | EURUSD=X | Signal: BUY | Confidence: 75%
2026-07-30 20:11:25,295 | EURUSD=X | ENTRY: 1.15181 | SL: 1.15029 | TP: 1.15484 | RR: 2.0 | POSITION: 6578.9474
2026-07-30 20:11:26,574 | GBPUSD=X | Signal: HOLD | Confidence: 50%
2026-07-30 20:11:27,606 | JPY=X | Signal: HOLD | Confidence: 30%
2026-07-30 20:11:28,755 | AUDUSD=X | Signal: HOLD | Confidence: 10%
2026-07-30 20:11:29,676 | CAD=X | Signal: SELL | Confidence: 70%
2026-07-30 20:11:29,677 | CAD=X | ENTRY: 1.40231 | SL: 1.40469 | TP: 1.39756 | RR: 2.0 | POSITION: 4201.6807
2026-07-30 20:11:30,540 | GC=F | Signal: BUY | Confidence: 60%
2026-07-30 20:11:30,541 | GC=F | ENTRY: 4156.3999 | SL: 4137.03917 | TP: 4195.12137 | RR: 2.0 | POSITION: 0.5165
2026-07-30 20:11:31,340 | SI=F | Signal: HOLD | Confidence: 20%
2026-07-30 20:11:32,391 | BTC-USD | Signal: HOLD | Confidence: 30%
2026-07-30 20:11:33,304 | ETH-USD | Signal: HOLD | Confidence: 40%
2026-07-30 20:11:34,421 | SOL-USD | Signal: BUY | Confidence: 60%
2026-07-30 20:11:34,429 | SOL-USD | ENTRY: 74.64 | SL: 74.28107 | TP: 75.35786 | RR: 2.0 | POSITION: 27.8606
2026-07-30 20:12:08,400 | EURUSD=X | Signal: BUY | Confidence: 75%
2026-07-30 20:12:08,401 | EURUSD=X | ENTRY: 1.15154 | SL: 1.15001 | TP: 1.1546 | RR: 2.0 | POSITION: 6535.9477
2026-07-30 20:12:09,113 | GBPUSD=X | Signal: HOLD | Confidence: 40%
2026-07-30 20:12:09,878 | JPY=X | Signal: HOLD | Confidence: 30%
2026-07-30 20:12:10,757 | AUDUSD=X | Signal: HOLD | Confidence: 10%
2026-07-30 20:12:11,510 | CAD=X | Signal: SELL | Confidence: 70%
2026-07-30 20:12:11,511 | CAD=X | ENTRY: 1.40253 | SL: 1.40492 | TP: 1.39775 | RR: 2.0 | POSITION: 4184.1004
2026-07-30 20:12:12,140 | GC=F | Signal: BUY | Confidence: 60%
2026-07-30 20:12:12,141 | GC=F | ENTRY: 4156.5 | SL: 4137.13926 | TP: 4195.22147 | RR: 2.0 | POSITION: 0.5165
2026-07-30 20:12:12,735 | SI=F | Signal: HOLD | Confidence: 20%
2026-07-30 20:12:13,462 | BTC-USD | Signal: HOLD | Confidence: 30%
2026-07-30 20:12:14,170 | ETH-USD | Signal: HOLD | Confidence: 40%
2026-07-30 20:12:14,986 | SOL-USD | Signal: BUY | Confidence: 60%
2026-07-30 20:12:14,987 | SOL-USD | ENTRY: 74.63 | SL: 74.27107 | TP: 75.34786 | RR: 2.0 | POSITION: 27.8606
2026-07-30 20:12:49,038 | EURUSD=X | Signal: BUY | Confidence: 75%
2026-07-30 20:12:49,040 | EURUSD=X | ENTRY: 1.15141 | SL: 1.14987 | TP: 1.1545 | RR: 2.0 | POSITION: 6493.5065
2026-07-30 20:12:49,745 | GBPUSD=X | Signal: HOLD | Confidence: 40%
2026-07-30 20:12:50,444 | JPY=X | Signal: HOLD | Confidence: 40%
2026-07-30 20:12:51,242 | AUDUSD=X | Signal: HOLD | Confidence: 10%
2026-07-30 20:12:51,988 | CAD=X | Signal: SELL | Confidence: 70%
2026-07-30 20:12:51,989 | CAD=X | ENTRY: 1.4024 | SL: 1.4048 | TP: 1.39759 | RR: 2.0 | POSITION: 4166.6667
2026-07-30 20:12:52,613 | GC=F | Signal: HOLD | Confidence: 50%
2026-07-30 20:12:53,295 | SI=F | Signal: HOLD | Confidence: 20%
2026-07-30 20:12:54,294 | BTC-USD | Signal: HOLD | Confidence: 30%
2026-07-30 20:12:55,093 | ETH-USD | Signal: HOLD | Confidence: 40%
2026-07-30 20:12:55,835 | SOL-USD | Signal: BUY | Confidence: 60%
2026-07-30 20:12:55,836 | SOL-USD | ENTRY: 74.63 | SL: 74.27107 | TP: 75.34786 | RR: 2.0 | POSITION: 27.8606
2026-07-30 20:13:30,796 | EURUSD=X | Signal: BUY | Confidence: 75%
2026-07-30 20:13:30,797 | EURUSD=X | ENTRY: 1.15141 | SL: 1.14987 | TP: 1.1545 | RR: 2.0 | POSITION: 6493.5065
2026-07-30 20:13:31,904 | GBPUSD=X | Signal: HOLD | Confidence: 40%
2026-07-30 20:13:32,744 | JPY=X | Signal: HOLD | Confidence: 40%
2026-07-30 20:13:34,619 | AUDUSD=X | Signal: HOLD | Confidence: 10%
2026-07-30 20:13:35,782 | CAD=X | Signal: SELL | Confidence: 70%
2026-07-30 20:13:35,783 | CAD=X | ENTRY: 1.40243 | SL: 1.40483 | TP: 1.39762 | RR: 2.0 | POSITION: 4166.6667
2026-07-30 20:13:36,967 | GC=F | Signal: BUY | Confidence: 60%
2026-07-30 20:13:36,968 | GC=F | ENTRY: 4157.7998 | SL: 4137.99977 | TP: 4197.39987 | RR: 2.0 | POSITION: 0.505
2026-07-30 20:13:38,278 | SI=F | Signal: HOLD | Confidence: 10%
2026-07-30 20:13:39,152 | BTC-USD | Signal: HOLD | Confidence: 30%
2026-07-30 20:13:39,961 | ETH-USD | Signal: HOLD | Confidence: 40%
2026-07-30 20:13:40,735 | SOL-USD | Signal: BUY | Confidence: 60%
2026-07-30 20:13:40,737 | SOL-USD | ENTRY: 74.67 | SL: 74.31 | TP: 75.39 | RR: 2.0 | POSITION: 27.7778
2026-07-30 20:14:16,430 | EURUSD=X | Signal: BUY | Confidence: 75%
2026-07-30 20:14:16,431 | EURUSD=X | ENTRY: 1.15141 | SL: 1.14987 | TP: 1.1545 | RR: 2.0 | POSITION: 6493.5065
2026-07-30 20:14:17,239 | GBPUSD=X | Signal: HOLD | Confidence: 40%
2026-07-30 20:14:18,041 | JPY=X | Signal: HOLD | Confidence: 40%
2026-07-30 20:14:19,585 | AUDUSD=X | Signal: HOLD | Confidence: 20%
2026-07-30 20:14:20,500 | CAD=X | Signal: SELL | Confidence: 70%
2026-07-30 20:14:20,501 | CAD=X | ENTRY: 1.40231 | SL: 1.40471 | TP: 1.3975 | RR: 2.0 | POSITION: 4166.6667
2026-07-30 20:14:21,701 | GC=F | Signal: BUY | Confidence: 60%
2026-07-30 20:14:21,703 | GC=F | ENTRY: 4159.7002 | SL: 4139.90016 | TP: 4199.30026 | RR: 2.0 | POSITION: 0.505
2026-07-30 20:14:22,714 | SI=F | Signal: HOLD | Confidence: 10%
2026-07-30 20:14:23,644 | BTC-USD | Signal: HOLD | Confidence: 30%
2026-07-30 20:14:24,680 | ETH-USD | Signal: HOLD | Confidence: 40%
2026-07-30 20:14:25,725 | SOL-USD | Signal: BUY | Confidence: 60%
2026-07-30 20:14:25,726 | SOL-USD | ENTRY: 74.67 | SL: 74.31 | TP: 75.39 | RR: 2.0 | POSITION: 27.7778
2026-07-30 20:15:00,543 | EURUSD=X | Signal: BUY | Confidence: 75%
2026-07-30 20:15:00,544 | EURUSD=X | ENTRY: 1.15141 | SL: 1.14987 | TP: 1.1545 | RR: 2.0 | POSITION: 6493.5065
2026-07-30 20:15:01,218 | GBPUSD=X | Signal: HOLD | Confidence: 40%
2026-07-30 20:15:02,054 | JPY=X | Signal: HOLD | Confidence: 30%
2026-07-30 20:15:02,783 | AUDUSD=X | Signal: HOLD | Confidence: 20%
2026-07-30 20:15:03,576 | CAD=X | Signal: SELL | Confidence: 70%
2026-07-30 20:15:03,577 | CAD=X | ENTRY: 1.4022 | SL: 1.4046 | TP: 1.39739 | RR: 2.0 | POSITION: 4166.6667
2026-07-30 20:15:04,601 | GC=F | Signal: BUY | Confidence: 60%
2026-07-30 20:15:04,602 | GC=F | ENTRY: 4159.2002 | SL: 4139.40016 | TP: 4198.80026 | RR: 2.0 | POSITION: 0.505
2026-07-30 20:15:05,485 | SI=F | Signal: HOLD | Confidence: 10%
2026-07-30 20:15:06,564 | BTC-USD | Signal: HOLD | Confidence: 30%
2026-07-30 20:15:07,705 | ETH-USD | Signal: HOLD | Confidence: 40%
2026-07-30 20:15:08,783 | SOL-USD | Signal: BUY | Confidence: 60%
2026-07-30 20:15:08,827 | SOL-USD | ENTRY: 74.61 | SL: 74.25 | TP: 75.33 | RR: 2.0 | POSITION: 27.7778
2026-07-30 20:15:42,912 | EURUSD=X | Signal: BUY | Confidence: 75%
2026-07-30 20:15:42,913 | EURUSD=X | ENTRY: 1.15141 | SL: 1.14987 | TP: 1.1545 | RR: 2.0 | POSITION: 6493.5065
2026-07-30 20:15:43,780 | GBPUSD=X | Signal: HOLD | Confidence: 40%
2026-07-30 20:15:44,689 | JPY=X | Signal: HOLD | Confidence: 40%
2026-07-30 20:15:45,818 | AUDUSD=X | Signal: HOLD | Confidence: 20%
2026-07-30 20:15:46,702 | CAD=X | Signal: SELL | Confidence: 70%
2026-07-30 20:15:46,703 | CAD=X | ENTRY: 1.40197 | SL: 1.40437 | TP: 1.39716 | RR: 2.0 | POSITION: 4166.6667
2026-07-30 20:15:47,502 | GC=F | Signal: BUY | Confidence: 60%
2026-07-30 20:15:47,503 | GC=F | ENTRY: 4159.8999 | SL: 4140.09987 | TP: 4199.49997 | RR: 2.0 | POSITION: 0.505
2026-07-30 20:15:48,128 | SI=F | Signal: HOLD | Confidence: 10%
2026-07-30 20:15:48,986 | BTC-USD | Signal: HOLD | Confidence: 30%
2026-07-30 20:15:49,849 | ETH-USD | Signal: HOLD | Confidence: 30%
2026-07-30 20:15:50,551 | SOL-USD | Signal: BUY | Confidence: 60%
2026-07-30 20:15:50,552 | SOL-USD | ENTRY: 74.61 | SL: 74.25964 | TP: 75.31072 | RR: 2.0 | POSITION: 28.5421
2026-07-30 20:16:25,845 | EURUSD=X | Signal: HOLD | Confidence: 60%
2026-07-30 20:16:26,641 | GBPUSD=X | Signal: HOLD | Confidence: 40%
2026-07-30 20:16:27,415 | JPY=X | Signal: HOLD | Confidence: 40%
2026-07-30 20:16:28,220 | AUDUSD=X | Signal: HOLD | Confidence: 20%
2026-07-30 20:16:28,980 | CAD=X | Signal: SELL | Confidence: 70%
2026-07-30 20:16:28,981 | CAD=X | ENTRY: 1.40219 | SL: 1.40455 | TP: 1.39746 | RR: 2.0 | POSITION: 4237.2881
2026-07-30 20:16:29,661 | GC=F | Signal: BUY | Confidence: 60%
2026-07-30 20:16:29,662 | GC=F | ENTRY: 4160.1001 | SL: 4140.03221 | TP: 4200.23587 | RR: 2.0 | POSITION: 0.4983
2026-07-30 20:16:30,471 | SI=F | Signal: HOLD | Confidence: 10%
2026-07-30 20:16:31,288 | BTC-USD | Signal: HOLD | Confidence: 40%
2026-07-30 20:16:32,018 | ETH-USD | Signal: HOLD | Confidence: 40%
2026-07-30 20:16:32,812 | SOL-USD | Signal: BUY | Confidence: 70%
2026-07-30 20:16:32,813 | SOL-USD | ENTRY: 74.64 | SL: 74.28857 | TP: 75.34286 | RR: 2.0 | POSITION: 28.4552
2026-07-30 20:17:07,055 | EURUSD=X | Signal: BUY | Confidence: 55%
2026-07-30 20:17:07,055 | EURUSD=X | ENTRY: 1.15168 | SL: 1.15015 | TP: 1.15474 | RR: 2.0 | POSITION: 6535.9477
2026-07-30 20:17:07,979 | GBPUSD=X | Signal: HOLD | Confidence: 35%
2026-07-30 20:17:08,789 | JPY=X | Signal: HOLD | Confidence: 40%
2026-07-30 20:17:10,084 | AUDUSD=X | Signal: HOLD | Confidence: 20%
2026-07-30 20:17:10,957 | CAD=X | Signal: SELL | Confidence: 70%
2026-07-30 20:17:10,958 | CAD=X | ENTRY: 1.40215 | SL: 1.40451 | TP: 1.39743 | RR: 2.0 | POSITION: 4237.2881
2026-07-30 20:17:11,569 | GC=F | Signal: BUY | Confidence: 65%
2026-07-30 20:17:11,570 | GC=F | ENTRY: 4163.7998 | SL: 4143.73192 | TP: 4203.93558 | RR: 2.0 | POSITION: 0.4983
2026-07-30 20:17:12,233 | SI=F | Signal: HOLD | Confidence: 45%
2026-07-30 20:17:12,889 | BTC-USD | Signal: HOLD | Confidence: 25%
2026-07-30 20:17:13,814 | ETH-USD | Signal: HOLD | Confidence: 30%
2026-07-30 20:17:14,535 | SOL-USD | Signal: BUY | Confidence: 70%
2026-07-30 20:17:14,536 | SOL-USD | ENTRY: 74.62 | SL: 74.26857 | TP: 75.32286 | RR: 2.0 | POSITION: 28.4552
2026-07-30 20:17:54,920 | EURUSD=X | Signal: BUY | Confidence: 55%
2026-07-30 20:17:54,921 | EURUSD=X | ENTRY: 1.15168 | SL: 1.15015 | TP: 1.15474 | RR: 2.0 | POSITION: 6535.9477
2026-07-30 20:17:55,581 | GBPUSD=X | Signal: HOLD | Confidence: 50%
2026-07-30 20:17:56,197 | JPY=X | Signal: HOLD | Confidence: 40%
2026-07-30 20:17:56,967 | AUDUSD=X | Signal: HOLD | Confidence: 15%
2026-07-30 20:17:57,872 | CAD=X | Signal: SELL | Confidence: 70%
2026-07-30 20:17:57,873 | CAD=X | ENTRY: 1.40209 | SL: 1.40446 | TP: 1.39735 | RR: 2.0 | POSITION: 4219.4093
2026-07-30 20:17:58,595 | GC=F | Signal: BUY | Confidence: 65%
2026-07-30 20:17:58,596 | GC=F | ENTRY: 4163.1001 | SL: 4143.03221 | TP: 4203.23587 | RR: 2.0 | POSITION: 0.4983
2026-07-30 20:17:59,367 | SI=F | Signal: HOLD | Confidence: 45%
2026-07-30 20:18:00,175 | BTC-USD | Signal: HOLD | Confidence: 40%
2026-07-30 20:18:01,086 | ETH-USD | Signal: HOLD | Confidence: 40%
2026-07-30 20:18:02,017 | SOL-USD | Signal: BUY | Confidence: 60%
2026-07-30 20:18:02,018 | SOL-USD | ENTRY: 74.65 | SL: 74.2975 | TP: 75.355 | RR: 2.0 | POSITION: 28.3688
2026-07-30 20:18:35,675 | EURUSD=X | Signal: BUY | Confidence: 55%
2026-07-30 20:18:35,676 | EURUSD=X | ENTRY: 1.15168 | SL: 1.15015 | TP: 1.15474 | RR: 2.0 | POSITION: 6535.9477
2026-07-30 20:18:36,554 | GBPUSD=X | Signal: HOLD | Confidence: 50%
2026-07-30 20:18:37,393 | JPY=X | Signal: HOLD | Confidence: 40%
2026-07-30 20:18:38,396 | AUDUSD=X | Signal: HOLD | Confidence: 15%
2026-07-30 20:18:39,479 | CAD=X | Signal: SELL | Confidence: 80%
2026-07-30 20:18:39,480 | CAD=X | ENTRY: 1.40227 | SL: 1.40464 | TP: 1.39753 | RR: 2.0 | POSITION: 4219.4093
2026-07-30 20:18:40,393 | GC=F | Signal: BUY | Confidence: 60%
2026-07-30 20:18:40,394 | GC=F | ENTRY: 4162.2002 | SL: 4142.04661 | TP: 4202.50736 | RR: 2.0 | POSITION: 0.4962
2026-07-30 20:18:41,022 | SI=F | Signal: HOLD | Confidence: 40%
2026-07-30 20:18:41,803 | BTC-USD | Signal: HOLD | Confidence: 25%
2026-07-30 20:18:42,736 | ETH-USD | Signal: HOLD | Confidence: 40%
2026-07-30 20:18:43,664 | SOL-USD | Signal: BUY | Confidence: 70%
2026-07-30 20:18:43,665 | SOL-USD | ENTRY: 74.63 | SL: 74.2775 | TP: 75.335 | RR: 2.0 | POSITION: 28.3688
2026-07-30 20:19:16,806 | EURUSD=X | Signal: BUY | Confidence: 55%
2026-07-30 20:19:16,808 | EURUSD=X | ENTRY: 1.15154 | SL: 1.15001 | TP: 1.1546 | RR: 2.0 | POSITION: 6535.9477
2026-07-30 20:19:17,809 | GBPUSD=X | Signal: HOLD | Confidence: 50%
2026-07-30 20:19:18,756 | JPY=X | Signal: HOLD | Confidence: 40%
2026-07-30 20:19:19,462 | AUDUSD=X | Signal: HOLD | Confidence: 15%
2026-07-30 20:19:20,285 | CAD=X | Signal: SELL | Confidence: 80%
2026-07-30 20:19:20,287 | CAD=X | ENTRY: 1.40231 | SL: 1.40468 | TP: 1.39757 | RR: 2.0 | POSITION: 4219.4093
2026-07-30 20:19:21,048 | GC=F | Signal: BUY | Confidence: 60%
2026-07-30 20:19:21,049 | GC=F | ENTRY: 4162.7998 | SL: 4142.64622 | TP: 4203.10697 | RR: 2.0 | POSITION: 0.4962
2026-07-30 20:19:21,681 | SI=F | Signal: HOLD | Confidence: 45%
2026-07-30 20:19:22,396 | BTC-USD | Signal: HOLD | Confidence: 25%
2026-07-30 20:19:23,206 | ETH-USD | Signal: HOLD | Confidence: 30%
2026-07-30 20:19:24,015 | SOL-USD | Signal: BUY | Confidence: 60%
2026-07-30 20:19:24,016 | SOL-USD | ENTRY: 74.61 | SL: 74.2575 | TP: 75.315 | RR: 2.0 | POSITION: 28.3688
2026-07-30 20:19:59,730 | EURUSD=X | Signal: BUY | Confidence: 55%
2026-07-30 20:19:59,731 | EURUSD=X | ENTRY: 1.15141 | SL: 1.14988 | TP: 1.15447 | RR: 2.0 | POSITION: 6535.9477
2026-07-30 20:20:00,518 | GBPUSD=X | Signal: HOLD | Confidence: 50%
2026-07-30 20:20:01,409 | JPY=X | Signal: HOLD | Confidence: 40%
2026-07-30 20:20:02,315 | AUDUSD=X | Signal: HOLD | Confidence: 15%
2026-07-30 20:20:03,158 | CAD=X | Signal: SELL | Confidence: 70%
2026-07-30 20:20:03,159 | CAD=X | ENTRY: 1.40221 | SL: 1.40458 | TP: 1.39747 | RR: 2.0 | POSITION: 4219.4093
2026-07-30 20:20:03,918 | GC=F | Signal: BUY | Confidence: 65%
2026-07-30 20:20:03,921 | GC=F | ENTRY: 4164.2002 | SL: 4144.04661 | TP: 4204.50736 | RR: 2.0 | POSITION: 0.4962
2026-07-30 20:20:04,590 | SI=F | Signal: BUY | Confidence: 60%
2026-07-30 20:20:04,591 | SI=F | ENTRY: 58.585 | SL: 58.09428 | TP: 59.56643 | RR: 2.0 | POSITION: 20.3782
2026-07-30 20:20:05,654 | BTC-USD | Signal: HOLD | Confidence: 40%
2026-07-30 20:20:06,364 | ETH-USD | Signal: HOLD | Confidence: 40%
2026-07-30 20:20:07,171 | SOL-USD | Signal: BUY | Confidence: 70%
2026-07-30 20:20:07,172 | SOL-USD | ENTRY: 74.65 | SL: 74.29536 | TP: 75.35929 | RR: 2.0 | POSITION: 28.1976
2026-07-30 20:20:41,026 | EURUSD=X | Signal: BUY | Confidence: 55%
2026-07-30 20:20:41,027 | EURUSD=X | ENTRY: 1.15141 | SL: 1.14988 | TP: 1.15447 | RR: 2.0 | POSITION: 6535.9477
2026-07-30 20:20:41,781 | GBPUSD=X | Signal: HOLD | Confidence: 50%
2026-07-30 20:20:42,564 | JPY=X | Signal: HOLD | Confidence: 40%
2026-07-30 20:20:43,255 | AUDUSD=X | Signal: HOLD | Confidence: 15%
2026-07-30 20:20:43,980 | CAD=X | Signal: SELL | Confidence: 70%
2026-07-30 20:20:43,981 | CAD=X | ENTRY: 1.40213 | SL: 1.4045 | TP: 1.39739 | RR: 2.0 | POSITION: 4219.4093
2026-07-30 20:20:44,602 | GC=F | Signal: BUY | Confidence: 65%
2026-07-30 20:20:44,603 | GC=F | ENTRY: 4166.7002 | SL: 4146.27876 | TP: 4207.54307 | RR: 2.0 | POSITION: 0.4897
2026-07-30 20:20:45,304 | SI=F | Signal: BUY | Confidence: 60%
2026-07-30 20:20:45,307 | SI=F | ENTRY: 58.61 | SL: 58.11661 | TP: 59.59679 | RR: 2.0 | POSITION: 20.2679
2026-07-30 20:20:46,112 | BTC-USD | Signal: HOLD | Confidence: 40%
2026-07-30 20:20:46,918 | ETH-USD | Signal: HOLD | Confidence: 40%
2026-07-30 20:20:47,705 | SOL-USD | Signal: BUY | Confidence: 60%
2026-07-30 20:20:47,706 | SOL-USD | ENTRY: 74.7 | SL: 74.34 | TP: 75.42 | RR: 2.0 | POSITION: 27.7778
2026-07-30 20:21:26,943 | EURUSD=X | Signal: BUY | Confidence: 55%
2026-07-30 20:21:26,944 | EURUSD=X | ENTRY: 1.15141 | SL: 1.14988 | TP: 1.15447 | RR: 2.0 | POSITION: 6535.9477
2026-07-30 20:21:27,961 | GBPUSD=X | Signal: HOLD | Confidence: 40%
2026-07-30 20:21:28,811 | JPY=X | Signal: HOLD | Confidence: 40%
2026-07-30 20:21:29,853 | AUDUSD=X | Signal: HOLD | Confidence: 15%
2026-07-30 20:21:30,657 | CAD=X | Signal: SELL | Confidence: 70%
2026-07-30 20:21:30,659 | CAD=X | ENTRY: 1.40212 | SL: 1.40449 | TP: 1.39738 | RR: 2.0 | POSITION: 4219.4093
2026-07-30 20:21:31,817 | GC=F | Signal: BUY | Confidence: 65%
2026-07-30 20:21:31,819 | GC=F | ENTRY: 4165.2002 | SL: 4144.77876 | TP: 4206.04307 | RR: 2.0 | POSITION: 0.4897
2026-07-30 20:21:32,788 | SI=F | Signal: BUY | Confidence: 60%
2026-07-30 20:21:32,789 | SI=F | ENTRY: 58.6 | SL: 58.10661 | TP: 59.58678 | RR: 2.0 | POSITION: 20.2679
2026-07-30 20:21:33,870 | BTC-USD | Signal: HOLD | Confidence: 40%
2026-07-30 20:21:34,903 | ETH-USD | Signal: HOLD | Confidence: 40%
2026-07-30 20:21:36,251 | SOL-USD | Signal: BUY | Confidence: 60%
2026-07-30 20:21:36,253 | SOL-USD | ENTRY: 74.67 | SL: 74.31 | TP: 75.39 | RR: 2.0 | POSITION: 27.7778
2026-07-30 20:22:15,296 | EURUSD=X | Signal: BUY | Confidence: 75%
2026-07-30 20:22:15,297 | EURUSD=X | ENTRY: 1.15115 | SL: 1.14959 | TP: 1.15426 | RR: 2.0 | POSITION: 6410.2564
2026-07-30 20:22:16,255 | GBPUSD=X | Signal: HOLD | Confidence: 35%
2026-07-30 20:22:17,254 | JPY=X | Signal: HOLD | Confidence: 40%
2026-07-30 20:22:18,231 | AUDUSD=X | Signal: HOLD | Confidence: 35%
2026-07-30 20:22:20,025 | CAD=X | Signal: SELL | Confidence: 70%
2026-07-30 20:22:20,026 | CAD=X | ENTRY: 1.4019 | SL: 1.40427 | TP: 1.39716 | RR: 2.0 | POSITION: 4219.4093
2026-07-30 20:22:20,868 | GC=F | Signal: BUY | Confidence: 60%
2026-07-30 20:22:20,869 | GC=F | ENTRY: 4163.5 | SL: 4143.07856 | TP: 4204.34288 | RR: 2.0 | POSITION: 0.4897
2026-07-30 20:22:22,046 | SI=F | Signal: BUY | Confidence: 60%
2026-07-30 20:22:22,088 | SI=F | ENTRY: 58.61 | SL: 58.11607 | TP: 59.59786 | RR: 2.0 | POSITION: 20.2458
2026-07-30 20:22:24,029 | BTC-USD | Signal: HOLD | Confidence: 30%
2026-07-30 20:22:25,234 | ETH-USD | Signal: HOLD | Confidence: 30%
2026-07-30 20:22:26,182 | SOL-USD | Signal: BUY | Confidence: 70%
2026-07-30 20:22:26,183 | SOL-USD | ENTRY: 74.64 | SL: 74.28 | TP: 75.36 | RR: 2.0 | POSITION: 27.7778
2026-07-30 20:23:01,192 | EURUSD=X | Signal: BUY | Confidence: 75%
2026-07-30 20:23:01,193 | EURUSD=X | ENTRY: 1.15115 | SL: 1.14959 | TP: 1.15426 | RR: 2.0 | POSITION: 6410.2564
2026-07-30 20:23:01,847 | GBPUSD=X | Signal: HOLD | Confidence: 35%
2026-07-30 20:23:02,557 | JPY=X | Signal: HOLD | Confidence: 40%
2026-07-30 20:23:03,306 | AUDUSD=X | Signal: HOLD | Confidence: 35%
2026-07-30 20:23:03,992 | CAD=X | Signal: SELL | Confidence: 70%
2026-07-30 20:23:03,993 | CAD=X | ENTRY: 1.4019 | SL: 1.40427 | TP: 1.39716 | RR: 2.0 | POSITION: 4219.4093
2026-07-30 20:23:04,653 | GC=F | Signal: BUY | Confidence: 65%
2026-07-30 20:23:04,654 | GC=F | ENTRY: 4165.3999 | SL: 4144.93562 | TP: 4206.32847 | RR: 2.0 | POSITION: 0.4887
2026-07-30 20:23:05,212 | SI=F | Signal: BUY | Confidence: 60%
2026-07-30 20:23:05,214 | SI=F | ENTRY: 58.635 | SL: 58.13518 | TP: 59.63464 | RR: 2.0 | POSITION: 20.0072
2026-07-30 20:23:06,014 | BTC-USD | Signal: HOLD | Confidence: 30%
2026-07-30 20:23:07,263 | ETH-USD | Signal: BUY | Confidence: 55%
2026-07-30 20:23:07,264 | ETH-USD | ENTRY: 1919.20996 | SL: 1909.16531 | TP: 1939.29927 | RR: 2.0 | POSITION: 0.9956
2026-07-30 20:23:08,029 | SOL-USD | Signal: BUY | Confidence: 60%
2026-07-30 20:23:08,030 | SOL-USD | ENTRY: 74.67 | SL: 74.31 | TP: 75.39 | RR: 2.0 | POSITION: 27.7778
2026-07-30 20:23:44,170 | EURUSD=X | Signal: BUY | Confidence: 75%
2026-07-30 20:23:44,172 | EURUSD=X | ENTRY: 1.15115 | SL: 1.14959 | TP: 1.15426 | RR: 2.0 | POSITION: 6410.2564
2026-07-30 20:23:44,861 | GBPUSD=X | Signal: HOLD | Confidence: 35%
2026-07-30 20:23:45,846 | JPY=X | Signal: HOLD | Confidence: 40%
2026-07-30 20:23:46,856 | AUDUSD=X | Signal: HOLD | Confidence: 35%
2026-07-30 20:23:47,949 | CAD=X | Signal: SELL | Confidence: 80%
2026-07-30 20:23:47,950 | CAD=X | ENTRY: 1.40166 | SL: 1.40404 | TP: 1.39689 | RR: 2.0 | POSITION: 4201.6807
2026-07-30 20:23:48,938 | GC=F | Signal: BUY | Confidence: 65%
2026-07-30 20:23:48,939 | GC=F | ENTRY: 4166.2998 | SL: 4145.79262 | TP: 4207.31417 | RR: 2.0 | POSITION: 0.4876
2026-07-30 20:23:49,541 | SI=F | Signal: BUY | Confidence: 55%
2026-07-30 20:23:49,542 | SI=F | ENTRY: 58.615 | SL: 58.11518 | TP: 59.61465 | RR: 2.0 | POSITION: 20.0072
2026-07-30 20:23:50,342 | BTC-USD | Signal: HOLD | Confidence: 40%
2026-07-30 20:23:51,141 | ETH-USD | Signal: HOLD | Confidence: 40%
2026-07-30 20:23:51,968 | SOL-USD | Signal: BUY | Confidence: 60%
2026-07-30 20:23:51,969 | SOL-USD | ENTRY: 74.66 | SL: 74.3 | TP: 75.38001 | RR: 2.0 | POSITION: 27.7778
2026-07-30 20:24:27,350 | EURUSD=X | Signal: BUY | Confidence: 75%
2026-07-30 20:24:27,351 | EURUSD=X | ENTRY: 1.15115 | SL: 1.14959 | TP: 1.15426 | RR: 2.0 | POSITION: 6410.2564
2026-07-30 20:24:28,250 | GBPUSD=X | Signal: HOLD | Confidence: 40%
2026-07-30 20:24:29,014 | JPY=X | Signal: HOLD | Confidence: 30%
2026-07-30 20:24:29,963 | AUDUSD=X | Signal: HOLD | Confidence: 15%
2026-07-30 20:24:30,745 | CAD=X | Signal: SELL | Confidence: 80%
2026-07-30 20:24:30,746 | CAD=X | ENTRY: 1.40126 | SL: 1.40369 | TP: 1.39641 | RR: 2.0 | POSITION: 4115.2263
2026-07-30 20:24:31,472 | GC=F | Signal: BUY | Confidence: 65%
2026-07-30 20:24:31,473 | GC=F | ENTRY: 4167.5 | SL: 4146.77853 | TP: 4208.94294 | RR: 2.0 | POSITION: 0.4826
2026-07-30 20:24:32,243 | SI=F | Signal: BUY | Confidence: 60%
2026-07-30 20:24:32,244 | SI=F | ENTRY: 58.645 | SL: 58.14518 | TP: 59.64464 | RR: 2.0 | POSITION: 20.0072
2026-07-30 20:24:32,965 | BTC-USD | Signal: HOLD | Confidence: 40%
2026-07-30 20:24:33,737 | ETH-USD | Signal: HOLD | Confidence: 40%
2026-07-30 20:24:34,500 | SOL-USD | Signal: BUY | Confidence: 70%
2026-07-30 20:24:34,501 | SOL-USD | ENTRY: 74.65 | SL: 74.29 | TP: 75.37 | RR: 2.0 | POSITION: 27.7778
2026-07-30 20:25:12,907 | EURUSD=X | Signal: BUY | Confidence: 75%
2026-07-30 20:25:12,908 | EURUSD=X | ENTRY: 1.15128 | SL: 1.14972 | TP: 1.1544 | RR: 2.0 | POSITION: 6410.2564
2026-07-30 20:25:13,651 | GBPUSD=X | Signal: HOLD | Confidence: 40%
2026-07-30 20:25:14,343 | JPY=X | Signal: HOLD | Confidence: 40%
2026-07-30 20:25:15,101 | AUDUSD=X | Signal: HOLD | Confidence: 15%
2026-07-30 20:25:15,844 | CAD=X | Signal: SELL | Confidence: 80%
2026-07-30 20:25:15,845 | CAD=X | ENTRY: 1.40135 | SL: 1.40378 | TP: 1.3965 | RR: 2.0 | POSITION: 4115.2263
2026-07-30 20:25:16,496 | GC=F | Signal: BUY | Confidence: 65%
2026-07-30 20:25:16,497 | GC=F | ENTRY: 4170.3999 | SL: 4149.67843 | TP: 4211.84284 | RR: 2.0 | POSITION: 0.4826
2026-07-30 20:25:17,227 | SI=F | Signal: BUY | Confidence: 60%
2026-07-30 20:25:17,227 | SI=F | ENTRY: 58.655 | SL: 58.15518 | TP: 59.65464 | RR: 2.0 | POSITION: 20.0072
2026-07-30 20:25:18,066 | BTC-USD | Signal: HOLD | Confidence: 30%
2026-07-30 20:25:18,896 | ETH-USD | Signal: HOLD | Confidence: 30%
2026-07-30 20:25:19,714 | SOL-USD | Signal: BUY | Confidence: 70%
2026-07-30 20:25:19,715 | SOL-USD | ENTRY: 74.62 | SL: 74.26 | TP: 75.34 | RR: 2.0 | POSITION: 27.7778
2026-07-30 20:25:55,854 | EURUSD=X | Signal: BUY | Confidence: 75%
2026-07-30 20:25:55,854 | EURUSD=X | ENTRY: 1.15101 | SL: 1.14944 | TP: 1.15416 | RR: 2.0 | POSITION: 6369.4268
2026-07-30 20:25:56,674 | GBPUSD=X | Signal: HOLD | Confidence: 35%
2026-07-30 20:25:57,791 | JPY=X | Signal: HOLD | Confidence: 50%
2026-07-30 20:25:58,880 | AUDUSD=X | Signal: HOLD | Confidence: 35%
2026-07-30 20:25:59,709 | CAD=X | Signal: SELL | Confidence: 70%
2026-07-30 20:25:59,710 | CAD=X | ENTRY: 1.40164 | SL: 1.4041 | TP: 1.39672 | RR: 2.0 | POSITION: 4065.0407
2026-07-30 20:26:00,522 | GC=F | Signal: BUY | Confidence: 60%
2026-07-30 20:26:00,523 | GC=F | ENTRY: 4168.1001 | SL: 4147.23931 | TP: 4209.82167 | RR: 2.0 | POSITION: 0.4794
2026-07-30 20:26:01,805 | SI=F | Signal: HOLD | Confidence: 35%
2026-07-30 20:26:03,983 | BTC-USD | Signal: HOLD | Confidence: 30%
2026-07-30 20:26:05,202 | ETH-USD | Signal: HOLD | Confidence: 25%
2026-07-30 20:26:06,367 | SOL-USD | Signal: BUY | Confidence: 60%
2026-07-30 20:26:06,368 | SOL-USD | ENTRY: 74.5 | SL: 74.13143 | TP: 75.23715 | RR: 2.0 | POSITION: 27.1319
2026-07-30 20:26:42,795 | EURUSD=X | Signal: BUY | Confidence: 75%
2026-07-30 20:26:42,796 | EURUSD=X | ENTRY: 1.15101 | SL: 1.14944 | TP: 1.15416 | RR: 2.0 | POSITION: 6369.4268
2026-07-30 20:26:43,463 | GBPUSD=X | Signal: HOLD | Confidence: 35%
2026-07-30 20:26:44,234 | JPY=X | Signal: HOLD | Confidence: 30%
2026-07-30 20:26:44,960 | AUDUSD=X | Signal: HOLD | Confidence: 35%
2026-07-30 20:26:45,725 | CAD=X | Signal: SELL | Confidence: 70%
2026-07-30 20:26:45,725 | CAD=X | ENTRY: 1.40175 | SL: 1.40421 | TP: 1.39683 | RR: 2.0 | POSITION: 4065.0407
2026-07-30 20:26:46,304 | GC=F | Signal: BUY | Confidence: 60%
2026-07-30 20:26:46,305 | GC=F | ENTRY: 4165.5 | SL: 4144.33923 | TP: 4207.82153 | RR: 2.0 | POSITION: 0.4726
2026-07-30 20:26:46,965 | SI=F | Signal: HOLD | Confidence: 40%
2026-07-30 20:26:47,712 | BTC-USD | Signal: HOLD | Confidence: 25%
2026-07-30 20:26:48,695 | ETH-USD | Signal: HOLD | Confidence: 15%
2026-07-30 20:26:49,867 | SOL-USD | Signal: BUY | Confidence: 55%
2026-07-30 20:26:49,870 | SOL-USD | ENTRY: 74.45 | SL: 74.07607 | TP: 75.19786 | RR: 2.0 | POSITION: 26.743
2026-07-30 20:27:30,928 | EURUSD=X | Signal: BUY | Confidence: 75%
2026-07-30 20:27:30,929 | EURUSD=X | ENTRY: 1.15115 | SL: 1.14957 | TP: 1.15429 | RR: 2.0 | POSITION: 6329.1139
2026-07-30 20:27:32,131 | GBPUSD=X | Signal: HOLD | Confidence: 35%
2026-07-30 20:27:33,483 | JPY=X | Signal: HOLD | Confidence: 30%
2026-07-30 20:27:34,646 | AUDUSD=X | Signal: HOLD | Confidence: 35%
2026-07-30 20:27:35,796 | CAD=X | Signal: SELL | Confidence: 80%
2026-07-30 20:27:35,797 | CAD=X | ENTRY: 1.40153 | SL: 1.40399 | TP: 1.39661 | RR: 2.0 | POSITION: 4065.0407
2026-07-30 20:27:36,675 | GC=F | Signal: BUY | Confidence: 60%
2026-07-30 20:27:36,676 | GC=F | ENTRY: 4163.1001 | SL: 4141.73577 | TP: 4205.82875 | RR: 2.0 | POSITION: 0.4681
2026-07-30 20:27:37,530 | SI=F | Signal: HOLD | Confidence: 25%
2026-07-30 20:27:38,721 | BTC-USD | Signal: HOLD | Confidence: 30%
2026-07-30 20:27:42,168 | ETH-USD | Signal: HOLD | Confidence: 15%
2026-07-30 20:27:43,309 | SOL-USD | Signal: BUY | Confidence: 60%
2026-07-30 20:27:43,310 | SOL-USD | ENTRY: 74.49 | SL: 74.115 | TP: 75.24 | RR: 2.0 | POSITION: 26.6667
2026-07-30 20:28:17,958 | EURUSD=X | Signal: BUY | Confidence: 75%
2026-07-30 20:28:17,959 | EURUSD=X | ENTRY: 1.15115 | SL: 1.14957 | TP: 1.15429 | RR: 2.0 | POSITION: 6329.1139
2026-07-30 20:28:18,815 | GBPUSD=X | Signal: HOLD | Confidence: 35%
2026-07-30 20:28:19,852 | JPY=X | Signal: HOLD | Confidence: 30%
2026-07-30 20:28:20,724 | AUDUSD=X | Signal: HOLD | Confidence: 35%
2026-07-30 20:28:21,809 | CAD=X | Signal: SELL | Confidence: 80%
2026-07-30 20:28:21,810 | CAD=X | ENTRY: 1.40153 | SL: 1.40399 | TP: 1.39661 | RR: 2.0 | POSITION: 4065.0407
2026-07-30 20:28:22,615 | GC=F | Signal: BUY | Confidence: 55%
2026-07-30 20:28:22,616 | GC=F | ENTRY: 4162.0 | SL: 4140.63567 | TP: 4204.72866 | RR: 2.0 | POSITION: 0.4681
2026-07-30 20:28:23,676 | SI=F | Signal: HOLD | Confidence: 25%
2026-07-30 20:28:24,646 | BTC-USD | Signal: HOLD | Confidence: 5%
2026-07-30 20:28:25,533 | ETH-USD | Signal: HOLD | Confidence: 15%
2026-07-30 20:28:26,315 | SOL-USD | Signal: BUY | Confidence: 60%
2026-07-30 20:28:26,316 | SOL-USD | ENTRY: 74.49 | SL: 74.115 | TP: 75.24 | RR: 2.0 | POSITION: 26.6667
2026-07-30 20:29:03,173 | EURUSD=X | Signal: BUY | Confidence: 75%
2026-07-30 20:29:03,174 | EURUSD=X | ENTRY: 1.15075 | SL: 1.14915 | TP: 1.15395 | RR: 2.0 | POSITION: 6250.0
2026-07-30 20:29:04,346 | GBPUSD=X | Signal: HOLD | Confidence: 35%
2026-07-30 20:29:05,362 | JPY=X | Signal: HOLD | Confidence: 40%
2026-07-30 20:29:06,406 | AUDUSD=X | Signal: HOLD | Confidence: 35%
2026-07-30 20:29:07,397 | CAD=X | Signal: SELL | Confidence: 80%
2026-07-30 20:29:07,398 | CAD=X | ENTRY: 1.4014 | SL: 1.40386 | TP: 1.39648 | RR: 2.0 | POSITION: 4065.0407
2026-07-30 20:29:08,125 | GC=F | Signal: BUY | Confidence: 60%
2026-07-30 20:29:08,126 | GC=F | ENTRY: 4162.8999 | SL: 4141.53557 | TP: 4205.62856 | RR: 2.0 | POSITION: 0.4681
2026-07-30 20:29:09,525 | SI=F | Signal: HOLD | Confidence: 30%
2026-07-30 20:29:10,499 | BTC-USD | Signal: HOLD | Confidence: 30%
2026-07-30 20:29:11,247 | ETH-USD | Signal: HOLD | Confidence: 30%
2026-07-30 20:29:12,016 | SOL-USD | Signal: BUY | Confidence: 60%
2026-07-30 20:29:12,016 | SOL-USD | ENTRY: 74.56 | SL: 74.185 | TP: 75.31 | RR: 2.0 | POSITION: 26.6667
2026-07-30 20:29:51,336 | EURUSD=X | Signal: BUY | Confidence: 75%
2026-07-30 20:29:51,337 | EURUSD=X | ENTRY: 1.15075 | SL: 1.14915 | TP: 1.15395 | RR: 2.0 | POSITION: 6250.0
2026-07-30 20:29:52,508 | GBPUSD=X | Signal: HOLD | Confidence: 35%
2026-07-30 20:29:53,380 | JPY=X | Signal: HOLD | Confidence: 40%
2026-07-30 20:29:54,202 | AUDUSD=X | Signal: HOLD | Confidence: 35%
2026-07-30 20:29:55,787 | CAD=X | Signal: SELL | Confidence: 70%
2026-07-30 20:29:55,787 | CAD=X | ENTRY: 1.40172 | SL: 1.40418 | TP: 1.3968 | RR: 2.0 | POSITION: 4065.0407
2026-07-30 20:29:57,104 | GC=F | Signal: BUY | Confidence: 60%
2026-07-30 20:29:57,105 | GC=F | ENTRY: 4163.6001 | SL: 4142.23577 | TP: 4206.32875 | RR: 2.0 | POSITION: 0.4681
2026-07-30 20:29:58,075 | SI=F | Signal: HOLD | Confidence: 25%
2026-07-30 20:29:59,158 | BTC-USD | Signal: HOLD | Confidence: 30%
2026-07-30 20:30:00,359 | ETH-USD | Signal: HOLD | Confidence: 30%
2026-07-30 20:30:01,396 | SOL-USD | Signal: BUY | Confidence: 60%
2026-07-30 20:30:01,398 | SOL-USD | ENTRY: 74.56 | SL: 74.185 | TP: 75.31 | RR: 2.0 | POSITION: 26.6667
2026-07-30 20:30:39,276 | EURUSD=X | Signal: BUY | Confidence: 75%
2026-07-30 20:30:39,277 | EURUSD=X | ENTRY: 1.15075 | SL: 1.14915 | TP: 1.15395 | RR: 2.0 | POSITION: 6250.0
2026-07-30 20:30:40,287 | GBPUSD=X | Signal: HOLD | Confidence: 35%
2026-07-30 20:30:41,230 | JPY=X | Signal: HOLD | Confidence: 40%
2026-07-30 20:30:42,248 | AUDUSD=X | Signal: HOLD | Confidence: 35%
2026-07-30 20:30:43,236 | CAD=X | Signal: SELL | Confidence: 80%
2026-07-30 20:30:43,237 | CAD=X | ENTRY: 1.4018 | SL: 1.40415 | TP: 1.3971 | RR: 2.0 | POSITION: 4255.3191
2026-07-30 20:30:43,921 | GC=F | Signal: BUY | Confidence: 55%
2026-07-30 20:30:43,922 | GC=F | ENTRY: 4159.2998 | SL: 4137.5926 | TP: 4202.71422 | RR: 2.0 | POSITION: 0.4607
2026-07-30 20:30:44,788 | SI=F | Signal: HOLD | Confidence: 25%
2026-07-30 20:30:46,019 | BTC-USD | Signal: HOLD | Confidence: 50%
2026-07-30 20:30:47,552 | ETH-USD | Signal: HOLD | Confidence: 20%
2026-07-30 20:30:48,622 | SOL-USD | Signal: BUY | Confidence: 60%
2026-07-30 20:30:48,623 | SOL-USD | ENTRY: 74.58 | SL: 74.21786 | TP: 75.30429 | RR: 2.0 | POSITION: 27.6136
2026-07-30 20:31:29,384 | EURUSD=X | Signal: BUY | Confidence: 80%
2026-07-30 20:31:29,385 | EURUSD=X | ENTRY: 1.15048 | SL: 1.14887 | TP: 1.15371 | RR: 2.0 | POSITION: 6211.1801
2026-07-30 20:31:30,290 | GBPUSD=X | Signal: HOLD | Confidence: 40%
2026-07-30 20:31:31,097 | JPY=X | Signal: HOLD | Confidence: 40%
2026-07-30 20:31:31,997 | AUDUSD=X | Signal: HOLD | Confidence: 35%
2026-07-30 20:31:32,816 | CAD=X | Signal: SELL | Confidence: 70%
2026-07-30 20:31:32,817 | CAD=X | ENTRY: 1.40168 | SL: 1.40407 | TP: 1.39689 | RR: 2.0 | POSITION: 4184.1004
2026-07-30 20:31:33,604 | GC=F | Signal: BUY | Confidence: 55%
2026-07-30 20:31:33,605 | GC=F | ENTRY: 4159.0 | SL: 4137.29279 | TP: 4202.41441 | RR: 2.0 | POSITION: 0.4607
2026-07-30 20:31:34,568 | SI=F | Signal: HOLD | Confidence: 25%
2026-07-30 20:31:35,910 | BTC-USD | Signal: HOLD | Confidence: 20%
2026-07-30 20:31:37,060 | ETH-USD | Signal: HOLD | Confidence: 10%
2026-07-30 20:31:37,741 | SOL-USD | Signal: BUY | Confidence: 60%
2026-07-30 20:31:37,742 | SOL-USD | ENTRY: 74.51 | SL: 74.14893 | TP: 75.23215 | RR: 2.0 | POSITION: 27.6955
2026-07-30 20:32:14,378 | EURUSD=X | Signal: BUY | Confidence: 85%
2026-07-30 20:32:14,380 | EURUSD=X | ENTRY: 1.15062 | SL: 1.149 | TP: 1.15385 | RR: 2.0 | POSITION: 6172.8395
2026-07-30 20:32:15,256 | GBPUSD=X | Signal: HOLD | Confidence: 45%
2026-07-30 20:32:16,083 | JPY=X | Signal: HOLD | Confidence: 40%
2026-07-30 20:32:17,111 | AUDUSD=X | Signal: HOLD | Confidence: 40%
2026-07-30 20:32:17,964 | CAD=X | Signal: SELL | Confidence: 80%
2026-07-30 20:32:17,969 | CAD=X | ENTRY: 1.40153 | SL: 1.40392 | TP: 1.39674 | RR: 2.0 | POSITION: 4184.1004
2026-07-30 20:32:18,903 | GC=F | Signal: BUY | Confidence: 60%
2026-07-30 20:32:18,904 | GC=F | ENTRY: 4160.3999 | SL: 4138.6927 | TP: 4203.81431 | RR: 2.0 | POSITION: 0.4607
2026-07-30 20:32:19,815 | SI=F | Signal: HOLD | Confidence: 25%
2026-07-30 20:32:20,800 | BTC-USD | Signal: HOLD | Confidence: 15%
2026-07-30 20:32:21,854 | ETH-USD | Signal: HOLD | Confidence: 15%
2026-07-30 20:32:23,291 | SOL-USD | Signal: BUY | Confidence: 60%
2026-07-30 20:32:23,292 | SOL-USD | ENTRY: 74.46 | SL: 74.08821 | TP: 75.20357 | RR: 2.0 | POSITION: 26.8969
2026-07-30 20:33:02,136 | EURUSD=X | Signal: BUY | Confidence: 85%
2026-07-30 20:33:02,137 | EURUSD=X | ENTRY: 1.15075 | SL: 1.14913 | TP: 1.15398 | RR: 2.0 | POSITION: 6172.8395
2026-07-30 20:33:03,102 | GBPUSD=X | Signal: HOLD | Confidence: 45%
2026-07-30 20:33:04,241 | JPY=X | Signal: HOLD | Confidence: 40%
2026-07-30 20:33:05,384 | AUDUSD=X | Signal: HOLD | Confidence: 40%
2026-07-30 20:33:06,568 | CAD=X | Signal: SELL | Confidence: 80%
2026-07-30 20:33:06,569 | CAD=X | ENTRY: 1.40155 | SL: 1.40397 | TP: 1.39672 | RR: 2.0 | POSITION: 4132.2314
2026-07-30 20:33:07,587 | GC=F | Signal: BUY | Confidence: 55%
2026-07-30 20:33:07,588 | GC=F | ENTRY: 4159.5 | SL: 4137.79279 | TP: 4202.91441 | RR: 2.0 | POSITION: 0.4607
2026-07-30 20:33:08,339 | SI=F | Signal: HOLD | Confidence: 30%
2026-07-30 20:33:09,126 | BTC-USD | Signal: HOLD | Confidence: 40%
2026-07-30 20:33:10,031 | ETH-USD | Signal: HOLD | Confidence: 30%
2026-07-30 20:33:10,918 | SOL-USD | Signal: BUY | Confidence: 70%
2026-07-30 20:33:10,919 | SOL-USD | ENTRY: 74.54 | SL: 74.16714 | TP: 75.28572 | RR: 2.0 | POSITION: 26.8197
2026-07-30 20:33:55,457 | EURUSD=X | Signal: BUY | Confidence: 85%
2026-07-30 20:33:55,458 | EURUSD=X | ENTRY: 1.15075 | SL: 1.14913 | TP: 1.15398 | RR: 2.0 | POSITION: 6172.8395
2026-07-30 20:33:56,425 | GBPUSD=X | Signal: HOLD | Confidence: 45%
2026-07-30 20:33:57,316 | JPY=X | Signal: HOLD | Confidence: 35%
2026-07-30 20:33:58,006 | AUDUSD=X | Signal: HOLD | Confidence: 40%
2026-07-30 20:33:58,736 | CAD=X | Signal: SELL | Confidence: 70%
2026-07-30 20:33:58,737 | CAD=X | ENTRY: 1.40185 | SL: 1.40429 | TP: 1.39698 | RR: 2.0 | POSITION: 4098.3607
2026-07-30 20:33:59,424 | GC=F | Signal: BUY | Confidence: 55%
2026-07-30 20:33:59,425 | GC=F | ENTRY: 4158.8999 | SL: 4137.18197 | TP: 4202.33576 | RR: 2.0 | POSITION: 0.4604
2026-07-30 20:34:00,198 | SI=F | Signal: HOLD | Confidence: 30%
2026-07-30 20:34:01,070 | BTC-USD | Signal: HOLD | Confidence: 40%
2026-07-30 20:34:01,841 | ETH-USD | Signal: HOLD | Confidence: 30%
2026-07-30 20:34:02,605 | SOL-USD | Signal: BUY | Confidence: 70%
2026-07-30 20:34:02,606 | SOL-USD | ENTRY: 74.55 | SL: 74.17715 | TP: 75.29572 | RR: 2.0 | POSITION: 26.8204
2026-07-30 20:34:45,620 | EURUSD=X | Signal: BUY | Confidence: 80%
2026-07-30 20:34:45,621 | EURUSD=X | ENTRY: 1.15062 | SL: 1.149 | TP: 1.15385 | RR: 2.0 | POSITION: 6172.8395
2026-07-30 20:34:46,631 | GBPUSD=X | Signal: HOLD | Confidence: 45%
2026-07-30 20:34:47,850 | JPY=X | Signal: HOLD | Confidence: 40%
2026-07-30 20:34:48,745 | AUDUSD=X | Signal: HOLD | Confidence: 40%
2026-07-30 20:34:49,757 | CAD=X | Signal: SELL | Confidence: 70%
2026-07-30 20:34:49,758 | CAD=X | ENTRY: 1.4018 | SL: 1.40425 | TP: 1.39691 | RR: 2.0 | POSITION: 4081.6327
2026-07-30 20:34:50,539 | GC=F | Signal: BUY | Confidence: 55%
2026-07-30 20:34:50,540 | GC=F | ENTRY: 4158.7002 | SL: 4136.98226 | TP: 4202.13606 | RR: 2.0 | POSITION: 0.4604
2026-07-30 20:34:51,377 | SI=F | Signal: HOLD | Confidence: 25%
2026-07-30 20:34:52,397 | BTC-USD | Signal: HOLD | Confidence: 30%
2026-07-30 20:34:53,196 | ETH-USD | Signal: HOLD | Confidence: 40%
2026-07-30 20:34:54,221 | SOL-USD | Signal: BUY | Confidence: 60%
2026-07-30 20:34:54,223 | SOL-USD | ENTRY: 74.62 | SL: 74.24393 | TP: 75.37215 | RR: 2.0 | POSITION: 26.5908
2026-07-30 20:35:30,992 | EURUSD=X | Signal: BUY | Confidence: 70%
2026-07-30 20:35:30,993 | EURUSD=X | ENTRY: 1.15048 | SL: 1.14887 | TP: 1.15371 | RR: 2.0 | POSITION: 6211.1801
2026-07-30 20:35:31,976 | GBPUSD=X | Signal: HOLD | Confidence: 40%
2026-07-30 20:35:33,058 | JPY=X | Signal: HOLD | Confidence: 35%
2026-07-30 20:35:34,174 | AUDUSD=X | Signal: HOLD | Confidence: 40%
2026-07-30 20:35:35,328 | CAD=X | Signal: SELL | Confidence: 70%
2026-07-30 20:35:35,329 | CAD=X | ENTRY: 1.40194 | SL: 1.40439 | TP: 1.39704 | RR: 2.0 | POSITION: 4081.6327
2026-07-30 20:35:36,347 | GC=F | Signal: BUY | Confidence: 55%
2026-07-30 20:35:36,348 | GC=F | ENTRY: 4158.7002 | SL: 4136.82155 | TP: 4202.45748 | RR: 2.0 | POSITION: 0.4571
2026-07-30 20:35:37,237 | SI=F | Signal: HOLD | Confidence: 30%
2026-07-30 20:35:38,212 | BTC-USD | Signal: HOLD | Confidence: 30%
2026-07-30 20:35:39,507 | ETH-USD | Signal: HOLD | Confidence: 30%
2026-07-30 20:35:40,652 | SOL-USD | Signal: BUY | Confidence: 60%
2026-07-30 20:35:40,653 | SOL-USD | ENTRY: 74.61 | SL: 74.235 | TP: 75.36 | RR: 2.0 | POSITION: 26.6667
2026-07-30 20:36:17,455 | EURUSD=X | Signal: BUY | Confidence: 80%
2026-07-30 20:36:17,456 | EURUSD=X | ENTRY: 1.15035 | SL: 1.14872 | TP: 1.15361 | RR: 2.0 | POSITION: 6134.9693
2026-07-30 20:36:18,674 | GBPUSD=X | Signal: HOLD | Confidence: 30%
2026-07-30 20:36:19,687 | JPY=X | Signal: HOLD | Confidence: 35%
2026-07-30 20:36:20,816 | AUDUSD=X | Signal: HOLD | Confidence: 45%
2026-07-30 20:36:21,995 | CAD=X | Signal: SELL | Confidence: 70%
2026-07-30 20:36:21,996 | CAD=X | ENTRY: 1.40179 | SL: 1.40424 | TP: 1.39689 | RR: 2.0 | POSITION: 4081.6327
2026-07-30 20:36:23,243 | GC=F | Signal: BUY | Confidence: 55%
2026-07-30 20:36:23,244 | GC=F | ENTRY: 4158.8999 | SL: 4137.02126 | TP: 4202.65719 | RR: 2.0 | POSITION: 0.4571
2026-07-30 20:36:24,385 | SI=F | Signal: HOLD | Confidence: 25%
2026-07-30 20:36:25,155 | BTC-USD | Signal: HOLD | Confidence: 30%
2026-07-30 20:36:25,942 | ETH-USD | Signal: HOLD | Confidence: 30%
2026-07-30 20:36:26,790 | SOL-USD | Signal: BUY | Confidence: 60%
2026-07-30 20:36:26,791 | SOL-USD | ENTRY: 74.63 | SL: 74.25285 | TP: 75.38428 | RR: 2.0 | POSITION: 26.5146
2026-07-30 20:37:01,108 | EURUSD=X | Signal: BUY | Confidence: 90%
2026-07-30 20:37:01,110 | EURUSD=X | ENTRY: 1.15048 | SL: 1.14885 | TP: 1.15374 | RR: 2.0 | POSITION: 6134.9693
2026-07-30 20:37:01,933 | GBPUSD=X | Signal: HOLD | Confidence: 40%
2026-07-30 20:37:03,220 | JPY=X | Signal: HOLD | Confidence: 40%
2026-07-30 20:37:04,185 | AUDUSD=X | Signal: HOLD | Confidence: 45%
2026-07-30 20:37:05,802 | CAD=X | Signal: SELL | Confidence: 70%
2026-07-30 20:37:05,803 | CAD=X | ENTRY: 1.40179 | SL: 1.40425 | TP: 1.39688 | RR: 2.0 | POSITION: 4065.0407
2026-07-30 20:37:06,663 | GC=F | Signal: BUY | Confidence: 55%
2026-07-30 20:37:06,664 | GC=F | ENTRY: 4158.2998 | SL: 4136.42116 | TP: 4202.05709 | RR: 2.0 | POSITION: 0.4571
2026-07-30 20:37:07,514 | SI=F | Signal: HOLD | Confidence: 5%
2026-07-30 20:37:08,699 | BTC-USD | Signal: HOLD | Confidence: 30%
2026-07-30 20:37:09,703 | ETH-USD | Signal: HOLD | Confidence: 30%
2026-07-30 20:37:10,836 | SOL-USD | Signal: BUY | Confidence: 60%
2026-07-30 20:37:10,837 | SOL-USD | ENTRY: 74.66 | SL: 74.27965 | TP: 75.42072 | RR: 2.0 | POSITION: 26.2916
2026-07-30 20:37:49,174 | EURUSD=X | Signal: BUY | Confidence: 90%
2026-07-30 20:37:49,175 | EURUSD=X | ENTRY: 1.15048 | SL: 1.14885 | TP: 1.15374 | RR: 2.0 | POSITION: 6134.9693
2026-07-30 20:37:49,852 | GBPUSD=X | Signal: HOLD | Confidence: 40%
2026-07-30 20:37:50,944 | JPY=X | Signal: HOLD | Confidence: 40%
2026-07-30 20:37:51,893 | AUDUSD=X | Signal: HOLD | Confidence: 45%
2026-07-30 20:37:52,858 | CAD=X | Signal: SELL | Confidence: 70%
2026-07-30 20:37:52,859 | CAD=X | ENTRY: 1.40184 | SL: 1.4043 | TP: 1.39693 | RR: 2.0 | POSITION: 4065.0407
2026-07-30 20:37:53,887 | GC=F | Signal: BUY | Confidence: 55%
2026-07-30 20:37:53,888 | GC=F | ENTRY: 4156.2002 | SL: 4134.24658 | TP: 4200.10742 | RR: 2.0 | POSITION: 0.4555
2026-07-30 20:37:54,793 | SI=F | Signal: HOLD | Confidence: 25%
2026-07-30 20:37:55,829 | BTC-USD | Signal: HOLD | Confidence: 30%
2026-07-30 20:37:56,742 | ETH-USD | Signal: HOLD | Confidence: 30%
2026-07-30 20:37:57,521 | SOL-USD | Signal: BUY | Confidence: 60%
2026-07-30 20:37:57,522 | SOL-USD | ENTRY: 74.63 | SL: 74.24964 | TP: 75.39071 | RR: 2.0 | POSITION: 26.2909
2026-07-30 20:38:34,314 | EURUSD=X | Signal: BUY | Confidence: 80%
2026-07-30 20:38:34,315 | EURUSD=X | ENTRY: 1.15035 | SL: 1.14872 | TP: 1.15361 | RR: 2.0 | POSITION: 6134.9693
2026-07-30 20:38:35,351 | GBPUSD=X | Signal: HOLD | Confidence: 45%
2026-07-30 20:38:36,355 | JPY=X | Signal: HOLD | Confidence: 50%
2026-07-30 20:38:37,374 | AUDUSD=X | Signal: HOLD | Confidence: 45%
2026-07-30 20:38:38,282 | CAD=X | Signal: SELL | Confidence: 70%
2026-07-30 20:38:38,282 | CAD=X | ENTRY: 1.40157 | SL: 1.40403 | TP: 1.39666 | RR: 2.0 | POSITION: 4065.0407
2026-07-30 20:38:38,958 | GC=F | Signal: BUY | Confidence: 55%
2026-07-30 20:38:38,959 | GC=F | ENTRY: 4157.3999 | SL: 4135.44629 | TP: 4201.30713 | RR: 2.0 | POSITION: 0.4555
2026-07-30 20:38:39,777 | SI=F | Signal: HOLD | Confidence: 25%
2026-07-30 20:38:40,893 | BTC-USD | Signal: HOLD | Confidence: 30%
2026-07-30 20:38:41,948 | ETH-USD | Signal: HOLD | Confidence: 30%
2026-07-30 20:38:43,024 | SOL-USD | Signal: BUY | Confidence: 70%
2026-07-30 20:38:43,025 | SOL-USD | ENTRY: 74.6 | SL: 74.21964 | TP: 75.36072 | RR: 2.0 | POSITION: 26.2909
2026-07-30 20:39:16,444 | EURUSD=X | Signal: BUY | Confidence: 85%
2026-07-30 20:39:16,445 | EURUSD=X | ENTRY: 1.15088 | SL: 1.14924 | TP: 1.15417 | RR: 2.0 | POSITION: 6097.561
2026-07-30 20:39:17,131 | GBPUSD=X | Signal: HOLD | Confidence: 45%
2026-07-30 20:39:17,791 | JPY=X | Signal: HOLD | Confidence: 40%
2026-07-30 20:39:18,517 | AUDUSD=X | Signal: HOLD | Confidence: 45%
2026-07-30 20:39:19,526 | CAD=X | Signal: SELL | Confidence: 70%
2026-07-30 20:39:19,527 | CAD=X | ENTRY: 1.40157 | SL: 1.40403 | TP: 1.39666 | RR: 2.0 | POSITION: 4065.0407
2026-07-30 20:39:20,416 | GC=F | Signal: BUY | Confidence: 55%
2026-07-30 20:39:20,418 | GC=F | ENTRY: 4157.6001 | SL: 4135.64648 | TP: 4201.50732 | RR: 2.0 | POSITION: 0.4555
2026-07-30 20:39:21,530 | SI=F | Signal: HOLD | Confidence: 30%
2026-07-30 20:39:22,307 | BTC-USD | Signal: HOLD | Confidence: 30%
2026-07-30 20:39:23,156 | ETH-USD | Signal: HOLD | Confidence: 30%
2026-07-30 20:39:23,914 | SOL-USD | Signal: BUY | Confidence: 60%
2026-07-30 20:39:23,915 | SOL-USD | ENTRY: 74.65 | SL: 74.26964 | TP: 75.41072 | RR: 2.0 | POSITION: 26.2909
2026-07-30 20:40:04,134 | EURUSD=X | Signal: BUY | Confidence: 80%
2026-07-30 20:40:04,135 | EURUSD=X | ENTRY: 1.15075 | SL: 1.1491 | TP: 1.15404 | RR: 2.0 | POSITION: 6060.6061
2026-07-30 20:40:05,029 | GBPUSD=X | Signal: HOLD | Confidence: 45%
2026-07-30 20:40:06,023 | JPY=X | Signal: HOLD | Confidence: 40%
2026-07-30 20:40:07,167 | AUDUSD=X | Signal: HOLD | Confidence: 25%
2026-07-30 20:40:08,275 | CAD=X | Signal: SELL | Confidence: 80%
2026-07-30 20:40:08,276 | CAD=X | ENTRY: 1.40125 | SL: 1.40371 | TP: 1.39634 | RR: 2.0 | POSITION: 4065.0407
2026-07-30 20:40:08,950 | GC=F | Signal: BUY | Confidence: 60%
2026-07-30 20:40:08,951 | GC=F | ENTRY: 4159.5 | SL: 4137.54639 | TP: 4203.40723 | RR: 2.0 | POSITION: 0.4555
2026-07-30 20:40:09,836 | SI=F | Signal: HOLD | Confidence: 40%
2026-07-30 20:40:11,240 | BTC-USD | Signal: HOLD | Confidence: 40%
2026-07-30 20:40:12,246 | ETH-USD | Signal: HOLD | Confidence: 30%
2026-07-30 20:40:13,031 | SOL-USD | Signal: BUY | Confidence: 60%
2026-07-30 20:40:13,033 | SOL-USD | ENTRY: 74.73 | SL: 74.34215 | TP: 75.50572 | RR: 2.0 | POSITION: 25.7832
2026-07-30 20:40:50,749 | EURUSD=X | Signal: BUY | Confidence: 80%
2026-07-30 20:40:50,751 | EURUSD=X | ENTRY: 1.15075 | SL: 1.1491 | TP: 1.15404 | RR: 2.0 | POSITION: 6060.6061
2026-07-30 20:40:51,426 | GBPUSD=X | Signal: HOLD | Confidence: 45%
2026-07-30 20:40:52,426 | JPY=X | Signal: HOLD | Confidence: 30%
2026-07-30 20:40:53,267 | AUDUSD=X | Signal: HOLD | Confidence: 25%
2026-07-30 20:40:54,288 | CAD=X | Signal: SELL | Confidence: 70%
2026-07-30 20:40:54,288 | CAD=X | ENTRY: 1.40158 | SL: 1.40404 | TP: 1.39667 | RR: 2.0 | POSITION: 4065.0407
2026-07-30 20:40:55,056 | GC=F | Signal: BUY | Confidence: 55%
2026-07-30 20:40:55,057 | GC=F | ENTRY: 4156.7998 | SL: 4134.88904 | TP: 4200.62134 | RR: 2.0 | POSITION: 0.4564
2026-07-30 20:40:55,808 | SI=F | Signal: HOLD | Confidence: 40%
2026-07-30 20:40:56,705 | BTC-USD | Signal: HOLD | Confidence: 30%
2026-07-30 20:40:57,929 | ETH-USD | Signal: HOLD | Confidence: 30%
2026-07-30 20:40:58,736 | SOL-USD | Signal: BUY | Confidence: 60%
2026-07-30 20:40:58,737 | SOL-USD | ENTRY: 74.69 | SL: 74.29679 | TP: 75.47643 | RR: 2.0 | POSITION: 25.4317
2026-07-30 20:41:32,780 | EURUSD=X | Signal: BUY | Confidence: 70%
2026-07-30 20:41:32,781 | EURUSD=X | ENTRY: 1.15062 | SL: 1.14897 | TP: 1.1539 | RR: 2.0 | POSITION: 6060.6061
2026-07-30 20:41:33,876 | GBPUSD=X | Signal: HOLD | Confidence: 30%
2026-07-30 20:41:34,865 | JPY=X | Signal: HOLD | Confidence: 30%
2026-07-30 20:41:35,882 | AUDUSD=X | Signal: HOLD | Confidence: 25%
2026-07-30 20:41:36,799 | CAD=X | Signal: SELL | Confidence: 70%
2026-07-30 20:41:36,799 | CAD=X | ENTRY: 1.40184 | SL: 1.4043 | TP: 1.39693 | RR: 2.0 | POSITION: 4065.0407
2026-07-30 20:41:37,521 | GC=F | Signal: BUY | Confidence: 60%
2026-07-30 20:41:37,522 | GC=F | ENTRY: 4158.1001 | SL: 4136.16793 | TP: 4201.96443 | RR: 2.0 | POSITION: 0.456
2026-07-30 20:41:38,348 | SI=F | Signal: HOLD | Confidence: 40%
2026-07-30 20:41:39,333 | BTC-USD | Signal: HOLD | Confidence: 30%
2026-07-30 20:41:40,238 | ETH-USD | Signal: HOLD | Confidence: 30%
2026-07-30 20:41:40,997 | SOL-USD | Signal: HOLD | Confidence: 50%
2026-07-30 20:42:18,280 | EURUSD=X | Signal: BUY | Confidence: 80%
2026-07-30 20:42:18,281 | EURUSD=X | ENTRY: 1.15075 | SL: 1.1491 | TP: 1.15404 | RR: 2.0 | POSITION: 6060.6061
2026-07-30 20:42:19,216 | GBPUSD=X | Signal: HOLD | Confidence: 40%
2026-07-30 20:42:20,056 | JPY=X | Signal: HOLD | Confidence: 30%
2026-07-30 20:42:20,912 | AUDUSD=X | Signal: HOLD | Confidence: 40%
2026-07-30 20:42:21,915 | CAD=X | Signal: SELL | Confidence: 70%
2026-07-30 20:42:21,916 | CAD=X | ENTRY: 1.40184 | SL: 1.4043 | TP: 1.39693 | RR: 2.0 | POSITION: 4065.0407
2026-07-30 20:42:22,582 | GC=F | Signal: BUY | Confidence: 55%
2026-07-30 20:42:22,583 | GC=F | ENTRY: 4157.3999 | SL: 4135.46774 | TP: 4201.26423 | RR: 2.0 | POSITION: 0.456
2026-07-30 20:42:23,321 | SI=F | Signal: HOLD | Confidence: 30%
2026-07-30 20:42:24,240 | BTC-USD | Signal: HOLD | Confidence: 40%
2026-07-30 20:42:25,680 | ETH-USD | Signal: HOLD | Confidence: 10%
2026-07-30 20:42:27,102 | SOL-USD | Signal: BUY | Confidence: 70%
2026-07-30 20:42:27,102 | SOL-USD | ENTRY: 74.56 | SL: 74.16678 | TP: 75.34643 | RR: 2.0 | POSITION: 25.4311
2026-07-30 20:43:10,795 | EURUSD=X | Signal: BUY | Confidence: 70%
2026-07-30 20:43:10,796 | EURUSD=X | ENTRY: 1.15035 | SL: 1.14871 | TP: 1.15364 | RR: 2.0 | POSITION: 6097.561
2026-07-30 20:43:11,614 | GBPUSD=X | Signal: HOLD | Confidence: 30%
2026-07-30 20:43:12,551 | JPY=X | Signal: HOLD | Confidence: 40%
2026-07-30 20:43:13,445 | AUDUSD=X | Signal: HOLD | Confidence: 40%
2026-07-30 20:43:14,358 | CAD=X | Signal: SELL | Confidence: 70%
2026-07-30 20:43:14,359 | CAD=X | ENTRY: 1.40202 | SL: 1.40448 | TP: 1.39711 | RR: 2.0 | POSITION: 4065.0407
2026-07-30 20:43:15,120 | GC=F | Signal: BUY | Confidence: 70%
2026-07-30 20:43:15,121 | GC=F | ENTRY: 4158.5 | SL: 4136.43924 | TP: 4202.62151 | RR: 2.0 | POSITION: 0.4533
2026-07-30 20:43:15,860 | SI=F | Signal: HOLD | Confidence: 50%
2026-07-30 20:43:16,629 | BTC-USD | Signal: HOLD | Confidence: 40%
2026-07-30 20:43:17,479 | ETH-USD | Signal: HOLD | Confidence: 30%
2026-07-30 20:43:18,852 | SOL-USD | Signal: BUY | Confidence: 70%
2026-07-30 20:43:18,853 | SOL-USD | ENTRY: 74.57 | SL: 74.17678 | TP: 75.35643 | RR: 2.0 | POSITION: 25.4311
2026-07-30 20:43:53,644 | EURUSD=X | Signal: BUY | Confidence: 90%
2026-07-30 20:43:53,644 | EURUSD=X | ENTRY: 1.15048 | SL: 1.14884 | TP: 1.15377 | RR: 2.0 | POSITION: 6097.561
2026-07-30 20:43:54,712 | GBPUSD=X | Signal: HOLD | Confidence: 30%
2026-07-30 20:43:55,654 | JPY=X | Signal: HOLD | Confidence: 40%
2026-07-30 20:43:56,401 | AUDUSD=X | Signal: HOLD | Confidence: 30%
2026-07-30 20:43:57,327 | CAD=X | Signal: SELL | Confidence: 70%
2026-07-30 20:43:57,328 | CAD=X | ENTRY: 1.40208 | SL: 1.40455 | TP: 1.39715 | RR: 2.0 | POSITION: 4048.583
2026-07-30 20:43:57,909 | GC=F | Signal: BUY | Confidence: 60%
2026-07-30 20:43:57,909 | GC=F | ENTRY: 4158.0 | SL: 4135.93924 | TP: 4202.12151 | RR: 2.0 | POSITION: 0.4533
2026-07-30 20:43:58,687 | SI=F | Signal: HOLD | Confidence: 50%
2026-07-30 20:43:59,413 | BTC-USD | Signal: HOLD | Confidence: 35%
2026-07-30 20:44:00,267 | ETH-USD | Signal: HOLD | Confidence: 20%
2026-07-30 20:44:00,958 | SOL-USD | Signal: BUY | Confidence: 70%
2026-07-30 20:44:00,959 | SOL-USD | ENTRY: 74.55 | SL: 74.15679 | TP: 75.33643 | RR: 2.0 | POSITION: 25.4317
2026-07-30 20:44:35,951 | EURUSD=X | Signal: BUY | Confidence: 90%
2026-07-30 20:44:35,952 | EURUSD=X | ENTRY: 1.15048 | SL: 1.14884 | TP: 1.15377 | RR: 2.0 | POSITION: 6097.561
2026-07-30 20:44:37,108 | GBPUSD=X | Signal: HOLD | Confidence: 30%
2026-07-30 20:44:38,180 | JPY=X | Signal: HOLD | Confidence: 30%
2026-07-30 20:44:39,275 | AUDUSD=X | Signal: HOLD | Confidence: 30%
2026-07-30 20:44:41,058 | CAD=X | Signal: SELL | Confidence: 70%
2026-07-30 20:44:41,059 | CAD=X | ENTRY: 1.40213 | SL: 1.4046 | TP: 1.39718 | RR: 2.0 | POSITION: 4048.583
2026-07-30 20:44:41,904 | GC=F | Signal: BUY | Confidence: 60%
2026-07-30 20:44:41,905 | GC=F | ENTRY: 4157.1001 | SL: 4135.03934 | TP: 4201.22161 | RR: 2.0 | POSITION: 0.4533
2026-07-30 20:44:42,677 | SI=F | Signal: HOLD | Confidence: 50%
2026-07-30 20:44:43,657 | BTC-USD | Signal: BUY | Confidence: 55%
2026-07-30 20:44:43,658 | BTC-USD | ENTRY: 64641.37109 | SL: 64353.12793 | TP: 65217.85742 | RR: 2.0 | POSITION: 0.0347
2026-07-30 20:44:44,677 | ETH-USD | Signal: HOLD | Confidence: 10%
2026-07-30 20:44:45,632 | SOL-USD | Signal: BUY | Confidence: 70%
2026-07-30 20:44:45,633 | SOL-USD | ENTRY: 74.55 | SL: 74.15679 | TP: 75.33643 | RR: 2.0 | POSITION: 25.4317
2026-07-30 20:45:22,388 | EURUSD=X | Signal: BUY | Confidence: 70%
2026-07-30 20:45:22,388 | EURUSD=X | ENTRY: 1.15062 | SL: 1.14897 | TP: 1.1539 | RR: 2.0 | POSITION: 6060.6061
2026-07-30 20:45:23,498 | GBPUSD=X | Signal: HOLD | Confidence: 40%
2026-07-30 20:45:24,361 | JPY=X | Signal: HOLD | Confidence: 30%
2026-07-30 20:45:25,366 | AUDUSD=X | Signal: HOLD | Confidence: 30%
2026-07-30 20:45:26,337 | CAD=X | Signal: SELL | Confidence: 70%
2026-07-30 20:45:26,338 | CAD=X | ENTRY: 1.40213 | SL: 1.4046 | TP: 1.39718 | RR: 2.0 | POSITION: 4048.583
2026-07-30 20:45:27,228 | GC=F | Signal: BUY | Confidence: 60%
2026-07-30 20:45:27,229 | GC=F | ENTRY: 4156.8999 | SL: 4134.83915 | TP: 4201.02141 | RR: 2.0 | POSITION: 0.4533
2026-07-30 20:45:28,145 | SI=F | Signal: HOLD | Confidence: 50%
2026-07-30 20:45:29,049 | BTC-USD | Signal: HOLD | Confidence: 30%
2026-07-30 20:45:30,093 | ETH-USD | Signal: HOLD | Confidence: 20%
2026-07-30 20:45:31,162 | SOL-USD | Signal: BUY | Confidence: 70%
2026-07-30 20:45:31,163 | SOL-USD | ENTRY: 74.56 | SL: 74.16678 | TP: 75.34643 | RR: 2.0 | POSITION: 25.4311
2026-07-30 20:45:52,305 | $GBPUSD=X: possibly delisted; no price data found  (period=60d)
2026-07-30 20:45:52,315 | 
1 Failed download:
2026-07-30 20:45:52,315 | ['GBPUSD=X']: possibly delisted; no price data found  (period=60d)
2026-07-30 20:46:20,263 | EURUSD=X | Signal: BUY | Confidence: 80%
2026-07-30 20:46:20,263 | EURUSD=X | ENTRY: 1.15115 | SL: 1.14954 | TP: 1.15435 | RR: 2.0 | POSITION: 6211.1801
2026-07-30 20:46:21,247 | JPY=X | Signal: HOLD | Confidence: 40%
2026-07-30 20:46:22,246 | AUDUSD=X | Signal: HOLD | Confidence: 40%
2026-07-30 20:46:23,155 | CAD=X | Signal: SELL | Confidence: 80%
2026-07-30 20:46:23,156 | CAD=X | ENTRY: 1.40172 | SL: 1.40407 | TP: 1.39703 | RR: 2.0 | POSITION: 4255.3191
2026-07-30 20:46:24,035 | GC=F | Signal: BUY | Confidence: 60%
2026-07-30 20:46:24,036 | GC=F | ENTRY: 4157.2998 | SL: 4135.23905 | TP: 4201.42132 | RR: 2.0 | POSITION: 0.4533
2026-07-30 20:46:24,602 | SI=F | Signal: HOLD | Confidence: 40%
2026-07-30 20:46:25,557 | BTC-USD | Signal: HOLD | Confidence: 30%
2026-07-30 20:46:26,570 | ETH-USD | Signal: HOLD | Confidence: 20%
2026-07-30 20:46:27,586 | SOL-USD | Signal: BUY | Confidence: 60%
2026-07-30 20:46:27,587 | SOL-USD | ENTRY: 74.57 | SL: 74.19821 | TP: 75.31357 | RR: 2.0 | POSITION: 26.8969
2026-07-30 20:47:03,664 | EURUSD=X | Signal: BUY | Confidence: 85%
2026-07-30 20:47:03,665 | EURUSD=X | ENTRY: 1.15128 | SL: 1.14966 | TP: 1.15451 | RR: 2.0 | POSITION: 6172.8395
2026-07-30 20:47:04,582 | GBPUSD=X | Signal: HOLD | Confidence: 45%
2026-07-30 20:47:05,636 | JPY=X | Signal: HOLD | Confidence: 40%
2026-07-30 20:47:06,859 | AUDUSD=X | Signal: HOLD | Confidence: 40%
2026-07-30 20:47:07,868 | CAD=X | Signal: SELL | Confidence: 70%
2026-07-30 20:47:07,869 | CAD=X | ENTRY: 1.40188 | SL: 1.40429 | TP: 1.39706 | RR: 2.0 | POSITION: 4149.3776
2026-07-30 20:47:08,706 | GC=F | Signal: BUY | Confidence: 55%
2026-07-30 20:47:08,711 | GC=F | ENTRY: 4155.2002 | SL: 4132.95733 | TP: 4199.68593 | RR: 2.0 | POSITION: 0.4496
2026-07-30 20:47:09,561 | SI=F | Signal: HOLD | Confidence: 30%
2026-07-30 20:47:10,563 | BTC-USD | Signal: HOLD | Confidence: 30%
2026-07-30 20:47:11,612 | ETH-USD | Signal: HOLD | Confidence: 35%
2026-07-30 20:47:12,752 | SOL-USD | Signal: BUY | Confidence: 65%
2026-07-30 20:47:12,753 | SOL-USD | ENTRY: 74.6 | SL: 74.22178 | TP: 75.35643 | RR: 2.0 | POSITION: 26.4396
2026-07-30 20:47:49,370 | EURUSD=X | Signal: BUY | Confidence: 85%
2026-07-30 20:47:49,371 | EURUSD=X | ENTRY: 1.15128 | SL: 1.14966 | TP: 1.15451 | RR: 2.0 | POSITION: 6172.8395
2026-07-30 20:47:50,282 | GBPUSD=X | Signal: HOLD | Confidence: 45%
2026-07-30 20:47:51,294 | JPY=X | Signal: HOLD | Confidence: 40%
2026-07-30 20:47:52,301 | AUDUSD=X | Signal: HOLD | Confidence: 45%
2026-07-30 20:47:53,623 | CAD=X | Signal: SELL | Confidence: 70%
2026-07-30 20:47:53,624 | CAD=X | ENTRY: 1.40188 | SL: 1.40429 | TP: 1.39706 | RR: 2.0 | POSITION: 4149.3776
2026-07-30 20:47:54,590 | GC=F | Signal: BUY | Confidence: 55%
2026-07-30 20:47:54,591 | GC=F | ENTRY: 4153.0 | SL: 4130.53212 | TP: 4197.93576 | RR: 2.0 | POSITION: 0.4451
2026-07-30 20:47:55,459 | SI=F | Signal: HOLD | Confidence: 30%
2026-07-30 20:47:56,519 | BTC-USD | Signal: HOLD | Confidence: 30%
2026-07-30 20:47:57,448 | ETH-USD | Signal: HOLD | Confidence: 30%
2026-07-30 20:47:58,327 | SOL-USD | Signal: BUY | Confidence: 65%
2026-07-30 20:47:58,328 | SOL-USD | ENTRY: 74.6 | SL: 74.22178 | TP: 75.35643 | RR: 2.0 | POSITION: 26.4396
2026-07-30 20:48:22,292 | $CAD=X: possibly delisted; no price data found  (period=60d)
2026-07-30 20:48:22,305 | 
1 Failed download:
2026-07-30 20:48:22,306 | ['CAD=X']: possibly delisted; no price data found  (period=60d)
2026-07-30 20:48:51,971 | EURUSD=X | Signal: BUY | Confidence: 70%
2026-07-30 20:48:51,972 | EURUSD=X | ENTRY: 1.15115 | SL: 1.14953 | TP: 1.15438 | RR: 2.0 | POSITION: 6172.8395
2026-07-30 20:48:52,661 | GBPUSD=X | Signal: HOLD | Confidence: 30%
2026-07-30 20:48:53,326 | JPY=X | Signal: HOLD | Confidence: 40%
2026-07-30 20:48:53,991 | AUDUSD=X | Signal: HOLD | Confidence: 45%
2026-07-30 20:48:54,919 | GC=F | Signal: BUY | Confidence: 60%
2026-07-30 20:48:54,920 | GC=F | ENTRY: 4154.2002 | SL: 4131.41089 | TP: 4199.77881 | RR: 2.0 | POSITION: 0.4388
2026-07-30 20:48:55,455 | SI=F | Signal: HOLD | Confidence: 30%
2026-07-30 20:48:56,262 | BTC-USD | Signal: HOLD | Confidence: 30%
2026-07-30 20:48:57,349 | ETH-USD | Signal: HOLD | Confidence: 20%
2026-07-30 20:48:58,606 | SOL-USD | Signal: BUY | Confidence: 60%
2026-07-30 20:48:58,607 | SOL-USD | ENTRY: 74.61 | SL: 74.22964 | TP: 75.37072 | RR: 2.0 | POSITION: 26.2909
2026-07-30 20:49:45,146 | EURUSD=X | Signal: BUY | Confidence: 85%
2026-07-30 20:49:45,147 | EURUSD=X | ENTRY: 1.15128 | SL: 1.14966 | TP: 1.15451 | RR: 2.0 | POSITION: 6172.8395
2026-07-30 20:49:46,251 | GBPUSD=X | Signal: HOLD | Confidence: 45%
2026-07-30 20:49:47,859 | JPY=X | Signal: HOLD | Confidence: 30%
2026-07-30 20:49:49,809 | AUDUSD=X | Signal: HOLD | Confidence: 45%
2026-07-30 20:49:51,674 | CAD=X | Signal: SELL | Confidence: 80%
2026-07-30 20:49:51,675 | CAD=X | ENTRY: 1.4016 | SL: 1.40402 | TP: 1.39676 | RR: 2.0 | POSITION: 4132.2314
2026-07-30 20:49:52,456 | GC=F | Signal: BUY | Confidence: 55%
2026-07-30 20:49:52,458 | GC=F | ENTRY: 4150.6001 | SL: 4127.81079 | TP: 4196.17871 | RR: 2.0 | POSITION: 0.4388
2026-07-30 20:49:53,455 | SI=F | Signal: HOLD | Confidence: 30%
2026-07-30 20:49:54,408 | BTC-USD | Signal: HOLD | Confidence: 35%
2026-07-30 20:49:55,441 | ETH-USD | Signal: HOLD | Confidence: 35%
2026-07-30 20:49:56,353 | SOL-USD | Signal: BUY | Confidence: 65%
2026-07-30 20:49:56,354 | SOL-USD | ENTRY: 74.65 | SL: 74.26643 | TP: 75.41715 | RR: 2.0 | POSITION: 26.0709
2026-07-30 20:50:31,629 | EURUSD=X | Signal: BUY | Confidence: 85%
2026-07-30 20:50:31,630 | EURUSD=X | ENTRY: 1.15141 | SL: 1.14978 | TP: 1.15467 | RR: 2.0 | POSITION: 6134.9693
2026-07-30 20:50:32,844 | GBPUSD=X | Signal: HOLD | Confidence: 45%
2026-07-30 20:50:35,079 | JPY=X | Signal: HOLD | Confidence: 30%
2026-07-30 20:50:36,274 | AUDUSD=X | Signal: HOLD | Confidence: 45%
2026-07-30 20:50:37,686 | CAD=X | Signal: SELL | Confidence: 80%
2026-07-30 20:50:37,687 | CAD=X | ENTRY: 1.4013 | SL: 1.40373 | TP: 1.39643 | RR: 2.0 | POSITION: 4115.2263
2026-07-30 20:50:38,737 | GC=F | Signal: BUY | Confidence: 55%
2026-07-30 20:50:38,738 | GC=F | ENTRY: 4148.6001 | SL: 4125.58578 | TP: 4194.62873 | RR: 2.0 | POSITION: 0.4345
2026-07-30 20:50:39,638 | SI=F | Signal: HOLD | Confidence: 30%
2026-07-30 20:50:40,742 | BTC-USD | Signal: HOLD | Confidence: 35%
2026-07-30 20:50:42,224 | ETH-USD | Signal: HOLD | Confidence: 35%
2026-07-30 20:50:44,120 | SOL-USD | Signal: BUY | Confidence: 65%
2026-07-30 20:50:44,121 | SOL-USD | ENTRY: 74.65 | SL: 74.26643 | TP: 75.41715 | RR: 2.0 | POSITION: 26.0709
2026-07-30 20:51:21,020 | EURUSD=X | Signal: BUY | Confidence: 85%
2026-07-30 20:51:21,021 | EURUSD=X | ENTRY: 1.15141 | SL: 1.14978 | TP: 1.15467 | RR: 2.0 | POSITION: 6134.9693
2026-07-30 20:51:22,142 | GBPUSD=X | Signal: HOLD | Confidence: 45%
2026-07-30 20:51:23,762 | JPY=X | Signal: HOLD | Confidence: 30%
2026-07-30 20:51:24,714 | AUDUSD=X | Signal: HOLD | Confidence: 45%
2026-07-30 20:51:25,506 | CAD=X | Signal: SELL | Confidence: 70%
2026-07-30 20:51:25,507 | CAD=X | ENTRY: 1.40161 | SL: 1.40404 | TP: 1.39674 | RR: 2.0 | POSITION: 4115.2263
2026-07-30 20:51:26,170 | GC=F | Signal: HOLD | Confidence: 35%
2026-07-30 20:51:26,832 | SI=F | Signal: HOLD | Confidence: 10%
2026-07-30 20:51:27,590 | BTC-USD | Signal: HOLD | Confidence: 35%
2026-07-30 20:51:28,467 | ETH-USD | Signal: HOLD | Confidence: 45%
2026-07-30 20:51:29,591 | SOL-USD | Signal: BUY | Confidence: 65%
2026-07-30 20:51:29,592 | SOL-USD | ENTRY: 74.69 | SL: 74.30214 | TP: 75.46572 | RR: 2.0 | POSITION: 25.7825
2026-07-30 20:52:07,742 | EURUSD=X | Signal: BUY | Confidence: 85%
2026-07-30 20:52:07,742 | EURUSD=X | ENTRY: 1.15154 | SL: 1.1499 | TP: 1.15483 | RR: 2.0 | POSITION: 6097.561
2026-07-30 20:52:08,427 | GBPUSD=X | Signal: HOLD | Confidence: 45%
2026-07-30 20:52:09,200 | JPY=X | Signal: HOLD | Confidence: 30%
2026-07-30 20:52:09,863 | AUDUSD=X | Signal: HOLD | Confidence: 45%
2026-07-30 20:52:10,743 | CAD=X | Signal: SELL | Confidence: 70%
2026-07-30 20:52:10,744 | CAD=X | ENTRY: 1.40167 | SL: 1.4041 | TP: 1.3968 | RR: 2.0 | POSITION: 4115.2263
2026-07-30 20:52:11,361 | GC=F | Signal: HOLD | Confidence: 35%
2026-07-30 20:52:11,950 | SI=F | Signal: HOLD | Confidence: 10%
2026-07-30 20:52:12,616 | BTC-USD | Signal: HOLD | Confidence: 35%
2026-07-30 20:52:13,352 | ETH-USD | Signal: HOLD | Confidence: 45%
2026-07-30 20:52:14,098 | SOL-USD | Signal: BUY | Confidence: 65%
2026-07-30 20:52:14,099 | SOL-USD | ENTRY: 74.78 | SL: 74.3825 | TP: 75.575 | RR: 2.0 | POSITION: 25.1572
2026-07-30 20:52:53,132 | EURUSD=X | Signal: BUY | Confidence: 85%
2026-07-30 20:52:53,133 | EURUSD=X | ENTRY: 1.15154 | SL: 1.1499 | TP: 1.15483 | RR: 2.0 | POSITION: 6097.561
2026-07-30 20:52:53,994 | GBPUSD=X | Signal: HOLD | Confidence: 45%
2026-07-30 20:52:54,839 | JPY=X | Signal: HOLD | Confidence: 30%
2026-07-30 20:52:55,758 | AUDUSD=X | Signal: HOLD | Confidence: 45%
2026-07-30 20:52:56,549 | CAD=X | Signal: SELL | Confidence: 70%
2026-07-30 20:52:56,550 | CAD=X | ENTRY: 1.40166 | SL: 1.40409 | TP: 1.39679 | RR: 2.0 | POSITION: 4115.2263
2026-07-30 20:52:57,179 | GC=F | Signal: HOLD | Confidence: 25%
2026-07-30 20:52:57,852 | SI=F | Signal: HOLD | Confidence: 10%
2026-07-30 20:52:58,620 | BTC-USD | Signal: HOLD | Confidence: 35%
2026-07-30 20:52:59,431 | ETH-USD | Signal: HOLD | Confidence: 45%
2026-07-30 20:53:00,520 | SOL-USD | Signal: BUY | Confidence: 60%
2026-07-30 20:53:00,521 | SOL-USD | ENTRY: 74.72 | SL: 74.3225 | TP: 75.515 | RR: 2.0 | POSITION: 25.1572
2026-07-30 20:53:34,584 | EURUSD=X | Signal: BUY | Confidence: 85%
2026-07-30 20:53:34,585 | EURUSD=X | ENTRY: 1.15181 | SL: 1.15014 | TP: 1.15515 | RR: 2.0 | POSITION: 5988.024
2026-07-30 20:53:35,482 | GBPUSD=X | Signal: HOLD | Confidence: 45%
2026-07-30 20:53:36,709 | JPY=X | Signal: HOLD | Confidence: 30%
2026-07-30 20:53:38,053 | AUDUSD=X | Signal: HOLD | Confidence: 45%
2026-07-30 20:53:38,911 | CAD=X | Signal: SELL | Confidence: 70%
2026-07-30 20:53:38,912 | CAD=X | ENTRY: 1.40163 | SL: 1.40406 | TP: 1.39676 | RR: 2.0 | POSITION: 4115.2263
2026-07-30 20:53:39,671 | GC=F | Signal: HOLD | Confidence: 25%
2026-07-30 20:53:40,474 | SI=F | Signal: HOLD | Confidence: 5%
2026-07-30 20:53:41,460 | BTC-USD | Signal: HOLD | Confidence: 30%
2026-07-30 20:53:42,316 | ETH-USD | Signal: HOLD | Confidence: 40%
2026-07-30 20:53:43,258 | SOL-USD | Signal: BUY | Confidence: 60%
2026-07-30 20:53:43,259 | SOL-USD | ENTRY: 74.68 | SL: 74.2825 | TP: 75.475 | RR: 2.0 | POSITION: 25.1572
2026-07-30 20:54:25,600 | EURUSD=X | Signal: BUY | Confidence: 85%
2026-07-30 20:54:25,601 | EURUSD=X | ENTRY: 1.15181 | SL: 1.15014 | TP: 1.15515 | RR: 2.0 | POSITION: 5988.024
2026-07-30 20:54:26,438 | GBPUSD=X | Signal: HOLD | Confidence: 45%
2026-07-30 20:54:27,285 | JPY=X | Signal: HOLD | Confidence: 30%
2026-07-30 20:54:28,208 | AUDUSD=X | Signal: HOLD | Confidence: 45%
2026-07-30 20:54:29,003 | CAD=X | Signal: SELL | Confidence: 80%
2026-07-30 20:54:29,004 | CAD=X | ENTRY: 1.40159 | SL: 1.40402 | TP: 1.39672 | RR: 2.0 | POSITION: 4115.2263
2026-07-30 20:54:29,890 | GC=F | Signal: HOLD | Confidence: 25%
2026-07-30 20:54:30,690 | SI=F | Signal: HOLD | Confidence: 5%
2026-07-30 20:54:31,557 | BTC-USD | Signal: HOLD | Confidence: 30%
2026-07-30 20:54:32,536 | ETH-USD | Signal: HOLD | Confidence: 40%
2026-07-30 20:54:33,394 | SOL-USD | Signal: BUY | Confidence: 60%
2026-07-30 20:54:33,395 | SOL-USD | ENTRY: 74.63 | SL: 74.2325 | TP: 75.425 | RR: 2.0 | POSITION: 25.1572
2026-07-30 20:55:05,604 | EURUSD=X | Signal: BUY | Confidence: 80%
2026-07-30 20:55:05,605 | EURUSD=X | ENTRY: 1.15154 | SL: 1.14987 | TP: 1.15489 | RR: 2.0 | POSITION: 5988.024
2026-07-30 20:55:06,323 | GBPUSD=X | Signal: HOLD | Confidence: 45%
2026-07-30 20:55:07,051 | JPY=X | Signal: HOLD | Confidence: 30%
2026-07-30 20:55:07,777 | AUDUSD=X | Signal: HOLD | Confidence: 45%
2026-07-30 20:55:08,815 | CAD=X | Signal: SELL | Confidence: 70%
2026-07-30 20:55:08,817 | CAD=X | ENTRY: 1.4017 | SL: 1.40413 | TP: 1.39683 | RR: 2.0 | POSITION: 4115.2263
2026-07-30 20:55:09,510 | GC=F | Signal: HOLD | Confidence: 25%
2026-07-30 20:55:10,363 | SI=F | Signal: HOLD | Confidence: 5%
2026-07-30 20:55:11,192 | BTC-USD | Signal: HOLD | Confidence: 30%
2026-07-30 20:55:11,992 | ETH-USD | Signal: HOLD | Confidence: 30%
2026-07-30 20:55:12,671 | SOL-USD | Signal: HOLD | Confidence: 50%
2026-07-30 20:55:51,935 | EURUSD=X | Signal: BUY | Confidence: 80%
2026-07-30 20:55:51,936 | EURUSD=X | ENTRY: 1.15154 | SL: 1.14987 | TP: 1.15489 | RR: 2.0 | POSITION: 5988.024
2026-07-30 20:55:52,671 | GBPUSD=X | Signal: HOLD | Confidence: 45%
2026-07-30 20:55:53,280 | JPY=X | Signal: HOLD | Confidence: 30%
2026-07-30 20:55:54,035 | AUDUSD=X | Signal: HOLD | Confidence: 45%
2026-07-30 20:55:54,677 | CAD=X | Signal: SELL | Confidence: 70%
2026-07-30 20:55:54,678 | CAD=X | ENTRY: 1.40183 | SL: 1.40426 | TP: 1.39696 | RR: 2.0 | POSITION: 4115.2263
2026-07-30 20:55:55,267 | GC=F | Signal: HOLD | Confidence: 20%
2026-07-30 20:55:56,060 | SI=F | Signal: HOLD | Confidence: 0%
2026-07-30 20:55:56,903 | BTC-USD | Signal: HOLD | Confidence: 30%
2026-07-30 20:55:57,549 | ETH-USD | Signal: HOLD | Confidence: 20%
2026-07-30 20:55:58,498 | SOL-USD | Signal: HOLD | Confidence: 50%
2026-07-30 20:56:33,342 | EURUSD=X | Signal: BUY | Confidence: 80%
2026-07-30 20:56:33,344 | EURUSD=X | ENTRY: 1.15154 | SL: 1.14987 | TP: 1.15489 | RR: 2.0 | POSITION: 5988.024
2026-07-30 20:56:34,042 | GBPUSD=X | Signal: HOLD | Confidence: 45%
2026-07-30 20:56:34,904 | JPY=X | Signal: HOLD | Confidence: 30%
2026-07-30 20:56:35,927 | AUDUSD=X | Signal: HOLD | Confidence: 40%
2026-07-30 20:56:36,675 | CAD=X | Signal: SELL | Confidence: 70%
2026-07-30 20:56:36,676 | CAD=X | ENTRY: 1.40176 | SL: 1.40419 | TP: 1.39689 | RR: 2.0 | POSITION: 4115.2263
2026-07-30 20:56:37,279 | GC=F | Signal: BUY | Confidence: 60%
2026-07-30 20:56:37,280 | GC=F | ENTRY: 4150.7002 | SL: 4126.71087 | TP: 4198.67885 | RR: 2.0 | POSITION: 0.4169
2026-07-30 20:56:37,842 | SI=F | Signal: HOLD | Confidence: 10%
2026-07-30 20:56:38,713 | BTC-USD | Signal: HOLD | Confidence: 20%
2026-07-30 20:56:39,666 | ETH-USD | Signal: HOLD | Confidence: 10%
2026-07-30 20:56:40,675 | SOL-USD | Signal: HOLD | Confidence: 30%
2026-07-30 20:57:18,913 | EURUSD=X | Signal: BUY | Confidence: 80%
2026-07-30 20:57:18,914 | EURUSD=X | ENTRY: 1.15154 | SL: 1.14987 | TP: 1.15489 | RR: 2.0 | POSITION: 5988.024
2026-07-30 20:57:19,665 | GBPUSD=X | Signal: HOLD | Confidence: 45%
2026-07-30 20:57:20,471 | JPY=X | Signal: HOLD | Confidence: 50%
2026-07-30 20:57:21,277 | AUDUSD=X | Signal: HOLD | Confidence: 40%
2026-07-30 20:57:21,911 | CAD=X | Signal: SELL | Confidence: 70%
2026-07-30 20:57:21,912 | CAD=X | ENTRY: 1.40176 | SL: 1.40419 | TP: 1.39689 | RR: 2.0 | POSITION: 4115.2263
2026-07-30 20:57:22,576 | GC=F | Signal: BUY | Confidence: 65%
2026-07-30 20:57:22,577 | GC=F | ENTRY: 4153.2002 | SL: 4129.21087 | TP: 4201.17885 | RR: 2.0 | POSITION: 0.4169
2026-07-30 20:57:23,309 | SI=F | Signal: HOLD | Confidence: 45%
2026-07-30 20:57:24,230 | BTC-USD | Signal: HOLD | Confidence: 20%
2026-07-30 20:57:25,157 | ETH-USD | Signal: HOLD | Confidence: 10%
2026-07-30 20:57:26,124 | SOL-USD | Signal: HOLD | Confidence: 50%
2026-07-30 20:57:59,624 | EURUSD=X | Signal: BUY | Confidence: 85%
2026-07-30 20:57:59,625 | EURUSD=X | ENTRY: 1.15181 | SL: 1.15014 | TP: 1.15515 | RR: 2.0 | POSITION: 5988.024
2026-07-30 20:58:00,468 | GBPUSD=X | Signal: HOLD | Confidence: 45%
2026-07-30 20:58:01,360 | JPY=X | Signal: HOLD | Confidence: 50%
2026-07-30 20:58:02,522 | AUDUSD=X | Signal: HOLD | Confidence: 45%
2026-07-30 20:58:03,455 | CAD=X | Signal: SELL | Confidence: 80%
2026-07-30 20:58:03,456 | CAD=X | ENTRY: 1.4014 | SL: 1.40383 | TP: 1.39653 | RR: 2.0 | POSITION: 4115.2263
2026-07-30 20:58:04,211 | GC=F | Signal: BUY | Confidence: 60%
2026-07-30 20:58:04,212 | GC=F | ENTRY: 4151.1001 | SL: 4127.07865 | TP: 4199.143 | RR: 2.0 | POSITION: 0.4163
2026-07-30 20:58:04,848 | SI=F | Signal: HOLD | Confidence: 15%
2026-07-30 20:58:05,595 | BTC-USD | Signal: HOLD | Confidence: 40%
2026-07-30 20:58:06,554 | ETH-USD | Signal: HOLD | Confidence: 10%
2026-07-30 20:58:07,543 | SOL-USD | Signal: HOLD | Confidence: 30%
2026-07-30 20:58:40,963 | EURUSD=X | Signal: BUY | Confidence: 85%
2026-07-30 20:58:40,964 | EURUSD=X | ENTRY: 1.15181 | SL: 1.15014 | TP: 1.15515 | RR: 2.0 | POSITION: 5988.024
2026-07-30 20:58:41,781 | GBPUSD=X | Signal: HOLD | Confidence: 45%
2026-07-30 20:58:42,655 | JPY=X | Signal: HOLD | Confidence: 30%
2026-07-30 20:58:43,379 | AUDUSD=X | Signal: HOLD | Confidence: 45%
2026-07-30 20:58:44,104 | CAD=X | Signal: SELL | Confidence: 80%
2026-07-30 20:58:44,106 | CAD=X | ENTRY: 1.4012 | SL: 1.40364 | TP: 1.39631 | RR: 2.0 | POSITION: 4098.3607
2026-07-30 20:58:44,994 | GC=F | Signal: BUY | Confidence: 65%
2026-07-30 20:58:44,994 | GC=F | ENTRY: 4152.7998 | SL: 4128.67121 | TP: 4201.05699 | RR: 2.0 | POSITION: 0.4144
2026-07-30 20:58:45,793 | SI=F | Signal: HOLD | Confidence: 25%
2026-07-30 20:58:46,701 | BTC-USD | Signal: HOLD | Confidence: 20%
2026-07-30 20:58:47,582 | ETH-USD | Signal: HOLD | Confidence: 10%
2026-07-30 20:58:48,327 | SOL-USD | Signal: HOLD | Confidence: 30%
2026-07-30 20:59:22,268 | EURUSD=X | Signal: BUY | Confidence: 85%
2026-07-30 20:59:22,269 | EURUSD=X | ENTRY: 1.15181 | SL: 1.15014 | TP: 1.15515 | RR: 2.0 | POSITION: 5988.024
2026-07-30 20:59:23,008 | GBPUSD=X | Signal: HOLD | Confidence: 45%
2026-07-30 20:59:23,640 | JPY=X | Signal: HOLD | Confidence: 30%
2026-07-30 20:59:24,305 | AUDUSD=X | Signal: HOLD | Confidence: 45%
2026-07-30 20:59:25,058 | CAD=X | Signal: SELL | Confidence: 80%
2026-07-30 20:59:25,059 | CAD=X | ENTRY: 1.40134 | SL: 1.40378 | TP: 1.39645 | RR: 2.0 | POSITION: 4098.3607
2026-07-30 20:59:25,637 | GC=F | Signal: BUY | Confidence: 65%
2026-07-30 20:59:25,638 | GC=F | ENTRY: 4154.0 | SL: 4129.76426 | TP: 4202.47147 | RR: 2.0 | POSITION: 0.4126
2026-07-30 20:59:26,138 | SI=F | Signal: HOLD | Confidence: 40%
2026-07-30 20:59:26,798 | BTC-USD | Signal: HOLD | Confidence: 20%
2026-07-30 20:59:27,636 | ETH-USD | Signal: HOLD | Confidence: 10%
2026-07-30 20:59:28,393 | SOL-USD | Signal: HOLD | Confidence: 30%
2026-07-30 21:00:05,844 | EURUSD=X | Signal: BUY | Confidence: 85%
2026-07-30 21:00:05,845 | EURUSD=X | ENTRY: 1.15181 | SL: 1.15014 | TP: 1.15515 | RR: 2.0 | POSITION: 5988.024
2026-07-30 21:00:06,804 | GBPUSD=X | Signal: HOLD | Confidence: 45%
2026-07-30 21:00:07,630 | JPY=X | Signal: HOLD | Confidence: 30%
2026-07-30 21:00:08,463 | AUDUSD=X | Signal: HOLD | Confidence: 45%
2026-07-30 21:00:09,489 | CAD=X | Signal: SELL | Confidence: 80%
2026-07-30 21:00:09,490 | CAD=X | ENTRY: 1.40129 | SL: 1.40373 | TP: 1.3964 | RR: 2.0 | POSITION: 4098.3607
2026-07-30 21:00:10,270 | GC=F | Signal: BUY | Confidence: 65%
2026-07-30 21:00:10,271 | GC=F | ENTRY: 4155.2998 | SL: 4131.06407 | TP: 4203.77128 | RR: 2.0 | POSITION: 0.4126
2026-07-30 21:00:11,017 | SI=F | Signal: HOLD | Confidence: 45%
2026-07-30 21:00:11,848 | BTC-USD | Signal: HOLD | Confidence: 20%
2026-07-30 21:00:12,678 | ETH-USD | Signal: HOLD | Confidence: 10%
2026-07-30 21:00:13,414 | SOL-USD | Signal: HOLD | Confidence: 30%
2026-07-30 21:00:47,751 | EURUSD=X | Signal: BUY | Confidence: 85%
2026-07-30 21:00:47,752 | EURUSD=X | ENTRY: 1.15181 | SL: 1.15014 | TP: 1.15515 | RR: 2.0 | POSITION: 5988.024
2026-07-30 21:00:48,750 | GBPUSD=X | Signal: HOLD | Confidence: 45%
2026-07-30 21:00:49,684 | JPY=X | Signal: HOLD | Confidence: 30%
2026-07-30 21:00:50,582 | AUDUSD=X | Signal: HOLD | Confidence: 45%
2026-07-30 21:00:51,553 | CAD=X | Signal: SELL | Confidence: 80%
2026-07-30 21:00:51,554 | CAD=X | ENTRY: 1.40117 | SL: 1.40362 | TP: 1.39626 | RR: 2.0 | POSITION: 4081.6327
2026-07-30 21:00:52,253 | GC=F | Signal: BUY | Confidence: 65%
2026-07-30 21:00:52,254 | GC=F | ENTRY: 4155.0 | SL: 4130.72137 | TP: 4203.55727 | RR: 2.0 | POSITION: 0.4119
2026-07-30 21:00:53,257 | SI=F | Signal: HOLD | Confidence: 45%
2026-07-30 21:00:54,463 | BTC-USD | Signal: HOLD | Confidence: 30%
2026-07-30 21:00:55,147 | ETH-USD | Signal: HOLD | Confidence: 20%
2026-07-30 21:00:56,068 | SOL-USD | Signal: HOLD | Confidence: 40%
2026-07-30 21:01:29,231 | EURUSD=X | Signal: BUY | Confidence: 80%
2026-07-30 21:01:29,232 | EURUSD=X | ENTRY: 1.15194 | SL: 1.15031 | TP: 1.1552 | RR: 2.0 | POSITION: 6134.9693
2026-07-30 21:01:30,214 | GBPUSD=X | Signal: HOLD | Confidence: 40%
2026-07-30 21:01:31,116 | JPY=X | Signal: HOLD | Confidence: 40%
2026-07-30 21:01:32,091 | AUDUSD=X | Signal: HOLD | Confidence: 45%
2026-07-30 21:01:33,018 | CAD=X | Signal: SELL | Confidence: 70%
2026-07-30 21:01:33,019 | CAD=X | ENTRY: 1.40112 | SL: 1.4035 | TP: 1.39635 | RR: 2.0 | POSITION: 4201.6807
2026-07-30 21:01:33,678 | GC=F | Signal: BUY | Confidence: 65%
2026-07-30 21:01:33,679 | GC=F | ENTRY: 4154.8999 | SL: 4130.62127 | TP: 4203.45717 | RR: 2.0 | POSITION: 0.4119
2026-07-30 21:01:34,531 | SI=F | Signal: HOLD | Confidence: 45%
2026-07-30 21:01:35,445 | BTC-USD | Signal: HOLD | Confidence: 30%
2026-07-30 21:01:36,329 | ETH-USD | Signal: HOLD | Confidence: 10%
2026-07-30 21:01:37,026 | SOL-USD | Signal: HOLD | Confidence: 40%
2026-07-30 21:02:10,047 | EURUSD=X | Signal: BUY | Confidence: 75%
2026-07-30 21:02:10,048 | EURUSD=X | ENTRY: 1.15181 | SL: 1.15018 | TP: 1.15507 | RR: 2.0 | POSITION: 6134.9693
2026-07-30 21:02:10,992 | GBPUSD=X | Signal: HOLD | Confidence: 45%
2026-07-30 21:02:11,863 | JPY=X | Signal: HOLD | Confidence: 35%
2026-07-30 21:02:12,925 | AUDUSD=X | Signal: HOLD | Confidence: 40%
2026-07-30 21:02:14,199 | CAD=X | Signal: SELL | Confidence: 70%
2026-07-30 21:02:14,200 | CAD=X | ENTRY: 1.4011 | SL: 1.40348 | TP: 1.39633 | RR: 2.0 | POSITION: 4201.6807
2026-07-30 21:02:15,159 | GC=F | Signal: BUY | Confidence: 65%
2026-07-30 21:02:15,160 | GC=F | ENTRY: 4154.7002 | SL: 4130.42156 | TP: 4203.25746 | RR: 2.0 | POSITION: 0.4119
2026-07-30 21:02:15,911 | SI=F | Signal: HOLD | Confidence: 45%
2026-07-30 21:02:16,986 | BTC-USD | Signal: HOLD | Confidence: 5%
2026-07-30 21:02:18,001 | ETH-USD | Signal: HOLD | Confidence: 10%
2026-07-30 21:02:19,032 | SOL-USD | Signal: HOLD | Confidence: 30%
2026-07-30 21:02:54,266 | EURUSD=X | Signal: BUY | Confidence: 75%
2026-07-30 21:02:54,267 | EURUSD=X | ENTRY: 1.15181 | SL: 1.15018 | TP: 1.15507 | RR: 2.0 | POSITION: 6134.9693
2026-07-30 21:02:55,270 | GBPUSD=X | Signal: HOLD | Confidence: 45%
2026-07-30 21:02:56,319 | JPY=X | Signal: HOLD | Confidence: 35%
2026-07-30 21:02:57,179 | AUDUSD=X | Signal: HOLD | Confidence: 40%
2026-07-30 21:02:57,713 | CAD=X | Signal: SELL | Confidence: 80%
2026-07-30 21:02:57,714 | CAD=X | ENTRY: 1.40096 | SL: 1.40335 | TP: 1.39617 | RR: 2.0 | POSITION: 4184.1004
2026-07-30 21:02:58,481 | GC=F | Signal: BUY | Confidence: 65%
2026-07-30 21:02:58,482 | GC=F | ENTRY: 4155.2002 | SL: 4130.92156 | TP: 4203.75746 | RR: 2.0 | POSITION: 0.4119
2026-07-30 21:02:59,350 | SI=F | Signal: HOLD | Confidence: 45%
2026-07-30 21:03:00,558 | BTC-USD | Signal: HOLD | Confidence: 30%
2026-07-30 21:03:01,561 | ETH-USD | Signal: HOLD | Confidence: 10%
2026-07-30 21:03:02,659 | SOL-USD | Signal: HOLD | Confidence: 40%
2026-07-30 21:03:38,618 | EURUSD=X | Signal: BUY | Confidence: 75%
2026-07-30 21:03:38,619 | EURUSD=X | ENTRY: 1.15181 | SL: 1.15018 | TP: 1.15507 | RR: 2.0 | POSITION: 6134.9693
2026-07-30 21:03:39,577 | GBPUSD=X | Signal: HOLD | Confidence: 45%
2026-07-30 21:03:40,542 | JPY=X | Signal: HOLD | Confidence: 30%
2026-07-30 21:03:41,707 | AUDUSD=X | Signal: HOLD | Confidence: 40%
2026-07-30 21:03:42,910 | CAD=X | Signal: SELL | Confidence: 80%
2026-07-30 21:03:42,911 | CAD=X | ENTRY: 1.40086 | SL: 1.40327 | TP: 1.39603 | RR: 2.0 | POSITION: 4149.3776
2026-07-30 21:03:43,684 | GC=F | Signal: BUY | Confidence: 60%
2026-07-30 21:03:43,685 | GC=F | ENTRY: 4152.7998 | SL: 4128.52117 | TP: 4201.35707 | RR: 2.0 | POSITION: 0.4119
2026-07-30 21:03:44,806 | SI=F | Signal: HOLD | Confidence: 40%
2026-07-30 21:03:45,451 | BTC-USD | Signal: HOLD | Confidence: 30%
2026-07-30 21:03:46,391 | ETH-USD | Signal: HOLD | Confidence: 10%
2026-07-30 21:03:47,261 | SOL-USD | Signal: HOLD | Confidence: 40%
2026-07-30 21:04:22,852 | EURUSD=X | Signal: BUY | Confidence: 80%
2026-07-30 21:04:22,853 | EURUSD=X | ENTRY: 1.15207 | SL: 1.15043 | TP: 1.15536 | RR: 2.0 | POSITION: 6097.561
2026-07-30 21:04:23,741 | GBPUSD=X | Signal: HOLD | Confidence: 45%
2026-07-30 21:04:24,568 | JPY=X | Signal: HOLD | Confidence: 50%
2026-07-30 21:04:25,457 | AUDUSD=X | Signal: HOLD | Confidence: 45%
2026-07-30 21:04:26,583 | CAD=X | Signal: SELL | Confidence: 80%
2026-07-30 21:04:26,589 | CAD=X | ENTRY: 1.40072 | SL: 1.40315 | TP: 1.39587 | RR: 2.0 | POSITION: 4115.2263
2026-07-30 21:04:27,435 | GC=F | Signal: BUY | Confidence: 60%
2026-07-30 21:04:27,437 | GC=F | ENTRY: 4152.7998 | SL: 4128.52117 | TP: 4201.35707 | RR: 2.0 | POSITION: 0.4119
2026-07-30 21:04:28,168 | SI=F | Signal: HOLD | Confidence: 40%
2026-07-30 21:04:29,318 | BTC-USD | Signal: HOLD | Confidence: 30%
2026-07-30 21:04:30,418 | ETH-USD | Signal: HOLD | Confidence: 30%
2026-07-30 21:04:31,301 | SOL-USD | Signal: HOLD | Confidence: 40%
2026-07-30 21:05:07,976 | EURUSD=X | Signal: BUY | Confidence: 80%
2026-07-30 21:05:07,977 | EURUSD=X | ENTRY: 1.15221 | SL: 1.15055 | TP: 1.15553 | RR: 2.0 | POSITION: 6024.0964
2026-07-30 21:05:08,941 | GBPUSD=X | Signal: HOLD | Confidence: 45%
2026-07-30 21:05:09,929 | JPY=X | Signal: HOLD | Confidence: 50%
2026-07-30 21:05:10,935 | AUDUSD=X | Signal: HOLD | Confidence: 45%
2026-07-30 21:05:11,883 | CAD=X | Signal: SELL | Confidence: 80%
2026-07-30 21:05:11,884 | CAD=X | ENTRY: 1.40072 | SL: 1.40315 | TP: 1.39587 | RR: 2.0 | POSITION: 4115.2263
2026-07-30 21:05:12,743 | GC=F | Signal: BUY | Confidence: 60%
2026-07-30 21:05:12,744 | GC=F | ENTRY: 4152.7998 | SL: 4128.52117 | TP: 4201.35707 | RR: 2.0 | POSITION: 0.4119
2026-07-30 21:05:13,610 | SI=F | Signal: HOLD | Confidence: 40%
2026-07-30 21:05:14,492 | BTC-USD | Signal: HOLD | Confidence: 30%
2026-07-30 21:05:15,338 | ETH-USD | Signal: HOLD | Confidence: 30%
2026-07-30 21:05:16,295 | SOL-USD | Signal: HOLD | Confidence: 40%
2026-07-30 21:05:57,202 | EURUSD=X | Signal: BUY | Confidence: 80%
2026-07-30 21:05:57,203 | EURUSD=X | ENTRY: 1.15221 | SL: 1.15055 | TP: 1.15553 | RR: 2.0 | POSITION: 6024.0964
2026-07-30 21:05:58,143 | GBPUSD=X | Signal: HOLD | Confidence: 45%
2026-07-30 21:05:58,879 | JPY=X | Signal: HOLD | Confidence: 40%
2026-07-30 21:05:59,467 | AUDUSD=X | Signal: HOLD | Confidence: 45%
2026-07-30 21:06:04,184 | CAD=X | Signal: SELL | Confidence: 80%
2026-07-30 21:06:04,185 | CAD=X | ENTRY: 1.40049 | SL: 1.40295 | TP: 1.39557 | RR: 2.0 | POSITION: 4065.0407
2026-07-30 21:06:05,137 | GC=F | Signal: BUY | Confidence: 60%
2026-07-30 21:06:05,139 | GC=F | ENTRY: 4152.0 | SL: 4127.72137 | TP: 4200.55727 | RR: 2.0 | POSITION: 0.4119
2026-07-30 21:06:06,309 | SI=F | Signal: HOLD | Confidence: 40%
2026-07-30 21:06:07,224 | BTC-USD | Signal: HOLD | Confidence: 30%
2026-07-30 21:06:08,361 | ETH-USD | Signal: HOLD | Confidence: 20%
2026-07-30 21:06:09,653 | SOL-USD | Signal: HOLD | Confidence: 40%
2026-07-30 21:06:48,050 | EURUSD=X | Signal: BUY | Confidence: 80%
2026-07-30 21:06:48,051 | EURUSD=X | ENTRY: 1.15221 | SL: 1.15055 | TP: 1.15553 | RR: 2.0 | POSITION: 6024.0964
2026-07-30 21:06:48,971 | GBPUSD=X | Signal: HOLD | Confidence: 45%
2026-07-30 21:06:50,054 | JPY=X | Signal: HOLD | Confidence: 30%
2026-07-30 21:06:51,057 | AUDUSD=X | Signal: HOLD | Confidence: 45%
2026-07-30 21:06:52,095 | CAD=X | Signal: SELL | Confidence: 65%
2026-07-30 21:06:52,096 | CAD=X | ENTRY: 1.4003 | SL: 1.40276 | TP: 1.39538 | RR: 2.0 | POSITION: 4065.0407
2026-07-30 21:06:52,999 | GC=F | Signal: BUY | Confidence: 60%
2026-07-30 21:06:52,999 | GC=F | ENTRY: 4152.0 | SL: 4127.72137 | TP: 4200.55727 | RR: 2.0 | POSITION: 0.4119
2026-07-30 21:06:53,747 | SI=F | Signal: HOLD | Confidence: 40%
2026-07-30 21:06:54,745 | BTC-USD | Signal: HOLD | Confidence: 30%
2026-07-30 21:06:55,705 | ETH-USD | Signal: HOLD | Confidence: 20%
2026-07-30 21:06:56,861 | SOL-USD | Signal: HOLD | Confidence: 40%
2026-07-30 21:07:31,886 | EURUSD=X | Signal: BUY | Confidence: 85%
2026-07-30 21:07:31,886 | EURUSD=X | ENTRY: 1.15234 | SL: 1.15067 | TP: 1.15569 | RR: 2.0 | POSITION: 5988.024
2026-07-30 21:07:33,037 | GBPUSD=X | Signal: HOLD | Confidence: 45%
2026-07-30 21:07:33,965 | JPY=X | Signal: HOLD | Confidence: 40%
2026-07-30 21:07:35,118 | AUDUSD=X | Signal: HOLD | Confidence: 45%
2026-07-30 21:07:36,060 | CAD=X | Signal: SELL | Confidence: 80%
2026-07-30 21:07:36,060 | CAD=X | ENTRY: 1.4006 | SL: 1.40306 | TP: 1.39568 | RR: 2.0 | POSITION: 4065.0407
2026-07-30 21:07:36,859 | GC=F | Signal: BUY | Confidence: 65%
2026-07-30 21:07:36,860 | GC=F | ENTRY: 4154.2998 | SL: 4130.02117 | TP: 4202.85707 | RR: 2.0 | POSITION: 0.4119
2026-07-30 21:07:37,605 | SI=F | Signal: BUY | Confidence: 60%
2026-07-30 21:07:37,606 | SI=F | ENTRY: 58.67 | SL: 58.10161 | TP: 59.80678 | RR: 2.0 | POSITION: 17.5936
2026-07-30 21:07:38,725 | BTC-USD | Signal: HOLD | Confidence: 30%
2026-07-30 21:07:39,666 | ETH-USD | Signal: HOLD | Confidence: 20%
2026-07-30 21:07:40,660 | SOL-USD | Signal: HOLD | Confidence: 40%
2026-07-30 21:08:16,328 | EURUSD=X | Signal: BUY | Confidence: 85%
2026-07-30 21:08:16,329 | EURUSD=X | ENTRY: 1.15247 | SL: 1.15078 | TP: 1.15585 | RR: 2.0 | POSITION: 5917.1598
2026-07-30 21:08:17,456 | GBPUSD=X | Signal: HOLD | Confidence: 45%
2026-07-30 21:08:18,526 | JPY=X | Signal: HOLD | Confidence: 40%
2026-07-30 21:08:19,446 | AUDUSD=X | Signal: HOLD | Confidence: 25%
2026-07-30 21:08:20,502 | CAD=X | Signal: HOLD | Confidence: 60%
2026-07-30 21:08:21,560 | GC=F | Signal: BUY | Confidence: 65%
2026-07-30 21:08:21,561 | GC=F | ENTRY: 4154.3999 | SL: 4130.12127 | TP: 4202.95717 | RR: 2.0 | POSITION: 0.4119
2026-07-30 21:08:22,431 | SI=F | Signal: BUY | Confidence: 60%
2026-07-30 21:08:22,431 | SI=F | ENTRY: 58.67 | SL: 58.10161 | TP: 59.80678 | RR: 2.0 | POSITION: 17.5936
2026-07-30 21:08:23,158 | BTC-USD | Signal: HOLD | Confidence: 40%
2026-07-30 21:08:24,099 | ETH-USD | Signal: HOLD | Confidence: 30%
2026-07-30 21:08:24,991 | SOL-USD | Signal: HOLD | Confidence: 40%
2026-07-30 21:09:00,630 | EURUSD=X | Signal: BUY | Confidence: 80%
2026-07-30 21:09:00,631 | EURUSD=X | ENTRY: 1.15234 | SL: 1.15065 | TP: 1.15571 | RR: 2.0 | POSITION: 5917.1598
2026-07-30 21:09:01,490 | GBPUSD=X | Signal: HOLD | Confidence: 45%
2026-07-30 21:09:02,432 | JPY=X | Signal: HOLD | Confidence: 40%
2026-07-30 21:09:03,364 | AUDUSD=X | Signal: HOLD | Confidence: 25%
2026-07-30 21:09:04,358 | CAD=X | Signal: SELL | Confidence: 70%
2026-07-30 21:09:04,359 | CAD=X | ENTRY: 1.40086 | SL: 1.40332 | TP: 1.39594 | RR: 2.0 | POSITION: 4065.0407
2026-07-30 21:09:05,159 | GC=F | Signal: BUY | Confidence: 60%
2026-07-30 21:09:05,160 | GC=F | ENTRY: 4152.8999 | SL: 4128.62127 | TP: 4201.45717 | RR: 2.0 | POSITION: 0.4119
2026-07-30 21:09:05,965 | SI=F | Signal: BUY | Confidence: 55%
2026-07-30 21:09:05,966 | SI=F | ENTRY: 58.62 | SL: 58.05161 | TP: 59.75678 | RR: 2.0 | POSITION: 17.5936
2026-07-30 21:09:06,899 | BTC-USD | Signal: HOLD | Confidence: 40%
2026-07-30 21:09:07,946 | ETH-USD | Signal: HOLD | Confidence: 30%
2026-07-30 21:09:08,879 | SOL-USD | Signal: HOLD | Confidence: 40%
2026-07-30 21:09:43,430 | EURUSD=X | Signal: BUY | Confidence: 80%
2026-07-30 21:09:43,431 | EURUSD=X | ENTRY: 1.15234 | SL: 1.15065 | TP: 1.15571 | RR: 2.0 | POSITION: 5917.1598
2026-07-30 21:09:44,533 | GBPUSD=X | Signal: HOLD | Confidence: 45%
2026-07-30 21:09:45,434 | JPY=X | Signal: HOLD | Confidence: 40%
2026-07-30 21:09:46,437 | AUDUSD=X | Signal: HOLD | Confidence: 25%
2026-07-30 21:09:47,608 | CAD=X | Signal: SELL | Confidence: 80%
2026-07-30 21:09:47,609 | CAD=X | ENTRY: 1.4005 | SL: 1.40296 | TP: 1.39558 | RR: 2.0 | POSITION: 4065.0407
2026-07-30 21:09:48,376 | GC=F | Signal: BUY | Confidence: 65%
2026-07-30 21:09:48,377 | GC=F | ENTRY: 4155.0 | SL: 4130.72137 | TP: 4203.55727 | RR: 2.0 | POSITION: 0.4119
2026-07-30 21:09:49,157 | SI=F | Signal: BUY | Confidence: 55%
2026-07-30 21:09:49,158 | SI=F | ENTRY: 58.64 | SL: 58.07161 | TP: 59.77679 | RR: 2.0 | POSITION: 17.5936
2026-07-30 21:09:50,169 | BTC-USD | Signal: HOLD | Confidence: 40%
2026-07-30 21:09:51,136 | ETH-USD | Signal: HOLD | Confidence: 30%
2026-07-30 21:09:52,141 | SOL-USD | Signal: HOLD | Confidence: 40%
2026-07-30 21:10:28,127 | EURUSD=X | Signal: BUY | Confidence: 85%
2026-07-30 21:10:28,128 | EURUSD=X | ENTRY: 1.15247 | SL: 1.15078 | TP: 1.15585 | RR: 2.0 | POSITION: 5917.1598
2026-07-30 21:10:29,245 | GBPUSD=X | Signal: HOLD | Confidence: 45%
2026-07-30 21:10:30,293 | JPY=X | Signal: HOLD | Confidence: 40%
2026-07-30 21:10:31,324 | AUDUSD=X | Signal: HOLD | Confidence: 25%
2026-07-30 21:10:32,359 | CAD=X | Signal: SELL | Confidence: 70%
2026-07-30 21:10:32,360 | CAD=X | ENTRY: 1.40089 | SL: 1.40335 | TP: 1.39597 | RR: 2.0 | POSITION: 4065.0407
2026-07-30 21:10:33,239 | GC=F | Signal: HOLD | Confidence: 50%
2026-07-30 21:10:34,327 | SI=F | Signal: HOLD | Confidence: 30%
2026-07-30 21:10:35,493 | BTC-USD | Signal: HOLD | Confidence: 30%
2026-07-30 21:10:36,658 | ETH-USD | Signal: HOLD | Confidence: 30%
2026-07-30 21:10:37,792 | SOL-USD | Signal: HOLD | Confidence: 40%
2026-07-30 21:11:12,718 | EURUSD=X | Signal: BUY | Confidence: 80%
2026-07-30 21:11:12,718 | EURUSD=X | ENTRY: 1.15234 | SL: 1.15065 | TP: 1.15571 | RR: 2.0 | POSITION: 5917.1598
2026-07-30 21:11:13,662 | GBPUSD=X | Signal: HOLD | Confidence: 45%
2026-07-30 21:11:14,726 | JPY=X | Signal: HOLD | Confidence: 40%
2026-07-30 21:11:15,807 | AUDUSD=X | Signal: HOLD | Confidence: 25%
2026-07-30 21:11:16,834 | CAD=X | Signal: SELL | Confidence: 80%
2026-07-30 21:11:16,835 | CAD=X | ENTRY: 1.4006 | SL: 1.40306 | TP: 1.39568 | RR: 2.0 | POSITION: 4065.0407
2026-07-30 21:11:17,776 | GC=F | Signal: HOLD | Confidence: 35%
2026-07-30 21:11:18,748 | SI=F | Signal: HOLD | Confidence: 10%
2026-07-30 21:11:20,095 | BTC-USD | Signal: HOLD | Confidence: 30%
2026-07-30 21:11:21,186 | ETH-USD | Signal: HOLD | Confidence: 30%
2026-07-30 21:11:22,212 | SOL-USD | Signal: HOLD | Confidence: 40%
2026-07-30 21:11:58,846 | EURUSD=X | Signal: BUY | Confidence: 80%
2026-07-30 21:11:58,847 | EURUSD=X | ENTRY: 1.15234 | SL: 1.15065 | TP: 1.15571 | RR: 2.0 | POSITION: 5917.1598
2026-07-30 21:11:59,985 | GBPUSD=X | Signal: HOLD | Confidence: 45%
2026-07-30 21:12:01,319 | JPY=X | Signal: HOLD | Confidence: 40%
2026-07-30 21:12:02,374 | AUDUSD=X | Signal: HOLD | Confidence: 25%
2026-07-30 21:12:03,131 | CAD=X | Signal: SELL | Confidence: 70%
2026-07-30 21:12:03,132 | CAD=X | ENTRY: 1.40095 | SL: 1.40341 | TP: 1.39603 | RR: 2.0 | POSITION: 4065.0407
2026-07-30 21:12:03,850 | GC=F | Signal: HOLD | Confidence: 50%
2026-07-30 21:12:04,583 | SI=F | Signal: HOLD | Confidence: 30%
2026-07-30 21:12:05,229 | BTC-USD | Signal: HOLD | Confidence: 30%
2026-07-30 21:12:06,011 | ETH-USD | Signal: HOLD | Confidence: 30%
2026-07-30 21:12:06,865 | SOL-USD | Signal: HOLD | Confidence: 40%
2026-07-30 21:12:44,014 | EURUSD=X | Signal: BUY | Confidence: 80%
2026-07-30 21:12:44,015 | EURUSD=X | ENTRY: 1.15234 | SL: 1.15065 | TP: 1.15571 | RR: 2.0 | POSITION: 5917.1598
2026-07-30 21:12:45,343 | GBPUSD=X | Signal: HOLD | Confidence: 45%
2026-07-30 21:12:46,412 | JPY=X | Signal: HOLD | Confidence: 40%
2026-07-30 21:12:47,207 | AUDUSD=X | Signal: HOLD | Confidence: 25%
2026-07-30 21:12:48,147 | CAD=X | Signal: SELL | Confidence: 80%
2026-07-30 21:12:48,150 | CAD=X | ENTRY: 1.40078 | SL: 1.40324 | TP: 1.39586 | RR: 2.0 | POSITION: 4065.0407
2026-07-30 21:12:48,872 | GC=F | Signal: HOLD | Confidence: 50%
2026-07-30 21:12:50,090 | SI=F | Signal: HOLD | Confidence: 30%
2026-07-30 21:12:51,327 | BTC-USD | Signal: HOLD | Confidence: 30%
2026-07-30 21:12:52,434 | ETH-USD | Signal: HOLD | Confidence: 45%
2026-07-30 21:12:53,297 | SOL-USD | Signal: HOLD | Confidence: 40%
2026-07-30 21:13:30,096 | EURUSD=X | Signal: BUY | Confidence: 85%
2026-07-30 21:13:30,097 | EURUSD=X | ENTRY: 1.1526 | SL: 1.1509 | TP: 1.15601 | RR: 2.0 | POSITION: 5882.3529
2026-07-30 21:13:30,943 | GBPUSD=X | Signal: HOLD | Confidence: 45%
2026-07-30 21:13:31,836 | JPY=X | Signal: HOLD | Confidence: 40%
2026-07-30 21:13:33,141 | AUDUSD=X | Signal: HOLD | Confidence: 25%
2026-07-30 21:13:34,363 | CAD=X | Signal: SELL | Confidence: 80%
2026-07-30 21:13:34,366 | CAD=X | ENTRY: 1.4005 | SL: 1.40296 | TP: 1.39558 | RR: 2.0 | POSITION: 4065.0407
2026-07-30 21:13:35,384 | GC=F | Signal: BUY | Confidence: 70%
2026-07-30 21:13:35,385 | GC=F | ENTRY: 4155.7998 | SL: 4131.82115 | TP: 4203.75711 | RR: 2.0 | POSITION: 0.417
2026-07-30 21:13:36,466 | SI=F | Signal: HOLD | Confidence: 40%
2026-07-30 21:13:37,361 | BTC-USD | Signal: HOLD | Confidence: 40%
2026-07-30 21:13:38,181 | ETH-USD | Signal: HOLD | Confidence: 35%
2026-07-30 21:13:39,280 | SOL-USD | Signal: HOLD | Confidence: 40%
2026-07-30 21:14:13,614 | EURUSD=X | Signal: BUY | Confidence: 85%
2026-07-30 21:14:13,615 | EURUSD=X | ENTRY: 1.1526 | SL: 1.1509 | TP: 1.15601 | RR: 2.0 | POSITION: 5882.3529
2026-07-30 21:14:14,230 | GBPUSD=X | Signal: HOLD | Confidence: 45%
2026-07-30 21:14:14,768 | JPY=X | Signal: HOLD | Confidence: 40%
2026-07-30 21:14:16,016 | AUDUSD=X | Signal: HOLD | Confidence: 25%
2026-07-30 21:14:17,046 | CAD=X | Signal: SELL | Confidence: 80%
2026-07-30 21:14:17,047 | CAD=X | ENTRY: 1.40078 | SL: 1.40324 | TP: 1.39586 | RR: 2.0 | POSITION: 4065.0407
2026-07-30 21:14:17,800 | GC=F | Signal: BUY | Confidence: 60%
2026-07-30 21:14:17,801 | GC=F | ENTRY: 4156.8999 | SL: 4132.92125 | TP: 4204.85721 | RR: 2.0 | POSITION: 0.417
2026-07-30 21:14:18,750 | SI=F | Signal: HOLD | Confidence: 40%
2026-07-30 21:14:20,350 | BTC-USD | Signal: HOLD | Confidence: 40%
2026-07-30 21:14:21,412 | ETH-USD | Signal: HOLD | Confidence: 35%
2026-07-30 21:14:22,321 | SOL-USD | Signal: HOLD | Confidence: 40%
