open_time,open,high,low,close,volume,close_time
2026-05-31T00:00:00.000000Z,2019.7900390625,2020.9200439453125,2017.8800048828125,2019.4300537109375,0,2026-05-31T00:15:00.000000Z
2026-05-31T00:15:00.000000Z,2019.0400390625,2024.81005859375,2019.0400390625,2022.3900146484375,20702208,2026-05-31T00:30:00.000000Z
2026-05-31T00:30:00.000000Z,2021.9599609375,2023.5999755859375,2020.9599609375,2021.9100341796875,3518464,2026-05-31T00:45:00.000000Z
2026-05-31T00:45:00.000000Z,2021.8299560546875,2024.3699951171875,2020.8299560546875,2023.9100341796875,72731136,2026-05-31T01:00:00.000000Z
2026-05-31T01:00:00.000000Z,2023.9300537109375,2026.47998046875,2023.6400146484375,2025.75,58627072,2026-05-31T01:15:00.000000Z
2026-05-31T01:15:00.000000Z,2025.8399658203125,2031.260009765625,2025.56005859375,2026.8900146484375,57596416,2026-05-31T01:30:00.000000Z
2026-05-31T01:30:00.000000Z,2026.8900146484375,2030.300048828125,2025.780029296875,2026.010009765625,50863104,2026-05-31T01:45:00.000000Z
2026-05-31T01:45:00.000000Z,2026.030029296875,2028.739990234375,2025.6099853515625,2025.969970703125,56300544,2026-05-31T02:00:00.000000Z
2026-05-31T02:00:00.000000Z,2025.9300537109375,2030.3399658203125,2025.8699951171875,2030.030029296875,0,2026-05-31T02:15:00.000000Z
2026-05-31T02:15:00.000000Z,2030.030029296875,2034.199951171875,2025.0400390625,2025.0799560546875,137699328,2026-05-31T02:30:00.000000Z
2026-05-31T02:30:00.000000Z,2025.0699462890625,2028.199951171875,2024.8900146484375,2027.0400390625,51578368,2026-05-31T02:45:00.000000Z
2026-05-31T02:45:00.000000Z,2027.1099853515625,2031.9599609375,2026.1099853515625,2031.0999755859375,81753600,2026-05-31T03:00:00.000000Z
2026-05-31T03:00:00.000000Z,2031.8299560546875,2032.1800537109375,2029.4100341796875,2030.9000244140625,44270080,2026-05-31T03:15:00.000000Z
2026-05-31T03:15:00.000000Z,2031,2033.8299560546875,2029.510009765625,2033.1099853515625,41773056,2026-05-31T03:30:00.000000Z
2026-05-31T03:30:00.000000Z,2033.1099853515625,2033.5,2030.72998046875,2031.699951171875,64056832,2026-05-31T03:45:00.000000Z
2026-05-31T03:45:00.000000Z,2031.760009765625,2032.4100341796875,2030.4000244140625,2030.4100341796875,0,2026-05-31T04:00:00.000000Z
2026-05-31T04:00:00.000000Z,2030.4000244140625,2031.050048828125,2028.18994140625,2028.3399658203125,0,2026-05-31T04:15:00.000000Z
2026-05-31T04:15:00.000000Z,2028.3399658203125,2031.800048828125,2028.2099609375,2030.52001953125,0,2026-05-31T04:30:00.000000Z
2026-05-31T04:30:00.000000Z,2030.300048828125,2031.0999755859375,2029.2099609375,2030.52001953125,0,2026-05-31T04:45:00.000000Z
2026-05-31T04:45:00.000000Z,2030.510009765625,2031.3299560546875,2029.1199951171875,2030.7900390625,17553408,2026-05-31T05:00:00.000000Z
2026-05-31T05:00:00.000000Z,2030.43994140625,2030.8299560546875,2028.9200439453125,2028.9300537109375,0,2026-05-31T05:15:00.000000Z
2026-05-31T05:15:00.000000Z,2028.9100341796875,2029.699951171875,2027.81005859375,2029.010009765625,24340480,2026-05-31T05:30:00.000000Z
2026-05-31T05:30:00.000000Z,2028.949951171875,2030,2027.4300537109375,2027.6199951171875,0,2026-05-31T05:45:00.000000Z
2026-05-31T05:45:00.000000Z,2027.699951171875,2028.06005859375,2026.3199462890625,2027.0699462890625,76265984,2026-05-31T06:00:00.000000Z
2026-05-31T06:00:00.000000Z,2026.969970703125,2026.969970703125,2025.530029296875,2026.300048828125,0,2026-05-31T06:15:00.000000Z
2026-05-31T06:15:00.000000Z,2026.1400146484375,2027.699951171875,2026,2026.4200439453125,56282112,2026-05-31T06:30:00.000000Z
2026-05-31T06:30:00.000000Z,2025.989990234375,2027.800048828125,2025.989990234375,2027.27001953125,0,2026-05-31T06:45:00.000000Z
2026-05-31T06:45:00.000000Z,2027.280029296875,2027.8900146484375,2026.489990234375,2026.8699951171875,4802048,2026-05-31T07:00:00.000000Z
2026-05-31T07:00:00.000000Z,2026.5,2026.5,2022.9300537109375,2023.3499755859375,0,2026-05-31T07:15:00.000000Z
2026-05-31T07:15:00.000000Z,2023.6300048828125,2024.300048828125,2021.7099609375,2022.4100341796875,46204928,2026-05-31T07:30:00.000000Z
2026-05-31T07:30:00.000000Z,2022.06005859375,2022.31005859375,2019.780029296875,2020.47998046875,13387776,2026-05-31T07:45:00.000000Z
2026-05-31T07:45:00.000000Z,2020.5400390625,2022.300048828125,2020.1099853515625,2021.1600341796875,61826048,2026-05-31T08:00:00.000000Z
2026-05-31T08:00:00.000000Z,2021.1300048828125,2025.18994140625,2021.1300048828125,2023,35586048,2026-05-31T08:15:00.000000Z
2026-05-31T08:15:00.000000Z,2022.989990234375,2024.8299560546875,2022.989990234375,2023.949951171875,34821632,2026-05-31T08:30:00.000000Z
2026-05-31T08:30:00.000000Z,2023.93994140625,2023.93994140625,2020.0999755859375,2020.8699951171875,33524224,2026-05-31T08:45:00.000000Z
2026-05-31T08:45:00.000000Z,2020.989990234375,2026.0999755859375,2020.1500244140625,2024.5899658203125,9662464,2026-05-31T09:00:00.000000Z
2026-05-31T09:00:00.000000Z,2024.31005859375,2024.81005859375,2021.9200439453125,2022.4100341796875,57065984,2026-05-31T09:15:00.000000Z
2026-05-31T09:15:00.000000Z,2021.8199462890625,2025.030029296875,2021.8199462890625,2023.97998046875,46175744,2026-05-31T09:30:00.000000Z
2026-05-31T09:30:00.000000Z,2023.97998046875,2025.3399658203125,2023.06005859375,2024.300048828125,14332928,2026-05-31T09:45:00.000000Z
2026-05-31T09:45:00.000000Z,2024.0899658203125,2025.2900390625,2016.5,2018.2900390625,79880704,2026-05-31T10:00:00.000000Z
2026-05-31T10:00:00.000000Z,2018.1199951171875,2018.5,2014.9000244140625,2017.0999755859375,98348544,2026-05-31T10:15:00.000000Z
2026-05-31T10:15:00.000000Z,2016.699951171875,2016.97998046875,2012.81005859375,2015.5,29537280,2026-05-31T10:30:00.000000Z
2026-05-31T10:30:00.000000Z,2015.699951171875,2016.489990234375,2014.27001953125,2015.3800048828125,16759296,2026-05-31T10:45:00.000000Z
2026-05-31T10:45:00.000000Z,2015.0999755859375,2018.199951171875,2014.1600341796875,2018.0699462890625,56517120,2026-05-31T11:00:00.000000Z
2026-05-31T11:00:00.000000Z,2017.9000244140625,2021.199951171875,2017.9000244140625,2019.25,25882624,2026-05-31T11:15:00.000000Z
2026-05-31T11:15:00.000000Z,2019.25,2020.4000244140625,2018.3800048828125,2020.300048828125,5876736,2026-05-31T11:30:00.000000Z
2026-05-31T11:30:00.000000Z,2020.1099853515625,2021.27001953125,2019.199951171875,2019.699951171875,56739328,2026-05-31T11:45:00.000000Z
2026-05-31T11:45:00.000000Z,2020.239990234375,2020.8900146484375,2019.1400146484375,2020.52001953125,21697024,2026-05-31T12:00:00.000000Z
2026-05-31T12:00:00.000000Z,2020.6099853515625,2021.3800048828125,2016.699951171875,2019.1600341796875,6587392,2026-05-31T12:15:00.000000Z
2026-05-31T12:15:00.000000Z,2019.1600341796875,2022.3199462890625,2019.1600341796875,2020.739990234375,121585152,2026-05-31T12:30:00.000000Z
2026-05-31T12:30:00.000000Z,2020.6300048828125,2022,2019.5999755859375,2021.9300537109375,26010112,2026-05-31T12:45:00.000000Z
2026-05-31T12:45:00.000000Z,2021.949951171875,2022,2018.4100341796875,2019.47998046875,11186176,2026-05-31T13:00:00.000000Z
2026-05-31T13:00:00.000000Z,2019.510009765625,2021.8199462890625,2018.4000244140625,2021.010009765625,16903680,2026-05-31T13:15:00.000000Z
2026-05-31T13:15:00.000000Z,2021.02001953125,2023.469970703125,2020.510009765625,2021.6099853515625,69522432,2026-05-31T13:30:00.000000Z
2026-05-31T13:30:00.000000Z,2021.9200439453125,2022.4300537109375,2019.3399658203125,2019.780029296875,65193984,2026-05-31T13:45:00.000000Z
2026-05-31T13:45:00.000000Z,2019.530029296875,2020.1099853515625,2017.02001953125,2017.47998046875,80041472,2026-05-31T14:00:00.000000Z
2026-05-31T14:00:00.000000Z,2017.4599609375,2018.699951171875,2013.43994140625,2013.43994140625,0,2026-05-31T14:15:00.000000Z
2026-05-31T14:15:00.000000Z,2012.97998046875,2015.43994140625,2004,2008.5400390625,195791872,2026-05-31T14:30:00.000000Z
2026-05-31T14:30:00.000000Z,2007.77001953125,2010.699951171875,2004.8299560546875,2006.3499755859375,67919872,2026-05-31T14:45:00.000000Z
2026-05-31T14:45:00.000000Z,2006.3499755859375,2009.7900390625,2003.2099609375,2005.18994140625,42328576,2026-05-31T15:00:00.000000Z
2026-05-31T15:00:00.000000Z,2005.5,2008.5899658203125,2004.719970703125,2008.4000244140625,61206016,2026-05-31T15:15:00.000000Z
2026-05-31T15:15:00.000000Z,2008.0999755859375,2012.1500244140625,2007.8499755859375,2010.8599853515625,3423744,2026-05-31T15:30:00.000000Z
2026-05-31T15:30:00.000000Z,2010.68994140625,2011.760009765625,2005.81005859375,2006.699951171875,43189248,2026-05-31T15:45:00.000000Z
2026-05-31T15:45:00.000000Z,2006.699951171875,2010.6800537109375,2006.699951171875,2007.6600341796875,72037376,2026-05-31T16:00:00.000000Z
2026-05-31T16:00:00.000000Z,2007.5699462890625,2009.699951171875,2004,2004.47998046875,32698368,2026-05-31T16:15:00.000000Z
2026-05-31T16:15:00.000000Z,2004.47998046875,2006.4599609375,2000.949951171875,2004.3699951171875,116315648,2026-05-31T16:30:00.000000Z
2026-05-31T16:30:00.000000Z,2003.800048828125,2004.0699462890625,1995.989990234375,1998.02001953125,131909632,2026-05-31T16:45:00.000000Z
2026-05-31T16:45:00.000000Z,1997.6099853515625,2000.4300537109375,1996.43994140625,1999.4200439453125,361693184,2026-05-31T17:00:00.000000Z
2026-05-31T17:00:00.000000Z,1998.8199462890625,2001.199951171875,1994.6199951171875,1997.6800537109375,85730816,2026-05-31T17:15:00.000000Z
2026-05-31T17:15:00.000000Z,1997.6800537109375,2000.1199951171875,1997.4200439453125,2000.06005859375,24881152,2026-05-31T17:30:00.000000Z
2026-05-31T17:30:00.000000Z,2000.199951171875,2004.93994140625,2000.18994140625,2002.5699462890625,79630848,2026-05-31T17:45:00.000000Z
2026-05-31T17:45:00.000000Z,2002.75,2005.239990234375,2002.219970703125,2002.9200439453125,20801024,2026-05-31T18:00:00.000000Z
2026-05-31T18:00:00.000000Z,2003.43994140625,2003.5999755859375,1999.239990234375,1999.9200439453125,16610816,2026-05-31T18:15:00.000000Z
2026-05-31T18:15:00.000000Z,1999.8199462890625,2001,1998.1500244140625,2000.0999755859375,24656384,2026-05-31T18:30:00.000000Z
2026-05-31T18:30:00.000000Z,2000.050048828125,2002.3800048828125,1998.1500244140625,1998.2099609375,34202112,2026-05-31T18:45:00.000000Z
2026-05-31T18:45:00.000000Z,1997.9100341796875,1998.6500244140625,1996.31005859375,1998.0400390625,36313600,2026-05-31T19:00:00.000000Z
2026-05-31T19:00:00.000000Z,1998.280029296875,1999.77001953125,1995.719970703125,1995.8599853515625,81495040,2026-05-31T19:15:00.000000Z
2026-05-31T19:15:00.000000Z,1995.7099609375,1997.5899658203125,1992,1994.5999755859375,18808832,2026-05-31T19:30:00.000000Z
2026-05-31T19:30:00.000000Z,1994.75,1995.9100341796875,1991.3399658203125,1995.199951171875,87845376,2026-05-31T19:45:00.000000Z
2026-05-31T19:45:00.000000Z,1995.0999755859375,1997.449951171875,1994.8399658203125,1996.8199462890625,42643456,2026-05-31T20:00:00.000000Z
2026-05-31T20:00:00.000000Z,1997.760009765625,2000.989990234375,1997.5400390625,1998.93994140625,71057408,2026-05-31T20:15:00.000000Z
2026-05-31T20:15:00.000000Z,1999,2001.97998046875,1998.1099853515625,2000.25,31536128,2026-05-31T20:30:00.000000Z
2026-05-31T20:30:00.000000Z,2000.27001953125,2001.0899658203125,1999.510009765625,2000.4200439453125,17225216,2026-05-31T20:45:00.000000Z
2026-05-31T20:45:00.000000Z,2000.699951171875,2005.1800537109375,2000.56005859375,2004.280029296875,10145792,2026-05-31T21:00:00.000000Z
2026-05-31T21:00:00.000000Z,2004.31005859375,2004.68994140625,2002.2099609375,2003.510009765625,66950144,2026-05-31T21:15:00.000000Z
2026-05-31T21:15:00.000000Z,2003.530029296875,2007.2900390625,2003.510009765625,2004.3499755859375,38061056,2026-05-31T21:30:00.000000Z
2026-05-31T21:30:00.000000Z,2004.3499755859375,2007.199951171875,2003.6099853515625,2006.3599853515625,124466688,2026-05-31T21:45:00.000000Z
2026-05-31T21:45:00.000000Z,2006.4100341796875,2011.469970703125,2006.3900146484375,2009.4599609375,160260096,2026-05-31T22:00:00.000000Z
2026-05-31T22:00:00.000000Z,2009.1400146484375,2011.199951171875,2002.199951171875,2008.77001953125,58230784,2026-05-31T22:15:00.000000Z
2026-05-31T22:15:00.000000Z,2009,2010.780029296875,2004.510009765625,2006.8599853515625,107529728,2026-05-31T22:30:00.000000Z
2026-05-31T22:30:00.000000Z,2007.1500244140625,2011.1099853515625,2006.81005859375,2008.3599853515625,101795840,2026-05-31T22:45:00.000000Z
2026-05-31T22:45:00.000000Z,2009,2011.050048828125,2008.31005859375,2009.469970703125,63252480,2026-05-31T23:00:00.000000Z
2026-05-31T23:00:00.000000Z,2010.0899658203125,2019.9000244140625,2009.43994140625,2010.97998046875,89919488,2026-05-31T23:15:00.000000Z
2026-05-31T23:15:00.000000Z,2011.510009765625,2012.5799560546875,2005.4100341796875,2005.8199462890625,72303616,2026-05-31T23:30:00.000000Z
2026-05-31T23:30:00.000000Z,2005.969970703125,2005.969970703125,1997.0999755859375,2000.1099853515625,127847424,2026-05-31T23:45:00.000000Z
2026-05-31T23:45:00.000000Z,2000.239990234375,2004.6400146484375,1999.969970703125,2004,118430720,2026-06-01T00:00:00.000000Z
2026-06-01T00:00:00.000000Z,2004.010009765625,2012.31005859375,2003.1199951171875,2008.199951171875,436214784,2026-06-01T00:15:00.000000Z
2026-06-01T00:15:00.000000Z,2008.699951171875,2014.4000244140625,2005.550048828125,2014.2099609375,72368128,2026-06-01T00:30:00.000000Z
2026-06-01T00:30:00.000000Z,2015.3599853515625,2018.199951171875,2009.219970703125,2012.8699951171875,226616320,2026-06-01T00:45:00.000000Z
2026-06-01T00:45:00.000000Z,2012.8800048828125,2016.800048828125,2011.699951171875,2012.6199951171875,83166208,2026-06-01T01:00:00.000000Z
2026-06-01T01:00:00.000000Z,2013.8299560546875,2013.8299560546875,2002.0799560546875,2002.3399658203125,114302976,2026-06-01T01:15:00.000000Z
2026-06-01T01:15:00.000000Z,2002.5799560546875,2005.0400390625,1999.6700439453125,2001.219970703125,109066240,2026-06-01T01:30:00.000000Z
2026-06-01T01:30:00.000000Z,2001.219970703125,2004.050048828125,1997.3699951171875,1999.0699462890625,48529408,2026-06-01T01:45:00.000000Z
2026-06-01T01:45:00.000000Z,1998.9000244140625,2001.8599853515625,1991.6099853515625,1992.1400146484375,162089984,2026-06-01T02:00:00.000000Z
2026-06-01T02:00:00.000000Z,1991.5999755859375,2003.1500244140625,1988.280029296875,2002.5400390625,113985536,2026-06-01T02:15:00.000000Z
2026-06-01T02:15:00.000000Z,2002.4100341796875,2003.030029296875,1999.699951171875,2001.800048828125,71075840,2026-06-01T02:30:00.000000Z
2026-06-01T02:30:00.000000Z,2001.6099853515625,2014.5,1999.219970703125,2009.800048828125,0,2026-06-01T02:45:00.000000Z
2026-06-01T02:45:00.000000Z,2010.030029296875,2011.760009765625,2007.68994140625,2009.199951171875,205944832,2026-06-01T03:00:00.000000Z
2026-06-01T03:00:00.000000Z,2009.4200439453125,2014.5,2009.4200439453125,2010.8900146484375,100556800,2026-06-01T03:15:00.000000Z
2026-06-01T03:15:00.000000Z,2010.8299560546875,2014,2008.8800048828125,2012.239990234375,128124928,2026-06-01T03:30:00.000000Z
2026-06-01T03:30:00.000000Z,2012.6300048828125,2014.22998046875,2008.1199951171875,2009.6600341796875,60761088,2026-06-01T03:45:00.000000Z
2026-06-01T03:45:00.000000Z,2009.9599609375,2011.47998046875,2006.0999755859375,2006.47998046875,125313024,2026-06-01T04:00:00.000000Z
2026-06-01T04:00:00.000000Z,2006.5699462890625,2009.3199462890625,2000.030029296875,2000.530029296875,271501312,2026-06-01T04:15:00.000000Z
2026-06-01T04:15:00.000000Z,2000.780029296875,2001.719970703125,1992.5799560546875,1993.3900146484375,98120704,2026-06-01T04:30:00.000000Z
2026-06-01T04:30:00.000000Z,1993.0999755859375,1997.300048828125,1993.0999755859375,1997.0400390625,190472192,2026-06-01T04:45:00.000000Z
2026-06-01T04:45:00.000000Z,1997.1099853515625,1999.43994140625,1991.3800048828125,1996.97998046875,77987840,2026-06-01T05:00:00.000000Z
2026-06-01T05:00:00.000000Z,1996.6099853515625,1998.5899658203125,1995.0699462890625,1997.3199462890625,74987520,2026-06-01T05:15:00.000000Z
2026-06-01T05:15:00.000000Z,1997.489990234375,1998.5999755859375,1990.6099853515625,1990.6099853515625,58016768,2026-06-01T05:30:00.000000Z
2026-06-01T05:30:00.000000Z,1990.9000244140625,1994.1800537109375,1989.4100341796875,1993.5899658203125,192697344,2026-06-01T05:45:00.000000Z
2026-06-01T05:45:00.000000Z,1993.5899658203125,1995.4599609375,1991.4000244140625,1991.93994140625,27609088,2026-06-01T06:00:00.000000Z
2026-06-01T06:00:00.000000Z,1992.27001953125,1992.6300048828125,1986.1600341796875,1989.3399658203125,68638720,2026-06-01T06:15:00.000000Z
2026-06-01T06:15:00.000000Z,1989.5899658203125,1990.6199951171875,1982.1700439453125,1983.8499755859375,124060672,2026-06-01T06:30:00.000000Z
2026-06-01T06:30:00.000000Z,1983.8699951171875,1986.0999755859375,1979.3800048828125,1979.3800048828125,196400128,2026-06-01T06:45:00.000000Z
2026-06-01T06:45:00.000000Z,1979.5899658203125,1986.2900390625,1977.8800048828125,1985.199951171875,168418304,2026-06-01T07:00:00.000000Z
2026-06-01T07:00:00.000000Z,1984.9200439453125,1987.8199462890625,1982.1600341796875,1986.3699951171875,75758592,2026-06-01T07:15:00.000000Z
2026-06-01T07:15:00.000000Z,1986.2900390625,1987.2900390625,1982.5400390625,1983.010009765625,153468928,2026-06-01T07:30:00.000000Z
2026-06-01T07:30:00.000000Z,1982.050048828125,1982.699951171875,1977.8699951171875,1980.4100341796875,131382272,2026-06-01T07:45:00.000000Z
2026-06-01T07:45:00.000000Z,1980.510009765625,1981.6600341796875,1969.280029296875,1973.739990234375,119921664,2026-06-01T08:00:00.000000Z
2026-06-01T08:00:00.000000Z,1974.199951171875,1977.0999755859375,1972.8199462890625,1975.8399658203125,203323392,2026-06-01T08:15:00.000000Z
2026-06-01T08:15:00.000000Z,1975.52001953125,1976.8199462890625,1972.199951171875,1973.25,136592384,2026-06-01T08:30:00.000000Z
2026-06-01T08:30:00.000000Z,1973.4200439453125,1979.81005859375,1969.4000244140625,1976.4000244140625,273882112,2026-06-01T08:45:00.000000Z
2026-06-01T08:45:00.000000Z,1976.6199951171875,1982.300048828125,1976.280029296875,1981.469970703125,144472064,2026-06-01T09:00:00.000000Z
2026-06-01T09:00:00.000000Z,1981.4599609375,1984.5999755859375,1981.1400146484375,1983.2099609375,11792384,2026-06-01T09:15:00.000000Z
2026-06-01T09:15:00.000000Z,1983.4200439453125,1987.31005859375,1983.1400146484375,1984.449951171875,141556736,2026-06-01T09:30:00.000000Z
2026-06-01T09:30:00.000000Z,1984.3299560546875,1986.18994140625,1982.6199951171875,1985.4100341796875,32101376,2026-06-01T09:45:00.000000Z
2026-06-01T09:45:00.000000Z,1986.1099853515625,1987.31005859375,1984.1400146484375,1985.31005859375,226395136,2026-06-01T10:00:00.000000Z
2026-06-01T10:00:00.000000Z,1985.699951171875,1986.8299560546875,1982.3499755859375,1982.8599853515625,62077952,2026-06-01T10:15:00.000000Z
2026-06-01T10:15:00.000000Z,1982.52001953125,1984.1800537109375,1979.6099853515625,1981.18994140625,17328128,2026-06-01T10:30:00.000000Z
2026-06-01T10:30:00.000000Z,1981.3299560546875,1984.6600341796875,1978.9599609375,1982.469970703125,234786816,2026-06-01T10:45:00.000000Z
2026-06-01T10:45:00.000000Z,1983,1984.5999755859375,1981.449951171875,1982.1800537109375,154024960,2026-06-01T11:00:00.000000Z
2026-06-01T11:00:00.000000Z,1982.050048828125,1983.6600341796875,1980.780029296875,1981.449951171875,63482880,2026-06-01T11:15:00.000000Z
2026-06-01T11:15:00.000000Z,1981.6500244140625,1983.9200439453125,1981.06005859375,1981.5699462890625,98638848,2026-06-01T11:30:00.000000Z
2026-06-01T11:30:00.000000Z,1981.6099853515625,1983.7900390625,1979.5400390625,1983.3800048828125,25316352,2026-06-01T11:45:00.000000Z
2026-06-01T11:45:00.000000Z,1983.7099609375,1984.43994140625,1976.25,1979.1800537109375,49737728,2026-06-01T12:00:00.000000Z
2026-06-01T12:00:00.000000Z,1980.0699462890625,1982.1600341796875,1966.4200439453125,1974.449951171875,342404096,2026-06-01T12:15:00.000000Z
2026-06-01T12:15:00.000000Z,1975.0899658203125,1985.8800048828125,1974.27001953125,1984.68994140625,361070592,2026-06-01T12:30:00.000000Z
2026-06-01T12:30:00.000000Z,1985.02001953125,1990.7900390625,1982.239990234375,1990.7900390625,302960640,2026-06-01T12:45:00.000000Z
2026-06-01T12:45:00.000000Z,1990.5899658203125,1991.6400146484375,1984.8299560546875,1987.4300537109375,20438016,2026-06-01T13:00:00.000000Z
2026-06-01T13:00:00.000000Z,1987.3599853515625,1987.5999755859375,1970.3900146484375,1972.8699951171875,271436800,2026-06-01T13:15:00.000000Z
2026-06-01T13:15:00.000000Z,1972.9300537109375,1978.2099609375,1970.010009765625,1974,207451136,2026-06-01T13:30:00.000000Z
2026-06-01T13:30:00.000000Z,1976.1099853515625,1980.4200439453125,1971.050048828125,1971.050048828125,430592000,2026-06-01T13:45:00.000000Z
2026-06-01T13:45:00.000000Z,1972.6800537109375,1977.5999755859375,1956.1800537109375,1967.4100341796875,328867840,2026-06-01T14:00:00.000000Z
2026-06-01T14:00:00.000000Z,1967.8599853515625,1974,1962.25,1965.72998046875,601582592,2026-06-01T14:15:00.000000Z
2026-06-01T14:15:00.000000Z,1965.030029296875,1968.469970703125,1962.6300048828125,1964.97998046875,155193344,2026-06-01T14:30:00.000000Z
2026-06-01T14:30:00.000000Z,1965.6600341796875,1967,1961.56005859375,1964.2099609375,78679040,2026-06-01T14:45:00.000000Z
2026-06-01T14:45:00.000000Z,1964.1199951171875,1967.81005859375,1961.550048828125,1964.6099853515625,119634944,2026-06-01T15:00:00.000000Z
2026-06-01T15:00:00.000000Z,1965.8499755859375,1971.0899658203125,1964.8599853515625,1966.469970703125,123017216,2026-06-01T15:15:00.000000Z
2026-06-01T15:15:00.000000Z,1966.7099609375,1967.1700439453125,1957.260009765625,1958.5999755859375,77797376,2026-06-01T15:30:00.000000Z
2026-06-01T15:30:00.000000Z,1958.280029296875,1976.8199462890625,1958.280029296875,1971,324198400,2026-06-01T15:45:00.000000Z
2026-06-01T15:45:00.000000Z,1971.510009765625,1971.989990234375,1963.6600341796875,1964.989990234375,203513856,2026-06-01T16:00:00.000000Z
2026-06-01T16:00:00.000000Z,1965.1800537109375,1968.449951171875,1955.77001953125,1963.56005859375,27187200,2026-06-01T16:15:00.000000Z
2026-06-01T16:15:00.000000Z,1963.22998046875,1967.52001953125,1960.8900146484375,1967.300048828125,333672448,2026-06-01T16:30:00.000000Z
2026-06-01T16:30:00.000000Z,1968.8399658203125,1970.3900146484375,1965.93994140625,1968.68994140625,135331840,2026-06-01T16:45:00.000000Z
2026-06-01T16:45:00.000000Z,1969.0999755859375,1975.1500244140625,1969.030029296875,1974.52001953125,72028160,2026-06-01T17:00:00.000000Z
2026-06-01T17:00:00.000000Z,1975.0400390625,1981.7900390625,1974.47998046875,1980.72998046875,0,2026-06-01T17:15:00.000000Z
2026-06-01T17:15:00.000000Z,1981.300048828125,1989.1199951171875,1978.6600341796875,1989.1199951171875,835813376,2026-06-01T17:30:00.000000Z
2026-06-01T17:30:00.000000Z,1989.300048828125,1990.7900390625,1983.52001953125,1989.7900390625,214593536,2026-06-01T17:45:00.000000Z
2026-06-01T17:45:00.000000Z,1990.43994140625,1993.8599853515625,1987.530029296875,1988.0999755859375,224284672,2026-06-01T18:00:00.000000Z
2026-06-01T18:00:00.000000Z,1987.8199462890625,1989.5999755859375,1980.3199462890625,1982.030029296875,195061760,2026-06-01T18:15:00.000000Z
2026-06-01T18:15:00.000000Z,1982.06005859375,1989.47998046875,1980.5400390625,1989.47998046875,142405632,2026-06-01T18:30:00.000000Z
2026-06-01T18:30:00.000000Z,1989.800048828125,1992.3900146484375,1988.050048828125,1989.9000244140625,13203456,2026-06-01T18:45:00.000000Z
2026-06-01T18:45:00.000000Z,1989.969970703125,1993.1300048828125,1988.489990234375,1990.1099853515625,159533056,2026-06-01T19:00:00.000000Z
2026-06-01T19:00:00.000000Z,1990.510009765625,1992.7900390625,1989.5,1992.199951171875,239638528,2026-06-01T19:15:00.000000Z
2026-06-01T19:15:00.000000Z,1992.4000244140625,1999.8299560546875,1989.5899658203125,1999.31005859375,176769024,2026-06-01T19:30:00.000000Z
2026-06-01T19:30:00.000000Z,2000.3299560546875,2006.0400390625,1998.9300537109375,2004,108009472,2026-06-01T19:45:00.000000Z
2026-06-01T19:45:00.000000Z,2003.9599609375,2003.9599609375,2000.52001953125,2001.739990234375,625131520,2026-06-01T20:00:00.000000Z
2026-06-01T20:00:00.000000Z,2002.199951171875,2002.5999755859375,1998.7099609375,2000.1300048828125,242651136,2026-06-01T20:15:00.000000Z
2026-06-01T20:15:00.000000Z,2000.2900390625,2003.97998046875,1998.27001953125,2002.6199951171875,55169024,2026-06-01T20:30:00.000000Z
2026-06-01T20:30:00.000000Z,2002.6199951171875,2005.8900146484375,2001.8599853515625,2004.97998046875,153135104,2026-06-01T20:45:00.000000Z
2026-06-01T20:45:00.000000Z,2005.030029296875,2005.3199462890625,2000.97998046875,2003.1199951171875,811008,2026-06-01T21:00:00.000000Z
2026-06-01T21:00:00.000000Z,2003.1500244140625,2005.800048828125,1992.4300537109375,1996.9300537109375,166189056,2026-06-01T21:15:00.000000Z
2026-06-01T21:15:00.000000Z,1996.9300537109375,1997.52001953125,1990.0999755859375,1992.47998046875,343617536,2026-06-01T21:30:00.000000Z
2026-06-01T21:30:00.000000Z,1992.8299560546875,1993.0899658203125,1989.5999755859375,1990.4599609375,32974848,2026-06-01T21:45:00.000000Z
2026-06-01T21:45:00.000000Z,1990.800048828125,1996.760009765625,1990.3499755859375,1991.3199462890625,249556992,2026-06-01T22:00:00.000000Z
2026-06-01T22:00:00.000000Z,1991.68994140625,1991.68994140625,1981.9599609375,1987.719970703125,8744960,2026-06-01T22:15:00.000000Z
2026-06-01T22:15:00.000000Z,1987.81005859375,2000.1199951171875,1986.6600341796875,1996.8900146484375,327053312,2026-06-01T22:30:00.000000Z
2026-06-01T22:30:00.000000Z,1997.1199951171875,1998.56005859375,1989.489990234375,1992.800048828125,18151424,2026-06-01T22:45:00.000000Z
2026-06-01T22:45:00.000000Z,1993.449951171875,2003.280029296875,1993.449951171875,2001.3299560546875,157659136,2026-06-01T23:00:00.000000Z
2026-06-01T23:00:00.000000Z,2001.72998046875,2003.489990234375,1998.43994140625,1999.8399658203125,98492416,2026-06-01T23:15:00.000000Z
2026-06-01T23:15:00.000000Z,2000.3900146484375,2004.5899658203125,1995.780029296875,1995.780029296875,588914688,2026-06-01T23:30:00.000000Z
2026-06-01T23:30:00.000000Z,1996.56005859375,2005.010009765625,1995.550048828125,2002.280029296875,16549888,2026-06-01T23:45:00.000000Z
2026-06-01T23:45:00.000000Z,2002.469970703125,2005.199951171875,2001.1800537109375,2004,99381248,2026-06-02T00:00:00.000000Z
2026-06-02T00:00:00.000000Z,2003.9100341796875,2004.030029296875,2000.5999755859375,2001,19566592,2026-06-02T00:15:00.000000Z
2026-06-02T00:15:00.000000Z,2001.1199951171875,2002.6800537109375,1995.31005859375,1998.1800537109375,146710528,2026-06-02T00:30:00.000000Z
2026-06-02T00:30:00.000000Z,1999.02001953125,1999.800048828125,1993.3299560546875,1995.1300048828125,0,2026-06-02T00:45:00.000000Z
2026-06-02T00:45:00.000000Z,1995.3599853515625,1997.449951171875,1993.4599609375,1993.8199462890625,0,2026-06-02T01:00:00.000000Z
2026-06-02T01:00:00.000000Z,1994.27001953125,1995.780029296875,1990,1995.6600341796875,129357824,2026-06-02T01:15:00.000000Z
2026-06-02T01:15:00.000000Z,1995.969970703125,1996.1099853515625,1989.530029296875,1989.530029296875,317206528,2026-06-02T01:30:00.000000Z
2026-06-02T01:30:00.000000Z,1989.489990234375,1990.699951171875,1979.6500244140625,1983.68994140625,0,2026-06-02T01:45:00.000000Z
2026-06-02T01:45:00.000000Z,1983.550048828125,1983.6199951171875,1977,1977,269191168,2026-06-02T02:00:00.000000Z
2026-06-02T02:00:00.000000Z,1978.18994140625,1978.18994140625,1960.0799560546875,1969.6700439453125,88680448,2026-06-02T02:15:00.000000Z
2026-06-02T02:15:00.000000Z,1970.02001953125,1986.9100341796875,1965.719970703125,1986,65918976,2026-06-02T02:30:00.000000Z
2026-06-02T02:30:00.000000Z,1985.81005859375,1991.4300537109375,1982.030029296875,1982.6600341796875,473264128,2026-06-02T02:45:00.000000Z
2026-06-02T02:45:00.000000Z,1982.050048828125,1993.280029296875,1981.739990234375,1993.0400390625,139853824,2026-06-02T03:00:00.000000Z
2026-06-02T03:00:00.000000Z,1993.6800537109375,1999.72998046875,1992.030029296875,1995.800048828125,343281664,2026-06-02T03:15:00.000000Z
2026-06-02T03:15:00.000000Z,1996,1999.1800537109375,1993.1300048828125,1997.97998046875,183744512,2026-06-02T03:30:00.000000Z
2026-06-02T03:30:00.000000Z,1998.52001953125,2002.06005859375,1996.5899658203125,2001.050048828125,333412352,2026-06-02T03:45:00.000000Z
2026-06-02T03:45:00.000000Z,2001,2002.0799560546875,1998.97998046875,2000.760009765625,143210496,2026-06-02T04:00:00.000000Z
2026-06-02T04:00:00.000000Z,2001.7900390625,2002.7900390625,1994.050048828125,1995.3699951171875,5971968,2026-06-02T04:15:00.000000Z
2026-06-02T04:15:00.000000Z,1995.6500244140625,2003.75,1995.3800048828125,2001.5400390625,9938944,2026-06-02T04:30:00.000000Z
2026-06-02T04:30:00.000000Z,2001.3199462890625,2002.469970703125,1998.02001953125,1999.3399658203125,12419072,2026-06-02T04:45:00.000000Z
2026-06-02T04:45:00.000000Z,1998.760009765625,1998.760009765625,1992.9200439453125,1993.81005859375,132626432,2026-06-02T05:00:00.000000Z
2026-06-02T05:00:00.000000Z,1993.8800048828125,1998.199951171875,1987.18994140625,1997.0400390625,0,2026-06-02T05:15:00.000000Z
2026-06-02T05:15:00.000000Z,1996.9300537109375,1996.9300537109375,1988.510009765625,1989.0999755859375,34002944,2026-06-02T05:30:00.000000Z
2026-06-02T05:30:00.000000Z,1989.27001953125,1992.4599609375,1984.3499755859375,1988.699951171875,312076288,2026-06-02T05:45:00.000000Z
2026-06-02T05:45:00.000000Z,1988.800048828125,1988.8499755859375,1981.7900390625,1981.8800048828125,93747200,2026-06-02T06:00:00.000000Z
2026-06-02T06:00:00.000000Z,1981.6700439453125,1985.43994140625,1977.6800537109375,1979.050048828125,169472000,2026-06-02T06:15:00.000000Z
2026-06-02T06:15:00.000000Z,1979.050048828125,1982.1600341796875,1976.77001953125,1981.8299560546875,137828352,2026-06-02T06:30:00.000000Z
2026-06-02T06:30:00.000000Z,1981.9100341796875,1985.5899658203125,1981.3900146484375,1981.52001953125,72503296,2026-06-02T06:45:00.000000Z
2026-06-02T06:45:00.000000Z,1981.199951171875,1984.469970703125,1975.4599609375,1979.3800048828125,7725056,2026-06-02T07:00:00.000000Z
2026-06-02T07:00:00.000000Z,1980,1980.68994140625,1971.43994140625,1978.3900146484375,69896192,2026-06-02T07:15:00.000000Z
2026-06-02T07:15:00.000000Z,1978.5,1987,1974.31005859375,1976,37488640,2026-06-02T07:30:00.000000Z
2026-06-02T07:30:00.000000Z,1976.25,1986.2900390625,1976,1983.4100341796875,158523392,2026-06-02T07:45:00.000000Z
2026-06-02T07:45:00.000000Z,1982.9100341796875,1983.25,1978.6800537109375,1978.8299560546875,130926592,2026-06-02T08:00:00.000000Z
2026-06-02T08:00:00.000000Z,1978.93994140625,1982.0899658203125,1976.010009765625,1980.800048828125,0,2026-06-02T08:15:00.000000Z
2026-06-02T08:15:00.000000Z,1980.300048828125,1985.9000244140625,1977.219970703125,1982.7900390625,31008768,2026-06-02T08:30:00.000000Z
2026-06-02T08:30:00.000000Z,1982.8299560546875,1985.31005859375,1977.5999755859375,1977.5999755859375,0,2026-06-02T08:45:00.000000Z
2026-06-02T08:45:00.000000Z,1977.989990234375,1979.6300048828125,1973.760009765625,1976.199951171875,0,2026-06-02T09:00:00.000000Z
2026-06-02T09:00:00.000000Z,1976.4000244140625,1976.7900390625,1967.97998046875,1969.68994140625,114245632,2026-06-02T09:15:00.000000Z
2026-06-02T09:15:00.000000Z,1969.3599853515625,1970.1500244140625,1963.8599853515625,1966.1800537109375,204664832,2026-06-02T09:30:00.000000Z
2026-06-02T09:30:00.000000Z,1966.219970703125,1972.780029296875,1964.739990234375,1969.22998046875,206362624,2026-06-02T09:45:00.000000Z
2026-06-02T09:45:00.000000Z,1968.8900146484375,1973.3699951171875,1966.93994140625,1972.0799560546875,32124928,2026-06-02T10:00:00.000000Z
2026-06-02T10:00:00.000000Z,1972.1500244140625,1976.719970703125,1968.6099853515625,1974.5799560546875,153368576,2026-06-02T10:15:00.000000Z
2026-06-02T10:15:00.000000Z,1974.5400390625,1977.1800537109375,1973.1600341796875,1976.510009765625,168779776,2026-06-02T10:30:00.000000Z
2026-06-02T10:30:00.000000Z,1976.75,1977.75,1972.47998046875,1972.719970703125,19851264,2026-06-02T10:45:00.000000Z
2026-06-02T10:45:00.000000Z,1972.7099609375,1981.0999755859375,1972.7099609375,1980.5999755859375,176594944,2026-06-02T11:00:00.000000Z
2026-06-02T11:00:00.000000Z,1980.7900390625,1980.97998046875,1976.02001953125,1978.1199951171875,20539392,2026-06-02T11:15:00.000000Z
2026-06-02T11:15:00.000000Z,1977.800048828125,1978.0400390625,1974.239990234375,1975.0899658203125,158339072,2026-06-02T11:30:00.000000Z
2026-06-02T11:30:00.000000Z,1975.1600341796875,1977.3499755859375,1973.1500244140625,1975.5400390625,48062464,2026-06-02T11:45:00.000000Z
2026-06-02T11:45:00.000000Z,1975.9599609375,1979.1700439453125,1975.3399658203125,1976.1099853515625,121280512,2026-06-02T12:00:00.000000Z
2026-06-02T12:00:00.000000Z,1975.699951171875,1979.1400146484375,1972.75,1975.1500244140625,0,2026-06-02T12:15:00.000000Z
2026-06-02T12:15:00.000000Z,1974.93994140625,1980.0899658203125,1972.760009765625,1977.199951171875,0,2026-06-02T12:30:00.000000Z
2026-06-02T12:30:00.000000Z,1977.199951171875,1977.199951171875,1969.3399658203125,1976.1800537109375,159698944,2026-06-02T12:45:00.000000Z
2026-06-02T12:45:00.000000Z,1975.77001953125,1976.8199462890625,1972.489990234375,1973.5999755859375,44838912,2026-06-02T13:00:00.000000Z
2026-06-02T13:00:00.000000Z,1973.4300537109375,1976.9000244140625,1970.010009765625,1970.22998046875,688386048,2026-06-02T13:15:00.000000Z
2026-06-02T13:15:00.000000Z,1970.77001953125,1977.800048828125,1970.56005859375,1976.699951171875,130586624,2026-06-02T13:30:00.000000Z
2026-06-02T13:30:00.000000Z,1976.31005859375,1978.68994140625,1968.800048828125,1973.550048828125,95565824,2026-06-02T13:45:00.000000Z
2026-06-02T13:45:00.000000Z,1974.5999755859375,1976.0999755859375,1968.7099609375,1970.699951171875,61802496,2026-06-02T14:00:00.000000Z
2026-06-02T14:00:00.000000Z,1971.4000244140625,1971.4000244140625,1956.2900390625,1964.22998046875,0,2026-06-02T14:15:00.000000Z
2026-06-02T14:15:00.000000Z,1963.27001953125,1964.469970703125,1924.77001953125,1933.3900146484375,92827648,2026-06-02T14:30:00.000000Z
2026-06-02T14:30:00.000000Z,1932.699951171875,1943.5,1928.2099609375,1932.3599853515625,981252096,2026-06-02T14:45:00.000000Z
2026-06-02T14:45:00.000000Z,1932.0799560546875,1941.6800537109375,1932.0799560546875,1937.550048828125,420253696,2026-06-02T15:00:00.000000Z
2026-06-02T15:00:00.000000Z,1936.75,1937.52001953125,1928.5,1930.9000244140625,131530752,2026-06-02T15:15:00.000000Z
2026-06-02T15:15:00.000000Z,1931.199951171875,1931.199951171875,1904.75,1909,507103232,2026-06-02T15:30:00.000000Z
2026-06-02T15:30:00.000000Z,1908.4100341796875,1908.81005859375,1892.300048828125,1905.300048828125,880121856,2026-06-02T15:45:00.000000Z
2026-06-02T15:45:00.000000Z,1905.5,1913.6800537109375,1903,1911.199951171875,971429888,2026-06-02T16:00:00.000000Z
2026-06-02T16:00:00.000000Z,1910.25,1930.4100341796875,1906.1500244140625,1930.18994140625,100708352,2026-06-02T16:15:00.000000Z
2026-06-02T16:15:00.000000Z,1932,1938.81005859375,1924.510009765625,1927.7099609375,509939712,2026-06-02T16:30:00.000000Z
2026-06-02T16:30:00.000000Z,1927.4000244140625,1928,1919.800048828125,1921.510009765625,5326848,2026-06-02T16:45:00.000000Z
2026-06-02T16:45:00.000000Z,1921.9000244140625,1926.219970703125,1917.3699951171875,1917.56005859375,584984576,2026-06-02T17:00:00.000000Z
2026-06-02T17:00:00.000000Z,1917.3900146484375,1924.199951171875,1916.7099609375,1921.93994140625,115640320,2026-06-02T17:15:00.000000Z
2026-06-02T17:15:00.000000Z,1921.4100341796875,1928,1919.800048828125,1924.449951171875,6895616,2026-06-02T17:30:00.000000Z
2026-06-02T17:30:00.000000Z,1924,1927.699951171875,1919.449951171875,1920.280029296875,0,2026-06-02T17:45:00.000000Z
2026-06-02T17:45:00.000000Z,1920.47998046875,1921.4100341796875,1917.56005859375,1920.4300537109375,0,2026-06-02T18:00:00.000000Z
2026-06-02T18:00:00.000000Z,1920.3499755859375,1924.5899658203125,1919.4300537109375,1919.5899658203125,302295040,2026-06-02T18:15:00.000000Z
2026-06-02T18:15:00.000000Z,1919.760009765625,1920.3599853515625,1910.1500244140625,1910.3599853515625,97177600,2026-06-02T18:30:00.000000Z
2026-06-02T18:30:00.000000Z,1910.6700439453125,1911.9000244140625,1906.4200439453125,1908.8599853515625,404140032,2026-06-02T18:45:00.000000Z
2026-06-02T18:45:00.000000Z,1908.9599609375,1910.31005859375,1901.3299560546875,1909.6800537109375,4134912,2026-06-02T19:00:00.000000Z
2026-06-02T19:00:00.000000Z,1909.739990234375,1913.1700439453125,1907.5,1911.6500244140625,147791872,2026-06-02T19:15:00.000000Z
2026-06-02T19:15:00.000000Z,1911.6500244140625,1912.02001953125,1900.5999755859375,1901.469970703125,170082304,2026-06-02T19:30:00.000000Z
2026-06-02T19:30:00.000000Z,1901.9100341796875,1902.3900146484375,1881.9300537109375,1899.3299560546875,665677824,2026-06-02T19:45:00.000000Z
2026-06-02T19:45:00.000000Z,1899.6300048828125,1914.2099609375,1896.8499755859375,1909.1800537109375,140754944,2026-06-02T20:00:00.000000Z
2026-06-02T20:00:00.000000Z,1907.3599853515625,1915.6099853515625,1904.3199462890625,1911.469970703125,417210368,2026-06-02T20:15:00.000000Z
2026-06-02T20:15:00.000000Z,1911.5999755859375,1911.8800048828125,1893.3900146484375,1893.6600341796875,14395392,2026-06-02T20:30:00.000000Z
2026-06-02T20:30:00.000000Z,1893.9100341796875,1901.97998046875,1893.6800537109375,1897.77001953125,394051584,2026-06-02T20:45:00.000000Z
2026-06-02T20:45:00.000000Z,1897.699951171875,1908.030029296875,1897.0799560546875,1903.760009765625,161501184,2026-06-02T21:00:00.000000Z
2026-06-02T21:00:00.000000Z,1903.8299560546875,1907.8199462890625,1897.27001953125,1899.1300048828125,150958080,2026-06-02T21:15:00.000000Z
2026-06-02T21:15:00.000000Z,1899.8399658203125,1907.9200439453125,1899.8399658203125,1906.5799560546875,0,2026-06-02T21:30:00.000000Z
2026-06-02T21:30:00.000000Z,1906.8599853515625,1907.6600341796875,1901.3399658203125,1902.22998046875,126656512,2026-06-02T21:45:00.000000Z
2026-06-02T21:45:00.000000Z,1902.47998046875,1902.7099609375,1894.31005859375,1897.5400390625,29790208,2026-06-02T22:00:00.000000Z
2026-06-02T22:00:00.000000Z,1896.969970703125,1896.969970703125,1885.93994140625,1886.22998046875,170115072,2026-06-02T22:15:00.000000Z
2026-06-02T22:15:00.000000Z,1886.699951171875,1906.5999755859375,1875.02001953125,1898.6199951171875,519739392,2026-06-02T22:30:00.000000Z
2026-06-02T22:30:00.000000Z,1897.9300537109375,1898.760009765625,1886.4300537109375,1889.780029296875,127207424,2026-06-02T22:45:00.000000Z
2026-06-02T22:45:00.000000Z,1889.18994140625,1889.18994140625,1861.8599853515625,1865.43994140625,288964608,2026-06-02T23:00:00.000000Z
2026-06-02T23:00:00.000000Z,1865.9000244140625,1869.9200439453125,1855.3699951171875,1868.6500244140625,748185600,2026-06-02T23:15:00.000000Z
2026-06-02T23:15:00.000000Z,1869.6099853515625,1870.6700439453125,1838.199951171875,1845.699951171875,1094572032,2026-06-02T23:30:00.000000Z
2026-06-02T23:30:00.000000Z,1845.1300048828125,1853.43994140625,1838.0899658203125,1853.3499755859375,488667136,2026-06-02T23:45:00.000000Z
2026-06-02T23:45:00.000000Z,1850.77001953125,1859.760009765625,1850.77001953125,1857.2099609375,515526656,2026-06-03T00:00:00.000000Z
2026-06-03T00:00:00.000000Z,1857.4000244140625,1865.56005859375,1852.3399658203125,1865.1099853515625,80220160,2026-06-03T00:15:00.000000Z
2026-06-03T00:15:00.000000Z,1865.4599609375,1871.5699462890625,1860.550048828125,1860.9599609375,118583296,2026-06-03T00:30:00.000000Z
2026-06-03T00:30:00.000000Z,1860.9000244140625,1869.3299560546875,1857.9000244140625,1867.47998046875,397729792,2026-06-03T00:45:00.000000Z
2026-06-03T00:45:00.000000Z,1867.300048828125,1869.0999755859375,1864.77001953125,1865.030029296875,115748864,2026-06-03T01:00:00.000000Z
2026-06-03T01:00:00.000000Z,1865.1400146484375,1865.1400146484375,1853.31005859375,1856.6199951171875,50061312,2026-06-03T01:15:00.000000Z
2026-06-03T01:15:00.000000Z,1856.0999755859375,1866.4000244140625,1856.0999755859375,1865.52001953125,349720576,2026-06-03T01:30:00.000000Z
2026-06-03T01:30:00.000000Z,1865.550048828125,1867.56005859375,1847.8299560546875,1848.8599853515625,48283648,2026-06-03T01:45:00.000000Z
2026-06-03T01:45:00.000000Z,1849.1500244140625,1864.5699462890625,1849.1500244140625,1861.6099853515625,289468416,2026-06-03T02:00:00.000000Z
2026-06-03T02:00:00.000000Z,1861.719970703125,1861.719970703125,1855.1500244140625,1857.1199951171875,478306304,2026-06-03T02:15:00.000000Z
2026-06-03T02:15:00.000000Z,1857.219970703125,1860.1099853515625,1850.280029296875,1851.1199951171875,19879936,2026-06-03T02:30:00.000000Z
2026-06-03T02:30:00.000000Z,1851.3399658203125,1857.239990234375,1850.3900146484375,1853.0799560546875,24213504,2026-06-03T02:45:00.000000Z
2026-06-03T02:45:00.000000Z,1853.1199951171875,1854.0699462890625,1848.9200439453125,1851.47998046875,51562496,2026-06-03T03:00:00.000000Z
2026-06-03T03:00:00.000000Z,1851.9300537109375,1854.06005859375,1843.72998046875,1849.25,0,2026-06-03T03:15:00.000000Z
2026-06-03T03:15:00.000000Z,1849.699951171875,1852.6800537109375,1839.260009765625,1840.760009765625,166586368,2026-06-03T03:30:00.000000Z
2026-06-03T03:30:00.000000Z,1841.2900390625,1845.1199951171875,1821.81005859375,1822.2099609375,518932480,2026-06-03T03:45:00.000000Z
2026-06-03T03:45:00.000000Z,1822.300048828125,1832.25,1814.800048828125,1825.4200439453125,408096768,2026-06-03T04:00:00.000000Z
2026-06-03T04:00:00.000000Z,1826.5899658203125,1843.800048828125,1826.469970703125,1837.3599853515625,419371008,2026-06-03T04:15:00.000000Z
2026-06-03T04:15:00.000000Z,1837.6300048828125,1845,1835.81005859375,1842.280029296875,364816384,2026-06-03T04:30:00.000000Z
2026-06-03T04:30:00.000000Z,1842.18994140625,1842.31005859375,1836.4000244140625,1841.530029296875,93114368,2026-06-03T04:45:00.000000Z
2026-06-03T04:45:00.000000Z,1841.6600341796875,1849.25,1838.1700439453125,1848.1600341796875,229822464,2026-06-03T05:00:00.000000Z
2026-06-03T05:00:00.000000Z,1849.0799560546875,1870.6800537109375,1847.260009765625,1865.530029296875,794183680,2026-06-03T05:15:00.000000Z
2026-06-03T05:15:00.000000Z,1867.010009765625,1870.780029296875,1863.0899658203125,1867.6199951171875,1106163712,2026-06-03T05:30:00.000000Z
2026-06-03T05:30:00.000000Z,1866.780029296875,1866.9000244140625,1856.4300537109375,1862.5799560546875,847640576,2026-06-03T05:45:00.000000Z
2026-06-03T05:45:00.000000Z,1862.4200439453125,1873.31005859375,1861.9300537109375,1870.739990234375,130742272,2026-06-03T06:00:00.000000Z
2026-06-03T06:00:00.000000Z,1871.3900146484375,1872.6500244140625,1868.3399658203125,1871.6300048828125,226107392,2026-06-03T06:15:00.000000Z
2026-06-03T06:15:00.000000Z,1871.4000244140625,1872.469970703125,1869.1500244140625,1869.2900390625,62939136,2026-06-03T06:30:00.000000Z
2026-06-03T06:30:00.000000Z,1869.0999755859375,1881.1199951171875,1868.8900146484375,1877.8800048828125,315721728,2026-06-03T06:45:00.000000Z
2026-06-03T06:45:00.000000Z,1878.760009765625,1878.760009765625,1867.9300537109375,1869.199951171875,114235392,2026-06-03T07:00:00.000000Z
2026-06-03T07:00:00.000000Z,1869.3499755859375,1873.8900146484375,1865.5699462890625,1870.8699951171875,165535744,2026-06-03T07:15:00.000000Z
2026-06-03T07:15:00.000000Z,1871.3299560546875,1877.25,1869.6300048828125,1874.52001953125,178866176,2026-06-03T07:30:00.000000Z
2026-06-03T07:30:00.000000Z,1874.5899658203125,1877.3699951171875,1871.0400390625,1874.1700439453125,27164672,2026-06-03T07:45:00.000000Z
2026-06-03T07:45:00.000000Z,1874.27001953125,1877.5999755859375,1873.9200439453125,1875.719970703125,123238400,2026-06-03T08:00:00.000000Z
2026-06-03T08:00:00.000000Z,1875.6199951171875,1877.280029296875,1872.18994140625,1872.280029296875,0,2026-06-03T08:15:00.000000Z
2026-06-03T08:15:00.000000Z,1872.18994140625,1874.1099853515625,1870.68994140625,1872.5799560546875,412145664,2026-06-03T08:30:00.000000Z
2026-06-03T08:30:00.000000Z,1872.8399658203125,1878.1099853515625,1871.8599853515625,1877.239990234375,420712448,2026-06-03T08:45:00.000000Z
2026-06-03T08:45:00.000000Z,1876.9200439453125,1880.469970703125,1875.8499755859375,1877.4599609375,337504256,2026-06-03T09:00:00.000000Z
2026-06-03T09:00:00.000000Z,1877.989990234375,1880.3299560546875,1876.2099609375,1876.3399658203125,3272704,2026-06-03T09:15:00.000000Z
2026-06-03T09:15:00.000000Z,1876.3399658203125,1877.77001953125,1874.2900390625,1874.469970703125,231548928,2026-06-03T09:30:00.000000Z
2026-06-03T09:30:00.000000Z,1874.4100341796875,1874.989990234375,1869.47998046875,1869.72998046875,12457984,2026-06-03T09:45:00.000000Z
2026-06-03T09:45:00.000000Z,1869.6199951171875,1882.56005859375,1867.0799560546875,1873.5999755859375,316604416,2026-06-03T10:00:00.000000Z
2026-06-03T10:00:00.000000Z,1873.75,1889.6700439453125,1872.1300048828125,1882.6800537109375,235247616,2026-06-03T10:15:00.000000Z
2026-06-03T10:15:00.000000Z,1881.9599609375,1883.8900146484375,1879.6400146484375,1883.6800537109375,85530624,2026-06-03T10:30:00.000000Z
2026-06-03T10:30:00.000000Z,1883.8499755859375,1885.72998046875,1880.1099853515625,1880.6500244140625,21071872,2026-06-03T10:45:00.000000Z
2026-06-03T10:45:00.000000Z,1880.6099853515625,1882.4000244140625,1879.52001953125,1882.0400390625,13395968,2026-06-03T11:00:00.000000Z
2026-06-03T11:00:00.000000Z,1881.6099853515625,1885.0799560546875,1880.3299560546875,1885.0799560546875,210604032,2026-06-03T11:15:00.000000Z
2026-06-03T11:15:00.000000Z,1884.6099853515625,1885.3199462890625,1881.93994140625,1884.2099609375,291624960,2026-06-03T11:30:00.000000Z
2026-06-03T11:30:00.000000Z,1884.1300048828125,1884.1300048828125,1877.5,1878.6300048828125,221360128,2026-06-03T11:45:00.000000Z
2026-06-03T11:45:00.000000Z,1878.510009765625,1878.510009765625,1873.7099609375,1875.5,0,2026-06-03T12:00:00.000000Z
2026-06-03T12:00:00.000000Z,1875.6199951171875,1876.8900146484375,1870.3699951171875,1872.199951171875,476043264,2026-06-03T12:15:00.000000Z
2026-06-03T12:15:00.000000Z,1871.1700439453125,1871.800048828125,1865.780029296875,1870.9200439453125,217495552,2026-06-03T12:30:00.000000Z
2026-06-03T12:30:00.000000Z,1870.6700439453125,1877.469970703125,1865.800048828125,1870.0400390625,35409920,2026-06-03T12:45:00.000000Z
2026-06-03T12:45:00.000000Z,1869.3599853515625,1877.300048828125,1868.8699951171875,1873.9100341796875,1004582912,2026-06-03T13:00:00.000000Z
2026-06-03T13:00:00.000000Z,1874.3900146484375,1876.77001953125,1868.47998046875,1871.5999755859375,173973504,2026-06-03T13:15:00.000000Z
2026-06-03T13:15:00.000000Z,1871.530029296875,1875.7099609375,1865.52001953125,1865.9100341796875,12664832,2026-06-03T13:30:00.000000Z
2026-06-03T13:30:00.000000Z,1867.199951171875,1874.6500244140625,1861.0699462890625,1861.5999755859375,4165632,2026-06-03T13:45:00.000000Z
2026-06-03T13:45:00.000000Z,1863.22998046875,1868.81005859375,1858.6800537109375,1864.219970703125,36626432,2026-06-03T14:00:00.000000Z
2026-06-03T14:00:00.000000Z,1863.9100341796875,1864.8299560546875,1859.1199951171875,1862.77001953125,102617088,2026-06-03T14:15:00.000000Z
2026-06-03T14:15:00.000000Z,1862.199951171875,1863,1851.739990234375,1854.8800048828125,0,2026-06-03T14:30:00.000000Z
2026-06-03T14:30:00.000000Z,1855.4000244140625,1859,1850.1400146484375,1850.5400390625,0,2026-06-03T14:45:00.000000Z
2026-06-03T14:45:00.000000Z,1850.6199951171875,1855.9599609375,1849.72998046875,1855.5799560546875,83165184,2026-06-03T15:00:00.000000Z
2026-06-03T15:00:00.000000Z,1854.780029296875,1856.9200439453125,1845.1400146484375,1848.300048828125,515670016,2026-06-03T15:15:00.000000Z
2026-06-03T15:15:00.000000Z,1848.550048828125,1852.43994140625,1841.7099609375,1850.7099609375,174192640,2026-06-03T15:30:00.000000Z
2026-06-03T15:30:00.000000Z,1850.52001953125,1853.1300048828125,1839.989990234375,1841.8299560546875,0,2026-06-03T15:45:00.000000Z
2026-06-03T15:45:00.000000Z,1842.22998046875,1842.9599609375,1833.6700439453125,1834.0999755859375,785442816,2026-06-03T16:00:00.000000Z
2026-06-03T16:00:00.000000Z,1834.7900390625,1840.800048828125,1829.530029296875,1833.9000244140625,196937728,2026-06-03T16:15:00.000000Z
2026-06-03T16:15:00.000000Z,1832.4200439453125,1836.3299560546875,1809.25,1816.27001953125,0,2026-06-03T16:30:00.000000Z
2026-06-03T16:30:00.000000Z,1816.760009765625,1826.0699462890625,1814.030029296875,1825.5899658203125,911454208,2026-06-03T16:45:00.000000Z
2026-06-03T16:45:00.000000Z,1826.510009765625,1830.280029296875,1823.3499755859375,1829.68994140625,24641536,2026-06-03T17:00:00.000000Z
2026-06-03T17:00:00.000000Z,1830.239990234375,1830.5999755859375,1816.18994140625,1817.4100341796875,360683520,2026-06-03T17:15:00.000000Z
2026-06-03T17:15:00.000000Z,1817.8199462890625,1826.6400146484375,1817.8199462890625,1826.5899658203125,251914240,2026-06-03T17:30:00.000000Z
2026-06-03T17:30:00.000000Z,1826.5999755859375,1836.3199462890625,1823.6600341796875,1833.0799560546875,82733056,2026-06-03T17:45:00.000000Z
2026-06-03T17:45:00.000000Z,1833.1400146484375,1833.3299560546875,1821.0899658203125,1825.3900146484375,103147520,2026-06-03T18:00:00.000000Z
2026-06-03T18:00:00.000000Z,1825.4300537109375,1829.8499755859375,1822.9300537109375,1826.3299560546875,419866624,2026-06-03T18:15:00.000000Z
2026-06-03T18:15:00.000000Z,1825.989990234375,1825.989990234375,1818.8599853515625,1822.93994140625,235919360,2026-06-03T18:30:00.000000Z
2026-06-03T18:30:00.000000Z,1823.1199951171875,1829.6500244140625,1820.239990234375,1827.8499755859375,144386048,2026-06-03T18:45:00.000000Z
2026-06-03T18:45:00.000000Z,1828.050048828125,1831.8800048828125,1827.719970703125,1829.7900390625,311115776,2026-06-03T19:00:00.000000Z
2026-06-03T19:00:00.000000Z,1829.719970703125,1831.0699462890625,1823.4100341796875,1825.1199951171875,1421312,2026-06-03T19:15:00.000000Z
2026-06-03T19:15:00.000000Z,1825.4300537109375,1825.5,1811.81005859375,1813.2900390625,53264384,2026-06-03T19:30:00.000000Z
2026-06-03T19:30:00.000000Z,1813.3699951171875,1820.0799560546875,1811.22998046875,1817.0699462890625,0,2026-06-03T19:45:00.000000Z
2026-06-03T19:45:00.000000Z,1816.56005859375,1820.3699951171875,1794.510009765625,1801.1400146484375,80476160,2026-06-03T20:00:00.000000Z
2026-06-03T20:00:00.000000Z,1799.56005859375,1809.97998046875,1791.5699462890625,1808.6199951171875,946016256,2026-06-03T20:15:00.000000Z
2026-06-03T20:15:00.000000Z,1804.4599609375,1808.68994140625,1794.5799560546875,1807.56005859375,720521216,2026-06-03T20:30:00.000000Z
2026-06-03T20:30:00.000000Z,1807.510009765625,1807.510009765625,1791.25,1791.25,21379072,2026-06-03T20:45:00.000000Z
2026-06-03T20:45:00.000000Z,1791.47998046875,1793.22998046875,1772.0699462890625,1779.4599609375,1056466944,2026-06-03T21:00:00.000000Z
2026-06-03T21:00:00.000000Z,1779.469970703125,1800.3599853515625,1775.4000244140625,1795.260009765625,263178240,2026-06-03T21:15:00.000000Z
2026-06-03T21:15:00.000000Z,1795.3599853515625,1801.0799560546875,1795.3599853515625,1799.739990234375,1038555136,2026-06-03T21:30:00.000000Z
2026-06-03T21:30:00.000000Z,1798.68994140625,1834.4300537109375,1798.68994140625,1826.25,405952512,2026-06-03T21:45:00.000000Z
2026-06-03T21:45:00.000000Z,1825.8699951171875,1846.719970703125,1822.800048828125,1846.6700439453125,829714432,2026-06-03T22:00:00.000000Z
2026-06-03T22:00:00.000000Z,1845.0899658203125,1846.97998046875,1834.489990234375,1835.8199462890625,37132288,2026-06-03T22:15:00.000000Z
2026-06-03T22:15:00.000000Z,1834.800048828125,1834.800048828125,1824.6099853515625,1827.5999755859375,751849472,2026-06-03T22:30:00.000000Z
2026-06-03T22:30:00.000000Z,1825.43994140625,1832.81005859375,1822.1600341796875,1828.300048828125,182022144,2026-06-03T22:45:00.000000Z
2026-06-03T22:45:00.000000Z,1827.8399658203125,1828.75,1820.9100341796875,1826.0400390625,0,2026-06-03T23:00:00.000000Z
2026-06-03T23:00:00.000000Z,1826.3599853515625,1828.1700439453125,1815.1700439453125,1820.8800048828125,0,2026-06-03T23:15:00.000000Z
2026-06-03T23:15:00.000000Z,1819.9300537109375,1822.530029296875,1813.8800048828125,1819.47998046875,188768256,2026-06-03T23:30:00.000000Z
2026-06-03T23:30:00.000000Z,1820.239990234375,1822.8299560546875,1811.8399658203125,1813.8599853515625,104108032,2026-06-03T23:45:00.000000Z
2026-06-03T23:45:00.000000Z,1814.43994140625,1818.0999755859375,1810.239990234375,1810.5799560546875,91789312,2026-06-04T00:00:00.000000Z
2026-06-04T00:00:00.000000Z,1809.93994140625,1818,1808.0799560546875,1814.5999755859375,452179968,2026-06-04T00:15:00.000000Z
2026-06-04T00:15:00.000000Z,1814.1600341796875,1816.97998046875,1785.699951171875,1785.699951171875,12707840,2026-06-04T00:30:00.000000Z
2026-06-04T00:30:00.000000Z,1783.52001953125,1801.449951171875,1780.800048828125,1798.1099853515625,303925248,2026-06-04T00:45:00.000000Z
2026-06-04T00:45:00.000000Z,1796.489990234375,1796.489990234375,1784.43994140625,1791.22998046875,429303808,2026-06-04T01:00:00.000000Z
2026-06-04T01:00:00.000000Z,1791.3800048828125,1797.4000244140625,1782.800048828125,1784.469970703125,361263104,2026-06-04T01:15:00.000000Z
2026-06-04T01:15:00.000000Z,1784.050048828125,1784.050048828125,1765.0799560546875,1770.969970703125,517773312,2026-06-04T01:30:00.000000Z
2026-06-04T01:30:00.000000Z,1772.6400146484375,1786.4200439453125,1771.3199462890625,1779.719970703125,183064576,2026-06-04T01:45:00.000000Z
2026-06-04T01:45:00.000000Z,1778,1779.8399658203125,1753.1600341796875,1757.3499755859375,638797824,2026-06-04T02:00:00.000000Z
2026-06-04T02:00:00.000000Z,1758.739990234375,1758.800048828125,1717.06005859375,1744.949951171875,1102182400,2026-06-04T02:15:00.000000Z
2026-06-04T02:15:00.000000Z,1743.8599853515625,1770.300048828125,1735.449951171875,1764.25,323602432,2026-06-04T02:30:00.000000Z
2026-06-04T02:30:00.000000Z,1763.97998046875,1774.68994140625,1761.6199951171875,1771.72998046875,687495168,2026-06-04T02:45:00.000000Z
2026-06-04T02:45:00.000000Z,1771.31005859375,1776.3699951171875,1763.9100341796875,1764.5799560546875,808290304,2026-06-04T03:00:00.000000Z
2026-06-04T03:00:00.000000Z,1765,1794.6500244140625,1765,1791.2099609375,320067584,2026-06-04T03:15:00.000000Z
2026-06-04T03:15:00.000000Z,1790.5999755859375,1798.1800537109375,1790.5999755859375,1792.6199951171875,198354944,2026-06-04T03:30:00.000000Z
2026-06-04T03:30:00.000000Z,1792.31005859375,1810.02001953125,1792.31005859375,1806.3199462890625,222976000,2026-06-04T03:45:00.000000Z
2026-06-04T03:45:00.000000Z,1806.1300048828125,1809.6500244140625,1803.77001953125,1806.760009765625,179263488,2026-06-04T04:00:00.000000Z
2026-06-04T04:00:00.000000Z,1806.6700439453125,1814.4200439453125,1806.0899658203125,1811.7099609375,0,2026-06-04T04:15:00.000000Z
2026-06-04T04:15:00.000000Z,1811.239990234375,1815.4599609375,1807.3399658203125,1809.0799560546875,231972864,2026-06-04T04:30:00.000000Z
2026-06-04T04:30:00.000000Z,1808.43994140625,1810.5,1802.469970703125,1805.3199462890625,315023360,2026-06-04T04:45:00.000000Z
2026-06-04T04:45:00.000000Z,1805.550048828125,1806.199951171875,1800.949951171875,1803.4000244140625,35416064,2026-06-04T05:00:00.000000Z
2026-06-04T05:00:00.000000Z,1803.1199951171875,1803.1199951171875,1783.300048828125,1790.68994140625,335845376,2026-06-04T05:15:00.000000Z
2026-06-04T05:15:00.000000Z,1790.6300048828125,1793.06005859375,1782.77001953125,1782.77001953125,389070848,2026-06-04T05:30:00.000000Z
2026-06-04T05:30:00.000000Z,1782.739990234375,1792.9200439453125,1779.6500244140625,1792,187101184,2026-06-04T05:45:00.000000Z
2026-06-04T05:45:00.000000Z,1792.1600341796875,1792.1600341796875,1779.969970703125,1782.3699951171875,528637952,2026-06-04T06:00:00.000000Z
2026-06-04T06:00:00.000000Z,1781.5,1789,1780.300048828125,1789,129714176,2026-06-04T06:15:00.000000Z
2026-06-04T06:15:00.000000Z,1788.260009765625,1799.0799560546875,1787.510009765625,1795.6800537109375,270075904,2026-06-04T06:30:00.000000Z
2026-06-04T06:30:00.000000Z,1795.52001953125,1799.22998046875,1789.3900146484375,1796.199951171875,208588800,2026-06-04T06:45:00.000000Z
2026-06-04T06:45:00.000000Z,1794.300048828125,1796.1400146484375,1785.5899658203125,1788.010009765625,144703488,2026-06-04T07:00:00.000000Z
2026-06-04T07:00:00.000000Z,1788.469970703125,1789,1775.93994140625,1781.030029296875,193175552,2026-06-04T07:15:00.000000Z
2026-06-04T07:15:00.000000Z,1781.280029296875,1782.25,1771.7900390625,1776.1300048828125,195667968,2026-06-04T07:30:00.000000Z
2026-06-04T07:30:00.000000Z,1775.97998046875,1784.8800048828125,1775.97998046875,1782.780029296875,352501760,2026-06-04T07:45:00.000000Z
2026-06-04T07:45:00.000000Z,1782.8499755859375,1782.8499755859375,1775,1775.5999755859375,764954624,2026-06-04T08:00:00.000000Z
2026-06-04T08:00:00.000000Z,1775.9100341796875,1781.0400390625,1765.8299560546875,1765.8299560546875,0,2026-06-04T08:15:00.000000Z
2026-06-04T08:15:00.000000Z,1766.4300537109375,1772.1199951171875,1762.199951171875,1769.31005859375,847284224,2026-06-04T08:30:00.000000Z
2026-06-04T08:30:00.000000Z,1769.6800537109375,1776.6300048828125,1765.47998046875,1766.81005859375,505419776,2026-06-04T08:45:00.000000Z
2026-06-04T08:45:00.000000Z,1766.8499755859375,1774.1600341796875,1766.8499755859375,1770.949951171875,687812608,2026-06-04T09:00:00.000000Z
2026-06-04T09:00:00.000000Z,1771.4000244140625,1771.4000244140625,1756.02001953125,1759.510009765625,392290304,2026-06-04T09:15:00.000000Z
2026-06-04T09:15:00.000000Z,1758.0999755859375,1759.530029296875,1745.8599853515625,1747.18994140625,230488064,2026-06-04T09:30:00.000000Z
2026-06-04T09:30:00.000000Z,1747.0899658203125,1751.199951171875,1742.93994140625,1750.4000244140625,578322432,2026-06-04T09:45:00.000000Z
2026-06-04T09:45:00.000000Z,1751,1763.800048828125,1751,1763.800048828125,68909056,2026-06-04T10:00:00.000000Z
2026-06-04T10:00:00.000000Z,1763.9000244140625,1763.9000244140625,1751.5400390625,1753.1800537109375,465063936,2026-06-04T10:15:00.000000Z
2026-06-04T10:15:00.000000Z,1753.3399658203125,1758.4000244140625,1750.2099609375,1752.8199462890625,0,2026-06-04T10:30:00.000000Z
2026-06-04T10:30:00.000000Z,1752.4000244140625,1760.6300048828125,1750.8800048828125,1751.72998046875,0,2026-06-04T10:45:00.000000Z
2026-06-04T10:45:00.000000Z,1751.4000244140625,1751.4000244140625,1729.6099853515625,1735.5400390625,0,2026-06-04T11:00:00.000000Z
2026-06-04T11:00:00.000000Z,1736.5799560546875,1742.1300048828125,1730.9599609375,1734.3599853515625,832573440,2026-06-04T11:15:00.000000Z
2026-06-04T11:15:00.000000Z,1733.800048828125,1749.52001953125,1733.4000244140625,1746.02001953125,126113792,2026-06-04T11:30:00.000000Z
2026-06-04T11:30:00.000000Z,1746.3599853515625,1752.6500244140625,1737.050048828125,1739.5,1125892096,2026-06-04T11:45:00.000000Z
2026-06-04T11:45:00.000000Z,1739.4000244140625,1749.5999755859375,1739.4000244140625,1749.300048828125,319793152,2026-06-04T12:00:00.000000Z
2026-06-04T12:00:00.000000Z,1749.7099609375,1755.2900390625,1742.199951171875,1745.1199951171875,952342528,2026-06-04T12:15:00.000000Z
2026-06-04T12:15:00.000000Z,1745.3299560546875,1766.199951171875,1745,1765.3800048828125,284854272,2026-06-04T12:30:00.000000Z
2026-06-04T12:30:00.000000Z,1764.800048828125,1780.27001953125,1763.9000244140625,1772.699951171875,453193728,2026-06-04T12:45:00.000000Z
2026-06-04T12:45:00.000000Z,1772.4300537109375,1779.800048828125,1769.949951171875,1776.0999755859375,704849920,2026-06-04T13:00:00.000000Z
2026-06-04T13:00:00.000000Z,1775.5,1778.3199462890625,1771.4599609375,1771.4599609375,267896832,2026-06-04T13:15:00.000000Z
2026-06-04T13:15:00.000000Z,1772.4100341796875,1773.1199951171875,1754.9000244140625,1761.0799560546875,388384768,2026-06-04T13:30:00.000000Z
2026-06-04T13:30:00.000000Z,1760.489990234375,1787.6099853515625,1760.489990234375,1776.3599853515625,935114752,2026-06-04T13:45:00.000000Z
2026-06-04T13:45:00.000000Z,1777.0999755859375,1783.8499755859375,1773.699951171875,1783.219970703125,429367296,2026-06-04T14:00:00.000000Z
2026-06-04T14:00:00.000000Z,1785.0999755859375,1791.8900146484375,1776.300048828125,1787.4100341796875,989904896,2026-06-04T14:15:00.000000Z
2026-06-04T14:15:00.000000Z,1787.5799560546875,1789.0999755859375,1778.6500244140625,1780.3699951171875,247298048,2026-06-04T14:30:00.000000Z
2026-06-04T14:30:00.000000Z,1780.3599853515625,1780.3599853515625,1769.050048828125,1770.4000244140625,471719936,2026-06-04T14:45:00.000000Z
2026-06-04T14:45:00.000000Z,1770.5,1773.6099853515625,1764.9200439453125,1772.6600341796875,564891648,2026-06-04T15:00:00.000000Z
2026-06-04T15:00:00.000000Z,1772.010009765625,1789.5,1769.4200439453125,1787.300048828125,148391936,2026-06-04T15:15:00.000000Z
2026-06-04T15:15:00.000000Z,1785.800048828125,1788.25,1771.7099609375,1776.8599853515625,97046528,2026-06-04T15:30:00.000000Z
2026-06-04T15:30:00.000000Z,1776.72998046875,1778.1800537109375,1771.5899658203125,1773.300048828125,521046016,2026-06-04T15:45:00.000000Z
2026-06-04T15:45:00.000000Z,1771.93994140625,1777.93994140625,1768.5999755859375,1774.6400146484375,0,2026-06-04T16:00:00.000000Z
2026-06-04T16:00:00.000000Z,1774.6199951171875,1775.9599609375,1768.780029296875,1770.010009765625,808484864,2026-06-04T16:15:00.000000Z
2026-06-04T16:15:00.000000Z,1770.800048828125,1775.8900146484375,1767.97998046875,1767.97998046875,0,2026-06-04T16:30:00.000000Z
2026-06-04T16:30:00.000000Z,1768.5999755859375,1776.6800537109375,1764.1400146484375,1775.77001953125,0,2026-06-04T16:45:00.000000Z
2026-06-04T16:45:00.000000Z,1775.5699462890625,1778.0799560546875,1766.6800537109375,1769.81005859375,316841984,2026-06-04T17:00:00.000000Z
2026-06-04T17:00:00.000000Z,1769.780029296875,1773.989990234375,1767.0400390625,1770.25,188542976,2026-06-04T17:15:00.000000Z
2026-06-04T17:15:00.000000Z,1769.4599609375,1769.4599609375,1760.7900390625,1762.3399658203125,44961792,2026-06-04T17:30:00.000000Z
2026-06-04T17:30:00.000000Z,1762.3900146484375,1763.9000244140625,1752.6600341796875,1755.699951171875,219965440,2026-06-04T17:45:00.000000Z
2026-06-04T17:45:00.000000Z,1754.6400146484375,1772.4000244140625,1753.3900146484375,1765.550048828125,37621760,2026-06-04T18:00:00.000000Z
2026-06-04T18:00:00.000000Z,1766.5,1767.7900390625,1757.81005859375,1758.239990234375,1373820928,2026-06-04T18:15:00.000000Z
2026-06-04T18:15:00.000000Z,1758.530029296875,1776.8299560546875,1758.4200439453125,1776.5400390625,221923328,2026-06-04T18:30:00.000000Z
2026-06-04T18:30:00.000000Z,1777.1600341796875,1781.2900390625,1770.8199462890625,1772.8599853515625,404955136,2026-06-04T18:45:00.000000Z
2026-06-04T18:45:00.000000Z,1772.2099609375,1779.3800048828125,1770.31005859375,1774.1800537109375,157243392,2026-06-04T19:00:00.000000Z
2026-06-04T19:00:00.000000Z,1773.4599609375,1775.300048828125,1768.6800537109375,1775.300048828125,538771456,2026-06-04T19:15:00.000000Z
2026-06-04T19:15:00.000000Z,1776.47998046875,1784.1800537109375,1774.510009765625,1782.6099853515625,221071360,2026-06-04T19:30:00.000000Z
2026-06-04T19:30:00.000000Z,1782.4100341796875,1783.6800537109375,1775.280029296875,1776.1099853515625,22507520,2026-06-04T19:45:00.000000Z
2026-06-04T19:45:00.000000Z,1775.5999755859375,1777.199951171875,1771.1500244140625,1774.8800048828125,623556608,2026-06-04T20:00:00.000000Z
2026-06-04T20:00:00.000000Z,1774.9000244140625,1775.1700439453125,1762.4200439453125,1770.3499755859375,281081856,2026-06-04T20:15:00.000000Z
2026-06-04T20:15:00.000000Z,1770.300048828125,1772.5799560546875,1765.1700439453125,1767.800048828125,442208256,2026-06-04T20:30:00.000000Z
2026-06-04T20:30:00.000000Z,1768.0999755859375,1772.800048828125,1767.3199462890625,1770.3199462890625,200275968,2026-06-04T20:45:00.000000Z
2026-06-04T20:45:00.000000Z,1770.3599853515625,1773.300048828125,1767,1772.3199462890625,577228800,2026-06-04T21:00:00.000000Z
2026-06-04T21:00:00.000000Z,1772.97998046875,1781.1700439453125,1770.8900146484375,1776.010009765625,0,2026-06-04T21:15:00.000000Z
2026-06-04T21:15:00.000000Z,1776.300048828125,1776.489990234375,1766.68994140625,1768.1300048828125,0,2026-06-04T21:30:00.000000Z
2026-06-04T21:30:00.000000Z,1768.760009765625,1768.8900146484375,1755.5799560546875,1766.300048828125,439943168,2026-06-04T21:45:00.000000Z
2026-06-04T21:45:00.000000Z,1766.5999755859375,1767.6099853515625,1759.22998046875,1759.4100341796875,189136896,2026-06-04T22:00:00.000000Z
2026-06-04T22:00:00.000000Z,1758.0999755859375,1766.949951171875,1752.4100341796875,1754.9100341796875,0,2026-06-04T22:15:00.000000Z
2026-06-04T22:15:00.000000Z,1755.27001953125,1760.9000244140625,1755.27001953125,1758.0400390625,302524416,2026-06-04T22:30:00.000000Z
2026-06-04T22:30:00.000000Z,1757.3199462890625,1761.9100341796875,1750.8699951171875,1758.4100341796875,182861824,2026-06-04T22:45:00.000000Z
2026-06-04T22:45:00.000000Z,1759.5,1768.27001953125,1755.199951171875,1767.0699462890625,197736448,2026-06-04T23:00:00.000000Z
2026-06-04T23:00:00.000000Z,1766.9000244140625,1774.75,1765.7900390625,1768.4000244140625,272007168,2026-06-04T23:15:00.000000Z
2026-06-04T23:15:00.000000Z,1768,1768,1755.489990234375,1758.9300537109375,185618432,2026-06-04T23:30:00.000000Z
2026-06-04T23:30:00.000000Z,1759,1767.9200439453125,1758.699951171875,1767.699951171875,0,2026-06-04T23:45:00.000000Z
2026-06-04T23:45:00.000000Z,1766.9000244140625,1770.43994140625,1764.7099609375,1768.8299560546875,229107712,2026-06-05T00:00:00.000000Z
2026-06-05T00:00:00.000000Z,1767.18994140625,1767.3699951171875,1761.2099609375,1762.0899658203125,175878144,2026-06-05T00:15:00.000000Z
2026-06-05T00:15:00.000000Z,1761.5999755859375,1770.6500244140625,1758.2900390625,1770.5,0,2026-06-05T00:30:00.000000Z
2026-06-05T00:30:00.000000Z,1770.02001953125,1772.1500244140625,1765.3499755859375,1766.5400390625,653125632,2026-06-05T00:45:00.000000Z
2026-06-05T00:45:00.000000Z,1766.0999755859375,1769.949951171875,1756.489990234375,1757.780029296875,100569088,2026-06-05T01:00:00.000000Z
2026-06-05T01:00:00.000000Z,1757.4100341796875,1757.4100341796875,1745.780029296875,1754.3499755859375,539482112,2026-06-05T01:15:00.000000Z
2026-06-05T01:15:00.000000Z,1752.5799560546875,1757.27001953125,1746.5400390625,1752.75,7950336,2026-06-05T01:30:00.000000Z
2026-06-05T01:30:00.000000Z,1753.800048828125,1761.280029296875,1750.0699462890625,1755.4000244140625,151941120,2026-06-05T01:45:00.000000Z
2026-06-05T01:45:00.000000Z,1755.300048828125,1755.300048828125,1750.27001953125,1751.25,0,2026-06-05T02:00:00.000000Z
2026-06-05T02:00:00.000000Z,1750.800048828125,1752.0999755859375,1741.72998046875,1745.0999755859375,0,2026-06-05T02:15:00.000000Z
2026-06-05T02:15:00.000000Z,1746.449951171875,1748.4000244140625,1735.0699462890625,1735.0699462890625,257419264,2026-06-05T02:30:00.000000Z
2026-06-05T02:30:00.000000Z,1734.7900390625,1740,1726.2099609375,1734.489990234375,197718016,2026-06-05T02:45:00.000000Z
2026-06-05T02:45:00.000000Z,1734.4200439453125,1738.5699462890625,1728.4599609375,1728.8699951171875,151373824,2026-06-05T03:00:00.000000Z
2026-06-05T03:00:00.000000Z,1728.5999755859375,1729.760009765625,1720.3499755859375,1722.31005859375,584660992,2026-06-05T03:15:00.000000Z
2026-06-05T03:15:00.000000Z,1723.1600341796875,1737.300048828125,1722.989990234375,1728.300048828125,728397824,2026-06-05T03:30:00.000000Z
2026-06-05T03:30:00.000000Z,1729.0999755859375,1737.4000244140625,1727.199951171875,1729.4300537109375,74629120,2026-06-05T03:45:00.000000Z
2026-06-05T03:45:00.000000Z,1729.5799560546875,1733.9000244140625,1726.0400390625,1727.530029296875,7458816,2026-06-05T04:00:00.000000Z
2026-06-05T04:00:00.000000Z,1728.1400146484375,1732.8199462890625,1718.3900146484375,1724.760009765625,288649216,2026-06-05T04:15:00.000000Z
2026-06-05T04:15:00.000000Z,1724.4000244140625,1734.4000244140625,1717.31005859375,1734.1600341796875,65392640,2026-06-05T04:30:00.000000Z
2026-06-05T04:30:00.000000Z,1734.3800048828125,1734.3800048828125,1726,1728.18994140625,233938944,2026-06-05T04:45:00.000000Z
2026-06-05T04:45:00.000000Z,1727.77001953125,1743.449951171875,1723.5899658203125,1742.5999755859375,42940416,2026-06-05T05:00:00.000000Z
2026-06-05T05:00:00.000000Z,1743.800048828125,1745.4200439453125,1729.8499755859375,1730.81005859375,85516288,2026-06-05T05:15:00.000000Z
2026-06-05T05:15:00.000000Z,1731.010009765625,1735.6099853515625,1724.52001953125,1733.219970703125,200480768,2026-06-05T05:30:00.000000Z
2026-06-05T05:30:00.000000Z,1733,1733.5400390625,1697.3900146484375,1697.9100341796875,203401216,2026-06-05T05:45:00.000000Z
2026-06-05T05:45:00.000000Z,1699,1701.989990234375,1680.2900390625,1682.8900146484375,1026170880,2026-06-05T06:00:00.000000Z
2026-06-05T06:00:00.000000Z,1683.02001953125,1687.0699462890625,1665.22998046875,1669.68994140625,1294704640,2026-06-05T06:15:00.000000Z
2026-06-05T06:15:00.000000Z,1671.9000244140625,1673.969970703125,1623.43994140625,1642.5899658203125,671942656,2026-06-05T06:30:00.000000Z
2026-06-05T06:30:00.000000Z,1644.8699951171875,1666.0799560546875,1641.7099609375,1663.4100341796875,1169330176,2026-06-05T06:45:00.000000Z
2026-06-05T06:45:00.000000Z,1664.72998046875,1664.72998046875,1651.3399658203125,1654.9000244140625,424179712,2026-06-05T07:00:00.000000Z
2026-06-05T07:00:00.000000Z,1655.030029296875,1656.06005859375,1632.050048828125,1636.3499755859375,182829056,2026-06-05T07:15:00.000000Z
2026-06-05T07:15:00.000000Z,1639.3599853515625,1661.2900390625,1638.699951171875,1656.02001953125,320088064,2026-06-05T07:30:00.000000Z
2026-06-05T07:30:00.000000Z,1655.7099609375,1672.8699951171875,1651.81005859375,1672.4000244140625,1358522368,2026-06-05T07:45:00.000000Z
2026-06-05T07:45:00.000000Z,1672.0999755859375,1677.800048828125,1670.68994140625,1677.6500244140625,81889280,2026-06-05T08:00:00.000000Z
2026-06-05T08:00:00.000000Z,1677.52001953125,1677.52001953125,1665.7099609375,1667.8499755859375,1262628864,2026-06-05T08:15:00.000000Z
2026-06-05T08:15:00.000000Z,1668.5400390625,1672.18994140625,1661.5400390625,1671,4411392,2026-06-05T08:30:00.000000Z
2026-06-05T08:30:00.000000Z,1671.6500244140625,1674.02001953125,1665.489990234375,1665.489990234375,216485888,2026-06-05T08:45:00.000000Z
2026-06-05T08:45:00.000000Z,1664.719970703125,1667.9200439453125,1658.5799560546875,1662.18994140625,214157312,2026-06-05T09:00:00.000000Z
2026-06-05T09:00:00.000000Z,1662,1684,1661.9000244140625,1683.800048828125,594348032,2026-06-05T09:15:00.000000Z
2026-06-05T09:15:00.000000Z,1686.489990234375,1686.5,1675.5,1683.550048828125,0,2026-06-05T09:30:00.000000Z
2026-06-05T09:30:00.000000Z,1683.530029296875,1683.719970703125,1675.800048828125,1677.2900390625,200394752,2026-06-05T09:45:00.000000Z
2026-06-05T09:45:00.000000Z,1678.0999755859375,1683.510009765625,1676.760009765625,1681.43994140625,150892544,2026-06-05T10:00:00.000000Z
2026-06-05T10:00:00.000000Z,1682.0400390625,1683.72998046875,1671.3800048828125,1676.449951171875,287764480,2026-06-05T10:15:00.000000Z
2026-06-05T10:15:00.000000Z,1676,1676.449951171875,1670.719970703125,1675.550048828125,237232128,2026-06-05T10:30:00.000000Z
2026-06-05T10:30:00.000000Z,1675.949951171875,1680.699951171875,1671.3599853515625,1678.7099609375,15550464,2026-06-05T10:45:00.000000Z
2026-06-05T10:45:00.000000Z,1677.800048828125,1677.81005859375,1671.3499755859375,1675.4300537109375,242216960,2026-06-05T11:00:00.000000Z
2026-06-05T11:00:00.000000Z,1675.1099853515625,1676.0999755859375,1666.93994140625,1668.719970703125,0,2026-06-05T11:15:00.000000Z
2026-06-05T11:15:00.000000Z,1667.699951171875,1680.0899658203125,1666.81005859375,1676.2099609375,464852992,2026-06-05T11:30:00.000000Z
2026-06-05T11:30:00.000000Z,1675.7099609375,1677.3800048828125,1666.3900146484375,1666.510009765625,0,2026-06-05T11:45:00.000000Z
2026-06-05T11:45:00.000000Z,1666.25,1669.72998046875,1661.52001953125,1661.77001953125,208080896,2026-06-05T12:00:00.000000Z
2026-06-05T12:00:00.000000Z,1662.1500244140625,1667.3900146484375,1650.8900146484375,1659.1500244140625,109207552,2026-06-05T12:15:00.000000Z
2026-06-05T12:15:00.000000Z,1659.6600341796875,1669.6600341796875,1659.3599853515625,1661.760009765625,467650560,2026-06-05T12:30:00.000000Z
2026-06-05T12:30:00.000000Z,1664.3900146484375,1665.199951171875,1645.2099609375,1655.3199462890625,424892416,2026-06-05T12:45:00.000000Z
2026-06-05T12:45:00.000000Z,1655.699951171875,1657.9000244140625,1650.489990234375,1655.969970703125,278278144,2026-06-05T13:00:00.000000Z
2026-06-05T13:00:00.000000Z,1656.9000244140625,1669.93994140625,1656.5899658203125,1665.4100341796875,141508608,2026-06-05T13:15:00.000000Z
2026-06-05T13:15:00.000000Z,1665.0899658203125,1672.56005859375,1662.800048828125,1664.510009765625,354560000,2026-06-05T13:30:00.000000Z
2026-06-05T13:30:00.000000Z,1662.6400146484375,1675.47998046875,1650.6400146484375,1653.760009765625,607086592,2026-06-05T13:45:00.000000Z
2026-06-05T13:45:00.000000Z,1654.6199951171875,1654.6199951171875,1613.6800537109375,1615.0400390625,256346112,2026-06-05T14:00:00.000000Z
2026-06-05T14:00:00.000000Z,1613.5400390625,1622.72998046875,1597.5999755859375,1613.0799560546875,1238784000,2026-06-05T14:15:00.000000Z
2026-06-05T14:15:00.000000Z,1613.5999755859375,1620.68994140625,1596.300048828125,1601.800048828125,956127232,2026-06-05T14:30:00.000000Z
2026-06-05T14:30:00.000000Z,1603.25,1622.0899658203125,1596.3699951171875,1607.68994140625,793929728,2026-06-05T14:45:00.000000Z
2026-06-05T14:45:00.000000Z,1609.75,1615.8900146484375,1595.219970703125,1599.68994140625,561092608,2026-06-05T15:00:00.000000Z
2026-06-05T15:00:00.000000Z,1599.0400390625,1601.5999755859375,1578.8399658203125,1581.4000244140625,276236288,2026-06-05T15:15:00.000000Z
2026-06-05T15:15:00.000000Z,1583.1199951171875,1602.800048828125,1579.31005859375,1593.8699951171875,686028800,2026-06-05T15:30:00.000000Z
2026-06-05T15:30:00.000000Z,1592.780029296875,1597.280029296875,1571.6800537109375,1583.9200439453125,491423744,2026-06-05T15:45:00.000000Z
2026-06-05T15:45:00.000000Z,1583.5899658203125,1587.4100341796875,1574.9200439453125,1582.510009765625,633559040,2026-06-05T16:00:00.000000Z
2026-06-05T16:00:00.000000Z,1581.030029296875,1590.4000244140625,1547.0999755859375,1585.81005859375,815966208,2026-06-05T16:15:00.000000Z
2026-06-05T16:15:00.000000Z,1581.719970703125,1607.0899658203125,1581.719970703125,1592.4000244140625,1571397632,2026-06-05T16:30:00.000000Z
2026-06-05T16:30:00.000000Z,1592.489990234375,1595.8800048828125,1578.47998046875,1581.75,544768000,2026-06-05T16:45:00.000000Z
2026-06-05T16:45:00.000000Z,1582.1600341796875,1610.4200439453125,1582.1600341796875,1607.2099609375,575234048,2026-06-05T17:00:00.000000Z
2026-06-05T17:00:00.000000Z,1608.3199462890625,1611.6199951171875,1594.1600341796875,1598.3299560546875,167696384,2026-06-05T17:15:00.000000Z
2026-06-05T17:15:00.000000Z,1597.5400390625,1598.6500244140625,1586.530029296875,1588.1700439453125,562989056,2026-06-05T17:30:00.000000Z
2026-06-05T17:30:00.000000Z,1587.6800537109375,1602.1600341796875,1587.5,1591.6600341796875,424810496,2026-06-05T17:45:00.000000Z
2026-06-05T17:45:00.000000Z,1592.0799560546875,1594.1600341796875,1588.0999755859375,1593.2099609375,223211520,2026-06-05T18:00:00.000000Z
2026-06-05T18:00:00.000000Z,1593.5999755859375,1597.280029296875,1587.510009765625,1587.6099853515625,527261696,2026-06-05T18:15:00.000000Z
2026-06-05T18:15:00.000000Z,1587.510009765625,1588.550048828125,1563.550048828125,1564.1400146484375,324397056,2026-06-05T18:30:00.000000Z
2026-06-05T18:30:00.000000Z,1565.0999755859375,1572.8900146484375,1556.6600341796875,1563.1400146484375,261083136,2026-06-05T18:45:00.000000Z
2026-06-05T18:45:00.000000Z,1564.4000244140625,1564.4000244140625,1545.9599609375,1551.8499755859375,468008960,2026-06-05T19:00:00.000000Z
2026-06-05T19:00:00.000000Z,1552.1099853515625,1559.3900146484375,1542.6300048828125,1550.68994140625,637349888,2026-06-05T19:15:00.000000Z
2026-06-05T19:15:00.000000Z,1550.0899658203125,1559.949951171875,1539.8499755859375,1559.5400390625,627126272,2026-06-05T19:30:00.000000Z
2026-06-05T19:30:00.000000Z,1559.3599853515625,1560.1600341796875,1544.9000244140625,1551.9300537109375,878874624,2026-06-05T19:45:00.000000Z
2026-06-05T19:45:00.000000Z,1552.1099853515625,1578.18994140625,1552.1099853515625,1572.699951171875,159154176,2026-06-05T20:00:00.000000Z
2026-06-05T20:00:00.000000Z,1572.9000244140625,1588.239990234375,1556.989990234375,1581.800048828125,425132032,2026-06-05T20:15:00.000000Z
2026-06-05T20:15:00.000000Z,1583.260009765625,1599.77001953125,1580.0799560546875,1594.050048828125,596955136,2026-06-05T20:30:00.000000Z
2026-06-05T20:30:00.000000Z,1594.8299560546875,1601.9300537109375,1590.1300048828125,1598.4200439453125,653824000,2026-06-05T20:45:00.000000Z
2026-06-05T20:45:00.000000Z,1597.8399658203125,1606.8199462890625,1594.5999755859375,1603.4000244140625,204554240,2026-06-05T21:00:00.000000Z
2026-06-05T21:00:00.000000Z,1603.31005859375,1614.3199462890625,1601.8399658203125,1612.550048828125,170332160,2026-06-05T21:15:00.000000Z
2026-06-05T21:15:00.000000Z,1612.489990234375,1615.030029296875,1607.0799560546875,1610.719970703125,590266368,2026-06-05T21:30:00.000000Z
2026-06-05T21:30:00.000000Z,1610.5,1615.4599609375,1606.4300537109375,1613.2900390625,339300352,2026-06-05T21:45:00.000000Z
2026-06-05T21:45:00.000000Z,1612.969970703125,1618.6199951171875,1609.1300048828125,1609.6600341796875,723349504,2026-06-05T22:00:00.000000Z
2026-06-05T22:00:00.000000Z,1608.9200439453125,1609.800048828125,1590.780029296875,1593.9599609375,751947776,2026-06-05T22:15:00.000000Z
2026-06-05T22:15:00.000000Z,1592.800048828125,1602.4300537109375,1591.8900146484375,1594.239990234375,148246528,2026-06-05T22:30:00.000000Z
2026-06-05T22:30:00.000000Z,1594.510009765625,1604.9000244140625,1591.75,1598.800048828125,210620416,2026-06-05T22:45:00.000000Z
2026-06-05T22:45:00.000000Z,1598.3399658203125,1601.989990234375,1592.530029296875,1596.8900146484375,332390400,2026-06-05T23:00:00.000000Z
2026-06-05T23:00:00.000000Z,1598.6700439453125,1602.8599853515625,1591.5999755859375,1591.9300537109375,37720064,2026-06-05T23:15:00.000000Z
2026-06-05T23:15:00.000000Z,1592.239990234375,1592.239990234375,1570.280029296875,1573.969970703125,832311296,2026-06-05T23:30:00.000000Z
2026-06-05T23:30:00.000000Z,1573.5999755859375,1574.9100341796875,1560.780029296875,1571.969970703125,586960896,2026-06-05T23:45:00.000000Z
2026-06-05T23:45:00.000000Z,1571.2900390625,1583,1567.6400146484375,1582.8499755859375,127430656,2026-06-06T00:00:00.000000Z
2026-06-06T00:00:00.000000Z,1582.219970703125,1600.219970703125,1582.219970703125,1597.9200439453125,192815104,2026-06-06T00:15:00.000000Z
2026-06-06T00:15:00.000000Z,1598.3399658203125,1600.0799560546875,1589.989990234375,1595.1099853515625,1314271232,2026-06-06T00:30:00.000000Z
2026-06-06T00:30:00.000000Z,1595.1199951171875,1599.050048828125,1591.3800048828125,1592.31005859375,361447424,2026-06-06T00:45:00.000000Z
2026-06-06T00:45:00.000000Z,1592.5799560546875,1598.1099853515625,1590.5699462890625,1592.4200439453125,894947328,2026-06-06T01:00:00.000000Z
2026-06-06T01:00:00.000000Z,1593.1400146484375,1596.2900390625,1584.4300537109375,1585.3900146484375,468733952,2026-06-06T01:15:00.000000Z
2026-06-06T01:15:00.000000Z,1586.050048828125,1592.3599853515625,1577.800048828125,1592.06005859375,312532992,2026-06-06T01:30:00.000000Z
2026-06-06T01:30:00.000000Z,1591.7099609375,1591.7099609375,1581.97998046875,1583.97998046875,234811392,2026-06-06T01:45:00.000000Z
2026-06-06T01:45:00.000000Z,1583.8900146484375,1587.4000244140625,1579.530029296875,1583.5699462890625,272695296,2026-06-06T02:00:00.000000Z
2026-06-06T02:00:00.000000Z,1582.8499755859375,1582.8499755859375,1575.1199951171875,1575.3599853515625,405532672,2026-06-06T02:15:00.000000Z
2026-06-06T02:15:00.000000Z,1575.3800048828125,1578.3699951171875,1566.43994140625,1572.3299560546875,78962688,2026-06-06T02:30:00.000000Z
2026-06-06T02:30:00.000000Z,1572.3699951171875,1579.56005859375,1571.0400390625,1576.72998046875,213954560,2026-06-06T02:45:00.000000Z
2026-06-06T02:45:00.000000Z,1576.3299560546875,1584.8699951171875,1574.5699462890625,1575.719970703125,6500352,2026-06-06T03:00:00.000000Z
2026-06-06T03:00:00.000000Z,1575.52001953125,1575.52001953125,1567.8699951171875,1570.010009765625,745472000,2026-06-06T03:15:00.000000Z
2026-06-06T03:15:00.000000Z,1570.56005859375,1571.800048828125,1563.3599853515625,1566.1700439453125,377479168,2026-06-06T03:30:00.000000Z
2026-06-06T03:30:00.000000Z,1565.93994140625,1566.010009765625,1556.22998046875,1562.0699462890625,396922880,2026-06-06T03:45:00.000000Z
2026-06-06T03:45:00.000000Z,1561.739990234375,1567.3499755859375,1558.719970703125,1562.8900146484375,72060928,2026-06-06T04:00:00.000000Z
2026-06-06T04:00:00.000000Z,1562.3800048828125,1568.469970703125,1538,1540.800048828125,0,2026-06-06T04:15:00.000000Z
2026-06-06T04:15:00.000000Z,1541.8399658203125,1547.18994140625,1529.489990234375,1533.1199951171875,862593024,2026-06-06T04:30:00.000000Z
2026-06-06T04:30:00.000000Z,1533.31005859375,1534.4000244140625,1511.27001953125,1520.5999755859375,561876992,2026-06-06T04:45:00.000000Z
2026-06-06T04:45:00.000000Z,1519.050048828125,1529.780029296875,1515.449951171875,1521.8399658203125,172597248,2026-06-06T05:00:00.000000Z
2026-06-06T05:00:00.000000Z,1520.4100341796875,1529.469970703125,1506.3900146484375,1518.280029296875,1003528192,2026-06-06T05:15:00.000000Z
2026-06-06T05:15:00.000000Z,1518.4000244140625,1562.489990234375,1518.4000244140625,1548.77001953125,46194688,2026-06-06T05:30:00.000000Z
2026-06-06T05:30:00.000000Z,1548.9100341796875,1561.8599853515625,1548.9100341796875,1559.6800537109375,550625280,2026-06-06T05:45:00.000000Z
2026-06-06T05:45:00.000000Z,1559.47998046875,1567.300048828125,1556.7099609375,1566.1400146484375,0,2026-06-06T06:00:00.000000Z
2026-06-06T06:00:00.000000Z,1566.5899658203125,1576.300048828125,1565.9599609375,1575.489990234375,0,2026-06-06T06:15:00.000000Z
2026-06-06T06:15:00.000000Z,1575.0999755859375,1580.5999755859375,1570.52001953125,1573.81005859375,0,2026-06-06T06:30:00.000000Z
2026-06-06T06:30:00.000000Z,1573.5999755859375,1577.6300048828125,1563.300048828125,1563.47998046875,195358720,2026-06-06T06:45:00.000000Z
2026-06-06T06:45:00.000000Z,1562.969970703125,1565.8900146484375,1555.9100341796875,1559.5899658203125,334290944,2026-06-06T07:00:00.000000Z
2026-06-06T07:00:00.000000Z,1559.7099609375,1574.5999755859375,1555.5999755859375,1573.780029296875,419749888,2026-06-06T07:15:00.000000Z
2026-06-06T07:15:00.000000Z,1573.989990234375,1579.06005859375,1565.4100341796875,1567.1300048828125,226807808,2026-06-06T07:30:00.000000Z
2026-06-06T07:30:00.000000Z,1566.9000244140625,1576.77001953125,1566.3199462890625,1575.6199951171875,398757888,2026-06-06T07:45:00.000000Z
2026-06-06T07:45:00.000000Z,1576.989990234375,1577.300048828125,1573.9100341796875,1574.3699951171875,867815424,2026-06-06T08:00:00.000000Z
2026-06-06T08:00:00.000000Z,1574.3900146484375,1577.989990234375,1569.2099609375,1577.199951171875,0,2026-06-06T08:15:00.000000Z
2026-06-06T08:15:00.000000Z,1577.2900390625,1587.18994140625,1572.9200439453125,1585.2900390625,169521152,2026-06-06T08:30:00.000000Z
2026-06-06T08:30:00.000000Z,1584.5999755859375,1591.800048828125,1582.97998046875,1586.43994140625,52350976,2026-06-06T08:45:00.000000Z
2026-06-06T08:45:00.000000Z,1586.3299560546875,1587.300048828125,1580.9300537109375,1581.5999755859375,147763200,2026-06-06T09:00:00.000000Z
2026-06-06T09:00:00.000000Z,1581,1586.4200439453125,1576.969970703125,1580.1600341796875,296046592,2026-06-06T09:15:00.000000Z
2026-06-06T09:15:00.000000Z,1579.4100341796875,1586.699951171875,1576.6099853515625,1586.0999755859375,458752,2026-06-06T09:30:00.000000Z
2026-06-06T09:30:00.000000Z,1586.010009765625,1587.77001953125,1577.4100341796875,1578.8199462890625,95588352,2026-06-06T09:45:00.000000Z
2026-06-06T09:45:00.000000Z,1578.31005859375,1579.6099853515625,1565.3299560546875,1569.5999755859375,769366016,2026-06-06T10:00:00.000000Z
2026-06-06T10:00:00.000000Z,1569.47998046875,1569.6300048828125,1554.9000244140625,1555.47998046875,207278080,2026-06-06T10:15:00.000000Z
2026-06-06T10:15:00.000000Z,1556.4000244140625,1560.43994140625,1552,1553.5999755859375,41058304,2026-06-06T10:30:00.000000Z
2026-06-06T10:30:00.000000Z,1553.3699951171875,1553.81005859375,1536.699951171875,1543.52001953125,939569152,2026-06-06T10:45:00.000000Z
2026-06-06T10:45:00.000000Z,1543.1700439453125,1548.5899658203125,1534.77001953125,1547.4599609375,271699968,2026-06-06T11:00:00.000000Z
2026-06-06T11:00:00.000000Z,1546.6199951171875,1556.199951171875,1546.2900390625,1553.8299560546875,0,2026-06-06T11:15:00.000000Z
2026-06-06T11:15:00.000000Z,1553.199951171875,1563.9000244140625,1552.6600341796875,1563.4000244140625,269647872,2026-06-06T11:30:00.000000Z
2026-06-06T11:30:00.000000Z,1563.1300048828125,1565.0899658203125,1558.9100341796875,1559.5799560546875,310284288,2026-06-06T11:45:00.000000Z
2026-06-06T11:45:00.000000Z,1559.5699462890625,1565.949951171875,1555.6700439453125,1558.06005859375,48287744,2026-06-06T12:00:00.000000Z
2026-06-06T12:00:00.000000Z,1557.8499755859375,1564.8199462890625,1557.8499755859375,1562.9200439453125,132927488,2026-06-06T12:15:00.000000Z
2026-06-06T12:15:00.000000Z,1562.8499755859375,1564.56005859375,1554.1600341796875,1554.4300537109375,219557888,2026-06-06T12:30:00.000000Z
2026-06-06T12:30:00.000000Z,1553.43994140625,1562.1600341796875,1551.010009765625,1561.3599853515625,179261440,2026-06-06T12:45:00.000000Z
2026-06-06T12:45:00.000000Z,1561.010009765625,1573.719970703125,1559.9100341796875,1570.280029296875,408342528,2026-06-06T13:00:00.000000Z
2026-06-06T13:00:00.000000Z,1569.199951171875,1572.530029296875,1566.280029296875,1567.3199462890625,515145728,2026-06-06T13:15:00.000000Z
2026-06-06T13:15:00.000000Z,1567.4000244140625,1570.489990234375,1561.030029296875,1561.030029296875,19597312,2026-06-06T13:30:00.000000Z
2026-06-06T13:30:00.000000Z,1560.699951171875,1563.199951171875,1553.31005859375,1562.8800048828125,694308864,2026-06-06T13:45:00.000000Z
2026-06-06T13:45:00.000000Z,1564.050048828125,1566.989990234375,1554.739990234375,1555.9000244140625,0,2026-06-06T14:00:00.000000Z
2026-06-06T14:00:00.000000Z,1556.1800537109375,1563.0999755859375,1555.300048828125,1560.27001953125,0,2026-06-06T14:15:00.000000Z
2026-06-06T14:15:00.000000Z,1560.1600341796875,1565.5699462890625,1557.22998046875,1560.68994140625,7104512,2026-06-06T14:30:00.000000Z
2026-06-06T14:30:00.000000Z,1559.9000244140625,1564.2099609375,1557.800048828125,1562.719970703125,8040448,2026-06-06T14:45:00.000000Z
2026-06-06T14:45:00.000000Z,1562.8900146484375,1566,1556.4100341796875,1557.0999755859375,373827584,2026-06-06T15:00:00.000000Z
2026-06-06T15:00:00.000000Z,1557.4000244140625,1560.1400146484375,1548.72998046875,1551.199951171875,378210304,2026-06-06T15:15:00.000000Z
2026-06-06T15:15:00.000000Z,1551.300048828125,1557.030029296875,1545.6700439453125,1554.800048828125,0,2026-06-06T15:30:00.000000Z
2026-06-06T15:30:00.000000Z,1554.8800048828125,1564.1800537109375,1552.3399658203125,1562.81005859375,1303437312,2026-06-06T15:45:00.000000Z
2026-06-06T15:45:00.000000Z,1563.2900390625,1565,1557.760009765625,1559.7099609375,328974336,2026-06-06T16:00:00.000000Z
2026-06-06T16:00:00.000000Z,1559.199951171875,1564.9000244140625,1556.5999755859375,1560.010009765625,0,2026-06-06T16:15:00.000000Z
2026-06-06T16:15:00.000000Z,1559.5400390625,1560.97998046875,1554.31005859375,1555.6099853515625,0,2026-06-06T16:30:00.000000Z
2026-06-06T16:30:00.000000Z,1555.0799560546875,1561.5699462890625,1553.3399658203125,1561.5699462890625,89438208,2026-06-06T16:45:00.000000Z
2026-06-06T16:45:00.000000Z,1560.9000244140625,1564.81005859375,1559.31005859375,1562.8900146484375,0,2026-06-06T17:00:00.000000Z
2026-06-06T17:00:00.000000Z,1563.25,1565.68994140625,1557.4100341796875,1561.6800537109375,145283072,2026-06-06T17:15:00.000000Z
2026-06-06T17:15:00.000000Z,1561.31005859375,1562.489990234375,1556.4000244140625,1559.0799560546875,0,2026-06-06T17:30:00.000000Z
2026-06-06T17:30:00.000000Z,1559.300048828125,1564.1800537109375,1551.699951171875,1555.3399658203125,14446592,2026-06-06T17:45:00.000000Z
2026-06-06T17:45:00.000000Z,1555.5799560546875,1556.6199951171875,1546.6800537109375,1552.8199462890625,658649088,2026-06-06T18:00:00.000000Z
2026-06-06T18:00:00.000000Z,1552.8599853515625,1555.0799560546875,1550.0999755859375,1551.050048828125,431136768,2026-06-06T18:15:00.000000Z
2026-06-06T18:15:00.000000Z,1551.199951171875,1565.3900146484375,1549.93994140625,1563.31005859375,48306176,2026-06-06T18:30:00.000000Z
2026-06-06T18:30:00.000000Z,1563.0999755859375,1563.0999755859375,1555.4100341796875,1556.780029296875,16433152,2026-06-06T18:45:00.000000Z
2026-06-06T18:45:00.000000Z,1556.72998046875,1557.8599853515625,1551.9000244140625,1555.9300537109375,0,2026-06-06T19:00:00.000000Z
2026-06-06T19:00:00.000000Z,1555.9200439453125,1562.5999755859375,1554.199951171875,1559.6099853515625,15734784,2026-06-06T19:15:00.000000Z
2026-06-06T19:15:00.000000Z,1559.1099853515625,1559.5799560546875,1555,1555.3299560546875,308983808,2026-06-06T19:30:00.000000Z
2026-06-06T19:30:00.000000Z,1555.3499755859375,1556.3199462890625,1552.739990234375,1554.3599853515625,0,2026-06-06T19:45:00.000000Z
2026-06-06T19:45:00.000000Z,1554.1600341796875,1557.6800537109375,1553.6099853515625,1553.8900146484375,0,2026-06-06T20:00:00.000000Z
2026-06-06T20:00:00.000000Z,1553.47998046875,1555.1199951171875,1550.43994140625,1552.510009765625,215220224,2026-06-06T20:15:00.000000Z
2026-06-06T20:15:00.000000Z,1552.1099853515625,1554.31005859375,1550.43994140625,1551.8299560546875,0,2026-06-06T20:30:00.000000Z
2026-06-06T20:30:00.000000Z,1552.1500244140625,1558.8900146484375,1550.4000244140625,1558.6700439453125,0,2026-06-06T20:45:00.000000Z
2026-06-06T20:45:00.000000Z,1558.6099853515625,1558.9599609375,1555,1556.699951171875,0,2026-06-06T21:00:00.000000Z
2026-06-06T21:00:00.000000Z,1556.77001953125,1562.010009765625,1556.77001953125,1560.1700439453125,0,2026-06-06T21:15:00.000000Z
2026-06-06T21:15:00.000000Z,1560.8800048828125,1563.0899658203125,1558.68994140625,1560.780029296875,0,2026-06-06T21:30:00.000000Z
2026-06-06T21:30:00.000000Z,1560.81005859375,1564.3699951171875,1559.72998046875,1560.3900146484375,0,2026-06-06T21:45:00.000000Z
2026-06-06T21:45:00.000000Z,1560.56005859375,1561.739990234375,1557.1700439453125,1557.3499755859375,0,2026-06-06T22:00:00.000000Z
2026-06-06T22:00:00.000000Z,1557.199951171875,1560.199951171875,1552.7900390625,1555.030029296875,0,2026-06-06T22:15:00.000000Z
2026-06-06T22:15:00.000000Z,1555.0400390625,1561.0999755859375,1551.030029296875,1552.739990234375,140744704,2026-06-06T22:30:00.000000Z
2026-06-06T22:30:00.000000Z,1553,1557.31005859375,1552.4000244140625,1556.6400146484375,0,2026-06-06T22:45:00.000000Z
2026-06-06T22:45:00.000000Z,1556.8900146484375,1561,1556.8900146484375,1558.699951171875,666204160,2026-06-06T23:00:00.000000Z
2026-06-06T23:00:00.000000Z,1557.3499755859375,1563.0999755859375,1557.0899658203125,1561.9100341796875,429541376,2026-06-06T23:15:00.000000Z
2026-06-06T23:15:00.000000Z,1561.8399658203125,1561.8399658203125,1555.97998046875,1559.6300048828125,28037120,2026-06-06T23:30:00.000000Z
2026-06-06T23:30:00.000000Z,1559.719970703125,1568.010009765625,1559.5,1567.2099609375,3633152,2026-06-06T23:45:00.000000Z
2026-06-06T23:45:00.000000Z,1567.989990234375,1569.1300048828125,1566.0799560546875,1568.8699951171875,120233984,2026-06-07T00:00:00.000000Z
2026-06-07T00:00:00.000000Z,1568.6300048828125,1571.5,1564.72998046875,1565.47998046875,48697344,2026-06-07T00:15:00.000000Z
2026-06-07T00:15:00.000000Z,1565.3800048828125,1568.68994140625,1563.199951171875,1565.800048828125,111374336,2026-06-07T00:30:00.000000Z
2026-06-07T00:30:00.000000Z,1566.18994140625,1571,1564.8900146484375,1565.02001953125,0,2026-06-07T00:45:00.000000Z
2026-06-07T00:45:00.000000Z,1564.5999755859375,1566.56005859375,1564.199951171875,1564.6199951171875,104239104,2026-06-07T01:00:00.000000Z
2026-06-07T01:00:00.000000Z,1564.3299560546875,1586.489990234375,1563.43994140625,1586.489990234375,372213760,2026-06-07T01:15:00.000000Z
2026-06-07T01:15:00.000000Z,1585.4100341796875,1595.5,1583,1595.27001953125,597024768,2026-06-07T01:30:00.000000Z
2026-06-07T01:30:00.000000Z,1595.260009765625,1595.260009765625,1584.9599609375,1588.239990234375,39553024,2026-06-07T01:45:00.000000Z
2026-06-07T01:45:00.000000Z,1588.31005859375,1591.3499755859375,1584.7900390625,1589.4100341796875,56793088,2026-06-07T02:00:00.000000Z
2026-06-07T02:00:00.000000Z,1589,1592.949951171875,1587.2099609375,1589.030029296875,54509568,2026-06-07T02:15:00.000000Z
2026-06-07T02:15:00.000000Z,1588.0400390625,1589.1099853515625,1582.800048828125,1584.5999755859375,296744960,2026-06-07T02:30:00.000000Z
2026-06-07T02:30:00.000000Z,1584.6199951171875,1586.0699462890625,1581.5999755859375,1585.949951171875,5502976,2026-06-07T02:45:00.000000Z
2026-06-07T02:45:00.000000Z,1585.9100341796875,1593.6400146484375,1585.9100341796875,1592.1099853515625,13158400,2026-06-07T03:00:00.000000Z
2026-06-07T03:00:00.000000Z,1591.780029296875,1592.969970703125,1589.1600341796875,1592.77001953125,129335296,2026-06-07T03:15:00.000000Z
2026-06-07T03:15:00.000000Z,1592.47998046875,1599.22998046875,1590.8499755859375,1595.4100341796875,410816512,2026-06-07T03:30:00.000000Z
2026-06-07T03:30:00.000000Z,1595.31005859375,1597.2099609375,1590.219970703125,1594.030029296875,74227712,2026-06-07T03:45:00.000000Z
2026-06-07T03:45:00.000000Z,1593.9100341796875,1594.75,1591.260009765625,1594.280029296875,493258752,2026-06-07T04:00:00.000000Z
2026-06-07T04:00:00.000000Z,1594.010009765625,1594.8699951171875,1587.199951171875,1588.56005859375,42033152,2026-06-07T04:15:00.000000Z
2026-06-07T04:15:00.000000Z,1588.760009765625,1590.4200439453125,1584.18994140625,1586.2900390625,0,2026-06-07T04:30:00.000000Z
2026-06-07T04:30:00.000000Z,1585.6500244140625,1597.800048828125,1585.6500244140625,1595.3800048828125,0,2026-06-07T04:45:00.000000Z
2026-06-07T04:45:00.000000Z,1595.969970703125,1597.43994140625,1593.3900146484375,1596.31005859375,9574400,2026-06-07T05:00:00.000000Z
2026-06-07T05:00:00.000000Z,1596.010009765625,1604.8499755859375,1592.800048828125,1599.3399658203125,0,2026-06-07T05:15:00.000000Z
2026-06-07T05:15:00.000000Z,1598.800048828125,1607.52001953125,1597.06005859375,1602.8599853515625,31450112,2026-06-07T05:30:00.000000Z
2026-06-07T05:30:00.000000Z,1602.8499755859375,1607.6700439453125,1599.300048828125,1607.219970703125,0,2026-06-07T05:45:00.000000Z
2026-06-07T05:45:00.000000Z,1607.06005859375,1607.239990234375,1602.0400390625,1603.2099609375,0,2026-06-07T06:00:00.000000Z
2026-06-07T06:00:00.000000Z,1603.239990234375,1603.6400146484375,1597.7099609375,1599.550048828125,0,2026-06-07T06:15:00.000000Z
2026-06-07T06:15:00.000000Z,1599.9000244140625,1620.02001953125,1597.8499755859375,1617.6099853515625,489920512,2026-06-07T06:30:00.000000Z
2026-06-07T06:30:00.000000Z,1617.1099853515625,1622.0699462890625,1612.31005859375,1613.6099853515625,93702144,2026-06-07T06:45:00.000000Z
2026-06-07T06:45:00.000000Z,1613.9000244140625,1615.1099853515625,1610,1611.5699462890625,412426240,2026-06-07T07:00:00.000000Z
2026-06-07T07:00:00.000000Z,1609.9100341796875,1614.0999755859375,1606.81005859375,1610.300048828125,152439808,2026-06-07T07:15:00.000000Z
2026-06-07T07:15:00.000000Z,1609.6800537109375,1613.260009765625,1608,1613.010009765625,27840512,2026-06-07T07:30:00.000000Z
2026-06-07T07:30:00.000000Z,1612.9100341796875,1615,1609.81005859375,1611.6099853515625,64169984,2026-06-07T07:45:00.000000Z
2026-06-07T07:45:00.000000Z,1611.739990234375,1615.6400146484375,1610.699951171875,1614.3599853515625,0,2026-06-07T08:00:00.000000Z
2026-06-07T08:00:00.000000Z,1614.2900390625,1615.31005859375,1608.199951171875,1612.6099853515625,504867840,2026-06-07T08:15:00.000000Z
2026-06-07T08:15:00.000000Z,1612.5400390625,1618.1600341796875,1609.550048828125,1617.75,63857664,2026-06-07T08:30:00.000000Z
2026-06-07T08:30:00.000000Z,1617.4100341796875,1621.3900146484375,1614.719970703125,1621.27001953125,0,2026-06-07T08:45:00.000000Z
2026-06-07T08:45:00.000000Z,1621.3499755859375,1641.1600341796875,1621.3499755859375,1640.7099609375,305695744,2026-06-07T09:00:00.000000Z
2026-06-07T09:00:00.000000Z,1640.4000244140625,1642.3800048828125,1636.530029296875,1642.300048828125,295982080,2026-06-07T09:15:00.000000Z
2026-06-07T09:15:00.000000Z,1642.9000244140625,1646.72998046875,1636.510009765625,1641.02001953125,217331712,2026-06-07T09:30:00.000000Z
2026-06-07T09:30:00.000000Z,1641.02001953125,1641.02001953125,1632.6099853515625,1633.2900390625,151473152,2026-06-07T09:45:00.000000Z
2026-06-07T09:45:00.000000Z,1633.56005859375,1635.8800048828125,1628.8599853515625,1632.81005859375,0,2026-06-07T10:00:00.000000Z
2026-06-07T10:00:00.000000Z,1632.9200439453125,1634.1700439453125,1627.4000244140625,1628.25,0,2026-06-07T10:15:00.000000Z
2026-06-07T10:15:00.000000Z,1628.469970703125,1634.8800048828125,1628.199951171875,1633,58296320,2026-06-07T10:30:00.000000Z
2026-06-07T10:30:00.000000Z,1632.1600341796875,1634.8900146484375,1628.1199951171875,1629.5,0,2026-06-07T10:45:00.000000Z
2026-06-07T10:45:00.000000Z,1629.300048828125,1629.300048828125,1624.3900146484375,1625.010009765625,559074304,2026-06-07T11:00:00.000000Z
2026-06-07T11:00:00.000000Z,1625.1800537109375,1627.510009765625,1622.050048828125,1626.300048828125,116965376,2026-06-07T11:15:00.000000Z
2026-06-07T11:15:00.000000Z,1625.9000244140625,1629.760009765625,1625.199951171875,1628.199951171875,35634176,2026-06-07T11:30:00.000000Z
2026-06-07T11:30:00.000000Z,1627.9100341796875,1632.7900390625,1625.699951171875,1632,0,2026-06-07T11:45:00.000000Z
2026-06-07T11:45:00.000000Z,1632.4000244140625,1633.3199462890625,1628.8299560546875,1629.6400146484375,83418112,2026-06-07T12:00:00.000000Z
2026-06-07T12:00:00.000000Z,1629.6700439453125,1630.4200439453125,1610.800048828125,1611.7900390625,442001408,2026-06-07T12:15:00.000000Z
2026-06-07T12:15:00.000000Z,1611.9100341796875,1617.1199951171875,1608.5999755859375,1610.3299560546875,120051712,2026-06-07T12:30:00.000000Z
2026-06-07T12:30:00.000000Z,1609.699951171875,1617.1199951171875,1606.5799560546875,1615.1099853515625,161992704,2026-06-07T12:45:00.000000Z
2026-06-07T12:45:00.000000Z,1616.0999755859375,1621.1199951171875,1615.239990234375,1619.43994140625,29828096,2026-06-07T13:00:00.000000Z
2026-06-07T13:00:00.000000Z,1619.300048828125,1620.5999755859375,1612.7099609375,1619.699951171875,27768832,2026-06-07T13:15:00.000000Z
2026-06-07T13:15:00.000000Z,1620.050048828125,1621.989990234375,1615.02001953125,1620.5699462890625,664426496,2026-06-07T13:30:00.000000Z
2026-06-07T13:30:00.000000Z,1619.93994140625,1621.5899658203125,1615.0400390625,1617.18994140625,187217920,2026-06-07T13:45:00.000000Z
2026-06-07T13:45:00.000000Z,1617.02001953125,1619.0999755859375,1614.3800048828125,1617.0400390625,0,2026-06-07T14:00:00.000000Z
2026-06-07T14:00:00.000000Z,1616.8900146484375,1620.4000244140625,1616.4200439453125,1617.969970703125,0,2026-06-07T14:15:00.000000Z
2026-06-07T14:15:00.000000Z,1617.1300048828125,1632.760009765625,1617.1300048828125,1630.1700439453125,41538560,2026-06-07T14:30:00.000000Z
2026-06-07T14:30:00.000000Z,1630.1199951171875,1637.4200439453125,1624.5,1625.7099609375,543534080,2026-06-07T14:45:00.000000Z
2026-06-07T14:45:00.000000Z,1625.969970703125,1627.9300537109375,1621.18994140625,1627.5699462890625,509367296,2026-06-07T15:00:00.000000Z
2026-06-07T15:00:00.000000Z,1627.239990234375,1627.239990234375,1620.25,1626.3900146484375,37422080,2026-06-07T15:15:00.000000Z
2026-06-07T15:15:00.000000Z,1626.0999755859375,1631.6500244140625,1622.8599853515625,1631.1600341796875,23621632,2026-06-07T15:30:00.000000Z
2026-06-07T15:30:00.000000Z,1631.4000244140625,1635.4200439453125,1629.3800048828125,1632.199951171875,387597312,2026-06-07T15:45:00.000000Z
2026-06-07T15:45:00.000000Z,1632.030029296875,1632.5,1626.52001953125,1629.3599853515625,130230272,2026-06-07T16:00:00.000000Z
2026-06-07T16:00:00.000000Z,1630.300048828125,1630.5799560546875,1622.7900390625,1629.4000244140625,13992960,2026-06-07T16:15:00.000000Z
2026-06-07T16:15:00.000000Z,1629.7900390625,1632.4100341796875,1626.72998046875,1627.530029296875,52019200,2026-06-07T16:30:00.000000Z
2026-06-07T16:30:00.000000Z,1627.31005859375,1631.4100341796875,1627.02001953125,1629.1500244140625,71391232,2026-06-07T16:45:00.000000Z
2026-06-07T16:45:00.000000Z,1629.1600341796875,1632.800048828125,1625.0899658203125,1627.9300537109375,57232384,2026-06-07T17:00:00.000000Z
2026-06-07T17:00:00.000000Z,1627.0999755859375,1635.9599609375,1627.0999755859375,1634.6500244140625,16487424,2026-06-07T17:15:00.000000Z
2026-06-07T17:15:00.000000Z,1635.800048828125,1637.0400390625,1632.8299560546875,1634.739990234375,196182016,2026-06-07T17:30:00.000000Z
2026-06-07T17:30:00.000000Z,1635.1199951171875,1637.7099609375,1632.5400390625,1633.18994140625,39854080,2026-06-07T17:45:00.000000Z
2026-06-07T17:45:00.000000Z,1632.6199951171875,1632.989990234375,1628.300048828125,1630.530029296875,0,2026-06-07T18:00:00.000000Z
2026-06-07T18:00:00.000000Z,1630.800048828125,1634.800048828125,1630.06005859375,1634.219970703125,450797568,2026-06-07T18:15:00.000000Z
2026-06-07T18:15:00.000000Z,1634.010009765625,1634.3699951171875,1628.260009765625,1632.6600341796875,10930176,2026-06-07T18:30:00.000000Z
2026-06-07T18:30:00.000000Z,1632.8900146484375,1635.989990234375,1632.31005859375,1633.6199951171875,83874816,2026-06-07T18:45:00.000000Z
2026-06-07T18:45:00.000000Z,1633.5999755859375,1635.199951171875,1628.8199462890625,1629.510009765625,0,2026-06-07T19:00:00.000000Z
2026-06-07T19:00:00.000000Z,1629.760009765625,1629.8399658203125,1613.3599853515625,1616.199951171875,122475520,2026-06-07T19:15:00.000000Z
2026-06-07T19:15:00.000000Z,1615.81005859375,1615.81005859375,1604.1099853515625,1609.8699951171875,32445440,2026-06-07T19:30:00.000000Z
2026-06-07T19:30:00.000000Z,1610.3900146484375,1611.1099853515625,1606.47998046875,1607,351281152,2026-06-07T19:45:00.000000Z
2026-06-07T19:45:00.000000Z,1608.5999755859375,1616.77001953125,1605.5999755859375,1612.6199951171875,197601280,2026-06-07T20:00:00.000000Z
2026-06-07T20:00:00.000000Z,1612.0999755859375,1622.2900390625,1608.719970703125,1620.4200439453125,35112960,2026-06-07T20:15:00.000000Z
2026-06-07T20:15:00.000000Z,1620.0999755859375,1630.3599853515625,1617.699951171875,1624.3199462890625,148083712,2026-06-07T20:30:00.000000Z
2026-06-07T20:30:00.000000Z,1624.300048828125,1626.4100341796875,1622.1099853515625,1623.989990234375,36012032,2026-06-07T20:45:00.000000Z
2026-06-07T20:45:00.000000Z,1623.7099609375,1629.68994140625,1623.56005859375,1627.2099609375,87053312,2026-06-07T21:00:00.000000Z
2026-06-07T21:00:00.000000Z,1627.5999755859375,1631.469970703125,1623.3299560546875,1630.1400146484375,75277312,2026-06-07T21:15:00.000000Z
2026-06-07T21:15:00.000000Z,1629.8199462890625,1630.7099609375,1626.68994140625,1627.760009765625,64239616,2026-06-07T21:30:00.000000Z
2026-06-07T21:30:00.000000Z,1627.699951171875,1629.75,1624.5,1625.0699462890625,33054720,2026-06-07T21:45:00.000000Z
2026-06-07T21:45:00.000000Z,1625.300048828125,1633.699951171875,1625.300048828125,1633.699951171875,0,2026-06-07T22:00:00.000000Z
2026-06-07T22:00:00.000000Z,1635.8900146484375,1694.1600341796875,1628.0999755859375,1694.1600341796875,166115328,2026-06-07T22:15:00.000000Z
2026-06-07T22:15:00.000000Z,1703.300048828125,1719.5799560546875,1669.6300048828125,1674.800048828125,980532224,2026-06-07T22:30:00.000000Z
2026-06-07T22:30:00.000000Z,1675.449951171875,1687.9000244140625,1669.2099609375,1680.1099853515625,224283648,2026-06-07T22:45:00.000000Z
2026-06-07T22:45:00.000000Z,1681.199951171875,1685.510009765625,1671.0400390625,1671.0799560546875,313610240,2026-06-07T23:00:00.000000Z
2026-06-07T23:00:00.000000Z,1670.1500244140625,1679.8199462890625,1670.010009765625,1679.1199951171875,172696576,2026-06-07T23:15:00.000000Z
2026-06-07T23:15:00.000000Z,1680.56005859375,1684.2900390625,1671.8399658203125,1684.1199951171875,98242560,2026-06-07T23:30:00.000000Z
2026-06-07T23:30:00.000000Z,1684.219970703125,1684.25,1678.1400146484375,1683.68994140625,77968384,2026-06-07T23:45:00.000000Z
2026-06-07T23:45:00.000000Z,1683.47998046875,1689.75,1679.6400146484375,1689.75,540038144,2026-06-08T00:00:00.000000Z
2026-06-08T00:00:00.000000Z,1689.050048828125,1690.25,1682.8800048828125,1685.75,240646144,2026-06-08T00:15:00.000000Z
2026-06-08T00:15:00.000000Z,1685.56005859375,1697.72998046875,1683.2099609375,1697.72998046875,103057408,2026-06-08T00:30:00.000000Z
2026-06-08T00:30:00.000000Z,1697.52001953125,1710.550048828125,1694.02001953125,1701.9599609375,125341696,2026-06-08T00:45:00.000000Z
2026-06-08T00:45:00.000000Z,1701.8299560546875,1706.800048828125,1693.219970703125,1697.1400146484375,559196160,2026-06-08T01:00:00.000000Z
2026-06-08T01:00:00.000000Z,1697,1698.530029296875,1682.81005859375,1683.1099853515625,0,2026-06-08T01:15:00.000000Z
2026-06-08T01:15:00.000000Z,1681.6700439453125,1682.72998046875,1672.4000244140625,1674.199951171875,84783104,2026-06-08T01:30:00.000000Z
2026-06-08T01:30:00.000000Z,1674.300048828125,1683.199951171875,1670.5699462890625,1682.1600341796875,222210048,2026-06-08T01:45:00.000000Z
2026-06-08T01:45:00.000000Z,1682.56005859375,1687.800048828125,1679.760009765625,1686.699951171875,128839680,2026-06-08T02:00:00.000000Z
2026-06-08T02:00:00.000000Z,1686.260009765625,1688.469970703125,1680.1300048828125,1684.8800048828125,243393536,2026-06-08T02:15:00.000000Z
2026-06-08T02:15:00.000000Z,1684.7099609375,1687.3599853515625,1679.06005859375,1684.25,23385088,2026-06-08T02:30:00.000000Z
2026-06-08T02:30:00.000000Z,1684.0899658203125,1685.9300537109375,1677.6300048828125,1683.3499755859375,237698048,2026-06-08T02:45:00.000000Z
2026-06-08T02:45:00.000000Z,1682.81005859375,1684.1400146484375,1679.1300048828125,1683.77001953125,153771008,2026-06-08T03:00:00.000000Z
2026-06-08T03:00:00.000000Z,1683.6800537109375,1691.97998046875,1678.56005859375,1687.0999755859375,198270976,2026-06-08T03:15:00.000000Z
2026-06-08T03:15:00.000000Z,1687.3599853515625,1687.5899658203125,1679.800048828125,1680.050048828125,129205248,2026-06-08T03:30:00.000000Z
2026-06-08T03:30:00.000000Z,1680.22998046875,1682.47998046875,1676.449951171875,1677.4599609375,142425088,2026-06-08T03:45:00.000000Z
2026-06-08T03:45:00.000000Z,1677.760009765625,1679.3900146484375,1676.0799560546875,1678.7900390625,354637824,2026-06-08T04:00:00.000000Z
2026-06-08T04:00:00.000000Z,1678.8800048828125,1679.77001953125,1664.68994140625,1668,155100160,2026-06-08T04:15:00.000000Z
2026-06-08T04:15:00.000000Z,1668.489990234375,1669.1099853515625,1661.68994140625,1665.550048828125,191976448,2026-06-08T04:30:00.000000Z
2026-06-08T04:30:00.000000Z,1665.8499755859375,1667.4100341796875,1655.3699951171875,1656.199951171875,0,2026-06-08T04:45:00.000000Z
2026-06-08T04:45:00.000000Z,1656.719970703125,1663.6600341796875,1656.3499755859375,1657.31005859375,396371968,2026-06-08T05:00:00.000000Z
2026-06-08T05:00:00.000000Z,1656.6800537109375,1659.18994140625,1647.8699951171875,1648.52001953125,0,2026-06-08T05:15:00.000000Z
2026-06-08T05:15:00.000000Z,1648.3299560546875,1657.25,1647.18994140625,1655.800048828125,690418688,2026-06-08T05:30:00.000000Z
2026-06-08T05:30:00.000000Z,1655.530029296875,1655.530029296875,1644.0799560546875,1646.510009765625,20381696,2026-06-08T05:45:00.000000Z
2026-06-08T05:45:00.000000Z,1646.5400390625,1652.780029296875,1646.0400390625,1652.6500244140625,147827712,2026-06-08T06:00:00.000000Z
2026-06-08T06:00:00.000000Z,1652.280029296875,1663.6700439453125,1651.6800537109375,1663.0999755859375,736581632,2026-06-08T06:15:00.000000Z
2026-06-08T06:15:00.000000Z,1662.4599609375,1668.719970703125,1659.8299560546875,1667.47998046875,54886400,2026-06-08T06:30:00.000000Z
2026-06-08T06:30:00.000000Z,1666.72998046875,1666.9599609375,1661.3299560546875,1665.6099853515625,15294464,2026-06-08T06:45:00.000000Z
2026-06-08T06:45:00.000000Z,1665.9200439453125,1666.4000244140625,1662.5699462890625,1665.510009765625,53454848,2026-06-08T07:00:00.000000Z
2026-06-08T07:00:00.000000Z,1666.260009765625,1670.739990234375,1660.8599853515625,1667.3399658203125,0,2026-06-08T07:15:00.000000Z
2026-06-08T07:15:00.000000Z,1667.5999755859375,1674.969970703125,1664.6500244140625,1672.31005859375,209579008,2026-06-08T07:30:00.000000Z
2026-06-08T07:30:00.000000Z,1672.3900146484375,1676.800048828125,1670.8199462890625,1671.1800537109375,353746944,2026-06-08T07:45:00.000000Z
2026-06-08T07:45:00.000000Z,1671.239990234375,1676.260009765625,1670.4300537109375,1672.300048828125,176160768,2026-06-08T08:00:00.000000Z
2026-06-08T08:00:00.000000Z,1671.5999755859375,1671.5999755859375,1664.52001953125,1667.93994140625,85320704,2026-06-08T08:15:00.000000Z
2026-06-08T08:15:00.000000Z,1667.77001953125,1669.0400390625,1661.4599609375,1666.22998046875,173814784,2026-06-08T08:30:00.000000Z
2026-06-08T08:30:00.000000Z,1665.77001953125,1668.489990234375,1662,1664.02001953125,488172544,2026-06-08T08:45:00.000000Z
2026-06-08T08:45:00.000000Z,1664.010009765625,1664.530029296875,1657.6700439453125,1659.719970703125,3251200,2026-06-08T09:00:00.000000Z
2026-06-08T09:00:00.000000Z,1659.9200439453125,1664.6500244140625,1656.6300048828125,1663.6700439453125,0,2026-06-08T09:15:00.000000Z
2026-06-08T09:15:00.000000Z,1663.5400390625,1669.52001953125,1661.1400146484375,1661.68994140625,185806848,2026-06-08T09:30:00.000000Z
2026-06-08T09:30:00.000000Z,1661.3599853515625,1664.9300537109375,1655.9000244140625,1661.93994140625,90309632,2026-06-08T09:45:00.000000Z
2026-06-08T09:45:00.000000Z,1661.6800537109375,1670.5,1661.3599853515625,1669.760009765625,327277568,2026-06-08T10:00:00.000000Z
2026-06-08T10:00:00.000000Z,1669.5899658203125,1671.3599853515625,1666.719970703125,1668.47998046875,10209280,2026-06-08T10:15:00.000000Z
2026-06-08T10:15:00.000000Z,1668.5,1669.06005859375,1662.56005859375,1664.43994140625,552594432,2026-06-08T10:30:00.000000Z
2026-06-08T10:30:00.000000Z,1664.4000244140625,1673.0899658203125,1662.4000244140625,1670.010009765625,61998080,2026-06-08T10:45:00.000000Z
2026-06-08T10:45:00.000000Z,1670.0899658203125,1671.780029296875,1668,1670.9200439453125,178549760,2026-06-08T11:00:00.000000Z
2026-06-08T11:00:00.000000Z,1670.969970703125,1679.93994140625,1666.3599853515625,1679.0400390625,551844864,2026-06-08T11:15:00.000000Z
2026-06-08T11:15:00.000000Z,1680.6400146484375,1693.1199951171875,1679.3199462890625,1687.6099853515625,150831104,2026-06-08T11:30:00.000000Z
2026-06-08T11:30:00.000000Z,1688.2099609375,1695.1800537109375,1683.52001953125,1687.1099853515625,613170176,2026-06-08T11:45:00.000000Z
2026-06-08T11:45:00.000000Z,1687.7099609375,1687.760009765625,1680.0699462890625,1682.300048828125,23516160,2026-06-08T12:00:00.000000Z
2026-06-08T12:00:00.000000Z,1682.0799560546875,1688.1800537109375,1666.5999755859375,1666.5999755859375,712200192,2026-06-08T12:15:00.000000Z
2026-06-08T12:15:00.000000Z,1668.800048828125,1678.280029296875,1668.800048828125,1678.239990234375,488593408,2026-06-08T12:30:00.000000Z
2026-06-08T12:30:00.000000Z,1678.47998046875,1694.5999755859375,1676.739990234375,1691.1700439453125,44441600,2026-06-08T12:45:00.000000Z
2026-06-08T12:45:00.000000Z,1692.0799560546875,1697.199951171875,1686.56005859375,1693.02001953125,179477504,2026-06-08T13:00:00.000000Z
2026-06-08T13:00:00.000000Z,1694.5699462890625,1694.8900146484375,1689.4300537109375,1690.81005859375,55861248,2026-06-08T13:15:00.000000Z
2026-06-08T13:15:00.000000Z,1691.1400146484375,1694.68994140625,1686.1700439453125,1687.760009765625,710219776,2026-06-08T13:30:00.000000Z
2026-06-08T13:30:00.000000Z,1687.219970703125,1691.2900390625,1680.1600341796875,1680.3900146484375,520902656,2026-06-08T13:45:00.000000Z
2026-06-08T13:45:00.000000Z,1681.780029296875,1687.81005859375,1677.199951171875,1680.3699951171875,551934976,2026-06-08T14:00:00.000000Z
2026-06-08T14:00:00.000000Z,1680.7900390625,1687.989990234375,1676.4000244140625,1686.199951171875,258617344,2026-06-08T14:15:00.000000Z
2026-06-08T14:15:00.000000Z,1686.3299560546875,1686.5799560546875,1680.3499755859375,1683.4000244140625,58064896,2026-06-08T14:30:00.000000Z
2026-06-08T14:30:00.000000Z,1683.5899658203125,1688.699951171875,1681.510009765625,1686.0699462890625,587630592,2026-06-08T14:45:00.000000Z
2026-06-08T14:45:00.000000Z,1685.97998046875,1693.3800048828125,1682.9000244140625,1690.5999755859375,657288192,2026-06-08T15:00:00.000000Z
2026-06-08T15:00:00.000000Z,1691.1400146484375,1704.1300048828125,1690.1800537109375,1703.3900146484375,192802816,2026-06-08T15:15:00.000000Z
2026-06-08T15:15:00.000000Z,1704.3800048828125,1704.3800048828125,1694.3299560546875,1695.4200439453125,239740928,2026-06-08T15:30:00.000000Z
2026-06-08T15:30:00.000000Z,1694.9200439453125,1695.1199951171875,1689.199951171875,1693.02001953125,0,2026-06-08T15:45:00.000000Z
2026-06-08T15:45:00.000000Z,1693.3900146484375,1699.47998046875,1688.25,1690.739990234375,513783808,2026-06-08T16:00:00.000000Z
2026-06-08T16:00:00.000000Z,1690.8499755859375,1697.4300537109375,1687.300048828125,1694.0699462890625,225320960,2026-06-08T16:15:00.000000Z
2026-06-08T16:15:00.000000Z,1694.1600341796875,1703,1694.1600341796875,1696.93994140625,483883008,2026-06-08T16:30:00.000000Z
2026-06-08T16:30:00.000000Z,1696.7900390625,1696.97998046875,1689.719970703125,1691.3699951171875,695805952,2026-06-08T16:45:00.000000Z
2026-06-08T16:45:00.000000Z,1692.530029296875,1692.530029296875,1682,1682,175269888,2026-06-08T17:00:00.000000Z
2026-06-08T17:00:00.000000Z,1682.6800537109375,1683.3900146484375,1675.3299560546875,1677.93994140625,646842368,2026-06-08T17:15:00.000000Z
2026-06-08T17:15:00.000000Z,1678.72998046875,1687.0799560546875,1678.2099609375,1685.800048828125,167819264,2026-06-08T17:30:00.000000Z
2026-06-08T17:30:00.000000Z,1685.949951171875,1685.949951171875,1676.780029296875,1679.8599853515625,9758720,2026-06-08T17:45:00.000000Z
2026-06-08T17:45:00.000000Z,1680.469970703125,1686.0899658203125,1679.9599609375,1686.02001953125,385421312,2026-06-08T18:00:00.000000Z
2026-06-08T18:00:00.000000Z,1686.4000244140625,1691.9000244140625,1685.300048828125,1687.22998046875,152084480,2026-06-08T18:15:00.000000Z
2026-06-08T18:15:00.000000Z,1687.800048828125,1688.219970703125,1684.0799560546875,1687.5799560546875,641544192,2026-06-08T18:30:00.000000Z
2026-06-08T18:30:00.000000Z,1687.8299560546875,1689.18994140625,1680.469970703125,1682.8499755859375,0,2026-06-08T18:45:00.000000Z
2026-06-08T18:45:00.000000Z,1683.02001953125,1685.9000244140625,1677.75,1684.1700439453125,657084416,2026-06-08T19:00:00.000000Z
2026-06-08T19:00:00.000000Z,1683.93994140625,1688.4300537109375,1680.449951171875,1683.6199951171875,0,2026-06-08T19:15:00.000000Z
2026-06-08T19:15:00.000000Z,1683.6099853515625,1688.780029296875,1681.010009765625,1686.8199462890625,118532096,2026-06-08T19:30:00.000000Z
2026-06-08T19:30:00.000000Z,1687.0699462890625,1689.9300537109375,1684.9599609375,1689.6099853515625,56528896,2026-06-08T19:45:00.000000Z
2026-06-08T19:45:00.000000Z,1688.81005859375,1689.56005859375,1682.68994140625,1684.260009765625,106637312,2026-06-08T20:00:00.000000Z
2026-06-08T20:00:00.000000Z,1685.0400390625,1688.199951171875,1681.0999755859375,1682.6199951171875,45490176,2026-06-08T20:15:00.000000Z
2026-06-08T20:15:00.000000Z,1682.8699951171875,1685.449951171875,1678.7900390625,1678.8900146484375,116807680,2026-06-08T20:30:00.000000Z
2026-06-08T20:30:00.000000Z,1679.2099609375,1688.469970703125,1678.72998046875,1686.8599853515625,62787584,2026-06-08T20:45:00.000000Z
2026-06-08T20:45:00.000000Z,1686.6300048828125,1689.260009765625,1685.780029296875,1689.260009765625,31981568,2026-06-08T21:00:00.000000Z
2026-06-08T21:00:00.000000Z,1689.52001953125,1713.199951171875,1689.43994140625,1708.9300537109375,189554688,2026-06-08T21:15:00.000000Z
2026-06-08T21:15:00.000000Z,1709.550048828125,1712.4599609375,1704.5,1708.949951171875,251373568,2026-06-08T21:30:00.000000Z
2026-06-08T21:30:00.000000Z,1709.3800048828125,1713.699951171875,1707.260009765625,1713.510009765625,249737216,2026-06-08T21:45:00.000000Z
2026-06-08T21:45:00.000000Z,1713.7099609375,1713.7099609375,1703.27001953125,1703.27001953125,20525056,2026-06-08T22:00:00.000000Z
2026-06-08T22:00:00.000000Z,1701.3900146484375,1702.260009765625,1690.6199951171875,1690.7099609375,337379328,2026-06-08T22:15:00.000000Z
2026-06-08T22:15:00.000000Z,1691.02001953125,1696.1800537109375,1688.199951171875,1694.52001953125,88637440,2026-06-08T22:30:00.000000Z
2026-06-08T22:30:00.000000Z,1694.8299560546875,1696.8599853515625,1691.510009765625,1696.2099609375,74999808,2026-06-08T22:45:00.000000Z
2026-06-08T22:45:00.000000Z,1696.4200439453125,1703.5999755859375,1694.6600341796875,1702.4599609375,451297280,2026-06-08T23:00:00.000000Z
2026-06-08T23:00:00.000000Z,1702.9000244140625,1713.4200439453125,1701.719970703125,1711.7900390625,0,2026-06-08T23:15:00.000000Z
2026-06-08T23:15:00.000000Z,1711.6500244140625,1711.6500244140625,1695.0899658203125,1697.06005859375,77432832,2026-06-08T23:30:00.000000Z
2026-06-08T23:30:00.000000Z,1696.719970703125,1699.3900146484375,1692.9000244140625,1696.280029296875,92735488,2026-06-08T23:45:00.000000Z
2026-06-08T23:45:00.000000Z,1695.5,1695.5,1686.52001953125,1690.030029296875,470554624,2026-06-09T00:00:00.000000Z
2026-06-09T00:00:00.000000Z,1689.18994140625,1691.72998046875,1683.8699951171875,1685.06005859375,32716800,2026-06-09T00:15:00.000000Z
2026-06-09T00:15:00.000000Z,1685.2099609375,1696.199951171875,1673.199951171875,1674.699951171875,117086208,2026-06-09T00:30:00.000000Z
2026-06-09T00:30:00.000000Z,1675.6400146484375,1676.1300048828125,1664.699951171875,1671.4200439453125,323656704,2026-06-09T00:45:00.000000Z
2026-06-09T00:45:00.000000Z,1671.5999755859375,1671.5999755859375,1660.010009765625,1663.2900390625,2256896,2026-06-09T01:00:00.000000Z
2026-06-09T01:00:00.000000Z,1662.4000244140625,1667.3499755859375,1658.7099609375,1664.469970703125,365000704,2026-06-09T01:15:00.000000Z
2026-06-09T01:15:00.000000Z,1663.199951171875,1673.199951171875,1663.199951171875,1669.949951171875,0,2026-06-09T01:30:00.000000Z
2026-06-09T01:30:00.000000Z,1669.6700439453125,1673.4200439453125,1667.3199462890625,1669.1199951171875,0,2026-06-09T01:45:00.000000Z
2026-06-09T01:45:00.000000Z,1669.699951171875,1671.719970703125,1665.9200439453125,1668.219970703125,452254720,2026-06-09T02:00:00.000000Z
2026-06-09T02:00:00.000000Z,1668.469970703125,1671.5999755859375,1666.8900146484375,1666.989990234375,493282304,2026-06-09T02:15:00.000000Z
2026-06-09T02:15:00.000000Z,1666.949951171875,1666.949951171875,1660.3199462890625,1664.9000244140625,33372160,2026-06-09T02:30:00.000000Z
2026-06-09T02:30:00.000000Z,1665.0699462890625,1666.3800048828125,1654.5799560546875,1661.300048828125,138779648,2026-06-09T02:45:00.000000Z
2026-06-09T02:45:00.000000Z,1661.260009765625,1667.7900390625,1659.5,1667.300048828125,101002240,2026-06-09T03:00:00.000000Z
2026-06-09T03:00:00.000000Z,1667.47998046875,1668.8499755859375,1664.6099853515625,1668.300048828125,22110208,2026-06-09T03:15:00.000000Z
2026-06-09T03:15:00.000000Z,1668.7099609375,1670.8399658203125,1666.3900146484375,1667.9100341796875,116813824,2026-06-09T03:30:00.000000Z
2026-06-09T03:30:00.000000Z,1668.4599609375,1669.5899658203125,1663.3599853515625,1667.9100341796875,0,2026-06-09T03:45:00.000000Z
2026-06-09T03:45:00.000000Z,1667.8199462890625,1669.56005859375,1664.7099609375,1668.8199462890625,51245056,2026-06-09T04:00:00.000000Z
2026-06-09T04:00:00.000000Z,1668.300048828125,1671.5,1664.2900390625,1669.77001953125,568473600,2026-06-09T04:15:00.000000Z
2026-06-09T04:15:00.000000Z,1668.27001953125,1669.5899658203125,1665.3399658203125,1665.4300537109375,465470464,2026-06-09T04:30:00.000000Z
2026-06-09T04:30:00.000000Z,1665.6099853515625,1689.1600341796875,1663.77001953125,1685.06005859375,53981184,2026-06-09T04:45:00.000000Z
2026-06-09T04:45:00.000000Z,1684.699951171875,1694.1199951171875,1682.5999755859375,1685.5999755859375,273732608,2026-06-09T05:00:00.000000Z
2026-06-09T05:00:00.000000Z,1685.5,1687.800048828125,1680.699951171875,1686.4000244140625,0,2026-06-09T05:15:00.000000Z
2026-06-09T05:15:00.000000Z,1686.5999755859375,1690.77001953125,1686.3199462890625,1687,280231936,2026-06-09T05:30:00.000000Z
2026-06-09T05:30:00.000000Z,1687.1800537109375,1694.0999755859375,1685.9599609375,1689.699951171875,135333888,2026-06-09T05:45:00.000000Z
2026-06-09T05:45:00.000000Z,1689.3199462890625,1691.489990234375,1686.5999755859375,1687.3900146484375,163632128,2026-06-09T06:00:00.000000Z
2026-06-09T06:00:00.000000Z,1687.6099853515625,1690.18994140625,1685.4200439453125,1688.239990234375,130158592,2026-06-09T06:15:00.000000Z
2026-06-09T06:15:00.000000Z,1688.239990234375,1694.300048828125,1686.9100341796875,1691.06005859375,0,2026-06-09T06:30:00.000000Z
2026-06-09T06:30:00.000000Z,1691.5,1692.5899658203125,1686.47998046875,1687.6600341796875,619710464,2026-06-09T06:45:00.000000Z
2026-06-09T06:45:00.000000Z,1687.8399658203125,1689.4100341796875,1683.1800537109375,1685.25,644656128,2026-06-09T07:00:00.000000Z
2026-06-09T07:00:00.000000Z,1686.300048828125,1690.6300048828125,1685.3599853515625,1685.5,9529344,2026-06-09T07:15:00.000000Z
2026-06-09T07:15:00.000000Z,1684.9599609375,1688.93994140625,1674.5,1675.1800537109375,68046848,2026-06-09T07:30:00.000000Z
2026-06-09T07:30:00.000000Z,1675.5999755859375,1680.7900390625,1675.5999755859375,1680,136872960,2026-06-09T07:45:00.000000Z
2026-06-09T07:45:00.000000Z,1680.1199951171875,1680.800048828125,1677.199951171875,1679,0,2026-06-09T08:00:00.000000Z
2026-06-09T08:00:00.000000Z,1679.43994140625,1679.699951171875,1668.1199951171875,1674.5,0,2026-06-09T08:15:00.000000Z
2026-06-09T08:15:00.000000Z,1674.5999755859375,1676.219970703125,1671.219970703125,1674.4100341796875,172475392,2026-06-09T08:30:00.000000Z
2026-06-09T08:30:00.000000Z,1673.31005859375,1678.699951171875,1673,1676.52001953125,63332352,2026-06-09T08:45:00.000000Z
2026-06-09T08:45:00.000000Z,1677.1400146484375,1678.0999755859375,1673.4000244140625,1674.3699951171875,125261824,2026-06-09T09:00:00.000000Z
2026-06-09T09:00:00.000000Z,1674.510009765625,1676.3499755859375,1672.1700439453125,1676.1099853515625,58061824,2026-06-09T09:15:00.000000Z
2026-06-09T09:15:00.000000Z,1676.3399658203125,1679.5799560546875,1674.0999755859375,1674.0999755859375,157730816,2026-06-09T09:30:00.000000Z
2026-06-09T09:30:00.000000Z,1673.800048828125,1674.3199462890625,1665.02001953125,1668.43994140625,0,2026-06-09T09:45:00.000000Z
2026-06-09T09:45:00.000000Z,1668.469970703125,1670.6400146484375,1668.300048828125,1669.6500244140625,578046976,2026-06-09T10:00:00.000000Z
2026-06-09T10:00:00.000000Z,1670.0999755859375,1672.5899658203125,1666.6500244140625,1672.239990234375,54351872,2026-06-09T10:15:00.000000Z
2026-06-09T10:15:00.000000Z,1671.97998046875,1673.760009765625,1669.81005859375,1672.4200439453125,125617152,2026-06-09T10:30:00.000000Z
2026-06-09T10:30:00.000000Z,1672.4100341796875,1672.8800048828125,1668.4200439453125,1670.8199462890625,0,2026-06-09T10:45:00.000000Z
2026-06-09T10:45:00.000000Z,1670.300048828125,1675.1300048828125,1670.010009765625,1674,150551552,2026-06-09T11:00:00.000000Z
2026-06-09T11:00:00.000000Z,1673.5400390625,1674.4000244140625,1667.280029296875,1667.280029296875,19894272,2026-06-09T11:15:00.000000Z
2026-06-09T11:15:00.000000Z,1667.489990234375,1669.010009765625,1665.1300048828125,1667.8800048828125,388085760,2026-06-09T11:30:00.000000Z
2026-06-09T11:30:00.000000Z,1667.68994140625,1671.800048828125,1666.6700439453125,1670.1800537109375,486855680,2026-06-09T11:45:00.000000Z
2026-06-09T11:45:00.000000Z,1670.3699951171875,1672.5899658203125,1668,1670.989990234375,430588928,2026-06-09T12:00:00.000000Z
2026-06-09T12:00:00.000000Z,1669.9599609375,1682.0799560546875,1669.9599609375,1680.7099609375,377944064,2026-06-09T12:15:00.000000Z
2026-06-09T12:15:00.000000Z,1680.47998046875,1680.47998046875,1675.199951171875,1676.1600341796875,526546944,2026-06-09T12:30:00.000000Z
2026-06-09T12:30:00.000000Z,1675.780029296875,1677.8699951171875,1672.760009765625,1672.9200439453125,376744960,2026-06-09T12:45:00.000000Z
2026-06-09T12:45:00.000000Z,1672.93994140625,1675.75,1670.4200439453125,1675.75,92798976,2026-06-09T13:00:00.000000Z
2026-06-09T13:00:00.000000Z,1675.780029296875,1679.199951171875,1674.1700439453125,1674.75,119364608,2026-06-09T13:15:00.000000Z
2026-06-09T13:15:00.000000Z,1674.8499755859375,1675.9200439453125,1666.3399658203125,1669.5400390625,0,2026-06-09T13:30:00.000000Z
2026-06-09T13:30:00.000000Z,1669.530029296875,1674.7900390625,1663.5400390625,1672.0799560546875,219320320,2026-06-09T13:45:00.000000Z
2026-06-09T13:45:00.000000Z,1672.31005859375,1677,1665.4000244140625,1665.4000244140625,0,2026-06-09T14:00:00.000000Z
2026-06-09T14:00:00.000000Z,1665.1400146484375,1669.780029296875,1655.6199951171875,1655.81005859375,42836992,2026-06-09T14:15:00.000000Z
2026-06-09T14:15:00.000000Z,1656.3199462890625,1658.2099609375,1637.3599853515625,1637.3599853515625,149862400,2026-06-09T14:30:00.000000Z
2026-06-09T14:30:00.000000Z,1638.3299560546875,1645.0400390625,1635.469970703125,1636.0899658203125,584619008,2026-06-09T14:45:00.000000Z
2026-06-09T14:45:00.000000Z,1636.800048828125,1644.800048828125,1633.47998046875,1644.800048828125,145326080,2026-06-09T15:00:00.000000Z
2026-06-09T15:00:00.000000Z,1644.0899658203125,1652.0699462890625,1639.9100341796875,1650.56005859375,182560768,2026-06-09T15:15:00.000000Z
2026-06-09T15:15:00.000000Z,1649.800048828125,1651.530029296875,1637.93994140625,1639.0899658203125,587025408,2026-06-09T15:30:00.000000Z
2026-06-09T15:30:00.000000Z,1639.239990234375,1643.6800537109375,1636,1640.1300048828125,405431296,2026-06-09T15:45:00.000000Z
2026-06-09T15:45:00.000000Z,1641.280029296875,1642.8499755859375,1633.0799560546875,1635.3599853515625,219425792,2026-06-09T16:00:00.000000Z
2026-06-09T16:00:00.000000Z,1634.1600341796875,1638.1400146484375,1624.4000244140625,1627.719970703125,679155712,2026-06-09T16:15:00.000000Z
2026-06-09T16:15:00.000000Z,1628.25,1631.77001953125,1621.0799560546875,1629,304812032,2026-06-09T16:30:00.000000Z
2026-06-09T16:30:00.000000Z,1628.6300048828125,1633.5400390625,1613.010009765625,1627.4000244140625,237570048,2026-06-09T16:45:00.000000Z
2026-06-09T16:45:00.000000Z,1627.1300048828125,1632.81005859375,1623.52001953125,1631.219970703125,668113920,2026-06-09T17:00:00.000000Z
2026-06-09T17:00:00.000000Z,1631.5899658203125,1642,1631.06005859375,1640.1700439453125,112941056,2026-06-09T17:15:00.000000Z
2026-06-09T17:15:00.000000Z,1640.1700439453125,1648.219970703125,1639.8499755859375,1643.489990234375,188071936,2026-06-09T17:30:00.000000Z
2026-06-09T17:30:00.000000Z,1644.510009765625,1648.1300048828125,1641.699951171875,1642.56005859375,519779328,2026-06-09T17:45:00.000000Z
2026-06-09T17:45:00.000000Z,1642.31005859375,1644.81005859375,1638.7099609375,1641.5899658203125,54626304,2026-06-09T18:00:00.000000Z
2026-06-09T18:00:00.000000Z,1641.6600341796875,1645.47998046875,1638.7900390625,1644.280029296875,0,2026-06-09T18:15:00.000000Z
2026-06-09T18:15:00.000000Z,1643.3499755859375,1653.6800537109375,1643.0400390625,1647.4599609375,270757888,2026-06-09T18:30:00.000000Z
2026-06-09T18:30:00.000000Z,1647.4100341796875,1651.8499755859375,1645.3900146484375,1645.3900146484375,464735232,2026-06-09T18:45:00.000000Z
2026-06-09T18:45:00.000000Z,1645.530029296875,1652.280029296875,1645.530029296875,1650.9200439453125,73600000,2026-06-09T19:00:00.000000Z
2026-06-09T19:00:00.000000Z,1650.93994140625,1653.6700439453125,1647.219970703125,1647.8499755859375,140092416,2026-06-09T19:15:00.000000Z
2026-06-09T19:15:00.000000Z,1648.030029296875,1651.52001953125,1646.6600341796875,1650.18994140625,158134272,2026-06-09T19:30:00.000000Z
2026-06-09T19:30:00.000000Z,1650.9599609375,1656.68994140625,1646.9100341796875,1651.43994140625,238717952,2026-06-09T19:45:00.000000Z
2026-06-09T19:45:00.000000Z,1651.3800048828125,1657.9200439453125,1646.47998046875,1656.699951171875,714752,2026-06-09T20:00:00.000000Z
2026-06-09T20:00:00.000000Z,1656.300048828125,1660.5999755859375,1654.260009765625,1660.5999755859375,626594816,2026-06-09T20:15:00.000000Z
2026-06-09T20:15:00.000000Z,1660.6400146484375,1661.949951171875,1654.5699462890625,1657.050048828125,145014784,2026-06-09T20:30:00.000000Z
2026-06-09T20:30:00.000000Z,1656.72998046875,1661.300048828125,1654,1659.1600341796875,0,2026-06-09T20:45:00.000000Z
2026-06-09T20:45:00.000000Z,1659.18994140625,1659.3499755859375,1656.9200439453125,1659.3499755859375,45449216,2026-06-09T21:00:00.000000Z
2026-06-09T21:00:00.000000Z,1659.43994140625,1660.47998046875,1656.7099609375,1658.2900390625,0,2026-06-09T21:15:00.000000Z
2026-06-09T21:15:00.000000Z,1658.6400146484375,1658.760009765625,1649.3699951171875,1649.8399658203125,657091584,2026-06-09T21:30:00.000000Z
2026-06-09T21:30:00.000000Z,1650.239990234375,1651.7099609375,1648.77001953125,1649.6099853515625,11740160,2026-06-09T21:45:00.000000Z
2026-06-09T21:45:00.000000Z,1649.550048828125,1650.760009765625,1646.260009765625,1648.56005859375,33940480,2026-06-09T22:00:00.000000Z
2026-06-09T22:00:00.000000Z,1648.72998046875,1651.1600341796875,1644.18994140625,1650.8900146484375,140188672,2026-06-09T22:15:00.000000Z
2026-06-09T22:15:00.000000Z,1650.6600341796875,1653.8299560546875,1646.4599609375,1647.1199951171875,55085056,2026-06-09T22:30:00.000000Z
2026-06-09T22:30:00.000000Z,1647.2900390625,1649.6300048828125,1643.3499755859375,1644.75,477431808,2026-06-09T22:45:00.000000Z
2026-06-09T22:45:00.000000Z,1644.6800537109375,1645.8199462890625,1638.47998046875,1638.8800048828125,199999488,2026-06-09T23:00:00.000000Z
2026-06-09T23:00:00.000000Z,1639.0400390625,1640.4599609375,1635.5799560546875,1637.969970703125,5998592,2026-06-09T23:15:00.000000Z
2026-06-09T23:15:00.000000Z,1637.199951171875,1641.5899658203125,1634.030029296875,1634.0999755859375,151339008,2026-06-09T23:30:00.000000Z
2026-06-09T23:30:00.000000Z,1634.5899658203125,1636.280029296875,1630.31005859375,1636.280029296875,38247424,2026-06-09T23:45:00.000000Z
2026-06-09T23:45:00.000000Z,1636.22998046875,1640,1634.989990234375,1638.449951171875,460569600,2026-06-10T00:00:00.000000Z
2026-06-10T00:00:00.000000Z,1639.18994140625,1643.9000244140625,1637.0999755859375,1641.25,0,2026-06-10T00:15:00.000000Z
2026-06-10T00:15:00.000000Z,1641.25,1642.56005859375,1637.8699951171875,1642.25,172469248,2026-06-10T00:30:00.000000Z
2026-06-10T00:30:00.000000Z,1642.3900146484375,1642.8800048828125,1628.949951171875,1631.27001953125,0,2026-06-10T00:45:00.000000Z
2026-06-10T00:45:00.000000Z,1631.050048828125,1645.5,1630.1600341796875,1644.800048828125,123871232,2026-06-10T01:00:00.000000Z
2026-06-10T01:00:00.000000Z,1644.6500244140625,1645.8699951171875,1637.780029296875,1641.8399658203125,131000320,2026-06-10T01:15:00.000000Z
2026-06-10T01:15:00.000000Z,1641.6500244140625,1644.4000244140625,1639.25,1641.02001953125,130544640,2026-06-10T01:30:00.000000Z
2026-06-10T01:30:00.000000Z,1640.989990234375,1642.280029296875,1632.6700439453125,1634.0999755859375,31056896,2026-06-10T01:45:00.000000Z
2026-06-10T01:45:00.000000Z,1634.3900146484375,1640.8599853515625,1633.1600341796875,1637.6700439453125,187543552,2026-06-10T02:00:00.000000Z
2026-06-10T02:00:00.000000Z,1638.239990234375,1641.4000244140625,1632.9599609375,1632.969970703125,0,2026-06-10T02:15:00.000000Z
2026-06-10T02:15:00.000000Z,1633.3599853515625,1633.43994140625,1624.8699951171875,1630.0899658203125,131808256,2026-06-10T02:30:00.000000Z
2026-06-10T02:30:00.000000Z,1630.719970703125,1631.4300537109375,1621.5400390625,1624.469970703125,166478848,2026-06-10T02:45:00.000000Z
2026-06-10T02:45:00.000000Z,1624.47998046875,1625.0899658203125,1620.5899658203125,1622.969970703125,448156672,2026-06-10T03:00:00.000000Z
2026-06-10T03:00:00.000000Z,1622.5999755859375,1629,1622.3199462890625,1627.050048828125,13225984,2026-06-10T03:15:00.000000Z
2026-06-10T03:15:00.000000Z,1627.1199951171875,1634.9599609375,1624.9300537109375,1634.9599609375,207589376,2026-06-10T03:30:00.000000Z
2026-06-10T03:30:00.000000Z,1634.239990234375,1634.56005859375,1627.719970703125,1629.6800537109375,89905152,2026-06-10T03:45:00.000000Z
2026-06-10T03:45:00.000000Z,1629.8399658203125,1631.8399658203125,1627.760009765625,1629.7099609375,10845184,2026-06-10T04:00:00.000000Z
2026-06-10T04:00:00.000000Z,1629.3599853515625,1630.25,1626.0699462890625,1629.1300048828125,374327296,2026-06-10T04:15:00.000000Z
2026-06-10T04:15:00.000000Z,1629.0999755859375,1631.6800537109375,1627.8499755859375,1629.3699951171875,2445312,2026-06-10T04:30:00.000000Z
2026-06-10T04:30:00.000000Z,1629.3699951171875,1629.4100341796875,1621.030029296875,1623.1600341796875,107401216,2026-06-10T04:45:00.000000Z
2026-06-10T04:45:00.000000Z,1623.3599853515625,1626.5400390625,1622.0899658203125,1624.719970703125,124310528,2026-06-10T05:00:00.000000Z
2026-06-10T05:00:00.000000Z,1625.1600341796875,1626.6199951171875,1620.4000244140625,1620.9599609375,0,2026-06-10T05:15:00.000000Z
2026-06-10T05:15:00.000000Z,1621.43994140625,1624.800048828125,1615.1400146484375,1624.7099609375,648595456,2026-06-10T05:30:00.000000Z
2026-06-10T05:30:00.000000Z,1624.6400146484375,1625.9599609375,1620.9200439453125,1624.02001953125,0,2026-06-10T05:45:00.000000Z
2026-06-10T05:45:00.000000Z,1624.1400146484375,1628.6700439453125,1621.260009765625,1626.81005859375,136736768,2026-06-10T06:00:00.000000Z
2026-06-10T06:00:00.000000Z,1627.280029296875,1629.3900146484375,1624.739990234375,1627.4300537109375,0,2026-06-10T06:15:00.000000Z
2026-06-10T06:15:00.000000Z,1627.5999755859375,1630.699951171875,1626.030029296875,1627.2099609375,131699712,2026-06-10T06:30:00.000000Z
2026-06-10T06:30:00.000000Z,1627.2099609375,1631.25,1621.530029296875,1630.2099609375,34055168,2026-06-10T06:45:00.000000Z
2026-06-10T06:45:00.000000Z,1630,1632.9599609375,1628.780029296875,1630.75,383729664,2026-06-10T07:00:00.000000Z
2026-06-10T07:00:00.000000Z,1630.8900146484375,1633.6199951171875,1629.2900390625,1632.489990234375,0,2026-06-10T07:15:00.000000Z
2026-06-10T07:15:00.000000Z,1631.800048828125,1637.199951171875,1631.800048828125,1635.3699951171875,491549696,2026-06-10T07:30:00.000000Z
2026-06-10T07:30:00.000000Z,1635.6199951171875,1641.77001953125,1634.800048828125,1639.75,76498944,2026-06-10T07:45:00.000000Z
2026-06-10T07:45:00.000000Z,1639.9100341796875,1641.219970703125,1636.5699462890625,1638.8499755859375,491927552,2026-06-10T08:00:00.000000Z
2026-06-10T08:00:00.000000Z,1639.1400146484375,1639.5799560546875,1634.0899658203125,1635.5699462890625,0,2026-06-10T08:15:00.000000Z
2026-06-10T08:15:00.000000Z,1635.31005859375,1638.4300537109375,1631.219970703125,1632.56005859375,4851712,2026-06-10T08:30:00.000000Z
2026-06-10T08:30:00.000000Z,1632.6600341796875,1634.510009765625,1620.530029296875,1620.8499755859375,42567680,2026-06-10T08:45:00.000000Z
2026-06-10T08:45:00.000000Z,1620.8399658203125,1622.0400390625,1616.719970703125,1619.9300537109375,289644544,2026-06-10T09:00:00.000000Z
2026-06-10T09:00:00.000000Z,1620.4000244140625,1621.72998046875,1612.27001953125,1612.27001953125,23514112,2026-06-10T09:15:00.000000Z
2026-06-10T09:15:00.000000Z,1612.02001953125,1618.969970703125,1606.02001953125,1617.6600341796875,474161152,2026-06-10T09:30:00.000000Z
2026-06-10T09:30:00.000000Z,1617.6400146484375,1622.1800537109375,1617.06005859375,1619.780029296875,0,2026-06-10T09:45:00.000000Z
2026-06-10T09:45:00.000000Z,1620,1624.6400146484375,1615.8199462890625,1622.4200439453125,379493376,2026-06-10T10:00:00.000000Z
2026-06-10T10:00:00.000000Z,1622.6600341796875,1623.0799560546875,1618,1619.5999755859375,8324096,2026-06-10T10:15:00.000000Z
2026-06-10T10:15:00.000000Z,1620.260009765625,1624.239990234375,1616.780029296875,1623.6700439453125,629703680,2026-06-10T10:30:00.000000Z
2026-06-10T10:30:00.000000Z,1623.469970703125,1627.22998046875,1623.31005859375,1624.949951171875,183787520,2026-06-10T10:45:00.000000Z
2026-06-10T10:45:00.000000Z,1625.0799560546875,1629.0400390625,1623.8699951171875,1627.0400390625,493254656,2026-06-10T11:00:00.000000Z
2026-06-10T11:00:00.000000Z,1626.739990234375,1629.02001953125,1610.780029296875,1620.3699951171875,67428352,2026-06-10T11:15:00.000000Z
2026-06-10T11:15:00.000000Z,1620.1700439453125,1623.3599853515625,1611.6700439453125,1615.9200439453125,244561920,2026-06-10T11:30:00.000000Z
2026-06-10T11:30:00.000000Z,1616,1620.43994140625,1614.510009765625,1618.739990234375,179389440,2026-06-10T11:45:00.000000Z
2026-06-10T11:45:00.000000Z,1618.010009765625,1622.5799560546875,1617.6800537109375,1618.9599609375,75352064,2026-06-10T12:00:00.000000Z
2026-06-10T12:00:00.000000Z,1619,1623.3900146484375,1614.3499755859375,1622.3199462890625,333805568,2026-06-10T12:15:00.000000Z
2026-06-10T12:15:00.000000Z,1622.1099853515625,1624.1300048828125,1618.9599609375,1623.780029296875,190846976,2026-06-10T12:30:00.000000Z
2026-06-10T12:30:00.000000Z,1626.4000244140625,1642.3800048828125,1626.4000244140625,1638.010009765625,126284800,2026-06-10T12:45:00.000000Z
2026-06-10T12:45:00.000000Z,1638.550048828125,1640.4200439453125,1634.1400146484375,1634.1400146484375,691218432,2026-06-10T13:00:00.000000Z
2026-06-10T13:00:00.000000Z,1634.0899658203125,1635.3800048828125,1631.1400146484375,1632.5400390625,184414208,2026-06-10T13:15:00.000000Z
2026-06-10T13:15:00.000000Z,1632.780029296875,1636.5999755859375,1630.93994140625,1635.6700439453125,0,2026-06-10T13:30:00.000000Z
2026-06-10T13:30:00.000000Z,1635.199951171875,1665.530029296875,1635.199951171875,1664.9300537109375,327907328,2026-06-10T13:45:00.000000Z
2026-06-10T13:45:00.000000Z,1666.22998046875,1666.22998046875,1649.3199462890625,1650.4200439453125,81381376,2026-06-10T14:00:00.000000Z
2026-06-10T14:00:00.000000Z,1649.760009765625,1654.1800537109375,1645.530029296875,1645.5899658203125,618575872,2026-06-10T14:15:00.000000Z
2026-06-10T14:15:00.000000Z,1645.0400390625,1649.3599853515625,1640.7099609375,1645.300048828125,0,2026-06-10T14:30:00.000000Z
2026-06-10T14:30:00.000000Z,1644.800048828125,1647.0699462890625,1637.1800537109375,1641.77001953125,59796480,2026-06-10T14:45:00.000000Z
2026-06-10T14:45:00.000000Z,1641.8299560546875,1645.18994140625,1635.510009765625,1645.1199951171875,637805568,2026-06-10T15:00:00.000000Z
2026-06-10T15:00:00.000000Z,1645.550048828125,1652.030029296875,1634.4599609375,1637.989990234375,304515072,2026-06-10T15:15:00.000000Z
2026-06-10T15:15:00.000000Z,1637.6400146484375,1649.6099853515625,1634.6400146484375,1647.449951171875,327315456,2026-06-10T15:30:00.000000Z
2026-06-10T15:30:00.000000Z,1647.06005859375,1653.5999755859375,1645.6800537109375,1653.0999755859375,558251008,2026-06-10T15:45:00.000000Z
2026-06-10T15:45:00.000000Z,1653.0799560546875,1662.72998046875,1640.97998046875,1656.5999755859375,122900480,2026-06-10T16:00:00.000000Z
2026-06-10T16:00:00.000000Z,1656.0799560546875,1657.2900390625,1649.43994140625,1649.43994140625,199202816,2026-06-10T16:15:00.000000Z
2026-06-10T16:15:00.000000Z,1649.989990234375,1652.56005859375,1641.739990234375,1647.6099853515625,0,2026-06-10T16:30:00.000000Z
2026-06-10T16:30:00.000000Z,1647.3699951171875,1650.239990234375,1642.0999755859375,1643.3299560546875,796682240,2026-06-10T16:45:00.000000Z
2026-06-10T16:45:00.000000Z,1642.1199951171875,1642.8299560546875,1631.0799560546875,1640.300048828125,0,2026-06-10T17:00:00.000000Z
2026-06-10T17:00:00.000000Z,1640.469970703125,1646.27001953125,1636.199951171875,1638.0999755859375,778359808,2026-06-10T17:15:00.000000Z
2026-06-10T17:15:00.000000Z,1637.4599609375,1641.3299560546875,1626.8900146484375,1626.8900146484375,84984832,2026-06-10T17:30:00.000000Z
2026-06-10T17:30:00.000000Z,1627.1700439453125,1629.510009765625,1621.1600341796875,1622.8399658203125,116171776,2026-06-10T17:45:00.000000Z
2026-06-10T17:45:00.000000Z,1622.02001953125,1634.52001953125,1622.02001953125,1630.8699951171875,311614464,2026-06-10T18:00:00.000000Z
2026-06-10T18:00:00.000000Z,1631.1199951171875,1634.27001953125,1627,1629.3900146484375,154690560,2026-06-10T18:15:00.000000Z
2026-06-10T18:15:00.000000Z,1629.280029296875,1634.449951171875,1625.2099609375,1634.449951171875,12217344,2026-06-10T18:30:00.000000Z
2026-06-10T18:30:00.000000Z,1633.6300048828125,1633.9000244140625,1623.6099853515625,1624.3699951171875,38918144,2026-06-10T18:45:00.000000Z
2026-06-10T18:45:00.000000Z,1624.8199462890625,1629.52001953125,1621.52001953125,1629.0999755859375,202113024,2026-06-10T19:00:00.000000Z
2026-06-10T19:00:00.000000Z,1628.739990234375,1631.0699462890625,1624.47998046875,1625.0799560546875,75856896,2026-06-10T19:15:00.000000Z
2026-06-10T19:15:00.000000Z,1624.8299560546875,1626.800048828125,1621.300048828125,1625.469970703125,615277568,2026-06-10T19:30:00.000000Z
2026-06-10T19:30:00.000000Z,1626.68994140625,1632.1700439453125,1624.8199462890625,1630.4200439453125,0,2026-06-10T19:45:00.000000Z
2026-06-10T19:45:00.000000Z,1630.8499755859375,1631.2099609375,1625.1099853515625,1628.0699462890625,683967488,2026-06-10T20:00:00.000000Z
2026-06-10T20:00:00.000000Z,1628.1199951171875,1628.4599609375,1621.8399658203125,1625.1800537109375,107104256,2026-06-10T20:15:00.000000Z
2026-06-10T20:15:00.000000Z,1625.3599853515625,1634.7099609375,1622.010009765625,1631.25,1959936,2026-06-10T20:30:00.000000Z
2026-06-10T20:30:00.000000Z,1630.9000244140625,1631.280029296875,1628.010009765625,1628.010009765625,473184256,2026-06-10T20:45:00.000000Z
2026-06-10T20:45:00.000000Z,1628.010009765625,1629.6099853515625,1624.1300048828125,1628.9000244140625,120253440,2026-06-10T21:00:00.000000Z
2026-06-10T21:00:00.000000Z,1628.4300537109375,1628.4300537109375,1613.9200439453125,1616.6700439453125,871424,2026-06-10T21:15:00.000000Z
2026-06-10T21:15:00.000000Z,1617,1622.280029296875,1614.68994140625,1617.22998046875,394348544,2026-06-10T21:30:00.000000Z
2026-06-10T21:30:00.000000Z,1616.93994140625,1623.3800048828125,1616.93994140625,1622.280029296875,14086144,2026-06-10T21:45:00.000000Z
2026-06-10T21:45:00.000000Z,1622.4100341796875,1622.6400146484375,1604.8900146484375,1609.5899658203125,7698432,2026-06-10T22:00:00.000000Z
2026-06-10T22:00:00.000000Z,1609.8199462890625,1611.27001953125,1603.3599853515625,1609.199951171875,664017920,2026-06-10T22:15:00.000000Z
2026-06-10T22:15:00.000000Z,1609.239990234375,1611.9300537109375,1602.93994140625,1608.9100341796875,97692672,2026-06-10T22:30:00.000000Z
2026-06-10T22:30:00.000000Z,1608.739990234375,1621.3399658203125,1608.6800537109375,1618.43994140625,115060736,2026-06-10T22:45:00.000000Z
2026-06-10T22:45:00.000000Z,1618.5999755859375,1618.6500244140625,1615.010009765625,1615.18994140625,539916288,2026-06-10T23:00:00.000000Z
2026-06-10T23:00:00.000000Z,1613.780029296875,1615.77001953125,1610.300048828125,1611,46593024,2026-06-10T23:15:00.000000Z
2026-06-10T23:15:00.000000Z,1610.800048828125,1620.989990234375,1607.77001953125,1620.4200439453125,296897536,2026-06-10T23:30:00.000000Z
2026-06-10T23:30:00.000000Z,1620.760009765625,1623.1400146484375,1617.7099609375,1621.510009765625,30068736,2026-06-10T23:45:00.000000Z
2026-06-10T23:45:00.000000Z,1621.47998046875,1622.3399658203125,1618.8800048828125,1620.2099609375,95467520,2026-06-11T00:00:00.000000Z
2026-06-11T00:00:00.000000Z,1620.1800537109375,1625.300048828125,1620.1800537109375,1624.739990234375,90931200,2026-06-11T00:15:00.000000Z
2026-06-11T00:15:00.000000Z,1625.030029296875,1633.22998046875,1624.9000244140625,1629.3800048828125,0,2026-06-11T00:30:00.000000Z
2026-06-11T00:30:00.000000Z,1629.47998046875,1629.6199951171875,1624.97998046875,1625.9599609375,220281856,2026-06-11T00:45:00.000000Z
2026-06-11T00:45:00.000000Z,1626.02001953125,1629.969970703125,1625.699951171875,1626.9100341796875,92703744,2026-06-11T01:00:00.000000Z
2026-06-11T01:00:00.000000Z,1627.3599853515625,1638.219970703125,1627.1300048828125,1636.6800537109375,5999616,2026-06-11T01:15:00.000000Z
2026-06-11T01:15:00.000000Z,1635.8199462890625,1640,1635.4200439453125,1638.9000244140625,494134272,2026-06-11T01:30:00.000000Z
2026-06-11T01:30:00.000000Z,1639.6600341796875,1645.8399658203125,1637.0899658203125,1643,625601536,2026-06-11T01:45:00.000000Z
2026-06-11T01:45:00.000000Z,1642.75,1644.800048828125,1640.6199951171875,1641.3699951171875,41365504,2026-06-11T02:00:00.000000Z
2026-06-11T02:00:00.000000Z,1641.8599853515625,1643.0699462890625,1638.22998046875,1639.02001953125,473806848,2026-06-11T02:15:00.000000Z
2026-06-11T02:15:00.000000Z,1639.1199951171875,1640.9300537109375,1632.7900390625,1633.0400390625,88554496,2026-06-11T02:30:00.000000Z
2026-06-11T02:30:00.000000Z,1633.8299560546875,1634.3599853515625,1629,1633.300048828125,121694208,2026-06-11T02:45:00.000000Z
2026-06-11T02:45:00.000000Z,1633.3599853515625,1643.4200439453125,1631.199951171875,1639.010009765625,9842688,2026-06-11T03:00:00.000000Z
2026-06-11T03:00:00.000000Z,1639.22998046875,1641.3800048828125,1634.1199951171875,1635.300048828125,0,2026-06-11T03:15:00.000000Z
2026-06-11T03:15:00.000000Z,1635.27001953125,1638.77001953125,1634.719970703125,1637.8599853515625,449479680,2026-06-11T03:30:00.000000Z
2026-06-11T03:30:00.000000Z,1637.760009765625,1647.800048828125,1637.760009765625,1643.6800537109375,554148864,2026-06-11T03:45:00.000000Z
2026-06-11T03:45:00.000000Z,1643.7099609375,1658.0400390625,1643.43994140625,1651.6600341796875,712482816,2026-06-11T04:00:00.000000Z
2026-06-11T04:00:00.000000Z,1651.989990234375,1652.199951171875,1649.1199951171875,1650.280029296875,185958400,2026-06-11T04:15:00.000000Z
2026-06-11T04:15:00.000000Z,1649.800048828125,1651.97998046875,1648.719970703125,1649.199951171875,47120384,2026-06-11T04:30:00.000000Z
2026-06-11T04:30:00.000000Z,1649.25,1654.4000244140625,1648.0899658203125,1653.699951171875,101736448,2026-06-11T04:45:00.000000Z
2026-06-11T04:45:00.000000Z,1653.7099609375,1657.56005859375,1653.56005859375,1654.8299560546875,17121280,2026-06-11T05:00:00.000000Z
2026-06-11T05:00:00.000000Z,1654.6800537109375,1654.6800537109375,1648.6600341796875,1649.43994140625,98488320,2026-06-11T05:15:00.000000Z
2026-06-11T05:15:00.000000Z,1649.1300048828125,1651.4200439453125,1645.760009765625,1647.4599609375,419439616,2026-06-11T05:30:00.000000Z
2026-06-11T05:30:00.000000Z,1648.0999755859375,1650.199951171875,1646.27001953125,1649.6800537109375,168023040,2026-06-11T05:45:00.000000Z
2026-06-11T05:45:00.000000Z,1649.68994140625,1650.0899658203125,1645.8699951171875,1646.1600341796875,45393920,2026-06-11T06:00:00.000000Z
2026-06-11T06:00:00.000000Z,1645.9100341796875,1655.3299560546875,1644.4200439453125,1655.050048828125,408174592,2026-06-11T06:15:00.000000Z
2026-06-11T06:15:00.000000Z,1655.719970703125,1660.3199462890625,1655.4100341796875,1657.0400390625,772393984,2026-06-11T06:30:00.000000Z
2026-06-11T06:30:00.000000Z,1656.949951171875,1661.1199951171875,1656.5,1658.4200439453125,175407104,2026-06-11T06:45:00.000000Z
2026-06-11T06:45:00.000000Z,1658.1800537109375,1658.2900390625,1652.5999755859375,1652.9200439453125,63442944,2026-06-11T07:00:00.000000Z
2026-06-11T07:00:00.000000Z,1652.3499755859375,1653.4599609375,1650.2099609375,1652.0799560546875,65831936,2026-06-11T07:15:00.000000Z
2026-06-11T07:15:00.000000Z,1651.760009765625,1656.239990234375,1651.760009765625,1655.0999755859375,212584448,2026-06-11T07:30:00.000000Z
2026-06-11T07:30:00.000000Z,1655.699951171875,1656.1500244140625,1649.8499755859375,1650.780029296875,0,2026-06-11T07:45:00.000000Z
2026-06-11T07:45:00.000000Z,1650.77001953125,1653.300048828125,1650.77001953125,1652.469970703125,160677888,2026-06-11T08:00:00.000000Z
2026-06-11T08:00:00.000000Z,1652.4599609375,1657.489990234375,1652.4599609375,1656.1600341796875,76032000,2026-06-11T08:15:00.000000Z
2026-06-11T08:15:00.000000Z,1656.1500244140625,1659.5999755859375,1654.6700439453125,1658.969970703125,519322624,2026-06-11T08:30:00.000000Z
2026-06-11T08:30:00.000000Z,1659.0999755859375,1661.5899658203125,1658.4200439453125,1658.52001953125,145709056,2026-06-11T08:45:00.000000Z
2026-06-11T08:45:00.000000Z,1658.52001953125,1661.56005859375,1657.050048828125,1657.8900146484375,53440512,2026-06-11T09:00:00.000000Z
2026-06-11T09:00:00.000000Z,1657.3900146484375,1658.780029296875,1655.050048828125,1656.6199951171875,68379648,2026-06-11T09:15:00.000000Z
2026-06-11T09:15:00.000000Z,1656.27001953125,1656.8900146484375,1654.3399658203125,1655.0400390625,0,2026-06-11T09:30:00.000000Z
2026-06-11T09:30:00.000000Z,1655.0400390625,1658.8299560546875,1655.0400390625,1657.530029296875,74910720,2026-06-11T09:45:00.000000Z
2026-06-11T09:45:00.000000Z,1657.9100341796875,1660.1600341796875,1657.0400390625,1657.1199951171875,16192512,2026-06-11T10:00:00.000000Z
2026-06-11T10:00:00.000000Z,1657.0999755859375,1658.239990234375,1655.530029296875,1656.0899658203125,27976704,2026-06-11T10:15:00.000000Z
2026-06-11T10:15:00.000000Z,1656.0899658203125,1656.7900390625,1652.280029296875,1655.1199951171875,0,2026-06-11T10:30:00.000000Z
2026-06-11T10:30:00.000000Z,1654.8199462890625,1657.1700439453125,1654.6600341796875,1654.989990234375,141648896,2026-06-11T10:45:00.000000Z
2026-06-11T10:45:00.000000Z,1655.2099609375,1660,1655.0400390625,1657.219970703125,89624576,2026-06-11T11:00:00.000000Z
2026-06-11T11:00:00.000000Z,1656.8499755859375,1660.8499755859375,1655.1199951171875,1660.8399658203125,36474880,2026-06-11T11:15:00.000000Z
2026-06-11T11:15:00.000000Z,1660.300048828125,1662.8399658203125,1658.1199951171875,1661.780029296875,213522432,2026-06-11T11:30:00.000000Z
2026-06-11T11:30:00.000000Z,1661.75,1664.469970703125,1659.530029296875,1661.0699462890625,0,2026-06-11T11:45:00.000000Z
2026-06-11T11:45:00.000000Z,1660.8900146484375,1670.8499755859375,1660.8399658203125,1665.1099853515625,198361088,2026-06-11T12:00:00.000000Z
2026-06-11T12:00:00.000000Z,1665.0999755859375,1665.3599853515625,1657.6500244140625,1659.739990234375,100020224,2026-06-11T12:15:00.000000Z
2026-06-11T12:15:00.000000Z,1659.739990234375,1660.300048828125,1645.0400390625,1646.5799560546875,3725312,2026-06-11T12:30:00.000000Z
2026-06-11T12:30:00.000000Z,1646.68994140625,1651.8199462890625,1642.239990234375,1651.1199951171875,94972928,2026-06-11T12:45:00.000000Z
2026-06-11T12:45:00.000000Z,1649.31005859375,1652.7099609375,1647.699951171875,1650.2099609375,91538432,2026-06-11T13:00:00.000000Z
2026-06-11T13:00:00.000000Z,1650.050048828125,1650.050048828125,1646.3699951171875,1647.8599853515625,80111616,2026-06-11T13:15:00.000000Z
2026-06-11T13:15:00.000000Z,1647.9300537109375,1652.8699951171875,1645.5899658203125,1646.93994140625,474882048,2026-06-11T13:30:00.000000Z
2026-06-11T13:30:00.000000Z,1646.3800048828125,1650.8599853515625,1642.6400146484375,1648.3800048828125,62025728,2026-06-11T13:45:00.000000Z
2026-06-11T13:45:00.000000Z,1648.72998046875,1657.7900390625,1648.699951171875,1651.239990234375,3260416,2026-06-11T14:00:00.000000Z
2026-06-11T14:00:00.000000Z,1650.9000244140625,1653.4100341796875,1641.449951171875,1642.56005859375,641394688,2026-06-11T14:15:00.000000Z
2026-06-11T14:15:00.000000Z,1642.2099609375,1647.9200439453125,1637.239990234375,1647.77001953125,0,2026-06-11T14:30:00.000000Z
2026-06-11T14:30:00.000000Z,1647.530029296875,1651.699951171875,1643.6800537109375,1649,277938176,2026-06-11T14:45:00.000000Z
2026-06-11T14:45:00.000000Z,1649.52001953125,1653.6400146484375,1641.050048828125,1641.050048828125,10975232,2026-06-11T15:00:00.000000Z
2026-06-11T15:00:00.000000Z,1640.7099609375,1646.1800537109375,1634.5400390625,1643.22998046875,588474368,2026-06-11T15:15:00.000000Z
2026-06-11T15:15:00.000000Z,1643.1300048828125,1647.9300537109375,1641.43994140625,1644.4200439453125,0,2026-06-11T15:30:00.000000Z
2026-06-11T15:30:00.000000Z,1644.31005859375,1648.6600341796875,1641.469970703125,1642.739990234375,0,2026-06-11T15:45:00.000000Z
2026-06-11T15:45:00.000000Z,1642.68994140625,1643.75,1639.0899658203125,1643.75,0,2026-06-11T16:00:00.000000Z
2026-06-11T16:00:00.000000Z,1643.9100341796875,1647.3599853515625,1641.1300048828125,1647.0999755859375,6129664,2026-06-11T16:15:00.000000Z
2026-06-11T16:15:00.000000Z,1647.5899658203125,1647.719970703125,1637.6800537109375,1639.6600341796875,53155840,2026-06-11T16:30:00.000000Z
2026-06-11T16:30:00.000000Z,1639.52001953125,1646.4599609375,1636.3800048828125,1641.1199951171875,407468032,2026-06-11T16:45:00.000000Z
2026-06-11T16:45:00.000000Z,1641.3499755859375,1641.8699951171875,1636.9200439453125,1637.5899658203125,33298432,2026-06-11T17:00:00.000000Z
2026-06-11T17:00:00.000000Z,1637.43994140625,1639.6199951171875,1632.2099609375,1634.8800048828125,139929600,2026-06-11T17:15:00.000000Z
2026-06-11T17:15:00.000000Z,1634.6400146484375,1652.2900390625,1631.1500244140625,1652.2900390625,557797376,2026-06-11T17:30:00.000000Z
2026-06-11T17:30:00.000000Z,1653.97998046875,1677.8199462890625,1653.9599609375,1675.6800537109375,736625664,2026-06-11T17:45:00.000000Z
2026-06-11T17:45:00.000000Z,1676.43994140625,1690.77001953125,1673.1300048828125,1686.530029296875,106496000,2026-06-11T18:00:00.000000Z
2026-06-11T18:00:00.000000Z,1686.75,1689.9200439453125,1675,1681.699951171875,804760576,2026-06-11T18:15:00.000000Z
2026-06-11T18:15:00.000000Z,1682.010009765625,1686.0799560546875,1676.75,1678.719970703125,148232192,2026-06-11T18:30:00.000000Z
2026-06-11T18:30:00.000000Z,1678.47998046875,1684.97998046875,1678.010009765625,1684.97998046875,128522240,2026-06-11T18:45:00.000000Z
2026-06-11T18:45:00.000000Z,1684.7099609375,1685.1600341796875,1681.530029296875,1682.1400146484375,498172928,2026-06-11T19:00:00.000000Z
2026-06-11T19:00:00.000000Z,1681.97998046875,1684.1700439453125,1674.510009765625,1676.9000244140625,361817088,2026-06-11T19:15:00.000000Z
2026-06-11T19:15:00.000000Z,1676.8299560546875,1682.5999755859375,1676.5400390625,1678.2900390625,297320448,2026-06-11T19:30:00.000000Z
2026-06-11T19:30:00.000000Z,1678.239990234375,1690.699951171875,1678.239990234375,1684.510009765625,0,2026-06-11T19:45:00.000000Z
2026-06-11T19:45:00.000000Z,1684.219970703125,1684.219970703125,1679.6199951171875,1680.4100341796875,76002304,2026-06-11T20:00:00.000000Z
2026-06-11T20:00:00.000000Z,1680.8599853515625,1681.4200439453125,1676.68994140625,1677.6800537109375,50308096,2026-06-11T20:15:00.000000Z
2026-06-11T20:15:00.000000Z,1677.68994140625,1678.1600341796875,1668.47998046875,1669.1400146484375,477445120,2026-06-11T20:30:00.000000Z
2026-06-11T20:30:00.000000Z,1668.969970703125,1671.4000244140625,1665.699951171875,1666.6700439453125,149004288,2026-06-11T20:45:00.000000Z
2026-06-11T20:45:00.000000Z,1666.5799560546875,1670.81005859375,1666.3699951171875,1670.6700439453125,94810112,2026-06-11T21:00:00.000000Z
2026-06-11T21:00:00.000000Z,1670.6800537109375,1681.3599853515625,1670.489990234375,1680.010009765625,100423680,2026-06-11T21:15:00.000000Z
2026-06-11T21:15:00.000000Z,1679.5899658203125,1680.989990234375,1676.1700439453125,1677.4000244140625,144017408,2026-06-11T21:30:00.000000Z
2026-06-11T21:30:00.000000Z,1677.3900146484375,1678.9599609375,1676.22998046875,1678.8299560546875,537332736,2026-06-11T21:45:00.000000Z
2026-06-11T21:45:00.000000Z,1678.6300048828125,1679.1800537109375,1674.199951171875,1675.4200439453125,66746368,2026-06-11T22:00:00.000000Z
2026-06-11T22:00:00.000000Z,1675.280029296875,1681.2900390625,1674.9200439453125,1679.31005859375,165350400,2026-06-11T22:15:00.000000Z
2026-06-11T22:15:00.000000Z,1679.0400390625,1681.4200439453125,1674.0999755859375,1676.0899658203125,12479488,2026-06-11T22:30:00.000000Z
2026-06-11T22:30:00.000000Z,1676.300048828125,1679.949951171875,1674.4000244140625,1674.550048828125,0,2026-06-11T22:45:00.000000Z
2026-06-11T22:45:00.000000Z,1674.489990234375,1677.0400390625,1673.6300048828125,1674.4200439453125,10162176,2026-06-11T23:00:00.000000Z
2026-06-11T23:00:00.000000Z,1673.1400146484375,1673.1400146484375,1669.780029296875,1671.7099609375,0,2026-06-11T23:15:00.000000Z
2026-06-11T23:15:00.000000Z,1671.3599853515625,1672.31005859375,1668.469970703125,1668.6700439453125,7130112,2026-06-11T23:30:00.000000Z
2026-06-11T23:30:00.000000Z,1668.719970703125,1677.0799560546875,1668.719970703125,1675.1099853515625,49075200,2026-06-11T23:45:00.000000Z
2026-06-11T23:45:00.000000Z,1675.1300048828125,1675.9100341796875,1670.3499755859375,1671.719970703125,20205568,2026-06-12T00:00:00.000000Z
2026-06-12T00:00:00.000000Z,1671.6800537109375,1675.8399658203125,1668.550048828125,1674.4200439453125,171003904,2026-06-12T00:15:00.000000Z
2026-06-12T00:15:00.000000Z,1673.52001953125,1673.8499755859375,1667.93994140625,1671.050048828125,180566016,2026-06-12T00:30:00.000000Z
2026-06-12T00:30:00.000000Z,1670.7900390625,1675.3399658203125,1669.8599853515625,1672.68994140625,54830080,2026-06-12T00:45:00.000000Z
2026-06-12T00:45:00.000000Z,1672.5,1674.4100341796875,1670.81005859375,1671.1500244140625,82095104,2026-06-12T01:00:00.000000Z
2026-06-12T01:00:00.000000Z,1670.969970703125,1670.969970703125,1666.3199462890625,1667.1600341796875,48996352,2026-06-12T01:15:00.000000Z
2026-06-12T01:15:00.000000Z,1667.4300537109375,1669.5899658203125,1659.7099609375,1661.6099853515625,9639936,2026-06-12T01:30:00.000000Z
2026-06-12T01:30:00.000000Z,1661.2099609375,1663.77001953125,1660.27001953125,1662.719970703125,148477952,2026-06-12T01:45:00.000000Z
2026-06-12T01:45:00.000000Z,1662.800048828125,1665.1500244140625,1662.72998046875,1665.1500244140625,13248512,2026-06-12T02:00:00.000000Z
2026-06-12T02:00:00.000000Z,1665.1500244140625,1675.3900146484375,1664.9599609375,1672.8900146484375,125495296,2026-06-12T02:15:00.000000Z
2026-06-12T02:15:00.000000Z,1673.5799560546875,1673.739990234375,1669.739990234375,1670.8699951171875,516695040,2026-06-12T02:30:00.000000Z
2026-06-12T02:30:00.000000Z,1671.260009765625,1675.1800537109375,1670.4000244140625,1675.1800537109375,11807744,2026-06-12T02:45:00.000000Z
2026-06-12T02:45:00.000000Z,1675.1300048828125,1675.3900146484375,1672.4200439453125,1673.4200439453125,25131008,2026-06-12T03:00:00.000000Z
2026-06-12T03:00:00.000000Z,1673.52001953125,1674.239990234375,1671.219970703125,1671.6600341796875,405283840,2026-06-12T03:15:00.000000Z
2026-06-12T03:15:00.000000Z,1671.6300048828125,1671.760009765625,1666.4000244140625,1669.1600341796875,70823936,2026-06-12T03:30:00.000000Z
2026-06-12T03:30:00.000000Z,1670.1600341796875,1671.989990234375,1668.010009765625,1669.510009765625,49202176,2026-06-12T03:45:00.000000Z
2026-06-12T03:45:00.000000Z,1669.510009765625,1670.8900146484375,1668.6600341796875,1670.800048828125,0,2026-06-12T04:00:00.000000Z
2026-06-12T04:00:00.000000Z,1670.8800048828125,1671.02001953125,1666.8399658203125,1668.0799560546875,42977280,2026-06-12T04:15:00.000000Z
2026-06-12T04:15:00.000000Z,1668.280029296875,1676.4000244140625,1668.1800537109375,1675.1800537109375,96729088,2026-06-12T04:30:00.000000Z
2026-06-12T04:30:00.000000Z,1675.02001953125,1679.010009765625,1674.760009765625,1676.300048828125,150066176,2026-06-12T04:45:00.000000Z
2026-06-12T04:45:00.000000Z,1676.239990234375,1677.43994140625,1674.969970703125,1675.06005859375,0,2026-06-12T05:00:00.000000Z
2026-06-12T05:00:00.000000Z,1675.52001953125,1675.52001953125,1665.0400390625,1665.510009765625,5291008,2026-06-12T05:15:00.000000Z
2026-06-12T05:15:00.000000Z,1665.6400146484375,1668.550048828125,1665.3499755859375,1666.4000244140625,157469696,2026-06-12T05:30:00.000000Z
2026-06-12T05:30:00.000000Z,1666.1300048828125,1667.1400146484375,1660.8299560546875,1662.6099853515625,74280960,2026-06-12T05:45:00.000000Z
2026-06-12T05:45:00.000000Z,1662.7900390625,1663.5400390625,1660.1500244140625,1661.8499755859375,693073920,2026-06-12T06:00:00.000000Z
2026-06-12T06:00:00.000000Z,1661.1199951171875,1664.47998046875,1659.52001953125,1660.47998046875,18722816,2026-06-12T06:15:00.000000Z
2026-06-12T06:15:00.000000Z,1660.489990234375,1660.489990234375,1656.1600341796875,1658.030029296875,0,2026-06-12T06:30:00.000000Z
2026-06-12T06:30:00.000000Z,1657.1300048828125,1657.6800537109375,1650.010009765625,1652.699951171875,643890176,2026-06-12T06:45:00.000000Z
2026-06-12T06:45:00.000000Z,1652.8699951171875,1657.1500244140625,1652.8399658203125,1655.1800537109375,658432,2026-06-12T07:00:00.000000Z
2026-06-12T07:00:00.000000Z,1655.3800048828125,1659.0899658203125,1654.8399658203125,1654.8399658203125,498227200,2026-06-12T07:15:00.000000Z
2026-06-12T07:15:00.000000Z,1654.81005859375,1657.6600341796875,1654.02001953125,1656.5999755859375,140936192,2026-06-12T07:30:00.000000Z
2026-06-12T07:30:00.000000Z,1656.6199951171875,1659.489990234375,1656.489990234375,1658.3599853515625,11369472,2026-06-12T07:45:00.000000Z
2026-06-12T07:45:00.000000Z,1658.25,1661.989990234375,1657.4200439453125,1659.9300537109375,13941760,2026-06-12T08:00:00.000000Z
2026-06-12T08:00:00.000000Z,1660.1800537109375,1665.8399658203125,1659.9300537109375,1665.4000244140625,290608128,2026-06-12T08:15:00.000000Z
2026-06-12T08:15:00.000000Z,1665.219970703125,1675.47998046875,1664.7099609375,1672.760009765625,390059008,2026-06-12T08:30:00.000000Z
2026-06-12T08:30:00.000000Z,1673.4000244140625,1673.5999755859375,1668.6400146484375,1668.9599609375,50423808,2026-06-12T08:45:00.000000Z
2026-06-12T08:45:00.000000Z,1668.8800048828125,1671.9100341796875,1667.77001953125,1671.239990234375,12956672,2026-06-12T09:00:00.000000Z
2026-06-12T09:00:00.000000Z,1671.25,1673.510009765625,1669.3599853515625,1673.2099609375,448420864,2026-06-12T09:15:00.000000Z
2026-06-12T09:15:00.000000Z,1673.4200439453125,1678.3599853515625,1672.989990234375,1678.1600341796875,52135936,2026-06-12T09:30:00.000000Z
2026-06-12T09:30:00.000000Z,1678.219970703125,1681.5,1677.949951171875,1680.800048828125,138489856,2026-06-12T09:45:00.000000Z
2026-06-12T09:45:00.000000Z,1680.4000244140625,1683.3800048828125,1678.31005859375,1678.31005859375,72513536,2026-06-12T10:00:00.000000Z
2026-06-12T10:00:00.000000Z,1678.300048828125,1681.4100341796875,1676.1600341796875,1677.5400390625,119247872,2026-06-12T10:15:00.000000Z
2026-06-12T10:15:00.000000Z,1677.510009765625,1677.72998046875,1669.72998046875,1670.97998046875,109640704,2026-06-12T10:30:00.000000Z
2026-06-12T10:30:00.000000Z,1670.9599609375,1675.18994140625,1670.9599609375,1673.1300048828125,253701120,2026-06-12T10:45:00.000000Z
2026-06-12T10:45:00.000000Z,1673.1800537109375,1674.8299560546875,1672.1500244140625,1672.969970703125,130439168,2026-06-12T11:00:00.000000Z
2026-06-12T11:00:00.000000Z,1672.8900146484375,1676.0400390625,1672.4000244140625,1674.4100341796875,88584192,2026-06-12T11:15:00.000000Z
2026-06-12T11:15:00.000000Z,1674.300048828125,1676.5400390625,1672.4200439453125,1674.4300537109375,58451968,2026-06-12T11:30:00.000000Z
2026-06-12T11:30:00.000000Z,1674.2099609375,1674.2099609375,1669.989990234375,1673.2900390625,0,2026-06-12T11:45:00.000000Z
2026-06-12T11:45:00.000000Z,1673.489990234375,1674.8900146484375,1671.780029296875,1671.800048828125,72445952,2026-06-12T12:00:00.000000Z
2026-06-12T12:00:00.000000Z,1671.31005859375,1671.31005859375,1667.4300537109375,1668.81005859375,0,2026-06-12T12:15:00.000000Z
2026-06-12T12:15:00.000000Z,1668.8800048828125,1669.75,1664.6600341796875,1664.6600341796875,0,2026-06-12T12:30:00.000000Z
2026-06-12T12:30:00.000000Z,1664.449951171875,1668,1662.2099609375,1663.780029296875,0,2026-06-12T12:45:00.000000Z
2026-06-12T12:45:00.000000Z,1663.5999755859375,1666.1700439453125,1661.2900390625,1664.6500244140625,72088576,2026-06-12T13:00:00.000000Z
2026-06-12T13:00:00.000000Z,1664.3900146484375,1665.9100341796875,1662.199951171875,1665.530029296875,509012992,2026-06-12T13:15:00.000000Z
2026-06-12T13:15:00.000000Z,1665.3599853515625,1667.050048828125,1661.8800048828125,1664.0799560546875,22618112,2026-06-12T13:30:00.000000Z
2026-06-12T13:30:00.000000Z,1663.18994140625,1663.18994140625,1651.6800537109375,1654.75,164816896,2026-06-12T13:45:00.000000Z
2026-06-12T13:45:00.000000Z,1655.300048828125,1657.780029296875,1652.43994140625,1655.1099853515625,643100672,2026-06-12T14:00:00.000000Z
2026-06-12T14:00:00.000000Z,1654.5400390625,1666.510009765625,1654.5400390625,1664.5999755859375,109584384,2026-06-12T14:15:00.000000Z
2026-06-12T14:15:00.000000Z,1664.300048828125,1670.300048828125,1660.5400390625,1668.9000244140625,448552960,2026-06-12T14:30:00.000000Z
2026-06-12T14:30:00.000000Z,1668.6800537109375,1674.800048828125,1666.300048828125,1667.4000244140625,53893120,2026-06-12T14:45:00.000000Z
2026-06-12T14:45:00.000000Z,1667.530029296875,1685.0999755859375,1666.2099609375,1684.6400146484375,202338304,2026-06-12T15:00:00.000000Z
2026-06-12T15:00:00.000000Z,1683.8299560546875,1689.800048828125,1678.800048828125,1688.719970703125,178277376,2026-06-12T15:15:00.000000Z
2026-06-12T15:15:00.000000Z,1689.0899658203125,1689.6800537109375,1681.1300048828125,1681.300048828125,91595776,2026-06-12T15:30:00.000000Z
2026-06-12T15:30:00.000000Z,1681.0400390625,1681.0400390625,1668,1669.81005859375,344774656,2026-06-12T15:45:00.000000Z
2026-06-12T15:45:00.000000Z,1670.27001953125,1670.9100341796875,1657.77001953125,1658.449951171875,237106176,2026-06-12T16:00:00.000000Z
2026-06-12T16:00:00.000000Z,1658.4000244140625,1671.97998046875,1656.1099853515625,1670.1099853515625,254450688,2026-06-12T16:15:00.000000Z
2026-06-12T16:15:00.000000Z,1670.5,1673.93994140625,1665.56005859375,1669.6199951171875,138809344,2026-06-12T16:30:00.000000Z
2026-06-12T16:30:00.000000Z,1669.1700439453125,1674.489990234375,1665.510009765625,1667.800048828125,100945920,2026-06-12T16:45:00.000000Z
2026-06-12T16:45:00.000000Z,1668.300048828125,1671.9100341796875,1666.6300048828125,1671.8699951171875,52197376,2026-06-12T17:00:00.000000Z
2026-06-12T17:00:00.000000Z,1671.699951171875,1676.260009765625,1669.199951171875,1669.68994140625,21165056,2026-06-12T17:15:00.000000Z
2026-06-12T17:15:00.000000Z,1670.6800537109375,1671.3599853515625,1666.31005859375,1669.489990234375,92866560,2026-06-12T17:30:00.000000Z
2026-06-12T17:30:00.000000Z,1669.800048828125,1671.4000244140625,1666.9000244140625,1668.0899658203125,246830080,2026-06-12T17:45:00.000000Z
2026-06-12T17:45:00.000000Z,1667.8399658203125,1669.72998046875,1666.72998046875,1667.8900146484375,398774272,2026-06-12T18:00:00.000000Z
2026-06-12T18:00:00.000000Z,1667.9100341796875,1670.6099853515625,1662.81005859375,1667.1099853515625,0,2026-06-12T18:15:00.000000Z
2026-06-12T18:15:00.000000Z,1666.300048828125,1667.3900146484375,1662.550048828125,1665.969970703125,441635840,2026-06-12T18:30:00.000000Z
2026-06-12T18:30:00.000000Z,1666.0699462890625,1672.219970703125,1664.510009765625,1670.5999755859375,25123840,2026-06-12T18:45:00.000000Z
2026-06-12T18:45:00.000000Z,1670.4000244140625,1671.510009765625,1665.4000244140625,1665.4100341796875,37248000,2026-06-12T19:00:00.000000Z
2026-06-12T19:00:00.000000Z,1665.9100341796875,1668.989990234375,1665.6800537109375,1668.219970703125,80790528,2026-06-12T19:15:00.000000Z
2026-06-12T19:15:00.000000Z,1668.3199462890625,1670.27001953125,1666.68994140625,1668.5799560546875,23224320,2026-06-12T19:30:00.000000Z
2026-06-12T19:30:00.000000Z,1668.77001953125,1671.0999755859375,1664.1099853515625,1665.5999755859375,466600960,2026-06-12T19:45:00.000000Z
2026-06-12T19:45:00.000000Z,1666.300048828125,1666.8900146484375,1663.800048828125,1664.5,120162304,2026-06-12T20:00:00.000000Z
2026-06-12T20:00:00.000000Z,1665.219970703125,1667.0799560546875,1663.3499755859375,1666.52001953125,503698432,2026-06-12T20:15:00.000000Z
2026-06-12T20:15:00.000000Z,1666.5699462890625,1666.5699462890625,1664.199951171875,1665.47998046875,26947584,2026-06-12T20:30:00.000000Z
2026-06-12T20:30:00.000000Z,1665.6199951171875,1666.5699462890625,1664.8399658203125,1665.3699951171875,112839680,2026-06-12T20:45:00.000000Z
2026-06-12T20:45:00.000000Z,1665.3499755859375,1665.6300048828125,1661.0400390625,1664.0400390625,0,2026-06-12T21:00:00.000000Z
2026-06-12T21:00:00.000000Z,1664.31005859375,1666.989990234375,1662.280029296875,1666.2099609375,565414912,2026-06-12T21:15:00.000000Z
2026-06-12T21:15:00.000000Z,1666.2099609375,1667.010009765625,1665.4000244140625,1665.4100341796875,10376192,2026-06-12T21:30:00.000000Z
2026-06-12T21:30:00.000000Z,1665.4000244140625,1666.6099853515625,1664.469970703125,1664.800048828125,0,2026-06-12T21:45:00.000000Z
2026-06-12T21:45:00.000000Z,1664.7900390625,1665.0400390625,1662.2099609375,1663.0999755859375,467924992,2026-06-12T22:00:00.000000Z
2026-06-12T22:00:00.000000Z,1663.5999755859375,1664.2099609375,1662.199951171875,1663,441828352,2026-06-12T22:15:00.000000Z
2026-06-12T22:15:00.000000Z,1663.3399658203125,1666.4200439453125,1662.4000244140625,1664.010009765625,0,2026-06-12T22:30:00.000000Z
2026-06-12T22:30:00.000000Z,1663.9100341796875,1664.800048828125,1660.5799560546875,1661.4599609375,107784192,2026-06-12T22:45:00.000000Z
2026-06-12T22:45:00.000000Z,1661.3800048828125,1661.989990234375,1660.510009765625,1661.56005859375,25026560,2026-06-12T23:00:00.000000Z
2026-06-12T23:00:00.000000Z,1661.5400390625,1661.97998046875,1658.7099609375,1660.0999755859375,0,2026-06-12T23:15:00.000000Z
2026-06-12T23:15:00.000000Z,1660.5799560546875,1662.199951171875,1659.31005859375,1661.06005859375,461624320,2026-06-12T23:30:00.000000Z
2026-06-12T23:30:00.000000Z,1660.8399658203125,1664.1099853515625,1660.43994140625,1661.9200439453125,26091520,2026-06-12T23:45:00.000000Z
2026-06-12T23:45:00.000000Z,1662.0400390625,1665.550048828125,1661.9200439453125,1665.52001953125,16467968,2026-06-13T00:00:00.000000Z
2026-06-13T00:00:00.000000Z,1665.219970703125,1666.8599853515625,1664.31005859375,1666.699951171875,372617216,2026-06-13T00:15:00.000000Z
2026-06-13T00:15:00.000000Z,1666.7900390625,1668.06005859375,1665.4100341796875,1665.5,0,2026-06-13T00:30:00.000000Z
2026-06-13T00:30:00.000000Z,1665.31005859375,1667.8499755859375,1665.2099609375,1665.8599853515625,467679232,2026-06-13T00:45:00.000000Z
2026-06-13T00:45:00.000000Z,1665.6099853515625,1667.469970703125,1664.699951171875,1666.449951171875,4865024,2026-06-13T01:00:00.000000Z
2026-06-13T01:00:00.000000Z,1666.47998046875,1668.5400390625,1666.4000244140625,1667.9300537109375,81714176,2026-06-13T01:15:00.000000Z
2026-06-13T01:15:00.000000Z,1667.9300537109375,1668.5799560546875,1665.6300048828125,1667.0999755859375,11137024,2026-06-13T01:30:00.000000Z
2026-06-13T01:30:00.000000Z,1667.1800537109375,1674.4599609375,1666.6099853515625,1671.530029296875,0,2026-06-13T01:45:00.000000Z
2026-06-13T01:45:00.000000Z,1671.550048828125,1674.1700439453125,1671.550048828125,1672.43994140625,61981696,2026-06-13T02:00:00.000000Z
2026-06-13T02:00:00.000000Z,1673.030029296875,1673.4599609375,1670.97998046875,1671.530029296875,80818176,2026-06-13T02:15:00.000000Z
2026-06-13T02:15:00.000000Z,1671.469970703125,1671.8900146484375,1668.760009765625,1668.969970703125,72264704,2026-06-13T02:30:00.000000Z
2026-06-13T02:30:00.000000Z,1669.4000244140625,1669.449951171875,1665.8599853515625,1666.1700439453125,461870080,2026-06-13T02:45:00.000000Z
2026-06-13T02:45:00.000000Z,1666.1500244140625,1667.4599609375,1664.4200439453125,1667.010009765625,413282304,2026-06-13T03:00:00.000000Z
2026-06-13T03:00:00.000000Z,1666.9100341796875,1668.5400390625,1666.81005859375,1666.9000244140625,56154112,2026-06-13T03:15:00.000000Z
2026-06-13T03:15:00.000000Z,1666.9000244140625,1667.300048828125,1662.3900146484375,1663.7099609375,8367104,2026-06-13T03:30:00.000000Z
2026-06-13T03:30:00.000000Z,1663.7099609375,1664.4100341796875,1663.1500244140625,1664.3399658203125,25600000,2026-06-13T03:45:00.000000Z
2026-06-13T03:45:00.000000Z,1664.3499755859375,1665.1300048828125,1664.010009765625,1664.1700439453125,824320,2026-06-13T04:00:00.000000Z
2026-06-13T04:00:00.000000Z,1664.260009765625,1664.81005859375,1662.5899658203125,1663.4100341796875,497186816,2026-06-13T04:15:00.000000Z
2026-06-13T04:15:00.000000Z,1663.4100341796875,1665.9100341796875,1663.010009765625,1664.4100341796875,0,2026-06-13T04:30:00.000000Z
2026-06-13T04:30:00.000000Z,1664.4100341796875,1667.199951171875,1664.4100341796875,1666.510009765625,113044480,2026-06-13T04:45:00.000000Z
2026-06-13T04:45:00.000000Z,1666.510009765625,1667.06005859375,1663.5,1663.5,2621440,2026-06-13T05:00:00.000000Z
2026-06-13T05:00:00.000000Z,1663.699951171875,1664.449951171875,1662.81005859375,1663.5,49225728,2026-06-13T05:15:00.000000Z
2026-06-13T05:15:00.000000Z,1663.4000244140625,1664.22998046875,1662.4300537109375,1663.7099609375,0,2026-06-13T05:30:00.000000Z
2026-06-13T05:30:00.000000Z,1663.300048828125,1664.6099853515625,1663.0999755859375,1663.31005859375,464731136,2026-06-13T05:45:00.000000Z
2026-06-13T05:45:00.000000Z,1663.4000244140625,1664.3699951171875,1661.3399658203125,1664.3699951171875,21599232,2026-06-13T06:00:00.000000Z
2026-06-13T06:00:00.000000Z,1664.4599609375,1665.199951171875,1663.1099853515625,1663.6099853515625,491196416,2026-06-13T06:15:00.000000Z
2026-06-13T06:15:00.000000Z,1663.550048828125,1665.6700439453125,1662.780029296875,1665.6700439453125,84134912,2026-06-13T06:30:00.000000Z
2026-06-13T06:30:00.000000Z,1665.9599609375,1666.5799560546875,1665.1099853515625,1665.93994140625,0,2026-06-13T06:45:00.000000Z
2026-06-13T06:45:00.000000Z,1666.050048828125,1669.06005859375,1665.989990234375,1668.780029296875,470053888,2026-06-13T07:00:00.000000Z
2026-06-13T07:00:00.000000Z,1668.7099609375,1669.6600341796875,1667.2900390625,1668.6099853515625,0,2026-06-13T07:15:00.000000Z
2026-06-13T07:15:00.000000Z,1668.760009765625,1673.449951171875,1667.5,1672.4599609375,6889472,2026-06-13T07:30:00.000000Z
2026-06-13T07:30:00.000000Z,1672.469970703125,1672.93994140625,1671.4100341796875,1672.489990234375,116627456,2026-06-13T07:45:00.000000Z
2026-06-13T07:45:00.000000Z,1672.239990234375,1676.3299560546875,1672.239990234375,1675.1400146484375,114810880,2026-06-13T08:00:00.000000Z
2026-06-13T08:00:00.000000Z,1675.1700439453125,1678.1400146484375,1672.449951171875,1674.300048828125,15610880,2026-06-13T08:15:00.000000Z
2026-06-13T08:15:00.000000Z,1674.300048828125,1675.800048828125,1673.050048828125,1674.1400146484375,15813632,2026-06-13T08:30:00.000000Z
2026-06-13T08:30:00.000000Z,1673.9000244140625,1676.9000244140625,1673.800048828125,1675.5400390625,0,2026-06-13T08:45:00.000000Z
2026-06-13T08:45:00.000000Z,1675.5400390625,1675.6300048828125,1673.3399658203125,1673.5,13018112,2026-06-13T09:00:00.000000Z
2026-06-13T09:00:00.000000Z,1673.449951171875,1675.27001953125,1673.449951171875,1673.969970703125,73558016,2026-06-13T09:15:00.000000Z
2026-06-13T09:15:00.000000Z,1673.9100341796875,1674.989990234375,1672.3199462890625,1672.739990234375,0,2026-06-13T09:30:00.000000Z
2026-06-13T09:30:00.000000Z,1672.9000244140625,1673.93994140625,1672.510009765625,1673.8499755859375,0,2026-06-13T09:45:00.000000Z
2026-06-13T09:45:00.000000Z,1673.719970703125,1673.719970703125,1671.97998046875,1672.699951171875,76035072,2026-06-13T10:00:00.000000Z
2026-06-13T10:00:00.000000Z,1672.6199951171875,1673.530029296875,1671.780029296875,1672.68994140625,456578048,2026-06-13T10:15:00.000000Z
2026-06-13T10:15:00.000000Z,1672.68994140625,1673.219970703125,1671.800048828125,1672.31005859375,0,2026-06-13T10:30:00.000000Z
2026-06-13T10:30:00.000000Z,1672.3699951171875,1674.6400146484375,1672.300048828125,1673.9100341796875,13412352,2026-06-13T10:45:00.000000Z
2026-06-13T10:45:00.000000Z,1674.06005859375,1675.260009765625,1671.77001953125,1672.9599609375,66258432,2026-06-13T11:00:00.000000Z
2026-06-13T11:00:00.000000Z,1673.22998046875,1676.18994140625,1672.2099609375,1676.18994140625,132078592,2026-06-13T11:15:00.000000Z
2026-06-13T11:15:00.000000Z,1676.300048828125,1677.6600341796875,1675.9100341796875,1677.31005859375,65601536,2026-06-13T11:30:00.000000Z
2026-06-13T11:30:00.000000Z,1677.3699951171875,1677.3699951171875,1675.989990234375,1676.199951171875,25596928,2026-06-13T11:45:00.000000Z
2026-06-13T11:45:00.000000Z,1676.260009765625,1677.4300537109375,1676.0400390625,1677.260009765625,3955712,2026-06-13T12:00:00.000000Z
2026-06-13T12:00:00.000000Z,1677.27001953125,1677.27001953125,1676.199951171875,1676.3199462890625,0,2026-06-13T12:15:00.000000Z
2026-06-13T12:15:00.000000Z,1676.0999755859375,1677.3900146484375,1675.8699951171875,1675.9000244140625,857600,2026-06-13T12:30:00.000000Z
2026-06-13T12:30:00.000000Z,1676.02001953125,1678.4000244140625,1676.02001953125,1677.25,36780032,2026-06-13T12:45:00.000000Z
2026-06-13T12:45:00.000000Z,1677.239990234375,1682.1300048828125,1677.239990234375,1679.4100341796875,0,2026-06-13T13:00:00.000000Z
2026-06-13T13:00:00.000000Z,1679.5400390625,1679.6700439453125,1677.4200439453125,1678.530029296875,478348800,2026-06-13T13:15:00.000000Z
2026-06-13T13:15:00.000000Z,1678.6199951171875,1680.06005859375,1677.6500244140625,1679.7099609375,522946560,2026-06-13T13:30:00.000000Z
2026-06-13T13:30:00.000000Z,1679.7099609375,1680.5,1677.9200439453125,1678.6099853515625,0,2026-06-13T13:45:00.000000Z
2026-06-13T13:45:00.000000Z,1678.6099853515625,1680.239990234375,1675.6500244140625,1676.949951171875,58037248,2026-06-13T14:00:00.000000Z
2026-06-13T14:00:00.000000Z,1676.9000244140625,1680.4000244140625,1676.5,1679.1199951171875,0,2026-06-13T14:15:00.000000Z
2026-06-13T14:15:00.000000Z,1679.1099853515625,1679.9599609375,1677.2099609375,1677.52001953125,81428992,2026-06-13T14:30:00.000000Z
2026-06-13T14:30:00.000000Z,1677.760009765625,1679.8399658203125,1677.760009765625,1678.31005859375,0,2026-06-13T14:45:00.000000Z
2026-06-13T14:45:00.000000Z,1678.3499755859375,1679.7900390625,1678.2900390625,1678.8499755859375,0,2026-06-13T15:00:00.000000Z
2026-06-13T15:00:00.000000Z,1679,1680.3900146484375,1677.510009765625,1680.22998046875,265841152,2026-06-13T15:15:00.000000Z
2026-06-13T15:15:00.000000Z,1679.9599609375,1682.5999755859375,1679.4100341796875,1682.1800537109375,0,2026-06-13T15:30:00.000000Z
2026-06-13T15:30:00.000000Z,1682.1400146484375,1685,1678.31005859375,1678.75,21063168,2026-06-13T15:45:00.000000Z
2026-06-13T15:45:00.000000Z,1678.81005859375,1682.02001953125,1678.0799560546875,1681.1099853515625,401836032,2026-06-13T16:00:00.000000Z
2026-06-13T16:00:00.000000Z,1681.31005859375,1681.31005859375,1673.93994140625,1674.5400390625,437554176,2026-06-13T16:15:00.000000Z
2026-06-13T16:15:00.000000Z,1674.5,1674.5,1670.199951171875,1672.010009765625,34850304,2026-06-13T16:30:00.000000Z
2026-06-13T16:30:00.000000Z,1672.1700439453125,1673.8399658203125,1671.050048828125,1673.1199951171875,65529856,2026-06-13T16:45:00.000000Z
2026-06-13T16:45:00.000000Z,1673.300048828125,1679.1199951171875,1672.43994140625,1675.760009765625,7030784,2026-06-13T17:00:00.000000Z
2026-06-13T17:00:00.000000Z,1676.0699462890625,1676.1300048828125,1672.7900390625,1673.9599609375,32790016,2026-06-13T17:15:00.000000Z
2026-06-13T17:15:00.000000Z,1674,1676.6300048828125,1673.0400390625,1676.4300537109375,0,2026-06-13T17:30:00.000000Z
2026-06-13T17:30:00.000000Z,1676.489990234375,1677.199951171875,1675.5799560546875,1676.6300048828125,0,2026-06-13T17:45:00.000000Z
2026-06-13T17:45:00.000000Z,1676.6300048828125,1677.0999755859375,1672.1700439453125,1673.260009765625,447753728,2026-06-13T18:00:00.000000Z
2026-06-13T18:00:00.000000Z,1673.219970703125,1676.1600341796875,1673.219970703125,1675.8199462890625,19981312,2026-06-13T18:15:00.000000Z
2026-06-13T18:15:00.000000Z,1675.9000244140625,1679.3599853515625,1675.22998046875,1679.1800537109375,23176192,2026-06-13T18:30:00.000000Z
2026-06-13T18:30:00.000000Z,1679.31005859375,1682.3399658203125,1679.06005859375,1681.3199462890625,46462464,2026-06-13T18:45:00.000000Z
2026-06-13T18:45:00.000000Z,1681.5,1681.7099609375,1675.6500244140625,1677.760009765625,70181376,2026-06-13T19:00:00.000000Z
2026-06-13T19:00:00.000000Z,1677.510009765625,1678.81005859375,1676.8599853515625,1677.6700439453125,3835904,2026-06-13T19:15:00.000000Z
2026-06-13T19:15:00.000000Z,1677.6099853515625,1677.6099853515625,1675.06005859375,1676.02001953125,77520384,2026-06-13T19:30:00.000000Z
2026-06-13T19:30:00.000000Z,1676.1199951171875,1679.0999755859375,1675.739990234375,1678.6199951171875,8689664,2026-06-13T19:45:00.000000Z
2026-06-13T19:45:00.000000Z,1678.7900390625,1679.239990234375,1677.5799560546875,1677.5799560546875,0,2026-06-13T20:00:00.000000Z
2026-06-13T20:00:00.000000Z,1677.6099853515625,1677.6099853515625,1675.3299560546875,1676.72998046875,444825600,2026-06-13T20:15:00.000000Z
2026-06-13T20:15:00.000000Z,1676.68994140625,1677.31005859375,1675.1700439453125,1675.2099609375,1518592,2026-06-13T20:30:00.000000Z
2026-06-13T20:30:00.000000Z,1675.25,1675.739990234375,1674.219970703125,1674.5899658203125,140795904,2026-06-13T20:45:00.000000Z
2026-06-13T20:45:00.000000Z,1674.8299560546875,1675.9300537109375,1674.260009765625,1675.75,0,2026-06-13T21:00:00.000000Z
2026-06-13T21:00:00.000000Z,1675.7900390625,1676.2900390625,1674.1199951171875,1674.5999755859375,439244800,2026-06-13T21:15:00.000000Z
2026-06-13T21:15:00.000000Z,1674.9100341796875,1676.4100341796875,1674.199951171875,1675.4100341796875,33970176,2026-06-13T21:30:00.000000Z
2026-06-13T21:30:00.000000Z,1675.4100341796875,1692.8299560546875,1675.280029296875,1686.780029296875,160436736,2026-06-13T21:45:00.000000Z
2026-06-13T21:45:00.000000Z,1686.8599853515625,1688.2900390625,1683.8699951171875,1685.5699462890625,195948032,2026-06-13T22:00:00.000000Z
2026-06-13T22:00:00.000000Z,1685.5899658203125,1685.5899658203125,1681.8800048828125,1682.6700439453125,18553856,2026-06-13T22:15:00.000000Z
2026-06-13T22:15:00.000000Z,1682.6099853515625,1684.18994140625,1681.4000244140625,1683.969970703125,46433792,2026-06-13T22:30:00.000000Z
2026-06-13T22:30:00.000000Z,1683.989990234375,1684.739990234375,1682.2900390625,1682.31005859375,33778688,2026-06-13T22:45:00.000000Z
2026-06-13T22:45:00.000000Z,1682.47998046875,1682.8299560546875,1680.6800537109375,1680.81005859375,2996224,2026-06-13T23:00:00.000000Z
2026-06-13T23:00:00.000000Z,1680.5999755859375,1681.550048828125,1680.030029296875,1680.7099609375,480010752,2026-06-13T23:15:00.000000Z
2026-06-13T23:15:00.000000Z,1680.6099853515625,1683.4200439453125,1679.1400146484375,1679.5,3246080,2026-06-13T23:30:00.000000Z
2026-06-13T23:30:00.000000Z,1679.550048828125,1680.760009765625,1679.1199951171875,1679.31005859375,535497216,2026-06-13T23:45:00.000000Z
2026-06-13T23:45:00.000000Z,1679.199951171875,1680.3499755859375,1677.5699462890625,1679.510009765625,14195200,2026-06-14T00:00:00.000000Z
2026-06-14T00:00:00.000000Z,1680.3699951171875,1680.3699951171875,1678.31005859375,1679.030029296875,76371968,2026-06-14T00:15:00.000000Z
2026-06-14T00:15:00.000000Z,1679.030029296875,1680.800048828125,1677.9000244140625,1679.1099853515625,23245312,2026-06-14T00:30:00.000000Z
2026-06-14T00:30:00.000000Z,1679.1099853515625,1682.6400146484375,1678.9200439453125,1681.9300537109375,5771264,2026-06-14T00:45:00.000000Z
2026-06-14T00:45:00.000000Z,1681.989990234375,1682.68994140625,1680.510009765625,1681.199951171875,19479552,2026-06-14T01:00:00.000000Z
2026-06-14T01:00:00.000000Z,1681.1199951171875,1685.030029296875,1679.4100341796875,1683.699951171875,126787584,2026-06-14T01:15:00.000000Z
2026-06-14T01:15:00.000000Z,1683.56005859375,1689.1600341796875,1683.56005859375,1685.9100341796875,69788672,2026-06-14T01:30:00.000000Z
2026-06-14T01:30:00.000000Z,1685.7099609375,1685.800048828125,1683.75,1683.75,8355328,2026-06-14T01:45:00.000000Z
2026-06-14T01:45:00.000000Z,1683.6099853515625,1685.8399658203125,1682.9100341796875,1683.4000244140625,81269760,2026-06-14T02:00:00.000000Z
2026-06-14T02:00:00.000000Z,1683,1684.9300537109375,1682.2099609375,1684.27001953125,486447104,2026-06-14T02:15:00.000000Z
2026-06-14T02:15:00.000000Z,1684.3900146484375,1684.800048828125,1681.6199951171875,1682.1600341796875,138903040,2026-06-14T02:30:00.000000Z
2026-06-14T02:30:00.000000Z,1682.1700439453125,1683.18994140625,1680.8800048828125,1681.1199951171875,5171712,2026-06-14T02:45:00.000000Z
2026-06-14T02:45:00.000000Z,1681.2900390625,1682.4599609375,1680.719970703125,1681.510009765625,0,2026-06-14T03:00:00.000000Z
2026-06-14T03:00:00.000000Z,1681.4100341796875,1682.4200439453125,1680.6300048828125,1681.4000244140625,22451712,2026-06-14T03:15:00.000000Z
2026-06-14T03:15:00.000000Z,1681.300048828125,1682.3599853515625,1680.9300537109375,1681.8699951171875,18252288,2026-06-14T03:30:00.000000Z
2026-06-14T03:30:00.000000Z,1681.8299560546875,1682.1400146484375,1678.8199462890625,1679.18994140625,0,2026-06-14T03:45:00.000000Z
2026-06-14T03:45:00.000000Z,1679.0699462890625,1681.280029296875,1679.0699462890625,1680.93994140625,7904256,2026-06-14T04:00:00.000000Z
2026-06-14T04:00:00.000000Z,1680.8900146484375,1681.81005859375,1679.199951171875,1680.280029296875,475876352,2026-06-14T04:15:00.000000Z
2026-06-14T04:15:00.000000Z,1680.219970703125,1681.2900390625,1679.6800537109375,1679.81005859375,4199936,2026-06-14T04:30:00.000000Z
2026-06-14T04:30:00.000000Z,1679.81005859375,1679.8199462890625,1676.1400146484375,1676.550048828125,40638464,2026-06-14T04:45:00.000000Z
2026-06-14T04:45:00.000000Z,1676.6400146484375,1678.030029296875,1675.510009765625,1677.1099853515625,59670016,2026-06-14T05:00:00.000000Z
2026-06-14T05:00:00.000000Z,1677.4000244140625,1678.4200439453125,1676.199951171875,1677.18994140625,62705664,2026-06-14T05:15:00.000000Z
2026-06-14T05:15:00.000000Z,1677.06005859375,1677.1800537109375,1674.550048828125,1674.97998046875,27174912,2026-06-14T05:30:00.000000Z
2026-06-14T05:30:00.000000Z,1674.9599609375,1677.8699951171875,1673.3699951171875,1677.1300048828125,54543872,2026-06-14T05:45:00.000000Z
2026-06-14T05:45:00.000000Z,1677.1300048828125,1678.199951171875,1676.949951171875,1677.0999755859375,69148672,2026-06-14T06:00:00.000000Z
2026-06-14T06:00:00.000000Z,1677.52001953125,1681.27001953125,1677.4300537109375,1680.5899658203125,49904640,2026-06-14T06:15:00.000000Z
2026-06-14T06:15:00.000000Z,1680.5699462890625,1680.5699462890625,1675.989990234375,1678.4599609375,20539392,2026-06-14T06:30:00.000000Z
2026-06-14T06:30:00.000000Z,1678.77001953125,1678.77001953125,1675.6099853515625,1676.1199951171875,55652864,2026-06-14T06:45:00.000000Z
2026-06-14T06:45:00.000000Z,1676.0400390625,1676.199951171875,1674.699951171875,1675.56005859375,112792576,2026-06-14T07:00:00.000000Z
2026-06-14T07:00:00.000000Z,1675.5400390625,1675.699951171875,1672.949951171875,1673.7099609375,30774784,2026-06-14T07:15:00.000000Z
2026-06-14T07:15:00.000000Z,1673.7099609375,1676.5999755859375,1673.3800048828125,1675.8399658203125,0,2026-06-14T07:30:00.000000Z
2026-06-14T07:30:00.000000Z,1675.81005859375,1675.81005859375,1672.9300537109375,1673.0999755859375,488609792,2026-06-14T07:45:00.000000Z
2026-06-14T07:45:00.000000Z,1673.1199951171875,1675.5999755859375,1673.1099853515625,1674.8299560546875,628224,2026-06-14T08:00:00.000000Z
2026-06-14T08:00:00.000000Z,1674.9100341796875,1676.02001953125,1673.52001953125,1675.2900390625,33510912,2026-06-14T08:15:00.000000Z
2026-06-14T08:15:00.000000Z,1675.2900390625,1677.6300048828125,1675.22998046875,1676.9200439453125,48964096,2026-06-14T08:30:00.000000Z
2026-06-14T08:30:00.000000Z,1676.97998046875,1677.5899658203125,1675.739990234375,1676.0999755859375,30520320,2026-06-14T08:45:00.000000Z
2026-06-14T08:45:00.000000Z,1676.1099853515625,1676.699951171875,1674.1800537109375,1674.4100341796875,2508288,2026-06-14T09:00:00.000000Z
2026-06-14T09:00:00.000000Z,1674.43994140625,1675.6700439453125,1673.3800048828125,1673.8499755859375,19247104,2026-06-14T09:15:00.000000Z
2026-06-14T09:15:00.000000Z,1673.8299560546875,1673.9200439453125,1668.510009765625,1670.1500244140625,58211328,2026-06-14T09:30:00.000000Z
2026-06-14T09:30:00.000000Z,1669.97998046875,1676.5,1669.9000244140625,1676.27001953125,98968064,2026-06-14T09:45:00.000000Z
2026-06-14T09:45:00.000000Z,1676.27001953125,1677.6300048828125,1675.6700439453125,1677.0899658203125,55468544,2026-06-14T10:00:00.000000Z
2026-06-14T10:00:00.000000Z,1677.0799560546875,1677.0799560546875,1674.1700439453125,1674.6800537109375,7713792,2026-06-14T10:15:00.000000Z
2026-06-14T10:15:00.000000Z,1674.6099853515625,1677.3299560546875,1674.18994140625,1675.43994140625,57171456,2026-06-14T10:30:00.000000Z
2026-06-14T10:30:00.000000Z,1675.3900146484375,1676.6800537109375,1675,1675,474445312,2026-06-14T10:45:00.000000Z
2026-06-14T10:45:00.000000Z,1675.1099853515625,1675.199951171875,1672.0699462890625,1672.1300048828125,0,2026-06-14T11:00:00.000000Z
2026-06-14T11:00:00.000000Z,1672.0899658203125,1673.6700439453125,1671.219970703125,1673.469970703125,50368000,2026-06-14T11:15:00.000000Z
2026-06-14T11:15:00.000000Z,1673.469970703125,1674.0999755859375,1671.6800537109375,1673.6600341796875,482350592,2026-06-14T11:30:00.000000Z
2026-06-14T11:30:00.000000Z,1673.760009765625,1675.800048828125,1673.6600341796875,1674.5999755859375,470149120,2026-06-14T11:45:00.000000Z
2026-06-14T11:45:00.000000Z,1674.699951171875,1674.719970703125,1672.5,1672.550048828125,0,2026-06-14T12:00:00.000000Z
2026-06-14T12:00:00.000000Z,1672.800048828125,1673.31005859375,1671.72998046875,1672.1600341796875,479659008,2026-06-14T12:15:00.000000Z
2026-06-14T12:15:00.000000Z,1672.0899658203125,1673.3499755859375,1671.9300537109375,1671.97998046875,67746304,2026-06-14T12:30:00.000000Z
2026-06-14T12:30:00.000000Z,1671.93994140625,1672.3599853515625,1665.6800537109375,1667.530029296875,24883712,2026-06-14T12:45:00.000000Z
2026-06-14T12:45:00.000000Z,1666.8800048828125,1667.7099609375,1664.5999755859375,1665.699951171875,75266560,2026-06-14T13:00:00.000000Z
2026-06-14T13:00:00.000000Z,1666.0699462890625,1667.8299560546875,1665,1666.9000244140625,36569088,2026-06-14T13:15:00.000000Z
2026-06-14T13:15:00.000000Z,1666.9000244140625,1667.760009765625,1664.47998046875,1664.949951171875,15197184,2026-06-14T13:30:00.000000Z
2026-06-14T13:30:00.000000Z,1665.030029296875,1667.27001953125,1663.6099853515625,1666.969970703125,45626368,2026-06-14T13:45:00.000000Z
2026-06-14T13:45:00.000000Z,1666.8900146484375,1667.239990234375,1664.25,1665.1199951171875,66535936,2026-06-14T14:00:00.000000Z
2026-06-14T14:00:00.000000Z,1665.43994140625,1665.8800048828125,1663.510009765625,1665.3900146484375,0,2026-06-14T14:15:00.000000Z
2026-06-14T14:15:00.000000Z,1665.2900390625,1668.800048828125,1663.010009765625,1664,562911744,2026-06-14T14:30:00.000000Z
2026-06-14T14:30:00.000000Z,1663.5799560546875,1664.0699462890625,1654.199951171875,1655.219970703125,593081344,2026-06-14T14:45:00.000000Z
2026-06-14T14:45:00.000000Z,1655.2099609375,1658.6600341796875,1654.8199462890625,1658.6600341796875,154685952,2026-06-14T15:00:00.000000Z
2026-06-14T15:00:00.000000Z,1658.6700439453125,1662.8399658203125,1658.6700439453125,1661.6800537109375,34339328,2026-06-14T15:15:00.000000Z
2026-06-14T15:15:00.000000Z,1661.6099853515625,1663.02001953125,1660,1662.1600341796875,23683584,2026-06-14T15:30:00.000000Z
2026-06-14T15:30:00.000000Z,1662.06005859375,1663.4200439453125,1660.3299560546875,1662.010009765625,0,2026-06-14T15:45:00.000000Z
2026-06-14T15:45:00.000000Z,1661.9100341796875,1663.8299560546875,1661.2099609375,1662.1300048828125,0,2026-06-14T16:00:00.000000Z
2026-06-14T16:00:00.000000Z,1661.81005859375,1665.1500244140625,1661.81005859375,1664.6199951171875,12506624,2026-06-14T16:15:00.000000Z
2026-06-14T16:15:00.000000Z,1664.4300537109375,1666.9599609375,1663.8599853515625,1666.5,9822720,2026-06-14T16:30:00.000000Z
2026-06-14T16:30:00.000000Z,1666.4200439453125,1667.6199951171875,1665.5799560546875,1665.9200439453125,63391232,2026-06-14T16:45:00.000000Z
2026-06-14T16:45:00.000000Z,1666.1400146484375,1666.1400146484375,1658.0799560546875,1659.8900146484375,92746240,2026-06-14T17:00:00.000000Z
2026-06-14T17:00:00.000000Z,1659.780029296875,1663.699951171875,1659.4200439453125,1663.3599853515625,80099840,2026-06-14T17:15:00.000000Z
2026-06-14T17:15:00.000000Z,1663.4000244140625,1664.8900146484375,1662.8499755859375,1662.969970703125,41441280,2026-06-14T17:30:00.000000Z
2026-06-14T17:30:00.000000Z,1663,1665.3699951171875,1660.3900146484375,1662.969970703125,0,2026-06-14T17:45:00.000000Z
2026-06-14T17:45:00.000000Z,1663.1800537109375,1664.1099853515625,1660.0899658203125,1660.9000244140625,23010816,2026-06-14T18:00:00.000000Z
2026-06-14T18:00:00.000000Z,1661.239990234375,1662.199951171875,1659.7900390625,1661.1700439453125,28280832,2026-06-14T18:15:00.000000Z
2026-06-14T18:15:00.000000Z,1661.18994140625,1661.760009765625,1657.989990234375,1658.6500244140625,414439936,2026-06-14T18:30:00.000000Z
2026-06-14T18:30:00.000000Z,1658.6500244140625,1660.3299560546875,1658,1660.010009765625,483538432,2026-06-14T18:45:00.000000Z
2026-06-14T18:45:00.000000Z,1660.030029296875,1660.97998046875,1659.3599853515625,1660.719970703125,11715072,2026-06-14T19:00:00.000000Z
2026-06-14T19:00:00.000000Z,1660.719970703125,1664.1400146484375,1660.1800537109375,1663.97998046875,5223936,2026-06-14T19:15:00.000000Z
2026-06-14T19:15:00.000000Z,1664.030029296875,1666.719970703125,1664.02001953125,1665.239990234375,22774272,2026-06-14T19:30:00.000000Z
2026-06-14T19:30:00.000000Z,1665.3299560546875,1666.7099609375,1664.0899658203125,1664.530029296875,72582144,2026-06-14T19:45:00.000000Z
2026-06-14T19:45:00.000000Z,1664.530029296875,1664.719970703125,1663.8399658203125,1664.0899658203125,58931200,2026-06-14T20:00:00.000000Z
2026-06-14T20:00:00.000000Z,1664.6300048828125,1665.7900390625,1661.449951171875,1662.2099609375,52491776,2026-06-14T20:15:00.000000Z
2026-06-14T20:15:00.000000Z,1662.0799560546875,1666.949951171875,1662.0699462890625,1666.280029296875,499553280,2026-06-14T20:30:00.000000Z
2026-06-14T20:30:00.000000Z,1666.4200439453125,1672.489990234375,1666.4200439453125,1670.75,448393216,2026-06-14T20:45:00.000000Z
2026-06-14T20:45:00.000000Z,1670.739990234375,1671.510009765625,1669.43994140625,1669.43994140625,89578496,2026-06-14T21:00:00.000000Z
2026-06-14T21:00:00.000000Z,1669.75,1671.52001953125,1668.6500244140625,1671.52001953125,22944256,2026-06-14T21:15:00.000000Z
2026-06-14T21:15:00.000000Z,1671.6199951171875,1709.0400390625,1671.6199951171875,1700.4300537109375,728828416,2026-06-14T21:30:00.000000Z
2026-06-14T21:30:00.000000Z,1701.72998046875,1722.3299560546875,1698.0799560546875,1715.77001953125,582352384,2026-06-14T21:45:00.000000Z
2026-06-14T21:45:00.000000Z,1715.8299560546875,1731.3900146484375,1715.050048828125,1717.8399658203125,199372288,2026-06-14T22:00:00.000000Z
2026-06-14T22:00:00.000000Z,1723.6600341796875,1727.75,1711.530029296875,1720,795203072,2026-06-14T22:15:00.000000Z
2026-06-14T22:15:00.000000Z,1720.4100341796875,1723.699951171875,1715.8599853515625,1720.02001953125,263250432,2026-06-14T22:30:00.000000Z
2026-06-14T22:30:00.000000Z,1720.1800537109375,1726.300048828125,1717.5799560546875,1724.75,91960832,2026-06-14T22:45:00.000000Z
2026-06-14T22:45:00.000000Z,1725.5,1726.4599609375,1719.68994140625,1721.530029296875,453889024,2026-06-14T23:00:00.000000Z
2026-06-14T23:00:00.000000Z,1721.68994140625,1724.75,1716,1723.2900390625,175481344,2026-06-14T23:15:00.000000Z
2026-06-14T23:15:00.000000Z,1724.0400390625,1725.030029296875,1719.550048828125,1722.8399658203125,154353664,2026-06-14T23:30:00.000000Z
2026-06-14T23:30:00.000000Z,1722.8499755859375,1724.8699951171875,1718.5899658203125,1718.5899658203125,195461632,2026-06-14T23:45:00.000000Z
2026-06-14T23:45:00.000000Z,1718.6400146484375,1725.3199462890625,1718.4100341796875,1724.72998046875,577719808,2026-06-15T00:00:00.000000Z
2026-06-15T00:00:00.000000Z,1725.5,1730.6700439453125,1723.43994140625,1730.6700439453125,103115776,2026-06-15T00:15:00.000000Z
2026-06-15T00:15:00.000000Z,1730.18994140625,1730.18994140625,1723.3499755859375,1725.050048828125,577736704,2026-06-15T00:30:00.000000Z
2026-06-15T00:30:00.000000Z,1724.4000244140625,1725.27001953125,1719.0799560546875,1720.239990234375,556630528,2026-06-15T00:45:00.000000Z
2026-06-15T00:45:00.000000Z,1720.31005859375,1721.4200439453125,1718.8900146484375,1719.97998046875,631678976,2026-06-15T01:00:00.000000Z
2026-06-15T01:00:00.000000Z,1720,1720,1711.489990234375,1716.8299560546875,114582528,2026-06-15T01:15:00.000000Z
2026-06-15T01:15:00.000000Z,1716.780029296875,1716.949951171875,1708.97998046875,1710.9000244140625,43702272,2026-06-15T01:30:00.000000Z
2026-06-15T01:30:00.000000Z,1711.260009765625,1720.800048828125,1710.1600341796875,1720.6300048828125,79439872,2026-06-15T01:45:00.000000Z
2026-06-15T01:45:00.000000Z,1720.449951171875,1720.449951171875,1714.4100341796875,1715.06005859375,590046720,2026-06-15T02:00:00.000000Z
2026-06-15T02:00:00.000000Z,1715.18994140625,1720.2099609375,1713.3599853515625,1719.7099609375,11629568,2026-06-15T02:15:00.000000Z
2026-06-15T02:15:00.000000Z,1720.02001953125,1725.4000244140625,1719.8699951171875,1720.0400390625,209676288,2026-06-15T02:30:00.000000Z
2026-06-15T02:30:00.000000Z,1719.93994140625,1721.6500244140625,1718.81005859375,1719.2099609375,33729536,2026-06-15T02:45:00.000000Z
2026-06-15T02:45:00.000000Z,1718.8699951171875,1719.2900390625,1715.3699951171875,1716.0699462890625,501805056,2026-06-15T03:00:00.000000Z
2026-06-15T03:00:00.000000Z,1715.969970703125,1722.5999755859375,1714.6500244140625,1722.0799560546875,61092864,2026-06-15T03:15:00.000000Z
2026-06-15T03:15:00.000000Z,1722.449951171875,1722.449951171875,1719.1199951171875,1720.239990234375,90233856,2026-06-15T03:30:00.000000Z
2026-06-15T03:30:00.000000Z,1720.239990234375,1722.6800537109375,1719.0699462890625,1722.25,186076160,2026-06-15T03:45:00.000000Z
2026-06-15T03:45:00.000000Z,1722.1199951171875,1723.3599853515625,1719.4200439453125,1719.6199951171875,64952320,2026-06-15T04:00:00.000000Z
2026-06-15T04:00:00.000000Z,1719.8199462890625,1719.8199462890625,1716.719970703125,1717.75,214331392,2026-06-15T04:15:00.000000Z
2026-06-15T04:15:00.000000Z,1717.6800537109375,1719.4599609375,1716.3599853515625,1717.9200439453125,99960832,2026-06-15T04:30:00.000000Z
2026-06-15T04:30:00.000000Z,1717.81005859375,1718.1300048828125,1715.06005859375,1716.31005859375,69436416,2026-06-15T04:45:00.000000Z
2026-06-15T04:45:00.000000Z,1716.239990234375,1718.47998046875,1715.989990234375,1716.1700439453125,123976704,2026-06-15T05:00:00.000000Z
2026-06-15T05:00:00.000000Z,1715.97998046875,1717.510009765625,1715.0999755859375,1716.8499755859375,40612864,2026-06-15T05:15:00.000000Z
2026-06-15T05:15:00.000000Z,1716.8599853515625,1721.780029296875,1716.699951171875,1720.0899658203125,11112448,2026-06-15T05:30:00.000000Z
2026-06-15T05:30:00.000000Z,1720.4000244140625,1720.5999755859375,1716.010009765625,1716.18994140625,97222656,2026-06-15T05:45:00.000000Z
2026-06-15T05:45:00.000000Z,1716.3199462890625,1719.9100341796875,1716.260009765625,1719.550048828125,160967680,2026-06-15T06:00:00.000000Z
2026-06-15T06:00:00.000000Z,1719.719970703125,1721.9100341796875,1718.81005859375,1720.449951171875,70932480,2026-06-15T06:15:00.000000Z
2026-06-15T06:15:00.000000Z,1720.449951171875,1722.199951171875,1718.9100341796875,1721.530029296875,581071872,2026-06-15T06:30:00.000000Z
2026-06-15T06:30:00.000000Z,1721.510009765625,1722.1700439453125,1717.280029296875,1718.1099853515625,143551488,2026-06-15T06:45:00.000000Z
2026-06-15T06:45:00.000000Z,1718.1199951171875,1721.1099853515625,1718,1718.8900146484375,35840,2026-06-15T07:00:00.000000Z
2026-06-15T07:00:00.000000Z,1718.81005859375,1722.2900390625,1716.010009765625,1719.97998046875,594112512,2026-06-15T07:15:00.000000Z
2026-06-15T07:15:00.000000Z,1720.1500244140625,1722.4100341796875,1719.9300537109375,1720.699951171875,600684544,2026-06-15T07:30:00.000000Z
2026-06-15T07:30:00.000000Z,1720.6700439453125,1720.739990234375,1716.4100341796875,1717.4300537109375,509550592,2026-06-15T07:45:00.000000Z
2026-06-15T07:45:00.000000Z,1717.4100341796875,1718.3299560546875,1715.1300048828125,1715.3199462890625,125026304,2026-06-15T08:00:00.000000Z
2026-06-15T08:00:00.000000Z,1715.4000244140625,1718.97998046875,1714.52001953125,1718.699951171875,488606720,2026-06-15T08:15:00.000000Z
2026-06-15T08:15:00.000000Z,1718.56005859375,1719.3599853515625,1715.5400390625,1717.6099853515625,117612544,2026-06-15T08:30:00.000000Z
2026-06-15T08:30:00.000000Z,1717.4300537109375,1720.9599609375,1717.3599853515625,1719.9300537109375,42557440,2026-06-15T08:45:00.000000Z
2026-06-15T08:45:00.000000Z,1719.72998046875,1720.0799560546875,1717.9000244140625,1719.280029296875,27580416,2026-06-15T09:00:00.000000Z
2026-06-15T09:00:00.000000Z,1719.199951171875,1720.27001953125,1718.3299560546875,1718.800048828125,36310016,2026-06-15T09:15:00.000000Z
2026-06-15T09:15:00.000000Z,1718.800048828125,1725.6400146484375,1718.800048828125,1720.949951171875,54844416,2026-06-15T09:30:00.000000Z
2026-06-15T09:30:00.000000Z,1720.68994140625,1720.8800048828125,1711.4300537109375,1714.5799560546875,33601536,2026-06-15T09:45:00.000000Z
2026-06-15T09:45:00.000000Z,1714.52001953125,1717.6500244140625,1712.3699951171875,1717.3599853515625,228228096,2026-06-15T10:00:00.000000Z
2026-06-15T10:00:00.000000Z,1717.3499755859375,1722.0999755859375,1717.1199951171875,1721.8299560546875,81060864,2026-06-15T10:15:00.000000Z
2026-06-15T10:15:00.000000Z,1721.9200439453125,1725.1300048828125,1721.6099853515625,1723.8299560546875,187846656,2026-06-15T10:30:00.000000Z
2026-06-15T10:30:00.000000Z,1723.719970703125,1727.4000244140625,1723.2099609375,1727.3299560546875,164103168,2026-06-15T10:45:00.000000Z
2026-06-15T10:45:00.000000Z,1727.3399658203125,1743.6099853515625,1726.3299560546875,1736.43994140625,290629632,2026-06-15T11:00:00.000000Z
2026-06-15T11:00:00.000000Z,1736.050048828125,1741.1300048828125,1733.0400390625,1740,158454784,2026-06-15T11:15:00.000000Z
2026-06-15T11:15:00.000000Z,1740.3199462890625,1764.9000244140625,1740.0899658203125,1761,766402560,2026-06-15T11:30:00.000000Z
2026-06-15T11:30:00.000000Z,1761.6800537109375,1764.3599853515625,1758.739990234375,1760.530029296875,730817536,2026-06-15T11:45:00.000000Z
2026-06-15T11:45:00.000000Z,1760.8299560546875,1765.449951171875,1758.969970703125,1763.75,105751552,2026-06-15T12:00:00.000000Z
2026-06-15T12:00:00.000000Z,1764.3800048828125,1765.06005859375,1760.4200439453125,1764.5899658203125,379422720,2026-06-15T12:15:00.000000Z
2026-06-15T12:15:00.000000Z,1764.760009765625,1764.760009765625,1759.530029296875,1764.489990234375,149929984,2026-06-15T12:30:00.000000Z
2026-06-15T12:30:00.000000Z,1764.4000244140625,1773.97998046875,1762.0799560546875,1773.530029296875,349304832,2026-06-15T12:45:00.000000Z
2026-06-15T12:45:00.000000Z,1773.280029296875,1776.4000244140625,1771.9000244140625,1776.2900390625,920753152,2026-06-15T13:00:00.000000Z
2026-06-15T13:00:00.000000Z,1776.1300048828125,1796.5400390625,1773.75,1792.93994140625,217644032,2026-06-15T13:15:00.000000Z
2026-06-15T13:15:00.000000Z,1792.75,1825.949951171875,1792.75,1818.2099609375,571523072,2026-06-15T13:30:00.000000Z
2026-06-15T13:30:00.000000Z,1819.1500244140625,1819.22998046875,1807.469970703125,1812.02001953125,1066561536,2026-06-15T13:45:00.000000Z
2026-06-15T13:45:00.000000Z,1812.81005859375,1816.6199951171875,1810.260009765625,1813.199951171875,853231616,2026-06-15T14:00:00.000000Z
2026-06-15T14:00:00.000000Z,1813.7099609375,1813.7099609375,1803.699951171875,1809.3800048828125,269692928,2026-06-15T14:15:00.000000Z
2026-06-15T14:15:00.000000Z,1809.1300048828125,1813.280029296875,1806.7099609375,1811.9300537109375,295406592,2026-06-15T14:30:00.000000Z
2026-06-15T14:30:00.000000Z,1811.2099609375,1812.8599853515625,1807.8299560546875,1810.9100341796875,170390528,2026-06-15T14:45:00.000000Z
2026-06-15T14:45:00.000000Z,1810.8900146484375,1817.280029296875,1810.81005859375,1813.4000244140625,369988608,2026-06-15T15:00:00.000000Z
2026-06-15T15:00:00.000000Z,1813.3699951171875,1816.3599853515625,1812.489990234375,1814.75,96861184,2026-06-15T15:15:00.000000Z
2026-06-15T15:15:00.000000Z,1814.5999755859375,1818.6800537109375,1813.6099853515625,1815.3900146484375,106690560,2026-06-15T15:30:00.000000Z
2026-06-15T15:30:00.000000Z,1815.1099853515625,1831.31005859375,1812.9000244140625,1828.6700439453125,114188288,2026-06-15T15:45:00.000000Z
2026-06-15T15:45:00.000000Z,1829.7099609375,1848.3900146484375,1829.510009765625,1844.4000244140625,708891648,2026-06-15T16:00:00.000000Z
2026-06-15T16:00:00.000000Z,1844.780029296875,1846,1837.8599853515625,1843.010009765625,590022656,2026-06-15T16:15:00.000000Z
2026-06-15T16:15:00.000000Z,1843.5999755859375,1843.8499755859375,1836.77001953125,1841.3699951171875,610455552,2026-06-15T16:30:00.000000Z
2026-06-15T16:30:00.000000Z,1841.2099609375,1845.7099609375,1839.06005859375,1842.9300537109375,264353792,2026-06-15T16:45:00.000000Z
2026-06-15T16:45:00.000000Z,1843.3399658203125,1845.0999755859375,1839.2099609375,1842.1400146484375,312420352,2026-06-15T17:00:00.000000Z
2026-06-15T17:00:00.000000Z,1841.5999755859375,1841.5999755859375,1826.4200439453125,1831.0799560546875,759035904,2026-06-15T17:15:00.000000Z
2026-06-15T17:15:00.000000Z,1830.510009765625,1832.510009765625,1826.0999755859375,1829.6300048828125,127801344,2026-06-15T17:30:00.000000Z
2026-06-15T17:30:00.000000Z,1829,1831.739990234375,1823.3399658203125,1829.6600341796875,506775552,2026-06-15T17:45:00.000000Z
2026-06-15T17:45:00.000000Z,1829.4100341796875,1830.989990234375,1826.4100341796875,1828.31005859375,223905792,2026-06-15T18:00:00.000000Z
2026-06-15T18:00:00.000000Z,1828.280029296875,1830.77001953125,1825.4000244140625,1829.9000244140625,62003200,2026-06-15T18:15:00.000000Z
2026-06-15T18:15:00.000000Z,1829.8499755859375,1831,1827.199951171875,1828.56005859375,690276352,2026-06-15T18:30:00.000000Z
2026-06-15T18:30:00.000000Z,1828.77001953125,1830.219970703125,1824.9100341796875,1828.6500244140625,11710464,2026-06-15T18:45:00.000000Z
2026-06-15T18:45:00.000000Z,1828.8699951171875,1834.5400390625,1827.010009765625,1827.260009765625,584474624,2026-06-15T19:00:00.000000Z
2026-06-15T19:00:00.000000Z,1826.52001953125,1832.300048828125,1824.949951171875,1831.9100341796875,89483264,2026-06-15T19:15:00.000000Z
2026-06-15T19:15:00.000000Z,1831.97998046875,1833.72998046875,1812.2900390625,1818.239990234375,232849408,2026-06-15T19:30:00.000000Z
2026-06-15T19:30:00.000000Z,1818.699951171875,1829.4599609375,1817.81005859375,1828.8299560546875,158121984,2026-06-15T19:45:00.000000Z
2026-06-15T19:45:00.000000Z,1829.0999755859375,1829.4599609375,1817.4000244140625,1820.5699462890625,170440704,2026-06-15T20:00:00.000000Z
2026-06-15T20:00:00.000000Z,1820.27001953125,1825.050048828125,1817.3900146484375,1822.5999755859375,120774656,2026-06-15T20:15:00.000000Z
2026-06-15T20:15:00.000000Z,1822.989990234375,1823.260009765625,1819.219970703125,1820.6500244140625,691404800,2026-06-15T20:30:00.000000Z
2026-06-15T20:30:00.000000Z,1820.6400146484375,1822.6500244140625,1818.1800537109375,1818.4100341796875,52047872,2026-06-15T20:45:00.000000Z
2026-06-15T20:45:00.000000Z,1817.97998046875,1818.0999755859375,1814.5899658203125,1815.8599853515625,14659584,2026-06-15T21:00:00.000000Z
2026-06-15T21:00:00.000000Z,1815.969970703125,1820.6300048828125,1814.5999755859375,1819.4300537109375,537614336,2026-06-15T21:15:00.000000Z
2026-06-15T21:15:00.000000Z,1819.31005859375,1819.4100341796875,1814.1199951171875,1814.260009765625,5459968,2026-06-15T21:30:00.000000Z
2026-06-15T21:30:00.000000Z,1813.9599609375,1817.1500244140625,1811.9100341796875,1815.1800537109375,56594432,2026-06-15T21:45:00.000000Z
2026-06-15T21:45:00.000000Z,1814.81005859375,1815.4200439453125,1808.3399658203125,1810.3499755859375,71274496,2026-06-15T22:00:00.000000Z
2026-06-15T22:00:00.000000Z,1810.27001953125,1812.3299560546875,1807.9000244140625,1808.050048828125,0,2026-06-15T22:15:00.000000Z
2026-06-15T22:15:00.000000Z,1808.2900390625,1809.800048828125,1788.260009765625,1791.2099609375,0,2026-06-15T22:30:00.000000Z
2026-06-15T22:30:00.000000Z,1790.780029296875,1796.47998046875,1786.050048828125,1792.4100341796875,517408768,2026-06-15T22:45:00.000000Z
2026-06-15T22:45:00.000000Z,1792.6500244140625,1793.800048828125,1787.3699951171875,1788.6500244140625,347129856,2026-06-15T23:00:00.000000Z
2026-06-15T23:00:00.000000Z,1788.5999755859375,1790.699951171875,1786.1300048828125,1789.1700439453125,358707200,2026-06-15T23:15:00.000000Z
2026-06-15T23:15:00.000000Z,1789.22998046875,1790.9000244140625,1784.7099609375,1788.6300048828125,28008448,2026-06-15T23:30:00.000000Z
2026-06-15T23:30:00.000000Z,1788.489990234375,1790.050048828125,1783.3199462890625,1789.7900390625,448464896,2026-06-15T23:45:00.000000Z
2026-06-15T23:45:00.000000Z,1790.1199951171875,1795.6800537109375,1789.5999755859375,1795.010009765625,0,2026-06-16T00:00:00.000000Z
2026-06-16T00:00:00.000000Z,1794.6099853515625,1797.8399658203125,1792.5699462890625,1795.989990234375,492875776,2026-06-16T00:15:00.000000Z
2026-06-16T00:15:00.000000Z,1796.18994140625,1797.0999755859375,1790.31005859375,1791.52001953125,67854336,2026-06-16T00:30:00.000000Z
2026-06-16T00:30:00.000000Z,1791.4100341796875,1799.989990234375,1791.0999755859375,1797.280029296875,125247488,2026-06-16T00:45:00.000000Z
2026-06-16T00:45:00.000000Z,1797.280029296875,1797.280029296875,1787.8399658203125,1788.5999755859375,35463168,2026-06-16T01:00:00.000000Z
2026-06-16T01:00:00.000000Z,1788.52001953125,1794.199951171875,1787.9000244140625,1790.7099609375,587244544,2026-06-16T01:15:00.000000Z
2026-06-16T01:15:00.000000Z,1790.699951171875,1795.25,1789.4599609375,1794.68994140625,0,2026-06-16T01:30:00.000000Z
2026-06-16T01:30:00.000000Z,1794.6199951171875,1796.18994140625,1793.699951171875,1794.4100341796875,477412352,2026-06-16T01:45:00.000000Z
2026-06-16T01:45:00.000000Z,1794.3499755859375,1796.0899658203125,1790.31005859375,1791.0999755859375,130703360,2026-06-16T02:00:00.000000Z
2026-06-16T02:00:00.000000Z,1791.030029296875,1792.989990234375,1783.239990234375,1783.2900390625,476545024,2026-06-16T02:15:00.000000Z
2026-06-16T02:15:00.000000Z,1784.0999755859375,1786.199951171875,1772,1772.8599853515625,312950784,2026-06-16T02:30:00.000000Z
2026-06-16T02:30:00.000000Z,1772.0799560546875,1774.68994140625,1767.6400146484375,1773.510009765625,462539776,2026-06-16T02:45:00.000000Z
2026-06-16T02:45:00.000000Z,1773.8599853515625,1774.27001953125,1766.4599609375,1769.0999755859375,523773952,2026-06-16T03:00:00.000000Z
2026-06-16T03:00:00.000000Z,1769.219970703125,1773.4200439453125,1767.6500244140625,1773.27001953125,151980032,2026-06-16T03:15:00.000000Z
2026-06-16T03:15:00.000000Z,1773.489990234375,1778.8499755859375,1763.949951171875,1776.75,706381824,2026-06-16T03:30:00.000000Z
2026-06-16T03:30:00.000000Z,1776.8599853515625,1779.2900390625,1775.550048828125,1779.2900390625,163121152,2026-06-16T03:45:00.000000Z
2026-06-16T03:45:00.000000Z,1779.1600341796875,1779.300048828125,1776.800048828125,1777.97998046875,487735296,2026-06-16T04:00:00.000000Z
2026-06-16T04:00:00.000000Z,1778.0799560546875,1781.9300537109375,1775.1600341796875,1775.9100341796875,20084736,2026-06-16T04:15:00.000000Z
2026-06-16T04:15:00.000000Z,1775.6099853515625,1775.739990234375,1767.4100341796875,1767.469970703125,499709952,2026-06-16T04:30:00.000000Z
2026-06-16T04:30:00.000000Z,1767.1099853515625,1767.1099853515625,1760.4000244140625,1762.280029296875,132986880,2026-06-16T04:45:00.000000Z
2026-06-16T04:45:00.000000Z,1762.280029296875,1763.0999755859375,1758.1600341796875,1759.699951171875,166991872,2026-06-16T05:00:00.000000Z
2026-06-16T05:00:00.000000Z,1759.6300048828125,1765,1759.6300048828125,1761.7099609375,406095872,2026-06-16T05:15:00.000000Z
2026-06-16T05:15:00.000000Z,1761.1199951171875,1764.68994140625,1760.0999755859375,1762.510009765625,137437184,2026-06-16T05:30:00.000000Z
2026-06-16T05:30:00.000000Z,1762.6199951171875,1763.239990234375,1759.7099609375,1761.780029296875,36321280,2026-06-16T05:45:00.000000Z
2026-06-16T05:45:00.000000Z,1761.93994140625,1763.81005859375,1760.5400390625,1761.010009765625,192950272,2026-06-16T06:00:00.000000Z
2026-06-16T06:00:00.000000Z,1761.5699462890625,1765.3299560546875,1761.3699951171875,1765.199951171875,2109440,2026-06-16T06:15:00.000000Z
2026-06-16T06:15:00.000000Z,1765.050048828125,1767.699951171875,1762.989990234375,1767.219970703125,636205056,2026-06-16T06:30:00.000000Z
2026-06-16T06:30:00.000000Z,1767.2099609375,1772.27001953125,1765.3399658203125,1769.469970703125,28866560,2026-06-16T06:45:00.000000Z
2026-06-16T06:45:00.000000Z,1769.739990234375,1772.9200439453125,1769.0999755859375,1770.4200439453125,512854016,2026-06-16T07:00:00.000000Z
2026-06-16T07:00:00.000000Z,1770.6500244140625,1772.8699951171875,1768.010009765625,1768.8800048828125,26728448,2026-06-16T07:15:00.000000Z
2026-06-16T07:15:00.000000Z,1768.2900390625,1772.7900390625,1768.2099609375,1771.9000244140625,206004224,2026-06-16T07:30:00.000000Z
2026-06-16T07:30:00.000000Z,1771.800048828125,1775.4300537109375,1770.9200439453125,1771.3599853515625,48060416,2026-06-16T07:45:00.000000Z
2026-06-16T07:45:00.000000Z,1771.3699951171875,1774.2900390625,1770.6400146484375,1773.260009765625,167223296,2026-06-16T08:00:00.000000Z
2026-06-16T08:00:00.000000Z,1773.1300048828125,1777.27001953125,1772.280029296875,1776.47998046875,16510976,2026-06-16T08:15:00.000000Z
2026-06-16T08:15:00.000000Z,1776.5999755859375,1784.780029296875,1775.1700439453125,1781.949951171875,587438080,2026-06-16T08:30:00.000000Z
2026-06-16T08:30:00.000000Z,1782.780029296875,1786.0799560546875,1780.5799560546875,1785.719970703125,159401984,2026-06-16T08:45:00.000000Z
2026-06-16T08:45:00.000000Z,1785.3299560546875,1805.9599609375,1784.3900146484375,1801.550048828125,146622464,2026-06-16T09:00:00.000000Z
2026-06-16T09:00:00.000000Z,1801.2099609375,1804.25,1797.1500244140625,1799.27001953125,250998784,2026-06-16T09:15:00.000000Z
2026-06-16T09:15:00.000000Z,1799.1500244140625,1799.1500244140625,1787.050048828125,1789.6500244140625,189683712,2026-06-16T09:30:00.000000Z
2026-06-16T09:30:00.000000Z,1789.760009765625,1793.4000244140625,1787.0799560546875,1791.47998046875,143527936,2026-06-16T09:45:00.000000Z
2026-06-16T09:45:00.000000Z,1792.43994140625,1792.9200439453125,1785.72998046875,1788.280029296875,135233536,2026-06-16T10:00:00.000000Z
2026-06-16T10:00:00.000000Z,1788.550048828125,1790.800048828125,1787.300048828125,1788.1099853515625,0,2026-06-16T10:15:00.000000Z
2026-06-16T10:15:00.000000Z,1788.1199951171875,1798.8800048828125,1788.1199951171875,1797.9300537109375,147302400,2026-06-16T10:30:00.000000Z
2026-06-16T10:30:00.000000Z,1798.06005859375,1798.06005859375,1793.4100341796875,1795.43994140625,634560512,2026-06-16T10:45:00.000000Z
2026-06-16T10:45:00.000000Z,1795.5899658203125,1797.7099609375,1791.3599853515625,1792.239990234375,12845056,2026-06-16T11:00:00.000000Z
2026-06-16T11:00:00.000000Z,1792.280029296875,1798.4000244140625,1792.280029296875,1793.52001953125,101154816,2026-06-16T11:15:00.000000Z
2026-06-16T11:15:00.000000Z,1793.5400390625,1796.8800048828125,1789.75,1792.0699462890625,75851776,2026-06-16T11:30:00.000000Z
2026-06-16T11:30:00.000000Z,1791.949951171875,1794.3699951171875,1790.1800537109375,1794.3699951171875,0,2026-06-16T11:45:00.000000Z
2026-06-16T11:45:00.000000Z,1794.43994140625,1798.1800537109375,1793.2099609375,1798.1099853515625,36331520,2026-06-16T12:00:00.000000Z
2026-06-16T12:00:00.000000Z,1798.4300537109375,1808.0799560546875,1795.3299560546875,1807.9200439453125,161615872,2026-06-16T12:15:00.000000Z
2026-06-16T12:15:00.000000Z,1808.6300048828125,1821.77001953125,1808.6300048828125,1819.1400146484375,359485440,2026-06-16T12:30:00.000000Z
2026-06-16T12:30:00.000000Z,1819.1800537109375,1838,1812.719970703125,1816.530029296875,60237824,2026-06-16T12:45:00.000000Z
2026-06-16T12:45:00.000000Z,1815.5999755859375,1816.72998046875,1808.6800537109375,1813.0799560546875,187092992,2026-06-16T13:00:00.000000Z
2026-06-16T13:00:00.000000Z,1813.4599609375,1815.239990234375,1791.030029296875,1800.9300537109375,0,2026-06-16T13:15:00.000000Z
2026-06-16T13:15:00.000000Z,1801.7900390625,1807.5,1799.9000244140625,1800.510009765625,72441856,2026-06-16T13:30:00.000000Z
2026-06-16T13:30:00.000000Z,1800.5,1806.239990234375,1793.6500244140625,1802.760009765625,14740480,2026-06-16T13:45:00.000000Z
2026-06-16T13:45:00.000000Z,1803.1400146484375,1804.719970703125,1794.9200439453125,1795.9300537109375,359451648,2026-06-16T14:00:00.000000Z
2026-06-16T14:00:00.000000Z,1796.3599853515625,1803.97998046875,1792.6600341796875,1794.5999755859375,18786304,2026-06-16T14:15:00.000000Z
2026-06-16T14:15:00.000000Z,1794.4300537109375,1796.02001953125,1770.510009765625,1770.8199462890625,207850496,2026-06-16T14:30:00.000000Z
2026-06-16T14:30:00.000000Z,1770.6600341796875,1780.280029296875,1762.3699951171875,1778.0999755859375,85681152,2026-06-16T14:45:00.000000Z
2026-06-16T14:45:00.000000Z,1778.030029296875,1782.3399658203125,1776.8900146484375,1778.989990234375,397732864,2026-06-16T15:00:00.000000Z
2026-06-16T15:00:00.000000Z,1778.780029296875,1785.4100341796875,1777.02001953125,1784.27001953125,0,2026-06-16T15:15:00.000000Z
2026-06-16T15:15:00.000000Z,1784.760009765625,1784.9200439453125,1774.4599609375,1778.1500244140625,690530304,2026-06-16T15:30:00.000000Z
2026-06-16T15:30:00.000000Z,1778.9300537109375,1786.3199462890625,1776.7900390625,1778.2900390625,0,2026-06-16T15:45:00.000000Z
2026-06-16T15:45:00.000000Z,1778,1785.97998046875,1773.31005859375,1780.9300537109375,13276160,2026-06-16T16:00:00.000000Z
2026-06-16T16:00:00.000000Z,1780.8299560546875,1784.0400390625,1776.489990234375,1776.489990234375,125299712,2026-06-16T16:15:00.000000Z
2026-06-16T16:15:00.000000Z,1776.77001953125,1778.280029296875,1771.760009765625,1777.97998046875,430646272,2026-06-16T16:30:00.000000Z
2026-06-16T16:30:00.000000Z,1777.72998046875,1779.030029296875,1772.0699462890625,1777.699951171875,449548288,2026-06-16T16:45:00.000000Z
2026-06-16T16:45:00.000000Z,1778.1700439453125,1778.97998046875,1774.5899658203125,1776.4200439453125,416427008,2026-06-16T17:00:00.000000Z
2026-06-16T17:00:00.000000Z,1776.949951171875,1781.3900146484375,1776.1199951171875,1778.6500244140625,0,2026-06-16T17:15:00.000000Z
2026-06-16T17:15:00.000000Z,1778.5999755859375,1783.550048828125,1778.1600341796875,1780,0,2026-06-16T17:30:00.000000Z
2026-06-16T17:30:00.000000Z,1779.3599853515625,1784.1199951171875,1778.530029296875,1783.1099853515625,502146048,2026-06-16T17:45:00.000000Z
2026-06-16T17:45:00.000000Z,1783.1099853515625,1798.260009765625,1782.8199462890625,1793.56005859375,37883904,2026-06-16T18:00:00.000000Z
2026-06-16T18:00:00.000000Z,1793.9200439453125,1806.6099853515625,1792.0799560546875,1802.760009765625,100024320,2026-06-16T18:15:00.000000Z
2026-06-16T18:15:00.000000Z,1802.75,1802.93994140625,1791.6199951171875,1794.1199951171875,134557696,2026-06-16T18:30:00.000000Z
2026-06-16T18:30:00.000000Z,1794.1199951171875,1797.6600341796875,1791.1700439453125,1794.22998046875,217903104,2026-06-16T18:45:00.000000Z
2026-06-16T18:45:00.000000Z,1794.719970703125,1801.2900390625,1793.8199462890625,1797.760009765625,6596608,2026-06-16T19:00:00.000000Z
2026-06-16T19:00:00.000000Z,1797,1797,1788.9599609375,1792.9599609375,115083264,2026-06-16T19:15:00.000000Z
2026-06-16T19:15:00.000000Z,1793.1500244140625,1796.0999755859375,1788.7099609375,1796.050048828125,0,2026-06-16T19:30:00.000000Z
2026-06-16T19:30:00.000000Z,1796.199951171875,1798.969970703125,1794.02001953125,1796.780029296875,7918592,2026-06-16T19:45:00.000000Z
2026-06-16T19:45:00.000000Z,1796.6800537109375,1799.5999755859375,1791.6600341796875,1793.739990234375,421298176,2026-06-16T20:00:00.000000Z
2026-06-16T20:00:00.000000Z,1792.47998046875,1794.1400146484375,1788.4599609375,1792.97998046875,40218624,2026-06-16T20:15:00.000000Z
2026-06-16T20:15:00.000000Z,1793.050048828125,1796.25,1788.300048828125,1788.43994140625,106412032,2026-06-16T20:30:00.000000Z
2026-06-16T20:30:00.000000Z,1788.3900146484375,1796.8399658203125,1787.93994140625,1796.3800048828125,23231488,2026-06-16T20:45:00.000000Z
2026-06-16T20:45:00.000000Z,1796.4599609375,1796.8499755859375,1794.56005859375,1796.2900390625,470339584,2026-06-16T21:00:00.000000Z
2026-06-16T21:00:00.000000Z,1796.4599609375,1799.1099853515625,1793.530029296875,1797.739990234375,440159232,2026-06-16T21:15:00.000000Z
2026-06-16T21:15:00.000000Z,1797.7900390625,1798.68994140625,1791.93994140625,1792.47998046875,495089664,2026-06-16T21:30:00.000000Z
2026-06-16T21:30:00.000000Z,1792.3599853515625,1793.1099853515625,1789.2099609375,1793.0799560546875,0,2026-06-16T21:45:00.000000Z
2026-06-16T21:45:00.000000Z,1793.219970703125,1795.280029296875,1792.56005859375,1794.43994140625,27736064,2026-06-16T22:00:00.000000Z
2026-06-16T22:00:00.000000Z,1794.469970703125,1797.4599609375,1791.47998046875,1796.1700439453125,33265664,2026-06-16T22:15:00.000000Z
2026-06-16T22:15:00.000000Z,1796.3900146484375,1797.5899658203125,1789.449951171875,1792.4300537109375,254831616,2026-06-16T22:30:00.000000Z
2026-06-16T22:30:00.000000Z,1792.5699462890625,1793.489990234375,1790.530029296875,1790.56005859375,195595264,2026-06-16T22:45:00.000000Z
2026-06-16T22:45:00.000000Z,1790.510009765625,1795.010009765625,1789.3699951171875,1794.6400146484375,0,2026-06-16T23:00:00.000000Z
2026-06-16T23:00:00.000000Z,1794.7900390625,1797.22998046875,1792.2099609375,1794.4000244140625,366464000,2026-06-16T23:15:00.000000Z
2026-06-16T23:15:00.000000Z,1794.3900146484375,1794.43994140625,1790.1600341796875,1793.6400146484375,1001101312,2026-06-16T23:30:00.000000Z
2026-06-16T23:30:00.000000Z,1793.75,1795.6700439453125,1791.2099609375,1791.989990234375,0,2026-06-16T23:45:00.000000Z
2026-06-16T23:45:00.000000Z,1791.239990234375,1792.219970703125,1789.6199951171875,1791.239990234375,372077568,2026-06-17T00:00:00.000000Z
2026-06-17T00:00:00.000000Z,1791.6199951171875,1794.6700439453125,1791.3800048828125,1792.3900146484375,88972288,2026-06-17T00:15:00.000000Z
2026-06-17T00:15:00.000000Z,1792.3399658203125,1794.1500244140625,1790.989990234375,1792.489990234375,0,2026-06-17T00:30:00.000000Z
2026-06-17T00:30:00.000000Z,1792.5400390625,1796.780029296875,1790.56005859375,1795.47998046875,450416640,2026-06-17T00:45:00.000000Z
2026-06-17T00:45:00.000000Z,1795.72998046875,1797.31005859375,1791.4300537109375,1792.300048828125,777817088,2026-06-17T01:00:00.000000Z
2026-06-17T01:00:00.000000Z,1792.300048828125,1794.97998046875,1790.93994140625,1792.4000244140625,75201536,2026-06-17T01:15:00.000000Z
2026-06-17T01:15:00.000000Z,1791.719970703125,1791.719970703125,1778.5999755859375,1784.0799560546875,144893952,2026-06-17T01:30:00.000000Z
2026-06-17T01:30:00.000000Z,1784.489990234375,1792.449951171875,1780.6400146484375,1789.0799560546875,40387584,2026-06-17T01:45:00.000000Z
2026-06-17T01:45:00.000000Z,1789.030029296875,1797.530029296875,1788.969970703125,1795.81005859375,50558976,2026-06-17T02:00:00.000000Z
2026-06-17T02:00:00.000000Z,1796.0400390625,1796.6800537109375,1794.1300048828125,1795.8299560546875,105447424,2026-06-17T02:15:00.000000Z
2026-06-17T02:15:00.000000Z,1795.8199462890625,1807.449951171875,1794.6400146484375,1803.8399658203125,47044608,2026-06-17T02:30:00.000000Z
2026-06-17T02:30:00.000000Z,1804.0400390625,1804.0400390625,1786.989990234375,1793.050048828125,364718080,2026-06-17T02:45:00.000000Z
2026-06-17T02:45:00.000000Z,1793.1099853515625,1794.510009765625,1790.3599853515625,1793.8299560546875,109012992,2026-06-17T03:00:00.000000Z
2026-06-17T03:00:00.000000Z,1793.8800048828125,1793.8800048828125,1789.699951171875,1789.699951171875,397204480,2026-06-17T03:15:00.000000Z
2026-06-17T03:15:00.000000Z,1789.8399658203125,1790.1099853515625,1785.8800048828125,1789.260009765625,63095808,2026-06-17T03:30:00.000000Z
2026-06-17T03:30:00.000000Z,1789.280029296875,1795.010009765625,1789.280029296875,1791.77001953125,15136768,2026-06-17T03:45:00.000000Z
2026-06-17T03:45:00.000000Z,1792.02001953125,1793.75,1789.780029296875,1791.9200439453125,13053952,2026-06-17T04:00:00.000000Z
2026-06-17T04:00:00.000000Z,1792.43994140625,1794.8699951171875,1790.6600341796875,1791.8499755859375,93302784,2026-06-17T04:15:00.000000Z
2026-06-17T04:15:00.000000Z,1791.199951171875,1794.1400146484375,1790.52001953125,1792.949951171875,0,2026-06-17T04:30:00.000000Z
2026-06-17T04:30:00.000000Z,1792.68994140625,1794.2900390625,1791.9000244140625,1793.5400390625,0,2026-06-17T04:45:00.000000Z
2026-06-17T04:45:00.000000Z,1793.530029296875,1798.9300537109375,1792.3900146484375,1792.47998046875,6035456,2026-06-17T05:00:00.000000Z
2026-06-17T05:00:00.000000Z,1792.6800537109375,1797.5899658203125,1789.5699462890625,1790.0899658203125,57384960,2026-06-17T05:15:00.000000Z
2026-06-17T05:15:00.000000Z,1789.5699462890625,1792.5899658203125,1787.52001953125,1791.969970703125,0,2026-06-17T05:30:00.000000Z
2026-06-17T05:30:00.000000Z,1792.1300048828125,1795.3199462890625,1791.0999755859375,1794.6600341796875,90878976,2026-06-17T05:45:00.000000Z
2026-06-17T05:45:00.000000Z,1794.43994140625,1795.780029296875,1790.219970703125,1792.3399658203125,461602816,2026-06-17T06:00:00.000000Z
2026-06-17T06:00:00.000000Z,1792.4200439453125,1794.1300048828125,1790.8299560546875,1793.699951171875,515558400,2026-06-17T06:15:00.000000Z
2026-06-17T06:15:00.000000Z,1793.43994140625,1795.3399658203125,1786.93994140625,1787.449951171875,0,2026-06-17T06:30:00.000000Z
2026-06-17T06:30:00.000000Z,1787,1790.6400146484375,1784.9599609375,1787.3800048828125,541722624,2026-06-17T06:45:00.000000Z
2026-06-17T06:45:00.000000Z,1787.5,1790.3199462890625,1786.0999755859375,1788.6099853515625,471992320,2026-06-17T07:00:00.000000Z
2026-06-17T07:00:00.000000Z,1788.719970703125,1790.47998046875,1784.4100341796875,1789.969970703125,44025856,2026-06-17T07:15:00.000000Z
2026-06-17T07:15:00.000000Z,1789.5999755859375,1790.7900390625,1782.4300537109375,1783.5999755859375,33411072,2026-06-17T07:30:00.000000Z
2026-06-17T07:30:00.000000Z,1783.8699951171875,1786.760009765625,1782.7099609375,1785.4100341796875,469506048,2026-06-17T07:45:00.000000Z
2026-06-17T07:45:00.000000Z,1785.199951171875,1785.780029296875,1777.199951171875,1783.4599609375,0,2026-06-17T08:00:00.000000Z
2026-06-17T08:00:00.000000Z,1783.3599853515625,1784.449951171875,1777.4599609375,1777.6800537109375,120908800,2026-06-17T08:15:00.000000Z
2026-06-17T08:15:00.000000Z,1777.5,1778.800048828125,1773.010009765625,1774.75,3187712,2026-06-17T08:30:00.000000Z
2026-06-17T08:30:00.000000Z,1773.6500244140625,1773.6500244140625,1760,1761.3800048828125,537724928,2026-06-17T08:45:00.000000Z
2026-06-17T08:45:00.000000Z,1761.300048828125,1765.75,1759.280029296875,1763.550048828125,163426304,2026-06-17T09:00:00.000000Z
2026-06-17T09:00:00.000000Z,1763.219970703125,1768.6500244140625,1763.219970703125,1767.469970703125,501125120,2026-06-17T09:15:00.000000Z
2026-06-17T09:15:00.000000Z,1767.989990234375,1775.56005859375,1766.5699462890625,1773.18994140625,0,2026-06-17T09:30:00.000000Z
2026-06-17T09:30:00.000000Z,1773.22998046875,1774.22998046875,1770.1500244140625,1770.9100341796875,0,2026-06-17T09:45:00.000000Z
2026-06-17T09:45:00.000000Z,1770.699951171875,1774.219970703125,1768.199951171875,1771.3399658203125,95238144,2026-06-17T10:00:00.000000Z
2026-06-17T10:00:00.000000Z,1771.510009765625,1774.219970703125,1767.5699462890625,1771.0999755859375,71525376,2026-06-17T10:15:00.000000Z
2026-06-17T10:15:00.000000Z,1771.0799560546875,1773,1768.5999755859375,1770.6600341796875,12303360,2026-06-17T10:30:00.000000Z
2026-06-17T10:30:00.000000Z,1770.8399658203125,1772.47998046875,1769.6099853515625,1771.27001953125,0,2026-06-17T10:45:00.000000Z
2026-06-17T10:45:00.000000Z,1771.2099609375,1772.530029296875,1765.719970703125,1766.8699951171875,0,2026-06-17T11:00:00.000000Z
2026-06-17T11:00:00.000000Z,1767.4000244140625,1768.8599853515625,1758.5,1763.22998046875,33845248,2026-06-17T11:15:00.000000Z
2026-06-17T11:15:00.000000Z,1762.9200439453125,1767,1759.199951171875,1764.8900146484375,89482240,2026-06-17T11:30:00.000000Z
2026-06-17T11:30:00.000000Z,1764.8800048828125,1766.010009765625,1762.7099609375,1763.52001953125,451693568,2026-06-17T11:45:00.000000Z
2026-06-17T11:45:00.000000Z,1763.989990234375,1766.27001953125,1762.239990234375,1762.4100341796875,32917504,2026-06-17T12:00:00.000000Z
2026-06-17T12:00:00.000000Z,1762.8399658203125,1764.199951171875,1759.6600341796875,1762.8900146484375,35112960,2026-06-17T12:15:00.000000Z
2026-06-17T12:15:00.000000Z,1762.5999755859375,1762.8800048828125,1742.18994140625,1745.3900146484375,0,2026-06-17T12:30:00.000000Z
2026-06-17T12:30:00.000000Z,1745.3499755859375,1754.6700439453125,1742.5,1754.4000244140625,617682944,2026-06-17T12:45:00.000000Z
2026-06-17T12:45:00.000000Z,1754.1099853515625,1758.3699951171875,1753.1500244140625,1757.989990234375,0,2026-06-17T13:00:00.000000Z
2026-06-17T13:00:00.000000Z,1757.5899658203125,1761,1755.6099853515625,1760.1099853515625,415220736,2026-06-17T13:15:00.000000Z
2026-06-17T13:15:00.000000Z,1759.9000244140625,1759.9000244140625,1753.300048828125,1756.6400146484375,0,2026-06-17T13:30:00.000000Z
2026-06-17T13:30:00.000000Z,1755.699951171875,1768.800048828125,1753.43994140625,1765.5999755859375,495810560,2026-06-17T13:45:00.000000Z
2026-06-17T13:45:00.000000Z,1764.77001953125,1770.31005859375,1759.199951171875,1760,101936128,2026-06-17T14:00:00.000000Z
2026-06-17T14:00:00.000000Z,1759.4300537109375,1761.9100341796875,1753.4200439453125,1759.8599853515625,23469056,2026-06-17T14:15:00.000000Z
2026-06-17T14:15:00.000000Z,1760.3599853515625,1764.010009765625,1750.81005859375,1754.93994140625,9205760,2026-06-17T14:30:00.000000Z
2026-06-17T14:30:00.000000Z,1755.02001953125,1757.300048828125,1751.0999755859375,1754.27001953125,89795584,2026-06-17T14:45:00.000000Z
2026-06-17T14:45:00.000000Z,1754.1099853515625,1758.780029296875,1741.0799560546875,1753.6700439453125,1278976,2026-06-17T15:00:00.000000Z
2026-06-17T15:00:00.000000Z,1754.0400390625,1758.0699462890625,1750,1757.800048828125,440778752,2026-06-17T15:15:00.000000Z
2026-06-17T15:15:00.000000Z,1757.199951171875,1763.989990234375,1755.5799560546875,1761.780029296875,458592256,2026-06-17T15:30:00.000000Z
2026-06-17T15:30:00.000000Z,1762.260009765625,1766.989990234375,1760,1766,186823680,2026-06-17T15:45:00.000000Z
2026-06-17T15:45:00.000000Z,1767.0999755859375,1775.800048828125,1764.969970703125,1771.949951171875,77539328,2026-06-17T16:00:00.000000Z
2026-06-17T16:00:00.000000Z,1772.5799560546875,1775.52001953125,1769.6500244140625,1773.8900146484375,10255360,2026-06-17T16:15:00.000000Z
2026-06-17T16:15:00.000000Z,1774.4599609375,1790.239990234375,1772.0899658203125,1783.93994140625,183070720,2026-06-17T16:30:00.000000Z
2026-06-17T16:30:00.000000Z,1783.5699462890625,1783.5699462890625,1771.199951171875,1773.469970703125,1543168,2026-06-17T16:45:00.000000Z
2026-06-17T16:45:00.000000Z,1773.719970703125,1774.4000244140625,1768.2099609375,1770.510009765625,637028352,2026-06-17T17:00:00.000000Z
2026-06-17T17:00:00.000000Z,1771.050048828125,1773,1767.1700439453125,1770.9000244140625,145195008,2026-06-17T17:15:00.000000Z
2026-06-17T17:15:00.000000Z,1771.0400390625,1777.9200439453125,1770.4100341796875,1776.5699462890625,126264320,2026-06-17T17:30:00.000000Z
2026-06-17T17:30:00.000000Z,1776.989990234375,1779.22998046875,1772.5,1773.510009765625,194392064,2026-06-17T17:45:00.000000Z
2026-06-17T17:45:00.000000Z,1773.199951171875,1793.5999755859375,1772.1700439453125,1787.5,15366144,2026-06-17T18:00:00.000000Z
2026-06-17T18:00:00.000000Z,1780.510009765625,1780.510009765625,1745.6400146484375,1763.699951171875,244513792,2026-06-17T18:15:00.000000Z
2026-06-17T18:15:00.000000Z,1763.0899658203125,1771.800048828125,1762.0999755859375,1765.3800048828125,421438464,2026-06-17T18:30:00.000000Z
2026-06-17T18:30:00.000000Z,1765.47998046875,1785.3800048828125,1761.739990234375,1783.8299560546875,126218240,2026-06-17T18:45:00.000000Z
2026-06-17T18:45:00.000000Z,1782.8399658203125,1783.5,1765.0999755859375,1769.260009765625,351886336,2026-06-17T19:00:00.000000Z
2026-06-17T19:00:00.000000Z,1768.9200439453125,1773.510009765625,1761.510009765625,1770.550048828125,42979328,2026-06-17T19:15:00.000000Z
2026-06-17T19:15:00.000000Z,1770.93994140625,1770.93994140625,1735.9100341796875,1739.530029296875,785266688,2026-06-17T19:30:00.000000Z
2026-06-17T19:30:00.000000Z,1739.81005859375,1747.4599609375,1729.9599609375,1732.780029296875,383909888,2026-06-17T19:45:00.000000Z
2026-06-17T19:45:00.000000Z,1733.0400390625,1737.1600341796875,1727.9100341796875,1733.9300537109375,193284096,2026-06-17T20:00:00.000000Z
2026-06-17T20:00:00.000000Z,1733.0999755859375,1742.719970703125,1731.9100341796875,1736.8499755859375,194862080,2026-06-17T20:15:00.000000Z
2026-06-17T20:15:00.000000Z,1737.18994140625,1739.9300537109375,1736.0799560546875,1738.050048828125,213976064,2026-06-17T20:30:00.000000Z
2026-06-17T20:30:00.000000Z,1738.300048828125,1743.4000244140625,1734.9100341796875,1734.989990234375,479283200,2026-06-17T20:45:00.000000Z
2026-06-17T20:45:00.000000Z,1734.4000244140625,1746.199951171875,1734.4000244140625,1745.7900390625,3643392,2026-06-17T21:00:00.000000Z
2026-06-17T21:00:00.000000Z,1746.06005859375,1746.199951171875,1740.6099853515625,1741.1099853515625,66534400,2026-06-17T21:15:00.000000Z
2026-06-17T21:15:00.000000Z,1741,1744.18994140625,1740.5799560546875,1742.0400390625,577804288,2026-06-17T21:30:00.000000Z
2026-06-17T21:30:00.000000Z,1741.949951171875,1744.3399658203125,1737.5799560546875,1738.5799560546875,28978176,2026-06-17T21:45:00.000000Z
2026-06-17T21:45:00.000000Z,1737.8499755859375,1738.22998046875,1734.9000244140625,1737.25,33193984,2026-06-17T22:00:00.000000Z
2026-06-17T22:00:00.000000Z,1736.989990234375,1738.699951171875,1724.5,1733.9300537109375,175105024,2026-06-17T22:15:00.000000Z
2026-06-17T22:15:00.000000Z,1733.8800048828125,1742.800048828125,1733.0999755859375,1741.8800048828125,127781888,2026-06-17T22:30:00.000000Z
2026-06-17T22:30:00.000000Z,1741.97998046875,1743.280029296875,1740.1500244140625,1741.52001953125,141378560,2026-06-17T22:45:00.000000Z
2026-06-17T22:45:00.000000Z,1741.5699462890625,1744.8699951171875,1738.4200439453125,1738.5899658203125,172620800,2026-06-17T23:00:00.000000Z
2026-06-17T23:00:00.000000Z,1738.8699951171875,1744.5,1738.31005859375,1741.989990234375,158215168,2026-06-17T23:15:00.000000Z
2026-06-17T23:15:00.000000Z,1742.5999755859375,1749.5999755859375,1742.300048828125,1748.5999755859375,223491072,2026-06-17T23:30:00.000000Z
2026-06-17T23:30:00.000000Z,1748.5899658203125,1748.97998046875,1745.969970703125,1746.3499755859375,25360384,2026-06-17T23:45:00.000000Z
2026-06-17T23:45:00.000000Z,1745.5999755859375,1749.199951171875,1745.010009765625,1749.199951171875,576558080,2026-06-18T00:00:00.000000Z
2026-06-18T00:00:00.000000Z,1749.25,1755.68994140625,1748.469970703125,1754.1099853515625,0,2026-06-18T00:15:00.000000Z
2026-06-18T00:15:00.000000Z,1754.43994140625,1755.52001953125,1751.0400390625,1753.4200439453125,65810432,2026-06-18T00:30:00.000000Z
2026-06-18T00:30:00.000000Z,1753.1600341796875,1757.4000244140625,1751.0999755859375,1754.0799560546875,150005760,2026-06-18T00:45:00.000000Z
2026-06-18T00:45:00.000000Z,1753.8199462890625,1754.9599609375,1750.1700439453125,1751.4599609375,93118464,2026-06-18T01:00:00.000000Z
2026-06-18T01:00:00.000000Z,1751.300048828125,1761.5,1751.300048828125,1760,40900608,2026-06-18T01:15:00.000000Z
2026-06-18T01:15:00.000000Z,1760.010009765625,1760.31005859375,1754.300048828125,1755.3900146484375,216763392,2026-06-18T01:30:00.000000Z
2026-06-18T01:30:00.000000Z,1755.93994140625,1760.6800537109375,1755.81005859375,1755.949951171875,0,2026-06-18T01:45:00.000000Z
2026-06-18T01:45:00.000000Z,1755.3299560546875,1755.3299560546875,1751.0999755859375,1753.0899658203125,64822272,2026-06-18T02:00:00.000000Z
2026-06-18T02:00:00.000000Z,1753.3399658203125,1756.699951171875,1752.4000244140625,1752.5999755859375,708801536,2026-06-18T02:15:00.000000Z
2026-06-18T02:15:00.000000Z,1752.300048828125,1757.280029296875,1748.6099853515625,1755.9000244140625,22709248,2026-06-18T02:30:00.000000Z
2026-06-18T02:30:00.000000Z,1756.300048828125,1756.9000244140625,1753.4100341796875,1755.719970703125,69831680,2026-06-18T02:45:00.000000Z
2026-06-18T02:45:00.000000Z,1756.260009765625,1756.260009765625,1753.8399658203125,1754.010009765625,62986240,2026-06-18T03:00:00.000000Z
2026-06-18T03:00:00.000000Z,1753.7099609375,1754.0899658203125,1749.1099853515625,1749.6700439453125,401756160,2026-06-18T03:15:00.000000Z
2026-06-18T03:15:00.000000Z,1749.6700439453125,1750.5699462890625,1742.97998046875,1743,469475328,2026-06-18T03:30:00.000000Z
2026-06-18T03:30:00.000000Z,1742.9200439453125,1746.199951171875,1739.6400146484375,1740.81005859375,176069632,2026-06-18T03:45:00.000000Z
2026-06-18T03:45:00.000000Z,1741.199951171875,1745.0899658203125,1740.9100341796875,1742.239990234375,114501632,2026-06-18T04:00:00.000000Z
2026-06-18T04:00:00.000000Z,1742.3499755859375,1743.6500244140625,1729.800048828125,1733.2099609375,52275200,2026-06-18T04:15:00.000000Z
2026-06-18T04:15:00.000000Z,1733.699951171875,1737.4300537109375,1729.449951171875,1733.699951171875,709133312,2026-06-18T04:30:00.000000Z
2026-06-18T04:30:00.000000Z,1733.8399658203125,1735.25,1730.5999755859375,1730.7099609375,146524160,2026-06-18T04:45:00.000000Z
2026-06-18T04:45:00.000000Z,1730.4200439453125,1732.3800048828125,1728.1600341796875,1728.780029296875,157189120,2026-06-18T05:00:00.000000Z
2026-06-18T05:00:00.000000Z,1728.4599609375,1730.6099853515625,1721.4000244140625,1727.010009765625,590252032,2026-06-18T05:15:00.000000Z
2026-06-18T05:15:00.000000Z,1727.06005859375,1729.510009765625,1725.199951171875,1726.81005859375,45915136,2026-06-18T05:30:00.000000Z
2026-06-18T05:30:00.000000Z,1726.699951171875,1729.1300048828125,1723.2900390625,1726.7099609375,265191424,2026-06-18T05:45:00.000000Z
2026-06-18T05:45:00.000000Z,1726.9100341796875,1729.3599853515625,1725.1199951171875,1728.97998046875,20850688,2026-06-18T06:00:00.000000Z
2026-06-18T06:00:00.000000Z,1728.9000244140625,1732.0999755859375,1724.0999755859375,1726.8499755859375,25547776,2026-06-18T06:15:00.000000Z
2026-06-18T06:15:00.000000Z,1727.3900146484375,1728.800048828125,1723.6400146484375,1728.4000244140625,149539840,2026-06-18T06:30:00.000000Z
2026-06-18T06:30:00.000000Z,1728.800048828125,1734.0999755859375,1728.300048828125,1734.0999755859375,455808000,2026-06-18T06:45:00.000000Z
2026-06-18T06:45:00.000000Z,1734,1734.6600341796875,1732.0999755859375,1733.8800048828125,11857920,2026-06-18T07:00:00.000000Z
2026-06-18T07:00:00.000000Z,1733.9300537109375,1734.6099853515625,1730.9100341796875,1732.8299560546875,466929664,2026-06-18T07:15:00.000000Z
2026-06-18T07:15:00.000000Z,1732.5999755859375,1744.3599853515625,1732.5699462890625,1743.47998046875,14824448,2026-06-18T07:30:00.000000Z
2026-06-18T07:30:00.000000Z,1743.1700439453125,1750.800048828125,1741.5400390625,1747.199951171875,193104896,2026-06-18T07:45:00.000000Z
2026-06-18T07:45:00.000000Z,1747.219970703125,1748.9000244140625,1745.4200439453125,1747.8199462890625,150295552,2026-06-18T08:00:00.000000Z
2026-06-18T08:00:00.000000Z,1747.9000244140625,1751.68994140625,1744.6300048828125,1746.52001953125,404652032,2026-06-18T08:15:00.000000Z
2026-06-18T08:15:00.000000Z,1746.9000244140625,1749.5799560546875,1746.56005859375,1748.25,205935616,2026-06-18T08:30:00.000000Z
2026-06-18T08:30:00.000000Z,1748.22998046875,1751.47998046875,1747.8800048828125,1748.989990234375,0,2026-06-18T08:45:00.000000Z
2026-06-18T08:45:00.000000Z,1748.9100341796875,1749.47998046875,1745.22998046875,1746.1099853515625,69419008,2026-06-18T09:00:00.000000Z
2026-06-18T09:00:00.000000Z,1745.8199462890625,1745.93994140625,1743.5,1745.93994140625,205901824,2026-06-18T09:15:00.000000Z
2026-06-18T09:15:00.000000Z,1746.18994140625,1750.31005859375,1742,1742,113552384,2026-06-18T09:30:00.000000Z
2026-06-18T09:30:00.000000Z,1741.300048828125,1746.1800537109375,1741.199951171875,1745.800048828125,144652288,2026-06-18T09:45:00.000000Z
2026-06-18T09:45:00.000000Z,1745.75,1747.5,1744.260009765625,1744.780029296875,0,2026-06-18T10:00:00.000000Z
2026-06-18T10:00:00.000000Z,1744.699951171875,1746.0899658203125,1739.75,1739.949951171875,99098624,2026-06-18T10:15:00.000000Z
2026-06-18T10:15:00.000000Z,1739.5,1742,1737.800048828125,1740.4000244140625,71474176,2026-06-18T10:30:00.000000Z
2026-06-18T10:30:00.000000Z,1740.550048828125,1741.5999755859375,1738.31005859375,1738.989990234375,613419008,2026-06-18T10:45:00.000000Z
2026-06-18T10:45:00.000000Z,1738.4599609375,1750.31005859375,1738.4599609375,1745.3900146484375,454345728,2026-06-18T11:00:00.000000Z
2026-06-18T11:00:00.000000Z,1745.2099609375,1747.989990234375,1742.4000244140625,1744.4100341796875,316188672,2026-06-18T11:15:00.000000Z
2026-06-18T11:15:00.000000Z,1744.8800048828125,1746,1739.5799560546875,1744.27001953125,86924288,2026-06-18T11:30:00.000000Z
2026-06-18T11:30:00.000000Z,1744.5,1745.699951171875,1737.5999755859375,1741.5899658203125,56391680,2026-06-18T11:45:00.000000Z
2026-06-18T11:45:00.000000Z,1741.530029296875,1742.9200439453125,1737.699951171875,1741.449951171875,25054208,2026-06-18T12:00:00.000000Z
2026-06-18T12:00:00.000000Z,1742.300048828125,1745,1740.2099609375,1743.6300048828125,137145344,2026-06-18T12:15:00.000000Z
2026-06-18T12:15:00.000000Z,1743.989990234375,1750.31005859375,1742.4599609375,1750.18994140625,445308928,2026-06-18T12:30:00.000000Z
2026-06-18T12:30:00.000000Z,1750.5,1750.5,1746.010009765625,1747.31005859375,0,2026-06-18T12:45:00.000000Z
2026-06-18T12:45:00.000000Z,1747.31005859375,1749.280029296875,1745.1800537109375,1748.469970703125,546067456,2026-06-18T13:00:00.000000Z
2026-06-18T13:00:00.000000Z,1748.5799560546875,1750.4000244140625,1746.5999755859375,1748.0799560546875,0,2026-06-18T13:15:00.000000Z
2026-06-18T13:15:00.000000Z,1748.1300048828125,1750.1300048828125,1746.760009765625,1747.93994140625,132281344,2026-06-18T13:30:00.000000Z
2026-06-18T13:30:00.000000Z,1747.9000244140625,1748.800048828125,1729.280029296875,1730.1099853515625,1330176,2026-06-18T13:45:00.000000Z
2026-06-18T13:45:00.000000Z,1729.72998046875,1740.739990234375,1728.4000244140625,1734.489990234375,42900480,2026-06-18T14:00:00.000000Z
2026-06-18T14:00:00.000000Z,1734.780029296875,1738.22998046875,1728.6099853515625,1729.9000244140625,137405440,2026-06-18T14:15:00.000000Z
2026-06-18T14:15:00.000000Z,1729.989990234375,1742.4599609375,1727.3199462890625,1731.199951171875,0,2026-06-18T14:30:00.000000Z
2026-06-18T14:30:00.000000Z,1730.5999755859375,1742.1500244140625,1730.0799560546875,1736.800048828125,291148800,2026-06-18T14:45:00.000000Z
2026-06-18T14:45:00.000000Z,1736.800048828125,1740.4300537109375,1729.6400146484375,1737.510009765625,17268736,2026-06-18T15:00:00.000000Z
2026-06-18T15:00:00.000000Z,1736.56005859375,1736.56005859375,1730.010009765625,1730.6800537109375,0,2026-06-18T15:15:00.000000Z
2026-06-18T15:15:00.000000Z,1730.199951171875,1732.5999755859375,1716.449951171875,1717.7099609375,21197824,2026-06-18T15:30:00.000000Z
2026-06-18T15:30:00.000000Z,1717.8800048828125,1723.5699462890625,1695.8399658203125,1697.1600341796875,670411776,2026-06-18T15:45:00.000000Z
2026-06-18T15:45:00.000000Z,1697.5999755859375,1697.5999755859375,1678.1800537109375,1680.030029296875,590929920,2026-06-18T16:00:00.000000Z
2026-06-18T16:00:00.000000Z,1679.1600341796875,1690.760009765625,1679.1600341796875,1687.5799560546875,479909888,2026-06-18T16:15:00.000000Z
2026-06-18T16:15:00.000000Z,1687.4100341796875,1689.1099853515625,1681.699951171875,1684.760009765625,85510144,2026-06-18T16:30:00.000000Z
2026-06-18T16:30:00.000000Z,1683.9100341796875,1686.4100341796875,1680.699951171875,1684.489990234375,0,2026-06-18T16:45:00.000000Z
2026-06-18T16:45:00.000000Z,1684.9000244140625,1687.02001953125,1681.93994140625,1684.219970703125,143611904,2026-06-18T17:00:00.000000Z
2026-06-18T17:00:00.000000Z,1685.1199951171875,1685.1199951171875,1679.199951171875,1681.25,0,2026-06-18T17:15:00.000000Z
2026-06-18T17:15:00.000000Z,1681.1600341796875,1684.1500244140625,1669.5699462890625,1677.8599853515625,513531904,2026-06-18T17:30:00.000000Z
2026-06-18T17:30:00.000000Z,1677.8499755859375,1684.050048828125,1677.300048828125,1679.5,295244800,2026-06-18T17:45:00.000000Z
2026-06-18T17:45:00.000000Z,1678.8800048828125,1683.3699951171875,1674.6099853515625,1676.97998046875,154762240,2026-06-18T18:00:00.000000Z
2026-06-18T18:00:00.000000Z,1677.719970703125,1679.0999755859375,1674.800048828125,1677.5999755859375,0,2026-06-18T18:15:00.000000Z
2026-06-18T18:15:00.000000Z,1677.1199951171875,1687.25,1674.4200439453125,1684.4599609375,159275008,2026-06-18T18:30:00.000000Z
2026-06-18T18:30:00.000000Z,1683.9000244140625,1685.1800537109375,1679.219970703125,1682.989990234375,56471552,2026-06-18T18:45:00.000000Z
2026-06-18T18:45:00.000000Z,1683.4100341796875,1686.739990234375,1680.800048828125,1683.219970703125,94301184,2026-06-18T19:00:00.000000Z
2026-06-18T19:00:00.000000Z,1683.5,1684.7099609375,1680.6199951171875,1684.260009765625,88968192,2026-06-18T19:15:00.000000Z
2026-06-18T19:15:00.000000Z,1683.8699951171875,1689.8599853515625,1683.43994140625,1689.2900390625,0,2026-06-18T19:30:00.000000Z
2026-06-18T19:30:00.000000Z,1689.8399658203125,1701.300048828125,1689.010009765625,1701.0799560546875,23891968,2026-06-18T19:45:00.000000Z
2026-06-18T19:45:00.000000Z,1701.27001953125,1705.6500244140625,1699.4000244140625,1703.5699462890625,81077248,2026-06-18T20:00:00.000000Z
2026-06-18T20:00:00.000000Z,1705.0899658203125,1712.510009765625,1705.0899658203125,1710.1099853515625,22625280,2026-06-18T20:15:00.000000Z
2026-06-18T20:15:00.000000Z,1709.6099853515625,1714.3800048828125,1706.1800537109375,1711.199951171875,214064128,2026-06-18T20:30:00.000000Z
2026-06-18T20:30:00.000000Z,1710.31005859375,1712.97998046875,1709.4200439453125,1711.1500244140625,15162368,2026-06-18T20:45:00.000000Z
2026-06-18T20:45:00.000000Z,1711.199951171875,1711.260009765625,1708.199951171875,1708.47998046875,0,2026-06-18T21:00:00.000000Z
2026-06-18T21:00:00.000000Z,1708.4599609375,1709.989990234375,1700.93994140625,1702.27001953125,445711360,2026-06-18T21:15:00.000000Z
2026-06-18T21:15:00.000000Z,1702.4200439453125,1704.5999755859375,1700.199951171875,1703.780029296875,21705728,2026-06-18T21:30:00.000000Z
2026-06-18T21:30:00.000000Z,1703.72998046875,1708.030029296875,1703.02001953125,1704.47998046875,602363904,2026-06-18T21:45:00.000000Z
2026-06-18T21:45:00.000000Z,1703.9100341796875,1707.8800048828125,1703.199951171875,1706.3499755859375,479484928,2026-06-18T22:00:00.000000Z
2026-06-18T22:00:00.000000Z,1706.31005859375,1706.4100341796875,1703.4599609375,1704.9000244140625,0,2026-06-18T22:15:00.000000Z
2026-06-18T22:15:00.000000Z,1704.9200439453125,1705.47998046875,1699.8599853515625,1701.31005859375,3494912,2026-06-18T22:30:00.000000Z
2026-06-18T22:30:00.000000Z,1701.6099853515625,1703.0400390625,1698.18994140625,1703.02001953125,0,2026-06-18T22:45:00.000000Z
2026-06-18T22:45:00.000000Z,1703.02001953125,1706.719970703125,1701.510009765625,1705.010009765625,392822784,2026-06-18T23:00:00.000000Z
2026-06-18T23:00:00.000000Z,1704.989990234375,1706.510009765625,1701.1199951171875,1701.1400146484375,0,2026-06-18T23:15:00.000000Z
2026-06-18T23:15:00.000000Z,1701.6199951171875,1707.3900146484375,1701.47998046875,1707.2900390625,94551040,2026-06-18T23:30:00.000000Z
2026-06-18T23:30:00.000000Z,1707.199951171875,1709.22998046875,1707.06005859375,1707.4000244140625,485842944,2026-06-18T23:45:00.000000Z
2026-06-18T23:45:00.000000Z,1707.0799560546875,1710.489990234375,1706.6400146484375,1708.9599609375,481875968,2026-06-19T00:00:00.000000Z
2026-06-19T00:00:00.000000Z,1708.8800048828125,1709.6800537109375,1706.780029296875,1708.300048828125,16512000,2026-06-19T00:15:00.000000Z
2026-06-19T00:15:00.000000Z,1708.68994140625,1712.699951171875,1707.7099609375,1710.6500244140625,12314624,2026-06-19T00:30:00.000000Z
2026-06-19T00:30:00.000000Z,1711.02001953125,1713.8399658203125,1710.81005859375,1713.8399658203125,439145472,2026-06-19T00:45:00.000000Z
2026-06-19T00:45:00.000000Z,1713.77001953125,1714.2099609375,1710.5899658203125,1711.6400146484375,0,2026-06-19T01:00:00.000000Z
2026-06-19T01:00:00.000000Z,1712,1717.3299560546875,1708.449951171875,1709.699951171875,17755136,2026-06-19T01:15:00.000000Z
2026-06-19T01:15:00.000000Z,1710.0400390625,1714.81005859375,1707.219970703125,1707.4300537109375,94148608,2026-06-19T01:30:00.000000Z
2026-06-19T01:30:00.000000Z,1707.4000244140625,1708.469970703125,1704.2099609375,1707.8199462890625,141987840,2026-06-19T01:45:00.000000Z
2026-06-19T01:45:00.000000Z,1707.739990234375,1711.949951171875,1707.739990234375,1711.68994140625,0,2026-06-19T02:00:00.000000Z
2026-06-19T02:00:00.000000Z,1711.5999755859375,1713.47998046875,1708.6300048828125,1709.0400390625,436247552,2026-06-19T02:15:00.000000Z
2026-06-19T02:15:00.000000Z,1709.0899658203125,1710.1600341796875,1702.2099609375,1702.239990234375,136148992,2026-06-19T02:30:00.000000Z
2026-06-19T02:30:00.000000Z,1702.239990234375,1703.9000244140625,1700.3800048828125,1702.1400146484375,115536896,2026-06-19T02:45:00.000000Z
2026-06-19T02:45:00.000000Z,1702.4000244140625,1706.06005859375,1699.4300537109375,1704.989990234375,3469312,2026-06-19T03:00:00.000000Z
2026-06-19T03:00:00.000000Z,1705.0999755859375,1706.199951171875,1693.31005859375,1693.449951171875,1476608,2026-06-19T03:15:00.000000Z
2026-06-19T03:15:00.000000Z,1693.8699951171875,1699.8499755859375,1680.969970703125,1697.77001953125,684744704,2026-06-19T03:30:00.000000Z
2026-06-19T03:30:00.000000Z,1697.5400390625,1698.199951171875,1690.800048828125,1694.81005859375,162233344,2026-06-19T03:45:00.000000Z
2026-06-19T03:45:00.000000Z,1694.8399658203125,1697.2900390625,1693.0899658203125,1695.6099853515625,108381184,2026-06-19T04:00:00.000000Z
2026-06-19T04:00:00.000000Z,1695.81005859375,1698.97998046875,1687.8499755859375,1698.3800048828125,0,2026-06-19T04:15:00.000000Z
2026-06-19T04:15:00.000000Z,1698.6700439453125,1701.199951171875,1692.8399658203125,1693.2900390625,70071296,2026-06-19T04:30:00.000000Z
2026-06-19T04:30:00.000000Z,1693.239990234375,1693.31005859375,1685.800048828125,1690.25,478472192,2026-06-19T04:45:00.000000Z
2026-06-19T04:45:00.000000Z,1690.1300048828125,1692.22998046875,1684.6600341796875,1688.0999755859375,88298496,2026-06-19T05:00:00.000000Z
2026-06-19T05:00:00.000000Z,1688.3199462890625,1695.719970703125,1687.9000244140625,1695.7099609375,0,2026-06-19T05:15:00.000000Z
2026-06-19T05:15:00.000000Z,1695.18994140625,1695.219970703125,1690.510009765625,1691.969970703125,105666560,2026-06-19T05:30:00.000000Z
2026-06-19T05:30:00.000000Z,1692.010009765625,1694.239990234375,1689.4300537109375,1694.0400390625,464847872,2026-06-19T05:45:00.000000Z
2026-06-19T05:45:00.000000Z,1694.2900390625,1695.949951171875,1693.4100341796875,1695.8800048828125,45378560,2026-06-19T06:00:00.000000Z
2026-06-19T06:00:00.000000Z,1695.3499755859375,1698.5,1694.4200439453125,1698.2900390625,57304064,2026-06-19T06:15:00.000000Z
2026-06-19T06:15:00.000000Z,1698,1700.31005859375,1696.280029296875,1699.3900146484375,1988608,2026-06-19T06:30:00.000000Z
2026-06-19T06:30:00.000000Z,1699.31005859375,1701.6700439453125,1694.9599609375,1699.02001953125,0,2026-06-19T06:45:00.000000Z
2026-06-19T06:45:00.000000Z,1698.4100341796875,1699.780029296875,1695.199951171875,1698.699951171875,138917888,2026-06-19T07:00:00.000000Z
2026-06-19T07:00:00.000000Z,1698.3399658203125,1699.3399658203125,1694.530029296875,1694.530029296875,83017728,2026-06-19T07:15:00.000000Z
2026-06-19T07:15:00.000000Z,1694.4200439453125,1696.800048828125,1692.300048828125,1694.6700439453125,22358016,2026-06-19T07:30:00.000000Z
2026-06-19T07:30:00.000000Z,1694.9300537109375,1697.8299560546875,1688.4200439453125,1690.9599609375,7958528,2026-06-19T07:45:00.000000Z
2026-06-19T07:45:00.000000Z,1691.2099609375,1695.760009765625,1690.0799560546875,1694.0699462890625,144396288,2026-06-19T08:00:00.000000Z
2026-06-19T08:00:00.000000Z,1694.1199951171875,1695.760009765625,1692.3399658203125,1695,0,2026-06-19T08:15:00.000000Z
2026-06-19T08:15:00.000000Z,1694.52001953125,1697.3199462890625,1693.4000244140625,1694.0999755859375,513682432,2026-06-19T08:30:00.000000Z
2026-06-19T08:30:00.000000Z,1694.6400146484375,1697.4599609375,1692.3199462890625,1694.280029296875,5330944,2026-06-19T08:45:00.000000Z
2026-06-19T08:45:00.000000Z,1694.4000244140625,1696.3900146484375,1694.010009765625,1695.7900390625,56513536,2026-06-19T09:00:00.000000Z
2026-06-19T09:00:00.000000Z,1696.199951171875,1697.5699462890625,1688.5,1690.1300048828125,17752064,2026-06-19T09:15:00.000000Z
2026-06-19T09:15:00.000000Z,1690.0699462890625,1692.1199951171875,1688.3399658203125,1689.8399658203125,0,2026-06-19T09:30:00.000000Z
2026-06-19T09:30:00.000000Z,1689.9200439453125,1693.0400390625,1689.9200439453125,1691.0799560546875,179845120,2026-06-19T09:45:00.000000Z
2026-06-19T09:45:00.000000Z,1690.699951171875,1691.1099853515625,1687.0400390625,1687.550048828125,16848896,2026-06-19T10:00:00.000000Z
2026-06-19T10:00:00.000000Z,1688,1691.800048828125,1686.8599853515625,1689.93994140625,3947520,2026-06-19T10:15:00.000000Z
2026-06-19T10:15:00.000000Z,1689.52001953125,1689.75,1685.800048828125,1688.4200439453125,36405248,2026-06-19T10:30:00.000000Z
2026-06-19T10:30:00.000000Z,1688.1600341796875,1688.43994140625,1685.6199951171875,1686.43994140625,224825344,2026-06-19T10:45:00.000000Z
2026-06-19T10:45:00.000000Z,1686.1600341796875,1692.93994140625,1686.1600341796875,1691.3900146484375,17504256,2026-06-19T11:00:00.000000Z
2026-06-19T11:00:00.000000Z,1690.9100341796875,1692,1687.280029296875,1688.22998046875,0,2026-06-19T11:15:00.000000Z
2026-06-19T11:15:00.000000Z,1688.6600341796875,1692.489990234375,1687.06005859375,1691.2099609375,0,2026-06-19T11:30:00.000000Z
2026-06-19T11:30:00.000000Z,1691.2099609375,1692.3299560546875,1690.3199462890625,1691.6700439453125,110403584,2026-06-19T11:45:00.000000Z
2026-06-19T11:45:00.000000Z,1691.280029296875,1692.280029296875,1689.5999755859375,1690.0799560546875,454268928,2026-06-19T12:00:00.000000Z
2026-06-19T12:00:00.000000Z,1690.3199462890625,1692.47998046875,1688.9599609375,1688.9599609375,426891264,2026-06-19T12:15:00.000000Z
2026-06-19T12:15:00.000000Z,1688.0799560546875,1688.2900390625,1685.5899658203125,1687.5999755859375,0,2026-06-19T12:30:00.000000Z
2026-06-19T12:30:00.000000Z,1687.6199951171875,1688.8800048828125,1682.699951171875,1685.1199951171875,477671424,2026-06-19T12:45:00.000000Z
2026-06-19T12:45:00.000000Z,1684.56005859375,1694.0799560546875,1677.3599853515625,1693.5999755859375,58113024,2026-06-19T13:00:00.000000Z
2026-06-19T13:00:00.000000Z,1693.5999755859375,1697.3599853515625,1690.6400146484375,1691.969970703125,95325184,2026-06-19T13:15:00.000000Z
2026-06-19T13:15:00.000000Z,1692.1600341796875,1692.5999755859375,1686.06005859375,1689.8399658203125,148404224,2026-06-19T13:30:00.000000Z
2026-06-19T13:30:00.000000Z,1689.43994140625,1701.1199951171875,1688.8900146484375,1699.469970703125,794065920,2026-06-19T13:45:00.000000Z
2026-06-19T13:45:00.000000Z,1699.5799560546875,1707.97998046875,1699.0799560546875,1701.530029296875,72371200,2026-06-19T14:00:00.000000Z
2026-06-19T14:00:00.000000Z,1700.9100341796875,1703.75,1695.6800537109375,1696.8800048828125,35945472,2026-06-19T14:15:00.000000Z
2026-06-19T14:15:00.000000Z,1697.02001953125,1703.1500244140625,1694.739990234375,1702.1099853515625,155959296,2026-06-19T14:30:00.000000Z
2026-06-19T14:30:00.000000Z,1702.8699951171875,1705.93994140625,1699.6300048828125,1703.31005859375,83917824,2026-06-19T14:45:00.000000Z
2026-06-19T14:45:00.000000Z,1703.699951171875,1708.199951171875,1703.2900390625,1705.4000244140625,106413056,2026-06-19T15:00:00.000000Z
2026-06-19T15:00:00.000000Z,1705.3599853515625,1705.949951171875,1702.3699951171875,1704.3499755859375,0,2026-06-19T15:15:00.000000Z
2026-06-19T15:15:00.000000Z,1704.699951171875,1705.8499755859375,1696.6300048828125,1697.9599609375,391299072,2026-06-19T15:30:00.000000Z
2026-06-19T15:30:00.000000Z,1698,1710.1700439453125,1698,1707.02001953125,0,2026-06-19T15:45:00.000000Z
2026-06-19T15:45:00.000000Z,1707.2099609375,1707.9000244140625,1704.93994140625,1706.0899658203125,0,2026-06-19T16:00:00.000000Z
2026-06-19T16:00:00.000000Z,1705.9100341796875,1710.199951171875,1703.010009765625,1710.199951171875,0,2026-06-19T16:15:00.000000Z
2026-06-19T16:15:00.000000Z,1709.5899658203125,1709.5899658203125,1705.5400390625,1706.5799560546875,440693760,2026-06-19T16:30:00.000000Z
2026-06-19T16:30:00.000000Z,1705.760009765625,1706.1400146484375,1702.8699951171875,1703.6199951171875,47025152,2026-06-19T16:45:00.000000Z
2026-06-19T16:45:00.000000Z,1702.9000244140625,1702.93994140625,1693.239990234375,1694.9200439453125,43579392,2026-06-19T17:00:00.000000Z
2026-06-19T17:00:00.000000Z,1695.219970703125,1696.3199462890625,1692.800048828125,1695.530029296875,22493184,2026-06-19T17:15:00.000000Z
2026-06-19T17:15:00.000000Z,1695.780029296875,1700.0999755859375,1692.699951171875,1694.800048828125,0,2026-06-19T17:30:00.000000Z
2026-06-19T17:30:00.000000Z,1694.780029296875,1700.9000244140625,1694.780029296875,1700.3599853515625,57455616,2026-06-19T17:45:00.000000Z
2026-06-19T17:45:00.000000Z,1700.199951171875,1704.5799560546875,1698.699951171875,1703.31005859375,25757696,2026-06-19T18:00:00.000000Z
2026-06-19T18:00:00.000000Z,1703.2099609375,1703.9300537109375,1700.989990234375,1703.5899658203125,65755136,2026-06-19T18:15:00.000000Z
2026-06-19T18:15:00.000000Z,1703.31005859375,1703.81005859375,1701.4000244140625,1701.8699951171875,0,2026-06-19T18:30:00.000000Z
2026-06-19T18:30:00.000000Z,1701.8800048828125,1702.7900390625,1696.8800048828125,1699.550048828125,459824640,2026-06-19T18:45:00.000000Z
2026-06-19T18:45:00.000000Z,1699.699951171875,1701.9000244140625,1699.31005859375,1701.22998046875,0,2026-06-19T19:00:00.000000Z
2026-06-19T19:00:00.000000Z,1701.219970703125,1703.06005859375,1698.1099853515625,1700.56005859375,462055424,2026-06-19T19:15:00.000000Z
2026-06-19T19:15:00.000000Z,1700.3900146484375,1701.0799560546875,1696.699951171875,1698.5,497523200,2026-06-19T19:30:00.000000Z
2026-06-19T19:30:00.000000Z,1698.3900146484375,1699.5400390625,1697.0899658203125,1698.9200439453125,0,2026-06-19T19:45:00.000000Z
2026-06-19T19:45:00.000000Z,1698.81005859375,1702.699951171875,1698.4100341796875,1699.3900146484375,0,2026-06-19T20:00:00.000000Z
2026-06-19T20:00:00.000000Z,1699.75,1703.0899658203125,1699.5400390625,1701.52001953125,0,2026-06-19T20:15:00.000000Z
2026-06-19T20:15:00.000000Z,1701.5999755859375,1701.5999755859375,1697.219970703125,1701.300048828125,17319424,2026-06-19T20:30:00.000000Z
2026-06-19T20:30:00.000000Z,1701.22998046875,1703,1699.6199951171875,1701.1300048828125,0,2026-06-19T20:45:00.000000Z
2026-06-19T20:45:00.000000Z,1701.010009765625,1707.3499755859375,1700.9000244140625,1706.969970703125,18983424,2026-06-19T21:00:00.000000Z
2026-06-19T21:00:00.000000Z,1706.75,1706.8599853515625,1703.6400146484375,1706.739990234375,0,2026-06-19T21:15:00.000000Z
2026-06-19T21:15:00.000000Z,1706.47998046875,1706.47998046875,1702.8499755859375,1703.1300048828125,0,2026-06-19T21:30:00.000000Z
2026-06-19T21:30:00.000000Z,1703.1300048828125,1703.72998046875,1700.1700439453125,1700.8199462890625,61434368,2026-06-19T21:45:00.000000Z
2026-06-19T21:45:00.000000Z,1701.1700439453125,1702.3399658203125,1699.5,1700.199951171875,469715456,2026-06-19T22:00:00.000000Z
2026-06-19T22:00:00.000000Z,1699.4300537109375,1701.4599609375,1698.5999755859375,1700.9599609375,27221504,2026-06-19T22:15:00.000000Z
2026-06-19T22:15:00.000000Z,1700.8199462890625,1708.27001953125,1700.800048828125,1706.6099853515625,7430144,2026-06-19T22:30:00.000000Z
2026-06-19T22:30:00.000000Z,1706.5699462890625,1707.0999755859375,1704.050048828125,1706.18994140625,68878336,2026-06-19T22:45:00.000000Z
2026-06-19T22:45:00.000000Z,1706.3399658203125,1707.449951171875,1704.9000244140625,1705.6600341796875,80525312,2026-06-19T23:00:00.000000Z
2026-06-19T23:00:00.000000Z,1706.0799560546875,1706.550048828125,1703.0999755859375,1704.0799560546875,5726208,2026-06-19T23:15:00.000000Z
2026-06-19T23:15:00.000000Z,1703.81005859375,1706.699951171875,1703.510009765625,1706.43994140625,0,2026-06-19T23:30:00.000000Z
2026-06-19T23:30:00.000000Z,1705.949951171875,1707.1600341796875,1705.3699951171875,1706.1300048828125,0,2026-06-19T23:45:00.000000Z
2026-06-19T23:45:00.000000Z,1705.780029296875,1712.6500244140625,1704.7900390625,1709.4100341796875,16285696,2026-06-20T00:00:00.000000Z
2026-06-20T00:00:00.000000Z,1708.010009765625,1711.3599853515625,1706.5699462890625,1708.0899658203125,87288832,2026-06-20T00:15:00.000000Z
2026-06-20T00:15:00.000000Z,1708.02001953125,1711.02001953125,1706.6600341796875,1710.1300048828125,0,2026-06-20T00:30:00.000000Z
2026-06-20T00:30:00.000000Z,1710.010009765625,1714.77001953125,1707.8599853515625,1709.4000244140625,98240000,2026-06-20T00:45:00.000000Z
2026-06-20T00:45:00.000000Z,1709,1709.5999755859375,1707.1099853515625,1707.1099853515625,480354816,2026-06-20T01:00:00.000000Z
2026-06-20T01:00:00.000000Z,1707.1400146484375,1707.8299560546875,1705.219970703125,1706.47998046875,0,2026-06-20T01:15:00.000000Z
2026-06-20T01:15:00.000000Z,1706.31005859375,1708.800048828125,1705.2900390625,1707.510009765625,476163072,2026-06-20T01:30:00.000000Z
2026-06-20T01:30:00.000000Z,1707.510009765625,1711.8299560546875,1707.1099853515625,1707.239990234375,480398848,2026-06-20T01:45:00.000000Z
2026-06-20T01:45:00.000000Z,1707.2099609375,1708.800048828125,1706.8199462890625,1708.4200439453125,7579136,2026-06-20T02:00:00.000000Z
2026-06-20T02:00:00.000000Z,1708.010009765625,1708.9300537109375,1705.4000244140625,1705.699951171875,408294400,2026-06-20T02:15:00.000000Z
2026-06-20T02:15:00.000000Z,1704.8900146484375,1705.449951171875,1702.4599609375,1702.949951171875,61122560,2026-06-20T02:30:00.000000Z
2026-06-20T02:30:00.000000Z,1703.1500244140625,1706.449951171875,1703.1500244140625,1704.2099609375,484002816,2026-06-20T02:45:00.000000Z
2026-06-20T02:45:00.000000Z,1704.31005859375,1706.010009765625,1703.1199951171875,1703.1199951171875,0,2026-06-20T03:00:00.000000Z
2026-06-20T03:00:00.000000Z,1703.1400146484375,1705.6199951171875,1702.719970703125,1705.260009765625,0,2026-06-20T03:15:00.000000Z
2026-06-20T03:15:00.000000Z,1705.2900390625,1706.6500244140625,1705.2900390625,1706.199951171875,0,2026-06-20T03:30:00.000000Z
2026-06-20T03:30:00.000000Z,1706,1707.43994140625,1704.6700439453125,1706.510009765625,444074496,2026-06-20T03:45:00.000000Z
2026-06-20T03:45:00.000000Z,1706.4000244140625,1706.8800048828125,1705.3399658203125,1706.4599609375,0,2026-06-20T04:00:00.000000Z
2026-06-20T04:00:00.000000Z,1706.300048828125,1707.550048828125,1704.949951171875,1705.760009765625,0,2026-06-20T04:15:00.000000Z
2026-06-20T04:15:00.000000Z,1705.949951171875,1711.219970703125,1705.8299560546875,1711.219970703125,448959488,2026-06-20T04:30:00.000000Z
2026-06-20T04:30:00.000000Z,1711.4599609375,1713.800048828125,1709.3699951171875,1713.219970703125,20204032,2026-06-20T04:45:00.000000Z
2026-06-20T04:45:00.000000Z,1713.219970703125,1713.219970703125,1710.9300537109375,1711.8599853515625,12673024,2026-06-20T05:00:00.000000Z
2026-06-20T05:00:00.000000Z,1711.989990234375,1729.8599853515625,1710.6099853515625,1728.0799560546875,22931968,2026-06-20T05:15:00.000000Z
2026-06-20T05:15:00.000000Z,1727.97998046875,1728.8499755859375,1719.6500244140625,1720.75,344724480,2026-06-20T05:30:00.000000Z
2026-06-20T05:30:00.000000Z,1720.72998046875,1725.6700439453125,1720.72998046875,1721.81005859375,30525952,2026-06-20T05:45:00.000000Z
2026-06-20T05:45:00.000000Z,1722.0899658203125,1725.0699462890625,1720.219970703125,1724.27001953125,69794304,2026-06-20T06:00:00.000000Z
2026-06-20T06:00:00.000000Z,1724.5999755859375,1725.300048828125,1722.3199462890625,1724.280029296875,43482112,2026-06-20T06:15:00.000000Z
2026-06-20T06:15:00.000000Z,1724.800048828125,1728.1400146484375,1723.1199951171875,1726,491186176,2026-06-20T06:30:00.000000Z
2026-06-20T06:30:00.000000Z,1726.3299560546875,1726.3299560546875,1722.8399658203125,1724.989990234375,16676864,2026-06-20T06:45:00.000000Z
2026-06-20T06:45:00.000000Z,1724.9200439453125,1726.8199462890625,1724.0999755859375,1725.97998046875,7750144,2026-06-20T07:00:00.000000Z
2026-06-20T07:00:00.000000Z,1725.9100341796875,1726.219970703125,1721.4000244140625,1723.6300048828125,46558720,2026-06-20T07:15:00.000000Z
2026-06-20T07:15:00.000000Z,1723.4200439453125,1726.7900390625,1723.2099609375,1726.4000244140625,20576768,2026-06-20T07:30:00.000000Z
2026-06-20T07:30:00.000000Z,1726.8499755859375,1727.6700439453125,1725.3800048828125,1725.989990234375,69658112,2026-06-20T07:45:00.000000Z
2026-06-20T07:45:00.000000Z,1725.7099609375,1726.5899658203125,1723.550048828125,1724.199951171875,0,2026-06-20T08:00:00.000000Z
2026-06-20T08:00:00.000000Z,1724.31005859375,1725.300048828125,1721.5,1723.300048828125,117999104,2026-06-20T08:15:00.000000Z
2026-06-20T08:15:00.000000Z,1723.4000244140625,1725.06005859375,1722.06005859375,1722.0899658203125,6144512,2026-06-20T08:30:00.000000Z
2026-06-20T08:30:00.000000Z,1722,1722.5899658203125,1720.52001953125,1721.75,65757184,2026-06-20T08:45:00.000000Z
2026-06-20T08:45:00.000000Z,1721.5899658203125,1722.280029296875,1719.7099609375,1721.22998046875,6625792,2026-06-20T09:00:00.000000Z
2026-06-20T09:00:00.000000Z,1721.5,1725.3800048828125,1721.5,1724.22998046875,50070016,2026-06-20T09:15:00.000000Z
2026-06-20T09:15:00.000000Z,1724.22998046875,1724.5,1721.800048828125,1722.3199462890625,37160960,2026-06-20T09:30:00.000000Z
2026-06-20T09:30:00.000000Z,1722.239990234375,1728.300048828125,1722.1800537109375,1727.219970703125,29946880,2026-06-20T09:45:00.000000Z
2026-06-20T09:45:00.000000Z,1727.219970703125,1728.5999755859375,1726,1726.719970703125,78892032,2026-06-20T10:00:00.000000Z
2026-06-20T10:00:00.000000Z,1726.81005859375,1727.1099853515625,1724.800048828125,1725.8299560546875,468939264,2026-06-20T10:15:00.000000Z
2026-06-20T10:15:00.000000Z,1725.8299560546875,1727.8900146484375,1725.52001953125,1726.43994140625,567087616,2026-06-20T10:30:00.000000Z
2026-06-20T10:30:00.000000Z,1726.4300537109375,1726.489990234375,1723.68994140625,1724.510009765625,0,2026-06-20T10:45:00.000000Z
2026-06-20T10:45:00.000000Z,1724.6500244140625,1726.4000244140625,1724.6500244140625,1725.800048828125,60625408,2026-06-20T11:00:00.000000Z
2026-06-20T11:00:00.000000Z,1726.02001953125,1727.0899658203125,1724.02001953125,1724.8900146484375,35042304,2026-06-20T11:15:00.000000Z
2026-06-20T11:15:00.000000Z,1724.8900146484375,1726.699951171875,1724.739990234375,1724.9300537109375,480335360,2026-06-20T11:30:00.000000Z
2026-06-20T11:30:00.000000Z,1725.18994140625,1726.8299560546875,1724.4200439453125,1726.25,62769664,2026-06-20T11:45:00.000000Z
2026-06-20T11:45:00.000000Z,1726.239990234375,1729.300048828125,1725.300048828125,1725.3199462890625,29548032,2026-06-20T12:00:00.000000Z
2026-06-20T12:00:00.000000Z,1725.3199462890625,1728.6800537109375,1725.199951171875,1728.22998046875,83942400,2026-06-20T12:15:00.000000Z
2026-06-20T12:15:00.000000Z,1728.22998046875,1728.300048828125,1725.739990234375,1727.56005859375,0,2026-06-20T12:30:00.000000Z
2026-06-20T12:30:00.000000Z,1727.550048828125,1727.56005859375,1723.010009765625,1723.780029296875,893707264,2026-06-20T12:45:00.000000Z
2026-06-20T12:45:00.000000Z,1723.77001953125,1725.2900390625,1722.1600341796875,1725.1199951171875,26390016,2026-06-20T13:00:00.000000Z
2026-06-20T13:00:00.000000Z,1724.97998046875,1725.47998046875,1722.5,1722.5,0,2026-06-20T13:15:00.000000Z
2026-06-20T13:15:00.000000Z,1722.5,1724.260009765625,1710.969970703125,1713.010009765625,444948992,2026-06-20T13:30:00.000000Z
2026-06-20T13:30:00.000000Z,1713.4200439453125,1717.5,1712.97998046875,1716.8199462890625,143101440,2026-06-20T13:45:00.000000Z
2026-06-20T13:45:00.000000Z,1716.719970703125,1717.97998046875,1714.9200439453125,1715.8299560546875,465134592,2026-06-20T14:00:00.000000Z
2026-06-20T14:00:00.000000Z,1715.510009765625,1715.5699462890625,1706.6700439453125,1707.3900146484375,8131584,2026-06-20T14:15:00.000000Z
2026-06-20T14:15:00.000000Z,1707.5,1711.699951171875,1707.2099609375,1711.3499755859375,82462720,2026-06-20T14:30:00.000000Z
2026-06-20T14:30:00.000000Z,1711.300048828125,1718.47998046875,1710.5999755859375,1718.47998046875,557197824,2026-06-20T14:45:00.000000Z
2026-06-20T14:45:00.000000Z,1717.81005859375,1743.6700439453125,1717.31005859375,1731.4100341796875,154821632,2026-06-20T15:00:00.000000Z
2026-06-20T15:00:00.000000Z,1732.300048828125,1735.31005859375,1727.8199462890625,1733.7900390625,91806720,2026-06-20T15:15:00.000000Z
2026-06-20T15:15:00.000000Z,1734.0899658203125,1747.4000244140625,1732.4100341796875,1740.510009765625,846469120,2026-06-20T15:30:00.000000Z
2026-06-20T15:30:00.000000Z,1740.989990234375,1741.8199462890625,1736.56005859375,1737.239990234375,100780544,2026-06-20T15:45:00.000000Z
2026-06-20T15:45:00.000000Z,1737.699951171875,1740.199951171875,1736.030029296875,1738.5,44724736,2026-06-20T16:00:00.000000Z
2026-06-20T16:00:00.000000Z,1738.52001953125,1738.6300048828125,1733.3199462890625,1734.3900146484375,5833216,2026-06-20T16:15:00.000000Z
2026-06-20T16:15:00.000000Z,1734.7900390625,1736.7900390625,1731.0400390625,1731.8800048828125,0,2026-06-20T16:30:00.000000Z
2026-06-20T16:30:00.000000Z,1731.699951171875,1732.5999755859375,1729.030029296875,1730.550048828125,536836608,2026-06-20T16:45:00.000000Z
2026-06-20T16:45:00.000000Z,1730.3599853515625,1732.7900390625,1729.9100341796875,1732.0899658203125,0,2026-06-20T17:00:00.000000Z
2026-06-20T17:00:00.000000Z,1731.75,1731.7900390625,1727.3800048828125,1728.6500244140625,5798400,2026-06-20T17:15:00.000000Z
2026-06-20T17:15:00.000000Z,1728.6500244140625,1728.719970703125,1724.9000244140625,1727.699951171875,8255488,2026-06-20T17:30:00.000000Z
2026-06-20T17:30:00.000000Z,1727.699951171875,1729,1718.9100341796875,1723.8599853515625,30887424,2026-06-20T17:45:00.000000Z
2026-06-20T17:45:00.000000Z,1724.25,1725.9599609375,1723.2900390625,1724.510009765625,77701632,2026-06-20T18:00:00.000000Z
2026-06-20T18:00:00.000000Z,1724.7900390625,1729.3199462890625,1724.5400390625,1725.260009765625,482931712,2026-06-20T18:15:00.000000Z
2026-06-20T18:15:00.000000Z,1725.4599609375,1727.72998046875,1725.31005859375,1727.469970703125,21900288,2026-06-20T18:30:00.000000Z
2026-06-20T18:30:00.000000Z,1727.800048828125,1728.219970703125,1724.6400146484375,1725.6400146484375,0,2026-06-20T18:45:00.000000Z
2026-06-20T18:45:00.000000Z,1725.9200439453125,1726.469970703125,1723.800048828125,1724.719970703125,28008448,2026-06-20T19:00:00.000000Z
2026-06-20T19:00:00.000000Z,1724.300048828125,1726.1800537109375,1722.8199462890625,1725.800048828125,11028992,2026-06-20T19:15:00.000000Z
2026-06-20T19:15:00.000000Z,1726,1726.239990234375,1723.18994140625,1724.489990234375,555516928,2026-06-20T19:30:00.000000Z
2026-06-20T19:30:00.000000Z,1724.3299560546875,1727.8499755859375,1723.8499755859375,1727.449951171875,58904064,2026-06-20T19:45:00.000000Z
2026-06-20T19:45:00.000000Z,1727.5,1727.719970703125,1726.300048828125,1727.0799560546875,14507008,2026-06-20T20:00:00.000000Z
2026-06-20T20:00:00.000000Z,1726.9200439453125,1728.5,1726.2900390625,1727.75,21807104,2026-06-20T20:15:00.000000Z
2026-06-20T20:15:00.000000Z,1727.4100341796875,1728.8199462890625,1726.3599853515625,1726.72998046875,129177088,2026-06-20T20:30:00.000000Z
2026-06-20T20:30:00.000000Z,1726.56005859375,1726.800048828125,1724.1099853515625,1725.8399658203125,34326528,2026-06-20T20:45:00.000000Z
2026-06-20T20:45:00.000000Z,1725.800048828125,1728.989990234375,1725.780029296875,1728.56005859375,26302464,2026-06-20T21:00:00.000000Z
2026-06-20T21:00:00.000000Z,1728.6700439453125,1734.7099609375,1728,1732.760009765625,11364864,2026-06-20T21:15:00.000000Z
2026-06-20T21:15:00.000000Z,1732.9599609375,1732.9599609375,1729.9200439453125,1730.5,77877760,2026-06-20T21:30:00.000000Z
2026-06-20T21:30:00.000000Z,1730.5799560546875,1734.6400146484375,1730.3199462890625,1734.2099609375,41438720,2026-06-20T21:45:00.000000Z
2026-06-20T21:45:00.000000Z,1734.2099609375,1735.52001953125,1731.6199951171875,1733.1099853515625,509643776,2026-06-20T22:00:00.000000Z
2026-06-20T22:00:00.000000Z,1732.510009765625,1738.3399658203125,1730.9200439453125,1736.5999755859375,657177088,2026-06-20T22:15:00.000000Z
2026-06-20T22:15:00.000000Z,1736.6600341796875,1742.4000244140625,1734.3800048828125,1740.9000244140625,58310144,2026-06-20T22:30:00.000000Z
2026-06-20T22:30:00.000000Z,1740.6099853515625,1744,1738.4000244140625,1741.1800537109375,190410240,2026-06-20T22:45:00.000000Z
2026-06-20T22:45:00.000000Z,1741.4100341796875,1742.9200439453125,1738.9200439453125,1741.0899658203125,59441152,2026-06-20T23:00:00.000000Z
2026-06-20T23:00:00.000000Z,1741.0899658203125,1741.300048828125,1739.4100341796875,1739.5899658203125,68954112,2026-06-20T23:15:00.000000Z
2026-06-20T23:15:00.000000Z,1739.5799560546875,1741.6600341796875,1738.5,1738.93994140625,97331712,2026-06-20T23:30:00.000000Z
2026-06-20T23:30:00.000000Z,1738.949951171875,1740.8299560546875,1738.2099609375,1739.9300537109375,30477824,2026-06-20T23:45:00.000000Z
2026-06-20T23:45:00.000000Z,1738.6500244140625,1739.5899658203125,1738.4599609375,1738.4599609375,39422464,2026-06-21T00:00:00.000000Z
2026-06-21T00:00:00.000000Z,1738.6199951171875,1738.800048828125,1734.9599609375,1736.449951171875,0,2026-06-21T00:15:00.000000Z
2026-06-21T00:15:00.000000Z,1736.300048828125,1737.199951171875,1734.0400390625,1735.06005859375,9883648,2026-06-21T00:30:00.000000Z
2026-06-21T00:30:00.000000Z,1734.949951171875,1737.4000244140625,1734.219970703125,1735.7099609375,454652928,2026-06-21T00:45:00.000000Z
2026-06-21T00:45:00.000000Z,1735.9300537109375,1736.300048828125,1734.25,1735.0999755859375,23088128,2026-06-21T01:00:00.000000Z
2026-06-21T01:00:00.000000Z,1735.4000244140625,1735.9000244140625,1732.81005859375,1733.18994140625,41516544,2026-06-21T01:15:00.000000Z
2026-06-21T01:15:00.000000Z,1733.3699951171875,1733.7900390625,1732.2900390625,1732.8900146484375,53568000,2026-06-21T01:30:00.000000Z
2026-06-21T01:30:00.000000Z,1732.8900146484375,1735.68994140625,1732.18994140625,1735.1099853515625,50364928,2026-06-21T01:45:00.000000Z
2026-06-21T01:45:00.000000Z,1735.1099853515625,1737.530029296875,1734.68994140625,1734.8699951171875,38331904,2026-06-21T02:00:00.000000Z
2026-06-21T02:00:00.000000Z,1734.43994140625,1735.8399658203125,1733.52001953125,1735.1300048828125,480899072,2026-06-21T02:15:00.000000Z
2026-06-21T02:15:00.000000Z,1734.93994140625,1735.7099609375,1733.4100341796875,1734.56005859375,47531520,2026-06-21T02:30:00.000000Z
2026-06-21T02:30:00.000000Z,1734.5999755859375,1735.239990234375,1733.6199951171875,1734.3199462890625,47623168,2026-06-21T02:45:00.000000Z
2026-06-21T02:45:00.000000Z,1734.3399658203125,1735.56005859375,1733.699951171875,1733.699951171875,25932288,2026-06-21T03:00:00.000000Z
2026-06-21T03:00:00.000000Z,1733.8900146484375,1734.1600341796875,1731.6700439453125,1733.6099853515625,11384320,2026-06-21T03:15:00.000000Z
2026-06-21T03:15:00.000000Z,1734.280029296875,1738.5400390625,1732.800048828125,1734.4100341796875,79788032,2026-06-21T03:30:00.000000Z
2026-06-21T03:30:00.000000Z,1734.5999755859375,1737.510009765625,1733.800048828125,1737.050048828125,38822400,2026-06-21T03:45:00.000000Z
2026-06-21T03:45:00.000000Z,1737.0699462890625,1737.5899658203125,1735.699951171875,1735.7099609375,85991936,2026-06-21T04:00:00.000000Z
2026-06-21T04:00:00.000000Z,1735.81005859375,1736.0699462890625,1733.31005859375,1734.239990234375,2504192,2026-06-21T04:15:00.000000Z
2026-06-21T04:15:00.000000Z,1734.22998046875,1738.3399658203125,1734.22998046875,1737.1700439453125,37112320,2026-06-21T04:30:00.000000Z
2026-06-21T04:30:00.000000Z,1737.1099853515625,1739.0999755859375,1735.3199462890625,1735.5,470248960,2026-06-21T04:45:00.000000Z
2026-06-21T04:45:00.000000Z,1735.5,1735.5,1729.6099853515625,1730.5799560546875,11476480,2026-06-21T05:00:00.000000Z
2026-06-21T05:00:00.000000Z,1730.8900146484375,1731.6800537109375,1729.1400146484375,1729.6199951171875,0,2026-06-21T05:15:00.000000Z
2026-06-21T05:15:00.000000Z,1729.6700439453125,1733.0999755859375,1728.25,1732.9100341796875,879763456,2026-06-21T05:30:00.000000Z
2026-06-21T05:30:00.000000Z,1732.8599853515625,1734.010009765625,1731.5999755859375,1731.949951171875,57437184,2026-06-21T05:45:00.000000Z
2026-06-21T05:45:00.000000Z,1731.9100341796875,1731.9100341796875,1729.7099609375,1731.22998046875,10245632,2026-06-21T06:00:00.000000Z
2026-06-21T06:00:00.000000Z,1731.22998046875,1732.9599609375,1730.18994140625,1732.260009765625,174622720,2026-06-21T06:15:00.000000Z
2026-06-21T06:15:00.000000Z,1732.1600341796875,1734.300048828125,1731.699951171875,1733.8499755859375,30005248,2026-06-21T06:30:00.000000Z
2026-06-21T06:30:00.000000Z,1733.739990234375,1736.3900146484375,1732.81005859375,1734.9100341796875,450996224,2026-06-21T06:45:00.000000Z
2026-06-21T06:45:00.000000Z,1735.199951171875,1735.199951171875,1733.2099609375,1733.8900146484375,563984384,2026-06-21T07:00:00.000000Z
2026-06-21T07:00:00.000000Z,1733.9000244140625,1734.0999755859375,1732.1400146484375,1733.1400146484375,436737024,2026-06-21T07:15:00.000000Z
2026-06-21T07:15:00.000000Z,1733.1500244140625,1733.550048828125,1730.6800537109375,1730.8699951171875,128122368,2026-06-21T07:30:00.000000Z
2026-06-21T07:30:00.000000Z,1730.8399658203125,1732.18994140625,1730.6099853515625,1731.8800048828125,146864640,2026-06-21T07:45:00.000000Z
2026-06-21T07:45:00.000000Z,1732.260009765625,1732.260009765625,1729.4200439453125,1729.9200439453125,3678208,2026-06-21T08:00:00.000000Z
2026-06-21T08:00:00.000000Z,1730.0799560546875,1730.9000244140625,1727.510009765625,1728.8900146484375,515509248,2026-06-21T08:15:00.000000Z
2026-06-21T08:15:00.000000Z,1728.6500244140625,1728.800048828125,1726.9200439453125,1727.1700439453125,28654080,2026-06-21T08:30:00.000000Z
2026-06-21T08:30:00.000000Z,1727.1700439453125,1728.0899658203125,1722.239990234375,1726.4000244140625,55657984,2026-06-21T08:45:00.000000Z
2026-06-21T08:45:00.000000Z,1726.18994140625,1726.969970703125,1724.300048828125,1726.969970703125,103423488,2026-06-21T09:00:00.000000Z
2026-06-21T09:00:00.000000Z,1727,1727.969970703125,1725.4000244140625,1725.4000244140625,86413312,2026-06-21T09:15:00.000000Z
2026-06-21T09:15:00.000000Z,1725.4000244140625,1728.68994140625,1723.6800537109375,1726.8299560546875,530297344,2026-06-21T09:30:00.000000Z
2026-06-21T09:30:00.000000Z,1726.9599609375,1732,1726.949951171875,1729.1400146484375,24149504,2026-06-21T09:45:00.000000Z
2026-06-21T09:45:00.000000Z,1729.1700439453125,1731.3900146484375,1729.1700439453125,1730.6199951171875,7684096,2026-06-21T10:00:00.000000Z
2026-06-21T10:00:00.000000Z,1730.6199951171875,1733.300048828125,1729.5,1732.02001953125,533423616,2026-06-21T10:15:00.000000Z
2026-06-21T10:15:00.000000Z,1732.02001953125,1734.7900390625,1731.31005859375,1732.2099609375,596986880,2026-06-21T10:30:00.000000Z
2026-06-21T10:30:00.000000Z,1732.1099853515625,1732.1199951171875,1730.239990234375,1730.25,57128960,2026-06-21T10:45:00.000000Z
2026-06-21T10:45:00.000000Z,1730.4000244140625,1731.68994140625,1728.780029296875,1729.18994140625,47149056,2026-06-21T11:00:00.000000Z
2026-06-21T11:00:00.000000Z,1729.2900390625,1732.5699462890625,1727.4100341796875,1730.3900146484375,32326656,2026-06-21T11:15:00.000000Z
2026-06-21T11:15:00.000000Z,1729.699951171875,1729.719970703125,1716.6099853515625,1725.510009765625,197706752,2026-06-21T11:30:00.000000Z
2026-06-21T11:30:00.000000Z,1725.510009765625,1725.989990234375,1721.739990234375,1724.3900146484375,115821568,2026-06-21T11:45:00.000000Z
2026-06-21T11:45:00.000000Z,1724.2099609375,1726.0899658203125,1721.3299560546875,1723.3599853515625,23867392,2026-06-21T12:00:00.000000Z
2026-06-21T12:00:00.000000Z,1723.199951171875,1724.4000244140625,1719.72998046875,1720.1600341796875,19715072,2026-06-21T12:15:00.000000Z
2026-06-21T12:15:00.000000Z,1719.9000244140625,1719.9000244140625,1715.2099609375,1716.81005859375,83869696,2026-06-21T12:30:00.000000Z
2026-06-21T12:30:00.000000Z,1716.969970703125,1719.56005859375,1715.47998046875,1718.510009765625,47765504,2026-06-21T12:45:00.000000Z
2026-06-21T12:45:00.000000Z,1718.27001953125,1724.7900390625,1718.27001953125,1723.719970703125,18759168,2026-06-21T13:00:00.000000Z
2026-06-21T13:00:00.000000Z,1723.6099853515625,1725.7099609375,1721.93994140625,1723.7099609375,1075684864,2026-06-21T13:15:00.000000Z
2026-06-21T13:15:00.000000Z,1723.77001953125,1725.780029296875,1722.699951171875,1723.989990234375,21878784,2026-06-21T13:30:00.000000Z
2026-06-21T13:30:00.000000Z,1724.510009765625,1724.510009765625,1720,1720.699951171875,2803712,2026-06-21T13:45:00.000000Z
2026-06-21T13:45:00.000000Z,1720.510009765625,1723.1400146484375,1720.510009765625,1723.050048828125,468023296,2026-06-21T14:00:00.000000Z
2026-06-21T14:00:00.000000Z,1723.050048828125,1723.9200439453125,1720.6099853515625,1721.3699951171875,0,2026-06-21T14:15:00.000000Z
2026-06-21T14:15:00.000000Z,1721.0999755859375,1722.3199462890625,1719.7099609375,1720.3800048828125,473024512,2026-06-21T14:30:00.000000Z
2026-06-21T14:30:00.000000Z,1720.280029296875,1724,1720.0899658203125,1723.3699951171875,0,2026-06-21T14:45:00.000000Z
2026-06-21T14:45:00.000000Z,1723.239990234375,1726.3900146484375,1721.81005859375,1726.3900146484375,309501952,2026-06-21T15:00:00.000000Z
2026-06-21T15:00:00.000000Z,1726.5899658203125,1729.7900390625,1725.22998046875,1727.1099853515625,385657856,2026-06-21T15:15:00.000000Z
2026-06-21T15:15:00.000000Z,1727,1730.199951171875,1727,1729.7099609375,0,2026-06-21T15:30:00.000000Z
2026-06-21T15:30:00.000000Z,1729.7099609375,1730.4000244140625,1727.68994140625,1729.18994140625,0,2026-06-21T15:45:00.000000Z
2026-06-21T15:45:00.000000Z,1729.2099609375,1729.449951171875,1728.4100341796875,1728.8199462890625,53899776,2026-06-21T16:00:00.000000Z
2026-06-21T16:00:00.000000Z,1728.3900146484375,1728.5999755859375,1724.31005859375,1725.719970703125,9881600,2026-06-21T16:15:00.000000Z
2026-06-21T16:15:00.000000Z,1725.5999755859375,1727,1724.510009765625,1724.5699462890625,105233408,2026-06-21T16:30:00.000000Z
2026-06-21T16:30:00.000000Z,1724.7900390625,1725.06005859375,1720.3599853515625,1723.4200439453125,7122432,2026-06-21T16:45:00.000000Z
2026-06-21T16:45:00.000000Z,1723.8800048828125,1727.72998046875,1723.31005859375,1726.18994140625,42266112,2026-06-21T17:00:00.000000Z
2026-06-21T17:00:00.000000Z,1726.0999755859375,1729.530029296875,1725.800048828125,1728.31005859375,30744576,2026-06-21T17:15:00.000000Z
2026-06-21T17:15:00.000000Z,1728.31005859375,1728.4000244140625,1724.699951171875,1724.7099609375,58931200,2026-06-21T17:30:00.000000Z
2026-06-21T17:30:00.000000Z,1724.81005859375,1725.5699462890625,1724.1099853515625,1725.3699951171875,16844800,2026-06-21T17:45:00.000000Z
2026-06-21T17:45:00.000000Z,1725.6199951171875,1727.3299560546875,1725.489990234375,1725.510009765625,6752256,2026-06-21T18:00:00.000000Z
2026-06-21T18:00:00.000000Z,1725.31005859375,1725.6300048828125,1719.7900390625,1721.6700439453125,91264512,2026-06-21T18:15:00.000000Z
2026-06-21T18:15:00.000000Z,1721.6700439453125,1724.1199951171875,1721.6600341796875,1723.800048828125,98972672,2026-06-21T18:30:00.000000Z
2026-06-21T18:30:00.000000Z,1723.9000244140625,1734.699951171875,1723.4599609375,1732.4100341796875,231632384,2026-06-21T18:45:00.000000Z
2026-06-21T18:45:00.000000Z,1732.31005859375,1735.8199462890625,1730.9100341796875,1733.530029296875,67331072,2026-06-21T19:00:00.000000Z
2026-06-21T19:00:00.000000Z,1733.5999755859375,1737.3599853515625,1732.489990234375,1734.7099609375,0,2026-06-21T19:15:00.000000Z
2026-06-21T19:15:00.000000Z,1734.699951171875,1734.699951171875,1731.6099853515625,1732.280029296875,55443456,2026-06-21T19:30:00.000000Z
2026-06-21T19:30:00.000000Z,1732.489990234375,1733.5899658203125,1731.9100341796875,1732.75,3225088,2026-06-21T19:45:00.000000Z
2026-06-21T19:45:00.000000Z,1733.0999755859375,1734.18994140625,1731.77001953125,1732.02001953125,473568256,2026-06-21T20:00:00.000000Z
2026-06-21T20:00:00.000000Z,1732.1700439453125,1733.199951171875,1729.280029296875,1729.6300048828125,0,2026-06-21T20:15:00.000000Z
2026-06-21T20:15:00.000000Z,1729.5899658203125,1730.47998046875,1727.2099609375,1728.5799560546875,435712,2026-06-21T20:30:00.000000Z
2026-06-21T20:30:00.000000Z,1728.5699462890625,1729.300048828125,1724.2900390625,1725.8299560546875,13575680,2026-06-21T20:45:00.000000Z
2026-06-21T20:45:00.000000Z,1725.8199462890625,1726.1099853515625,1715.18994140625,1719.2900390625,104679936,2026-06-21T21:00:00.000000Z
2026-06-21T21:00:00.000000Z,1719.02001953125,1720.4000244140625,1702.5,1708.199951171875,533071872,2026-06-21T21:15:00.000000Z
2026-06-21T21:15:00.000000Z,1708.4000244140625,1715.2099609375,1701.5799560546875,1712.25,266792960,2026-06-21T21:30:00.000000Z
2026-06-21T21:30:00.000000Z,1712.5,1721.8800048828125,1712.5,1718.449951171875,28194816,2026-06-21T21:45:00.000000Z
2026-06-21T21:45:00.000000Z,1718.3299560546875,1719.5699462890625,1715.02001953125,1716.3599853515625,4405248,2026-06-21T22:00:00.000000Z
2026-06-21T22:00:00.000000Z,1712.6500244140625,1718.8800048828125,1710.6400146484375,1714.1400146484375,0,2026-06-21T22:15:00.000000Z
2026-06-21T22:15:00.000000Z,1714.300048828125,1717.2900390625,1712.4100341796875,1712.510009765625,14885376,2026-06-21T22:30:00.000000Z
2026-06-21T22:30:00.000000Z,1711.4200439453125,1714.47998046875,1707.030029296875,1712.81005859375,493955072,2026-06-21T22:45:00.000000Z
2026-06-21T22:45:00.000000Z,1712.5999755859375,1717.5699462890625,1712.510009765625,1715.550048828125,465068032,2026-06-21T23:00:00.000000Z
2026-06-21T23:00:00.000000Z,1715.31005859375,1715.31005859375,1708.4000244140625,1709.8199462890625,1062912,2026-06-21T23:15:00.000000Z
2026-06-21T23:15:00.000000Z,1710.0999755859375,1714.3800048828125,1708.4599609375,1711.199951171875,89701888,2026-06-21T23:30:00.000000Z
2026-06-21T23:30:00.000000Z,1711.2099609375,1712.2900390625,1702.8800048828125,1704.0999755859375,68465664,2026-06-21T23:45:00.000000Z
2026-06-21T23:45:00.000000Z,1704.81005859375,1707.1500244140625,1702.8699951171875,1704.93994140625,57152000,2026-06-22T00:00:00.000000Z
2026-06-22T00:00:00.000000Z,1705.010009765625,1713.6300048828125,1705.010009765625,1710.72998046875,32850944,2026-06-22T00:15:00.000000Z
2026-06-22T00:15:00.000000Z,1710.4000244140625,1718.9000244140625,1710.4000244140625,1718.18994140625,33767424,2026-06-22T00:30:00.000000Z
2026-06-22T00:30:00.000000Z,1719.300048828125,1729.6700439453125,1717.510009765625,1723.699951171875,174136832,2026-06-22T00:45:00.000000Z
2026-06-22T00:45:00.000000Z,1723.2099609375,1726.77001953125,1718.7900390625,1724.9000244140625,64269312,2026-06-22T01:00:00.000000Z
2026-06-22T01:00:00.000000Z,1725.6300048828125,1727.9000244140625,1722.6099853515625,1723.52001953125,123826176,2026-06-22T01:15:00.000000Z
2026-06-22T01:15:00.000000Z,1724.199951171875,1756.4000244140625,1724.199951171875,1750.5,71779328,2026-06-22T01:30:00.000000Z
2026-06-22T01:30:00.000000Z,1750.9000244140625,1752.010009765625,1739.6500244140625,1742.3499755859375,486918144,2026-06-22T01:45:00.000000Z
2026-06-22T01:45:00.000000Z,1742.5999755859375,1744.5,1740.81005859375,1741.800048828125,56796160,2026-06-22T02:00:00.000000Z
2026-06-22T02:00:00.000000Z,1741.4300537109375,1743.0899658203125,1736.6600341796875,1738.699951171875,530427904,2026-06-22T02:15:00.000000Z
2026-06-22T02:15:00.000000Z,1738.0999755859375,1742.8699951171875,1737.010009765625,1739.510009765625,126555136,2026-06-22T02:30:00.000000Z
2026-06-22T02:30:00.000000Z,1739.510009765625,1742.7900390625,1737.81005859375,1740.5,3041280,2026-06-22T02:45:00.000000Z
2026-06-22T02:45:00.000000Z,1740.7099609375,1740.93994140625,1735.199951171875,1735.25,42686464,2026-06-22T03:00:00.000000Z
2026-06-22T03:00:00.000000Z,1735.050048828125,1735.18994140625,1725.6099853515625,1729.510009765625,144892928,2026-06-22T03:15:00.000000Z
2026-06-22T03:15:00.000000Z,1730,1737.5999755859375,1730,1734.260009765625,44146688,2026-06-22T03:30:00.000000Z
2026-06-22T03:30:00.000000Z,1734.239990234375,1738.719970703125,1732.0999755859375,1732.68994140625,49627136,2026-06-22T03:45:00.000000Z
2026-06-22T03:45:00.000000Z,1732.800048828125,1733.2900390625,1724.989990234375,1727.8800048828125,8934400,2026-06-22T04:00:00.000000Z
2026-06-22T04:00:00.000000Z,1727.760009765625,1731.489990234375,1725.510009765625,1730.1099853515625,446653440,2026-06-22T04:15:00.000000Z
2026-06-22T04:15:00.000000Z,1729.5899658203125,1732.6500244140625,1728.510009765625,1731.9599609375,608617472,2026-06-22T04:30:00.000000Z
2026-06-22T04:30:00.000000Z,1732.22998046875,1733.239990234375,1728.9000244140625,1729.8599853515625,53900288,2026-06-22T04:45:00.000000Z
2026-06-22T04:45:00.000000Z,1729.6600341796875,1733.6099853515625,1729.56005859375,1733.1400146484375,51091456,2026-06-22T05:00:00.000000Z
2026-06-22T05:00:00.000000Z,1732.93994140625,1735.9200439453125,1731.800048828125,1734.9300537109375,2948096,2026-06-22T05:15:00.000000Z
2026-06-22T05:15:00.000000Z,1734.7900390625,1737.3900146484375,1733.5,1735.4000244140625,99575808,2026-06-22T05:30:00.000000Z
2026-06-22T05:30:00.000000Z,1735.6199951171875,1737.3199462890625,1734,1735.280029296875,106588160,2026-06-22T05:45:00.000000Z
2026-06-22T05:45:00.000000Z,1735.4000244140625,1735.6400146484375,1733.31005859375,1734.8800048828125,52459520,2026-06-22T06:00:00.000000Z
2026-06-22T06:00:00.000000Z,1735.0999755859375,1737.77001953125,1731.699951171875,1735.8299560546875,570222592,2026-06-22T06:15:00.000000Z
2026-06-22T06:15:00.000000Z,1735.7099609375,1737.6300048828125,1733.4000244140625,1734.1099853515625,182014976,2026-06-22T06:30:00.000000Z
2026-06-22T06:30:00.000000Z,1733.7099609375,1734.2900390625,1731.02001953125,1732.6500244140625,83305472,2026-06-22T06:45:00.000000Z
2026-06-22T06:45:00.000000Z,1732.0999755859375,1733.5899658203125,1731.0400390625,1732.8599853515625,220152832,2026-06-22T07:00:00.000000Z
2026-06-22T07:00:00.000000Z,1733.1500244140625,1744.010009765625,1732.449951171875,1742.1800537109375,33866752,2026-06-22T07:15:00.000000Z
2026-06-22T07:15:00.000000Z,1741.97998046875,1747.1199951171875,1741.8299560546875,1746.1099853515625,223537152,2026-06-22T07:30:00.000000Z
2026-06-22T07:30:00.000000Z,1746.02001953125,1749.4200439453125,1745.550048828125,1745.699951171875,38555648,2026-06-22T07:45:00.000000Z
2026-06-22T07:45:00.000000Z,1745.9000244140625,1747.22998046875,1743.1199951171875,1744.3900146484375,678494208,2026-06-22T08:00:00.000000Z
2026-06-22T08:00:00.000000Z,1744.4100341796875,1750.1400146484375,1741.489990234375,1750.1400146484375,63152128,2026-06-22T08:15:00.000000Z
2026-06-22T08:15:00.000000Z,1749.31005859375,1749.800048828125,1744.25,1744.25,179004416,2026-06-22T08:30:00.000000Z
2026-06-22T08:30:00.000000Z,1744.25,1747.699951171875,1741.8599853515625,1747.699951171875,518523904,2026-06-22T08:45:00.000000Z
2026-06-22T08:45:00.000000Z,1747.760009765625,1748.97998046875,1744.0400390625,1746.010009765625,502197248,2026-06-22T09:00:00.000000Z
2026-06-22T09:00:00.000000Z,1745.9100341796875,1748.760009765625,1745.199951171875,1747.0400390625,53241856,2026-06-22T09:15:00.000000Z
2026-06-22T09:15:00.000000Z,1746.8900146484375,1747.969970703125,1743.8499755859375,1744.5699462890625,698414080,2026-06-22T09:30:00.000000Z
2026-06-22T09:30:00.000000Z,1743.8800048828125,1747.260009765625,1742.260009765625,1745.18994140625,621478912,2026-06-22T09:45:00.000000Z
2026-06-22T09:45:00.000000Z,1745.1800537109375,1745.8699951171875,1744.1199951171875,1744.3599853515625,86335488,2026-06-22T10:00:00.000000Z
2026-06-22T10:00:00.000000Z,1744.1800537109375,1749.760009765625,1743.3699951171875,1747.8599853515625,122437632,2026-06-22T10:15:00.000000Z
2026-06-22T10:15:00.000000Z,1747.68994140625,1749.1500244140625,1745.18994140625,1745.72998046875,111137792,2026-06-22T10:30:00.000000Z
2026-06-22T10:30:00.000000Z,1745.6500244140625,1749.050048828125,1745.0999755859375,1745.3699951171875,578708480,2026-06-22T10:45:00.000000Z
2026-06-22T10:45:00.000000Z,1745.550048828125,1748.1800537109375,1745.550048828125,1747,442664960,2026-06-22T11:00:00.000000Z
2026-06-22T11:00:00.000000Z,1746.9000244140625,1755.27001953125,1745.4200439453125,1750.1700439453125,34533376,2026-06-22T11:15:00.000000Z
2026-06-22T11:15:00.000000Z,1750.1300048828125,1753.1600341796875,1747.0899658203125,1750.800048828125,112402432,2026-06-22T11:30:00.000000Z
2026-06-22T11:30:00.000000Z,1750.97998046875,1762.8199462890625,1750.7900390625,1761.8499755859375,282615808,2026-06-22T11:45:00.000000Z
2026-06-22T11:45:00.000000Z,1763.18994140625,1771.8900146484375,1760.8599853515625,1765.800048828125,224365568,2026-06-22T12:00:00.000000Z
2026-06-22T12:00:00.000000Z,1766.9000244140625,1768.5,1762.469970703125,1763.5699462890625,639643648,2026-06-22T12:15:00.000000Z
2026-06-22T12:15:00.000000Z,1762.8800048828125,1767.4000244140625,1761.5899658203125,1764.9000244140625,11568128,2026-06-22T12:30:00.000000Z
2026-06-22T12:30:00.000000Z,1765.3299560546875,1765.3299560546875,1759.239990234375,1762.02001953125,10372096,2026-06-22T12:45:00.000000Z
2026-06-22T12:45:00.000000Z,1761.6099853515625,1764.8900146484375,1759.4200439453125,1762,196726784,2026-06-22T13:00:00.000000Z
2026-06-22T13:00:00.000000Z,1761.6199951171875,1764.43994140625,1760.72998046875,1762.3699951171875,19193856,2026-06-22T13:15:00.000000Z
2026-06-22T13:15:00.000000Z,1762.27001953125,1763.8599853515625,1760.1700439453125,1762.300048828125,76025856,2026-06-22T13:30:00.000000Z
2026-06-22T13:30:00.000000Z,1762.3199462890625,1777,1760.1600341796875,1772.02001953125,225502208,2026-06-22T13:45:00.000000Z
2026-06-22T13:45:00.000000Z,1771.2900390625,1775.4200439453125,1770.3800048828125,1775.4200439453125,357834752,2026-06-22T14:00:00.000000Z
2026-06-22T14:00:00.000000Z,1775.7900390625,1776.0699462890625,1764.6800537109375,1765.9000244140625,86106112,2026-06-22T14:15:00.000000Z
2026-06-22T14:15:00.000000Z,1766.0699462890625,1766.0699462890625,1753.0400390625,1753.2900390625,223346688,2026-06-22T14:30:00.000000Z
2026-06-22T14:30:00.000000Z,1752.9599609375,1757.239990234375,1749.239990234375,1751.31005859375,451834880,2026-06-22T14:45:00.000000Z
2026-06-22T14:45:00.000000Z,1751.8399658203125,1756.3499755859375,1749.280029296875,1752.469970703125,132116480,2026-06-22T15:00:00.000000Z
2026-06-22T15:00:00.000000Z,1752.489990234375,1756.199951171875,1749.010009765625,1753.239990234375,50714624,2026-06-22T15:15:00.000000Z
2026-06-22T15:15:00.000000Z,1753.47998046875,1754.4300537109375,1748.8800048828125,1751.8800048828125,79329280,2026-06-22T15:30:00.000000Z
2026-06-22T15:30:00.000000Z,1752.0400390625,1753.8199462890625,1750.219970703125,1752.3399658203125,581151744,2026-06-22T15:45:00.000000Z
2026-06-22T15:45:00.000000Z,1751.97998046875,1752.8499755859375,1740.699951171875,1742.489990234375,86303744,2026-06-22T16:00:00.000000Z
2026-06-22T16:00:00.000000Z,1743.4000244140625,1743.4000244140625,1734.8699951171875,1739.8900146484375,225990656,2026-06-22T16:15:00.000000Z
2026-06-22T16:15:00.000000Z,1739.52001953125,1742.739990234375,1736.8599853515625,1739.77001953125,15781888,2026-06-22T16:30:00.000000Z
2026-06-22T16:30:00.000000Z,1739.6099853515625,1740,1734.5699462890625,1735.969970703125,62444544,2026-06-22T16:45:00.000000Z
2026-06-22T16:45:00.000000Z,1735.6500244140625,1740.22998046875,1731.77001953125,1737.97998046875,229146624,2026-06-22T17:00:00.000000Z
2026-06-22T17:00:00.000000Z,1737.93994140625,1740.75,1736.969970703125,1739.469970703125,333349888,2026-06-22T17:15:00.000000Z
2026-06-22T17:15:00.000000Z,1739.6300048828125,1740.3199462890625,1732.050048828125,1732.1700439453125,2719744,2026-06-22T17:30:00.000000Z
2026-06-22T17:30:00.000000Z,1731.550048828125,1734.0799560546875,1729.1600341796875,1732.800048828125,182060032,2026-06-22T17:45:00.000000Z
2026-06-22T17:45:00.000000Z,1733.0999755859375,1740.1800537109375,1732.5400390625,1739,46507008,2026-06-22T18:00:00.000000Z
2026-06-22T18:00:00.000000Z,1739.4300537109375,1744.510009765625,1739.4300537109375,1743.6199951171875,382280704,2026-06-22T18:15:00.000000Z
2026-06-22T18:15:00.000000Z,1743.9000244140625,1745.5,1738.8199462890625,1739.6800537109375,197534720,2026-06-22T18:30:00.000000Z
2026-06-22T18:30:00.000000Z,1739.8699951171875,1740.9300537109375,1737.6700439453125,1737.8699951171875,471122944,2026-06-22T18:45:00.000000Z
2026-06-22T18:45:00.000000Z,1738.43994140625,1738.43994140625,1727.81005859375,1731.1400146484375,256696320,2026-06-22T19:00:00.000000Z
2026-06-22T19:00:00.000000Z,1731.3900146484375,1733.52001953125,1728.0799560546875,1732.8399658203125,121106432,2026-06-22T19:15:00.000000Z
2026-06-22T19:15:00.000000Z,1733.27001953125,1734.800048828125,1727.4200439453125,1729.010009765625,170975232,2026-06-22T19:30:00.000000Z
2026-06-22T19:30:00.000000Z,1729.800048828125,1733.6099853515625,1728.7099609375,1731.3399658203125,141162496,2026-06-22T19:45:00.000000Z
2026-06-22T19:45:00.000000Z,1730.9599609375,1733.239990234375,1727.8800048828125,1732.8599853515625,174799872,2026-06-22T20:00:00.000000Z
2026-06-22T20:00:00.000000Z,1732.280029296875,1737.719970703125,1732.02001953125,1734.9000244140625,8048640,2026-06-22T20:15:00.000000Z
2026-06-22T20:15:00.000000Z,1734.9000244140625,1736.219970703125,1730.010009765625,1731.739990234375,235017216,2026-06-22T20:30:00.000000Z
2026-06-22T20:30:00.000000Z,1731.800048828125,1734.469970703125,1731.550048828125,1734.1199951171875,136902656,2026-06-22T20:45:00.000000Z
2026-06-22T20:45:00.000000Z,1733.8199462890625,1734.7099609375,1729.300048828125,1732.6500244140625,0,2026-06-22T21:00:00.000000Z
2026-06-22T21:00:00.000000Z,1732.5799560546875,1735.699951171875,1731.9000244140625,1733.81005859375,0,2026-06-22T21:15:00.000000Z
2026-06-22T21:15:00.000000Z,1733.7099609375,1733.9100341796875,1729.3299560546875,1732.31005859375,0,2026-06-22T21:30:00.000000Z
2026-06-22T21:30:00.000000Z,1732.5,1732.5,1725.800048828125,1727.43994140625,182580224,2026-06-22T21:45:00.000000Z
2026-06-22T21:45:00.000000Z,1727.3399658203125,1731.0400390625,1726.9000244140625,1731.0400390625,96045056,2026-06-22T22:00:00.000000Z
2026-06-22T22:00:00.000000Z,1731,1734.1400146484375,1730.1500244140625,1731.5799560546875,0,2026-06-22T22:15:00.000000Z
2026-06-22T22:15:00.000000Z,1731.6400146484375,1731.9599609375,1718.27001953125,1720.02001953125,98014208,2026-06-22T22:30:00.000000Z
2026-06-22T22:30:00.000000Z,1719.2900390625,1723.5,1715.22998046875,1717.3499755859375,306950144,2026-06-22T22:45:00.000000Z
2026-06-22T22:45:00.000000Z,1716.3900146484375,1723.02001953125,1716.3900146484375,1722.3900146484375,71087104,2026-06-22T23:00:00.000000Z
2026-06-22T23:00:00.000000Z,1722.06005859375,1724.300048828125,1721.3900146484375,1721.510009765625,11841536,2026-06-22T23:15:00.000000Z
2026-06-22T23:15:00.000000Z,1721.469970703125,1725.4000244140625,1719.530029296875,1724.5899658203125,57376768,2026-06-22T23:30:00.000000Z
2026-06-22T23:30:00.000000Z,1724.1500244140625,1728.0999755859375,1722.6500244140625,1725.0400390625,99849216,2026-06-22T23:45:00.000000Z
2026-06-22T23:45:00.000000Z,1724.699951171875,1727.8299560546875,1723.8199462890625,1726.1500244140625,43194368,2026-06-23T00:00:00.000000Z
2026-06-23T00:00:00.000000Z,1725.300048828125,1726.530029296875,1722.300048828125,1723.4599609375,1816576,2026-06-23T00:15:00.000000Z
2026-06-23T00:15:00.000000Z,1724.18994140625,1725.2099609375,1718.31005859375,1719.719970703125,17981440,2026-06-23T00:30:00.000000Z
2026-06-23T00:30:00.000000Z,1720.050048828125,1727.5,1720.050048828125,1727.3399658203125,99143680,2026-06-23T00:45:00.000000Z
2026-06-23T00:45:00.000000Z,1727.3399658203125,1729.3199462890625,1725.1400146484375,1729.300048828125,14501888,2026-06-23T01:00:00.000000Z
2026-06-23T01:00:00.000000Z,1729.300048828125,1733.8599853515625,1729.300048828125,1730.449951171875,104669184,2026-06-23T01:15:00.000000Z
2026-06-23T01:15:00.000000Z,1730.4200439453125,1733.550048828125,1729.5999755859375,1731.9100341796875,0,2026-06-23T01:30:00.000000Z
2026-06-23T01:30:00.000000Z,1731.719970703125,1733,1725.52001953125,1726.1300048828125,0,2026-06-23T01:45:00.000000Z
2026-06-23T01:45:00.000000Z,1726.1099853515625,1729.469970703125,1719.0999755859375,1728.550048828125,285377536,2026-06-23T02:00:00.000000Z
2026-06-23T02:00:00.000000Z,1728.530029296875,1730.18994140625,1724.2900390625,1727.300048828125,95944704,2026-06-23T02:15:00.000000Z
2026-06-23T02:15:00.000000Z,1727.56005859375,1730.9100341796875,1727.56005859375,1728.8499755859375,6690816,2026-06-23T02:30:00.000000Z
2026-06-23T02:30:00.000000Z,1728.8499755859375,1731,1728.300048828125,1729.9300537109375,21534720,2026-06-23T02:45:00.000000Z
2026-06-23T02:45:00.000000Z,1729.8599853515625,1732.9200439453125,1729.1099853515625,1730.47998046875,29157376,2026-06-23T03:00:00.000000Z
2026-06-23T03:00:00.000000Z,1730.8499755859375,1730.93994140625,1723.719970703125,1726.489990234375,0,2026-06-23T03:15:00.000000Z
2026-06-23T03:15:00.000000Z,1726.449951171875,1728.5400390625,1725.3399658203125,1727.52001953125,76421120,2026-06-23T03:30:00.000000Z
2026-06-23T03:30:00.000000Z,1727.3299560546875,1727.3599853515625,1724.47998046875,1725.6400146484375,13293568,2026-06-23T03:45:00.000000Z
2026-06-23T03:45:00.000000Z,1726.22998046875,1728.1800537109375,1725.3900146484375,1727.780029296875,3848192,2026-06-23T04:00:00.000000Z
2026-06-23T04:00:00.000000Z,1727.989990234375,1729.0699462890625,1726.4300537109375,1728.4200439453125,9374720,2026-06-23T04:15:00.000000Z
2026-06-23T04:15:00.000000Z,1728.43994140625,1728.5999755859375,1722.5999755859375,1725.93994140625,120653824,2026-06-23T04:30:00.000000Z
2026-06-23T04:30:00.000000Z,1725.8399658203125,1725.8399658203125,1720.5899658203125,1721.199951171875,130799616,2026-06-23T04:45:00.000000Z
2026-06-23T04:45:00.000000Z,1721.489990234375,1722.199951171875,1716.550048828125,1717.1400146484375,136108032,2026-06-23T05:00:00.000000Z
2026-06-23T05:00:00.000000Z,1717.1300048828125,1719.280029296875,1715.780029296875,1717.2900390625,34514944,2026-06-23T05:15:00.000000Z
2026-06-23T05:15:00.000000Z,1716.8399658203125,1718.1500244140625,1708.25,1711.4599609375,58407936,2026-06-23T05:30:00.000000Z
2026-06-23T05:30:00.000000Z,1711.1600341796875,1712.81005859375,1708.4100341796875,1712.1600341796875,250454016,2026-06-23T05:45:00.000000Z
2026-06-23T05:45:00.000000Z,1712.0999755859375,1713,1709.9000244140625,1711.449951171875,30684160,2026-06-23T06:00:00.000000Z
2026-06-23T06:00:00.000000Z,1711.449951171875,1711.5999755859375,1701.3800048828125,1704.9200439453125,77041664,2026-06-23T06:15:00.000000Z
2026-06-23T06:15:00.000000Z,1705.3199462890625,1707.0899658203125,1680.27001953125,1685.2900390625,213878784,2026-06-23T06:30:00.000000Z
2026-06-23T06:30:00.000000Z,1682.989990234375,1690.469970703125,1681.6700439453125,1688.3199462890625,136428544,2026-06-23T06:45:00.000000Z
2026-06-23T06:45:00.000000Z,1688.4000244140625,1691.260009765625,1687.510009765625,1690.0999755859375,99581952,2026-06-23T07:00:00.000000Z
2026-06-23T07:00:00.000000Z,1689.3900146484375,1692.8499755859375,1689.3800048828125,1692.219970703125,0,2026-06-23T07:15:00.000000Z
2026-06-23T07:15:00.000000Z,1691.97998046875,1694.199951171875,1690.510009765625,1691.3299560546875,4568064,2026-06-23T07:30:00.000000Z
2026-06-23T07:30:00.000000Z,1690.81005859375,1691.43994140625,1685,1685.5899658203125,0,2026-06-23T07:45:00.000000Z
2026-06-23T07:45:00.000000Z,1686.199951171875,1687.6500244140625,1680.3800048828125,1680.6700439453125,116603904,2026-06-23T08:00:00.000000Z
2026-06-23T08:00:00.000000Z,1680.1300048828125,1682.5,1672.260009765625,1672.3399658203125,0,2026-06-23T08:15:00.000000Z
2026-06-23T08:15:00.000000Z,1673.4300537109375,1673.4300537109375,1635.1300048828125,1640.6800537109375,118456320,2026-06-23T08:30:00.000000Z
2026-06-23T08:30:00.000000Z,1640.8499755859375,1650.199951171875,1640.8499755859375,1648.77001953125,618699776,2026-06-23T08:45:00.000000Z
2026-06-23T08:45:00.000000Z,1647.3800048828125,1648.5,1644.1199951171875,1646.469970703125,219498496,2026-06-23T09:00:00.000000Z
2026-06-23T09:00:00.000000Z,1646.5799560546875,1650.0799560546875,1646.2900390625,1648.7099609375,32185344,2026-06-23T09:15:00.000000Z
2026-06-23T09:15:00.000000Z,1649.010009765625,1652.489990234375,1648.449951171875,1651.8499755859375,70257664,2026-06-23T09:30:00.000000Z
2026-06-23T09:30:00.000000Z,1652.0899658203125,1652.1600341796875,1646.47998046875,1647.6500244140625,0,2026-06-23T09:45:00.000000Z
2026-06-23T09:45:00.000000Z,1647.6700439453125,1650.1199951171875,1647.25,1648.93994140625,0,2026-06-23T10:00:00.000000Z
2026-06-23T10:00:00.000000Z,1648.9000244140625,1656.6500244140625,1648.9000244140625,1654.239990234375,77298688,2026-06-23T10:15:00.000000Z
2026-06-23T10:15:00.000000Z,1654.239990234375,1654.239990234375,1651.1800537109375,1652.010009765625,44651520,2026-06-23T10:30:00.000000Z
2026-06-23T10:30:00.000000Z,1651.9200439453125,1652,1647.1400146484375,1648.530029296875,202444800,2026-06-23T10:45:00.000000Z
2026-06-23T10:45:00.000000Z,1648.219970703125,1650.989990234375,1647.3199462890625,1650.550048828125,19634176,2026-06-23T11:00:00.000000Z
2026-06-23T11:00:00.000000Z,1650.5899658203125,1653.780029296875,1650.469970703125,1653.780029296875,44084224,2026-06-23T11:15:00.000000Z
2026-06-23T11:15:00.000000Z,1653.699951171875,1660.81005859375,1653.2099609375,1658.3199462890625,111083520,2026-06-23T11:30:00.000000Z
2026-06-23T11:30:00.000000Z,1658.6300048828125,1661.43994140625,1657.1600341796875,1659.1800537109375,8630272,2026-06-23T11:45:00.000000Z
2026-06-23T11:45:00.000000Z,1659.18994140625,1661.3800048828125,1655.77001953125,1658.9100341796875,0,2026-06-23T12:00:00.000000Z
2026-06-23T12:00:00.000000Z,1658.5899658203125,1660.550048828125,1655.4200439453125,1656.47998046875,769024,2026-06-23T12:15:00.000000Z
2026-06-23T12:15:00.000000Z,1656.0799560546875,1657.8900146484375,1654.3599853515625,1656.4100341796875,6203392,2026-06-23T12:30:00.000000Z
2026-06-23T12:30:00.000000Z,1656.800048828125,1658.9000244140625,1654.47998046875,1656.1700439453125,50696192,2026-06-23T12:45:00.000000Z
2026-06-23T12:45:00.000000Z,1656.1600341796875,1656.8199462890625,1651.760009765625,1652.739990234375,30430208,2026-06-23T13:00:00.000000Z
2026-06-23T13:00:00.000000Z,1652.31005859375,1653.219970703125,1647.8499755859375,1650.719970703125,0,2026-06-23T13:15:00.000000Z
2026-06-23T13:15:00.000000Z,1650.5699462890625,1650.5699462890625,1645.5,1647.199951171875,586528768,2026-06-23T13:30:00.000000Z
2026-06-23T13:30:00.000000Z,1646.7099609375,1659.4200439453125,1643.6300048828125,1657.4200439453125,130842624,2026-06-23T13:45:00.000000Z
2026-06-23T13:45:00.000000Z,1656.8900146484375,1662.1099853515625,1654.1400146484375,1660.75,0,2026-06-23T14:00:00.000000Z
2026-06-23T14:00:00.000000Z,1660.8599853515625,1665.5,1657.77001953125,1665.3199462890625,207044608,2026-06-23T14:15:00.000000Z
2026-06-23T14:15:00.000000Z,1664.8199462890625,1668.0799560546875,1655.9300537109375,1659.8699951171875,14484480,2026-06-23T14:30:00.000000Z
2026-06-23T14:30:00.000000Z,1660.1600341796875,1669.5799560546875,1657.8399658203125,1660.81005859375,462578688,2026-06-23T14:45:00.000000Z
2026-06-23T14:45:00.000000Z,1661.739990234375,1663.989990234375,1658.1800537109375,1660.1099853515625,51055616,2026-06-23T15:00:00.000000Z
2026-06-23T15:00:00.000000Z,1658.6199951171875,1660.9000244140625,1653.4000244140625,1654.7099609375,94028800,2026-06-23T15:15:00.000000Z
2026-06-23T15:15:00.000000Z,1654.4100341796875,1654.719970703125,1649.8399658203125,1651.77001953125,136223744,2026-06-23T15:30:00.000000Z
2026-06-23T15:30:00.000000Z,1652.469970703125,1658.719970703125,1651.8399658203125,1653.550048828125,92606464,2026-06-23T15:45:00.000000Z
2026-06-23T15:45:00.000000Z,1653.52001953125,1657.510009765625,1649.2099609375,1657.510009765625,65717248,2026-06-23T16:00:00.000000Z
2026-06-23T16:00:00.000000Z,1657.5899658203125,1671.280029296875,1656.010009765625,1665.800048828125,65777664,2026-06-23T16:15:00.000000Z
2026-06-23T16:15:00.000000Z,1666.6400146484375,1666.6400146484375,1659.0400390625,1659.949951171875,124134400,2026-06-23T16:30:00.000000Z
2026-06-23T16:30:00.000000Z,1659.47998046875,1660.8900146484375,1658.4200439453125,1660.3599853515625,97842176,2026-06-23T16:45:00.000000Z
2026-06-23T16:45:00.000000Z,1660.47998046875,1660.949951171875,1656.260009765625,1657.43994140625,0,2026-06-23T17:00:00.000000Z
2026-06-23T17:00:00.000000Z,1657.5,1658.8900146484375,1654.0999755859375,1655.6300048828125,6405120,2026-06-23T17:15:00.000000Z
2026-06-23T17:15:00.000000Z,1655.9200439453125,1661.050048828125,1655.56005859375,1660.4100341796875,510563328,2026-06-23T17:30:00.000000Z
2026-06-23T17:30:00.000000Z,1661,1662.5999755859375,1655.3900146484375,1657.199951171875,28767232,2026-06-23T17:45:00.000000Z
2026-06-23T17:45:00.000000Z,1657.1300048828125,1658.239990234375,1652.489990234375,1654.52001953125,0,2026-06-23T18:00:00.000000Z
2026-06-23T18:00:00.000000Z,1654.9200439453125,1658.4000244140625,1652.969970703125,1655.9100341796875,0,2026-06-23T18:15:00.000000Z
2026-06-23T18:15:00.000000Z,1655.699951171875,1657.5799560546875,1654.02001953125,1655.0999755859375,1005626368,2026-06-23T18:30:00.000000Z
2026-06-23T18:30:00.000000Z,1654.6600341796875,1654.8399658203125,1647.77001953125,1648.6300048828125,481646592,2026-06-23T18:45:00.000000Z
2026-06-23T18:45:00.000000Z,1648.469970703125,1655.1099853515625,1647.43994140625,1653.239990234375,118475776,2026-06-23T19:00:00.000000Z
2026-06-23T19:00:00.000000Z,1653.0400390625,1659.530029296875,1652.9000244140625,1657.4599609375,1384448,2026-06-23T19:15:00.000000Z
2026-06-23T19:15:00.000000Z,1657.3599853515625,1659.780029296875,1654.0999755859375,1659.6099853515625,105836544,2026-06-23T19:30:00.000000Z
2026-06-23T19:30:00.000000Z,1659.5699462890625,1660.719970703125,1655.6300048828125,1655.6300048828125,76831744,2026-06-23T19:45:00.000000Z
2026-06-23T19:45:00.000000Z,1655.75,1661.8499755859375,1654.699951171875,1660.9300537109375,476172288,2026-06-23T20:00:00.000000Z
2026-06-23T20:00:00.000000Z,1660.8800048828125,1665.1500244140625,1660.719970703125,1661.9300537109375,30942208,2026-06-23T20:15:00.000000Z
2026-06-23T20:15:00.000000Z,1661.9300537109375,1663.030029296875,1660.0999755859375,1661.800048828125,120729600,2026-06-23T20:30:00.000000Z
2026-06-23T20:30:00.000000Z,1661.6099853515625,1661.6800537109375,1659.719970703125,1660.81005859375,70837248,2026-06-23T20:45:00.000000Z
2026-06-23T20:45:00.000000Z,1660.47998046875,1662.1400146484375,1659.5400390625,1661.93994140625,17242112,2026-06-23T21:00:00.000000Z
2026-06-23T21:00:00.000000Z,1662.030029296875,1665.3599853515625,1661.27001953125,1662.8800048828125,485069824,2026-06-23T21:15:00.000000Z
2026-06-23T21:15:00.000000Z,1662.8800048828125,1664.800048828125,1662.1600341796875,1664.780029296875,33929216,2026-06-23T21:30:00.000000Z
2026-06-23T21:30:00.000000Z,1664.81005859375,1665.280029296875,1663.4200439453125,1664.760009765625,87099392,2026-06-23T21:45:00.000000Z
2026-06-23T21:45:00.000000Z,1664.6800537109375,1666.0699462890625,1663.68994140625,1664.47998046875,18174976,2026-06-23T22:00:00.000000Z
2026-06-23T22:00:00.000000Z,1664.25,1669.68994140625,1664.1400146484375,1669.0799560546875,3245056,2026-06-23T22:15:00.000000Z
2026-06-23T22:15:00.000000Z,1669,1670.6199951171875,1661.8299560546875,1663.25,107625472,2026-06-23T22:30:00.000000Z
2026-06-23T22:30:00.000000Z,1663.3800048828125,1664.3199462890625,1660.780029296875,1661.510009765625,0,2026-06-23T22:45:00.000000Z
2026-06-23T22:45:00.000000Z,1661.469970703125,1663.6600341796875,1660.7900390625,1662.47998046875,5319680,2026-06-23T23:00:00.000000Z
2026-06-23T23:00:00.000000Z,1662.239990234375,1662.239990234375,1658.25,1659.3399658203125,0,2026-06-23T23:15:00.000000Z
2026-06-23T23:15:00.000000Z,1659.760009765625,1663.6099853515625,1659.760009765625,1661.9100341796875,329466880,2026-06-23T23:30:00.000000Z
2026-06-23T23:30:00.000000Z,1662.0799560546875,1662.800048828125,1659.9100341796875,1660.5,12611584,2026-06-23T23:45:00.000000Z
2026-06-23T23:45:00.000000Z,1660.469970703125,1666.719970703125,1660.469970703125,1665.050048828125,237663232,2026-06-24T00:00:00.000000Z
2026-06-24T00:00:00.000000Z,1664.9100341796875,1670.25,1664.9100341796875,1669.030029296875,456860672,2026-06-24T00:15:00.000000Z
2026-06-24T00:15:00.000000Z,1669.43994140625,1670.199951171875,1665.739990234375,1666.6600341796875,284071936,2026-06-24T00:30:00.000000Z
2026-06-24T00:30:00.000000Z,1667.0400390625,1672.1600341796875,1665.239990234375,1668.43994140625,7956480,2026-06-24T00:45:00.000000Z
2026-06-24T00:45:00.000000Z,1668.4000244140625,1671.199951171875,1666.6600341796875,1669.1099853515625,18074624,2026-06-24T01:00:00.000000Z
2026-06-24T01:00:00.000000Z,1668.9000244140625,1670.3399658203125,1664.219970703125,1670.2099609375,476713984,2026-06-24T01:15:00.000000Z
2026-06-24T01:15:00.000000Z,1670.010009765625,1670.1800537109375,1663.8499755859375,1669.300048828125,126675968,2026-06-24T01:30:00.000000Z
2026-06-24T01:30:00.000000Z,1669.5699462890625,1677.4000244140625,1669.489990234375,1672.4000244140625,228806656,2026-06-24T01:45:00.000000Z
2026-06-24T01:45:00.000000Z,1673,1675.1600341796875,1670.1300048828125,1670.5,102024192,2026-06-24T02:00:00.000000Z
2026-06-24T02:00:00.000000Z,1670.8299560546875,1671.530029296875,1666.6400146484375,1669.7099609375,88584192,2026-06-24T02:15:00.000000Z
2026-06-24T02:15:00.000000Z,1669.68994140625,1669.68994140625,1662.8499755859375,1665.510009765625,93030400,2026-06-24T02:30:00.000000Z
2026-06-24T02:30:00.000000Z,1665.47998046875,1667.1500244140625,1661.31005859375,1665.6300048828125,36458496,2026-06-24T02:45:00.000000Z
2026-06-24T02:45:00.000000Z,1665.699951171875,1665.989990234375,1661.5,1661.75,92900352,2026-06-24T03:00:00.000000Z
2026-06-24T03:00:00.000000Z,1662.5999755859375,1663.1800537109375,1660.1800537109375,1661.6300048828125,454052864,2026-06-24T03:15:00.000000Z
2026-06-24T03:15:00.000000Z,1661.1500244140625,1661.8399658203125,1656,1661.81005859375,161590272,2026-06-24T03:30:00.000000Z
2026-06-24T03:30:00.000000Z,1661.969970703125,1666.9200439453125,1661.7900390625,1665.969970703125,490480640,2026-06-24T03:45:00.000000Z
2026-06-24T03:45:00.000000Z,1666.22998046875,1667.52001953125,1664.010009765625,1664.5999755859375,275971072,2026-06-24T04:00:00.000000Z
2026-06-24T04:00:00.000000Z,1664.719970703125,1665.0400390625,1661.7900390625,1662.6199951171875,558945280,2026-06-24T04:15:00.000000Z
2026-06-24T04:15:00.000000Z,1663,1664.239990234375,1656.0899658203125,1657.43994140625,127115264,2026-06-24T04:30:00.000000Z
2026-06-24T04:30:00.000000Z,1657.550048828125,1663.6199951171875,1657.510009765625,1662.3199462890625,222813184,2026-06-24T04:45:00.000000Z
2026-06-24T04:45:00.000000Z,1662.4300537109375,1668.739990234375,1662.4300537109375,1666.6600341796875,317220864,2026-06-24T05:00:00.000000Z
2026-06-24T05:00:00.000000Z,1667.6700439453125,1669.5999755859375,1665.6700439453125,1667.1199951171875,0,2026-06-24T05:15:00.000000Z
2026-06-24T05:15:00.000000Z,1667.3699951171875,1671.27001953125,1667.1300048828125,1670.9599609375,4002816,2026-06-24T05:30:00.000000Z
2026-06-24T05:30:00.000000Z,1670.8599853515625,1676.8699951171875,1670.1600341796875,1673.489990234375,551019520,2026-06-24T05:45:00.000000Z
2026-06-24T05:45:00.000000Z,1673.5,1674.4000244140625,1670.5799560546875,1672.1500244140625,281241600,2026-06-24T06:00:00.000000Z
2026-06-24T06:00:00.000000Z,1672.3199462890625,1672.8499755859375,1668.3800048828125,1671.3900146484375,506123264,2026-06-24T06:15:00.000000Z
2026-06-24T06:15:00.000000Z,1671.280029296875,1674.4000244140625,1670.25,1672.780029296875,0,2026-06-24T06:30:00.000000Z
2026-06-24T06:30:00.000000Z,1673.3299560546875,1674.550048828125,1672.1199951171875,1672.1199951171875,19841024,2026-06-24T06:45:00.000000Z
2026-06-24T06:45:00.000000Z,1671.68994140625,1674,1670.489990234375,1672.4100341796875,328704,2026-06-24T07:00:00.000000Z
2026-06-24T07:00:00.000000Z,1672.68994140625,1676.0899658203125,1670.56005859375,1675.8499755859375,0,2026-06-24T07:15:00.000000Z
2026-06-24T07:15:00.000000Z,1675.530029296875,1675.530029296875,1670.8399658203125,1670.93994140625,535854080,2026-06-24T07:30:00.000000Z
2026-06-24T07:30:00.000000Z,1670.8900146484375,1673.5899658203125,1668.6099853515625,1670.199951171875,14491648,2026-06-24T07:45:00.000000Z
2026-06-24T07:45:00.000000Z,1670.1300048828125,1671.56005859375,1668.8199462890625,1670.6500244140625,0,2026-06-24T08:00:00.000000Z
2026-06-24T08:00:00.000000Z,1671.02001953125,1672.199951171875,1666.9200439453125,1668.699951171875,0,2026-06-24T08:15:00.000000Z
2026-06-24T08:15:00.000000Z,1668.68994140625,1670.489990234375,1667.1800537109375,1668.199951171875,0,2026-06-24T08:30:00.000000Z
2026-06-24T08:30:00.000000Z,1668.260009765625,1673.1600341796875,1667.800048828125,1671.97998046875,0,2026-06-24T08:45:00.000000Z
2026-06-24T08:45:00.000000Z,1671.5999755859375,1672.27001953125,1670.2099609375,1671.0400390625,26248192,2026-06-24T09:00:00.000000Z
2026-06-24T09:00:00.000000Z,1671,1671.199951171875,1666.1400146484375,1668.4100341796875,1039872,2026-06-24T09:15:00.000000Z
2026-06-24T09:15:00.000000Z,1668.4200439453125,1668.5699462890625,1665.300048828125,1665.449951171875,0,2026-06-24T09:30:00.000000Z
2026-06-24T09:30:00.000000Z,1665.489990234375,1665.5,1663.0999755859375,1664.4000244140625,451750912,2026-06-24T09:45:00.000000Z
2026-06-24T09:45:00.000000Z,1664.31005859375,1666.31005859375,1663.469970703125,1664.6600341796875,4320768,2026-06-24T10:00:00.000000Z
2026-06-24T10:00:00.000000Z,1664.9000244140625,1665.1199951171875,1661.81005859375,1663.8499755859375,48198656,2026-06-24T10:15:00.000000Z
2026-06-24T10:15:00.000000Z,1663.56005859375,1665.5,1660.97998046875,1663.1400146484375,82290688,2026-06-24T10:30:00.000000Z
2026-06-24T10:30:00.000000Z,1663.3599853515625,1665.6800537109375,1661.8499755859375,1664.5799560546875,3659264,2026-06-24T10:45:00.000000Z
2026-06-24T10:45:00.000000Z,1664.4100341796875,1664.56005859375,1660.9100341796875,1661.510009765625,503323648,2026-06-24T11:00:00.000000Z
2026-06-24T11:00:00.000000Z,1661.469970703125,1662.7900390625,1656.25,1656.280029296875,3371008,2026-06-24T11:15:00.000000Z
2026-06-24T11:15:00.000000Z,1656.800048828125,1657.8800048828125,1653.5699462890625,1655.43994140625,60084736,2026-06-24T11:30:00.000000Z
2026-06-24T11:30:00.000000Z,1655.5999755859375,1667.489990234375,1655.5999755859375,1667.489990234375,514509312,2026-06-24T11:45:00.000000Z
2026-06-24T11:45:00.000000Z,1667.0699462890625,1687.02001953125,1666.4200439453125,1676.8800048828125,166771200,2026-06-24T12:00:00.000000Z
2026-06-24T12:00:00.000000Z,1677.199951171875,1678.75,1673.760009765625,1676.2099609375,504127488,2026-06-24T12:15:00.000000Z
2026-06-24T12:15:00.000000Z,1676.77001953125,1677.7099609375,1673.4200439453125,1674.56005859375,31708672,2026-06-24T12:30:00.000000Z
2026-06-24T12:30:00.000000Z,1674.7900390625,1676.030029296875,1671.77001953125,1674.3199462890625,21858816,2026-06-24T12:45:00.000000Z
2026-06-24T12:45:00.000000Z,1674.300048828125,1674.4200439453125,1668.4100341796875,1669.3699951171875,429206016,2026-06-24T13:00:00.000000Z
2026-06-24T13:00:00.000000Z,1670.010009765625,1670.010009765625,1651.0400390625,1653.52001953125,0,2026-06-24T13:15:00.000000Z
2026-06-24T13:15:00.000000Z,1654.25,1658.3199462890625,1642.199951171875,1649.6800537109375,602436096,2026-06-24T13:30:00.000000Z
2026-06-24T13:30:00.000000Z,1647.52001953125,1661.5,1642.5400390625,1645.8900146484375,117088256,2026-06-24T13:45:00.000000Z
2026-06-24T13:45:00.000000Z,1645.9000244140625,1652.739990234375,1639.22998046875,1642.6500244140625,132953088,2026-06-24T14:00:00.000000Z
2026-06-24T14:00:00.000000Z,1641.9599609375,1648,1636,1642.1400146484375,380812288,2026-06-24T14:15:00.000000Z
2026-06-24T14:15:00.000000Z,1642.9000244140625,1647.8699951171875,1636.06005859375,1646.489990234375,65767424,2026-06-24T14:30:00.000000Z
2026-06-24T14:30:00.000000Z,1646.1600341796875,1653.9300537109375,1643.5699462890625,1648.8900146484375,262280192,2026-06-24T14:45:00.000000Z
2026-06-24T14:45:00.000000Z,1647.8399658203125,1650.8800048828125,1641.0400390625,1644.77001953125,613951488,2026-06-24T15:00:00.000000Z
2026-06-24T15:00:00.000000Z,1644.5999755859375,1645.199951171875,1634.9300537109375,1637.199951171875,44388352,2026-06-24T15:15:00.000000Z
2026-06-24T15:15:00.000000Z,1636.010009765625,1648.6400146484375,1636.010009765625,1641.8299560546875,103211008,2026-06-24T15:30:00.000000Z
2026-06-24T15:30:00.000000Z,1641.6500244140625,1641.6500244140625,1623.43994140625,1624.719970703125,153066496,2026-06-24T15:45:00.000000Z
2026-06-24T15:45:00.000000Z,1623.6800537109375,1623.6800537109375,1614.699951171875,1616.4100341796875,672009216,2026-06-24T16:00:00.000000Z
2026-06-24T16:00:00.000000Z,1614.9599609375,1625.77001953125,1613.93994140625,1625.199951171875,357178368,2026-06-24T16:15:00.000000Z
2026-06-24T16:15:00.000000Z,1625.43994140625,1633.18994140625,1623.3499755859375,1629.3800048828125,49776640,2026-06-24T16:30:00.000000Z
2026-06-24T16:30:00.000000Z,1629.5400390625,1629.5999755859375,1617.75,1620.8800048828125,299255808,2026-06-24T16:45:00.000000Z
2026-06-24T16:45:00.000000Z,1620.050048828125,1620.56005859375,1583.0699462890625,1587.719970703125,1115253760,2026-06-24T17:00:00.000000Z
2026-06-24T17:00:00.000000Z,1587.4100341796875,1595.0999755859375,1581.7900390625,1585.9100341796875,560911360,2026-06-24T17:15:00.000000Z
2026-06-24T17:15:00.000000Z,1586.6400146484375,1587.719970703125,1565.5400390625,1574.260009765625,166849536,2026-06-24T17:30:00.000000Z
2026-06-24T17:30:00.000000Z,1574.27001953125,1576.4000244140625,1562.5,1565.4000244140625,640803840,2026-06-24T17:45:00.000000Z
2026-06-24T17:45:00.000000Z,1565.8900146484375,1566.9000244140625,1551.5899658203125,1558.4100341796875,271243264,2026-06-24T18:00:00.000000Z
2026-06-24T18:00:00.000000Z,1559.4100341796875,1567.280029296875,1555.3699951171875,1565.949951171875,304828416,2026-06-24T18:15:00.000000Z
2026-06-24T18:15:00.000000Z,1566.0799560546875,1581.75,1566.0799560546875,1576,348351488,2026-06-24T18:30:00.000000Z
2026-06-24T18:30:00.000000Z,1575.3900146484375,1577.5999755859375,1571.9000244140625,1573.260009765625,178185216,2026-06-24T18:45:00.000000Z
2026-06-24T18:45:00.000000Z,1573.2099609375,1573.800048828125,1565.760009765625,1569.550048828125,249436160,2026-06-24T19:00:00.000000Z
2026-06-24T19:00:00.000000Z,1570.6700439453125,1574.1600341796875,1564.8599853515625,1569.1800537109375,296988672,2026-06-24T19:15:00.000000Z
2026-06-24T19:15:00.000000Z,1568.5999755859375,1574.300048828125,1566.239990234375,1573.1300048828125,327812096,2026-06-24T19:30:00.000000Z
2026-06-24T19:30:00.000000Z,1573.1300048828125,1579.18994140625,1569.8199462890625,1577.0999755859375,157456384,2026-06-24T19:45:00.000000Z
2026-06-24T19:45:00.000000Z,1577.8399658203125,1582.4599609375,1576.0699462890625,1581.6300048828125,209411072,2026-06-24T20:00:00.000000Z
2026-06-24T20:00:00.000000Z,1581.949951171875,1609.239990234375,1577.300048828125,1608.22998046875,161044480,2026-06-24T20:15:00.000000Z
2026-06-24T20:15:00.000000Z,1608,1614.6400146484375,1605.56005859375,1610.760009765625,293264384,2026-06-24T20:30:00.000000Z
2026-06-24T20:30:00.000000Z,1610.9000244140625,1614.6400146484375,1606.7099609375,1609.8399658203125,88205312,2026-06-24T20:45:00.000000Z
2026-06-24T20:45:00.000000Z,1609.699951171875,1619.43994140625,1609.0799560546875,1611.1099853515625,237912064,2026-06-24T21:00:00.000000Z
2026-06-24T21:00:00.000000Z,1611.6400146484375,1612.4100341796875,1603.5999755859375,1607.1199951171875,599563264,2026-06-24T21:15:00.000000Z
2026-06-24T21:15:00.000000Z,1606.4599609375,1609.760009765625,1605.9200439453125,1609.2900390625,28361728,2026-06-24T21:30:00.000000Z
2026-06-24T21:30:00.000000Z,1609.239990234375,1617.2099609375,1607.8499755859375,1615.8499755859375,53015552,2026-06-24T21:45:00.000000Z
2026-06-24T21:45:00.000000Z,1615.8499755859375,1619.0899658203125,1613,1618.81005859375,680854528,2026-06-24T22:00:00.000000Z
2026-06-24T22:00:00.000000Z,1618.75,1625.3800048828125,1617.22998046875,1617.22998046875,85181440,2026-06-24T22:15:00.000000Z
2026-06-24T22:15:00.000000Z,1616.969970703125,1616.969970703125,1612.489990234375,1613.0400390625,132268032,2026-06-24T22:30:00.000000Z
2026-06-24T22:30:00.000000Z,1613.199951171875,1615.4200439453125,1612.3599853515625,1614.8599853515625,170877952,2026-06-24T22:45:00.000000Z
2026-06-24T22:45:00.000000Z,1614.780029296875,1614.780029296875,1610.9599609375,1612.75,445054976,2026-06-24T23:00:00.000000Z
2026-06-24T23:00:00.000000Z,1612.2900390625,1615,1610.989990234375,1614.1600341796875,0,2026-06-24T23:15:00.000000Z
2026-06-24T23:15:00.000000Z,1614.5,1619.699951171875,1612.81005859375,1616.949951171875,135128064,2026-06-24T23:30:00.000000Z
2026-06-24T23:30:00.000000Z,1616.72998046875,1619.4100341796875,1615.3599853515625,1617.1300048828125,219279360,2026-06-24T23:45:00.000000Z
2026-06-24T23:45:00.000000Z,1617.2099609375,1620.5,1615.31005859375,1619.719970703125,20710400,2026-06-25T00:00:00.000000Z
2026-06-25T00:00:00.000000Z,1620.1500244140625,1623.5999755859375,1619.31005859375,1622.5999755859375,401403904,2026-06-25T00:15:00.000000Z
2026-06-25T00:15:00.000000Z,1622.6400146484375,1623,1617.6500244140625,1618.030029296875,364304384,2026-06-25T00:30:00.000000Z
2026-06-25T00:30:00.000000Z,1618.010009765625,1620.31005859375,1616.3299560546875,1616.3299560546875,119792640,2026-06-25T00:45:00.000000Z
2026-06-25T00:45:00.000000Z,1616.4100341796875,1619.300048828125,1613.989990234375,1616.4000244140625,303958016,2026-06-25T01:00:00.000000Z
2026-06-25T01:00:00.000000Z,1616.47998046875,1619.300048828125,1613.02001953125,1614.3199462890625,446328832,2026-06-25T01:15:00.000000Z
2026-06-25T01:15:00.000000Z,1614.239990234375,1619.300048828125,1612.3199462890625,1616.3699951171875,88986624,2026-06-25T01:30:00.000000Z
2026-06-25T01:30:00.000000Z,1616.0400390625,1619.550048828125,1616.0400390625,1616.6800537109375,601825280,2026-06-25T01:45:00.000000Z
2026-06-25T01:45:00.000000Z,1616.6800537109375,1621.4300537109375,1615.9100341796875,1618.6199951171875,144697344,2026-06-25T02:00:00.000000Z
2026-06-25T02:00:00.000000Z,1618.18994140625,1618.739990234375,1612.3499755859375,1613.760009765625,443239424,2026-06-25T02:15:00.000000Z
2026-06-25T02:15:00.000000Z,1613.6099853515625,1617.9000244140625,1612.4599609375,1617.739990234375,308312064,2026-06-25T02:30:00.000000Z
2026-06-25T02:30:00.000000Z,1617.3800048828125,1617.3800048828125,1612.8299560546875,1613.5899658203125,46899200,2026-06-25T02:45:00.000000Z
2026-06-25T02:45:00.000000Z,1613.6600341796875,1618.800048828125,1613.3599853515625,1618.43994140625,137311232,2026-06-25T03:00:00.000000Z
2026-06-25T03:00:00.000000Z,1618.6700439453125,1621.300048828125,1615.449951171875,1616.3199462890625,21215232,2026-06-25T03:15:00.000000Z
2026-06-25T03:15:00.000000Z,1616.0899658203125,1618.199951171875,1614.52001953125,1616.56005859375,462747648,2026-06-25T03:30:00.000000Z
2026-06-25T03:30:00.000000Z,1616.25,1617.760009765625,1613.6300048828125,1614.0899658203125,476531712,2026-06-25T03:45:00.000000Z
2026-06-25T03:45:00.000000Z,1614.1600341796875,1617.8800048828125,1614.0799560546875,1616.8900146484375,139350016,2026-06-25T04:00:00.000000Z
2026-06-25T04:00:00.000000Z,1617.1300048828125,1617.7900390625,1615.030029296875,1615.4100341796875,43956224,2026-06-25T04:15:00.000000Z
2026-06-25T04:15:00.000000Z,1615.4200439453125,1618.280029296875,1614.81005859375,1616.780029296875,449241088,2026-06-25T04:30:00.000000Z
2026-06-25T04:30:00.000000Z,1616.6600341796875,1620,1614.489990234375,1620,10165248,2026-06-25T04:45:00.000000Z
2026-06-25T04:45:00.000000Z,1619.8399658203125,1633.489990234375,1619.77001953125,1632.1700439453125,488074240,2026-06-25T05:00:00.000000Z
2026-06-25T05:00:00.000000Z,1631.8499755859375,1646.5899658203125,1630.8299560546875,1642.6700439453125,337720320,2026-06-25T05:15:00.000000Z
2026-06-25T05:15:00.000000Z,1642.300048828125,1648.27001953125,1639.2900390625,1645.030029296875,272990208,2026-06-25T05:30:00.000000Z
2026-06-25T05:30:00.000000Z,1644.949951171875,1648.9200439453125,1642.52001953125,1642.52001953125,365007872,2026-06-25T05:45:00.000000Z
2026-06-25T05:45:00.000000Z,1641.8499755859375,1646.010009765625,1641.3699951171875,1643.2099609375,89230336,2026-06-25T06:00:00.000000Z
2026-06-25T06:00:00.000000Z,1643.550048828125,1646.7900390625,1641.9200439453125,1644.449951171875,83280896,2026-06-25T06:15:00.000000Z
2026-06-25T06:15:00.000000Z,1644.6700439453125,1647.6800537109375,1643.43994140625,1645.68994140625,519706624,2026-06-25T06:30:00.000000Z
2026-06-25T06:30:00.000000Z,1645.4000244140625,1652.3800048828125,1644.6099853515625,1651.81005859375,75397120,2026-06-25T06:45:00.000000Z
2026-06-25T06:45:00.000000Z,1651.8299560546875,1656.3399658203125,1649.6400146484375,1651.3399658203125,100022272,2026-06-25T07:00:00.000000Z
2026-06-25T07:00:00.000000Z,1651.449951171875,1653,1648.510009765625,1650.6700439453125,113001472,2026-06-25T07:15:00.000000Z
2026-06-25T07:15:00.000000Z,1650.4100341796875,1654.0899658203125,1650.199951171875,1652.260009765625,68884480,2026-06-25T07:30:00.000000Z
2026-06-25T07:30:00.000000Z,1652.3599853515625,1657.0899658203125,1652.260009765625,1655.6199951171875,49413120,2026-06-25T07:45:00.000000Z
2026-06-25T07:45:00.000000Z,1655.4599609375,1655.8900146484375,1652.219970703125,1654.56005859375,49242112,2026-06-25T08:00:00.000000Z
2026-06-25T08:00:00.000000Z,1654.8299560546875,1656.1800537109375,1651.949951171875,1652,43279360,2026-06-25T08:15:00.000000Z
2026-06-25T08:15:00.000000Z,1651.949951171875,1652.219970703125,1648.5799560546875,1651.010009765625,193856512,2026-06-25T08:30:00.000000Z
2026-06-25T08:30:00.000000Z,1650.510009765625,1651.050048828125,1649.260009765625,1651.050048828125,24072192,2026-06-25T08:45:00.000000Z
2026-06-25T08:45:00.000000Z,1650.68994140625,1651.8599853515625,1648.9100341796875,1649.52001953125,108824576,2026-06-25T09:00:00.000000Z
2026-06-25T09:00:00.000000Z,1650.5999755859375,1652.989990234375,1649.6800537109375,1651.1099853515625,1006469120,2026-06-25T09:15:00.000000Z
2026-06-25T09:15:00.000000Z,1650.969970703125,1651.7900390625,1644.8699951171875,1645.8399658203125,12060672,2026-06-25T09:30:00.000000Z
2026-06-25T09:30:00.000000Z,1645.719970703125,1647.949951171875,1644.9599609375,1645.9000244140625,181373952,2026-06-25T09:45:00.000000Z
2026-06-25T09:45:00.000000Z,1645.8299560546875,1646.6400146484375,1644.1800537109375,1646.1800537109375,500998144,2026-06-25T10:00:00.000000Z
2026-06-25T10:00:00.000000Z,1646.199951171875,1646.9100341796875,1644.219970703125,1645.8800048828125,106120192,2026-06-25T10:15:00.000000Z
2026-06-25T10:15:00.000000Z,1645.8399658203125,1647.300048828125,1640.31005859375,1640.9300537109375,283420672,2026-06-25T10:30:00.000000Z
2026-06-25T10:30:00.000000Z,1641.5999755859375,1641.5999755859375,1634.6800537109375,1634.6800537109375,158274560,2026-06-25T10:45:00.000000Z
2026-06-25T10:45:00.000000Z,1634.260009765625,1636.0999755859375,1631.6700439453125,1634.219970703125,706295808,2026-06-25T11:00:00.000000Z
2026-06-25T11:00:00.000000Z,1634.5999755859375,1636.0400390625,1625.6800537109375,1634.3800048828125,111077376,2026-06-25T11:15:00.000000Z
2026-06-25T11:15:00.000000Z,1634.219970703125,1636.510009765625,1627.760009765625,1628.3800048828125,0,2026-06-25T11:30:00.000000Z
2026-06-25T11:30:00.000000Z,1628.8199462890625,1632.469970703125,1628.8199462890625,1629.6099853515625,348228608,2026-06-25T11:45:00.000000Z
2026-06-25T11:45:00.000000Z,1629.760009765625,1630.780029296875,1626.280029296875,1630.6700439453125,595900416,2026-06-25T12:00:00.000000Z
2026-06-25T12:00:00.000000Z,1630.72998046875,1632.02001953125,1627.199951171875,1629.1500244140625,128032768,2026-06-25T12:15:00.000000Z
2026-06-25T12:15:00.000000Z,1628.7900390625,1629.1800537109375,1622.52001953125,1624.050048828125,122181632,2026-06-25T12:30:00.000000Z
2026-06-25T12:30:00.000000Z,1625.27001953125,1645.800048828125,1625.27001953125,1634.7099609375,551373824,2026-06-25T12:45:00.000000Z
2026-06-25T12:45:00.000000Z,1634.4000244140625,1637.969970703125,1631.9000244140625,1632.8900146484375,139004928,2026-06-25T13:00:00.000000Z
2026-06-25T13:00:00.000000Z,1633.22998046875,1637.4000244140625,1631.8599853515625,1635.8599853515625,306469888,2026-06-25T13:15:00.000000Z
2026-06-25T13:15:00.000000Z,1635.4300537109375,1636.3499755859375,1630.3499755859375,1631.699951171875,0,2026-06-25T13:30:00.000000Z
2026-06-25T13:30:00.000000Z,1632.199951171875,1634,1589.219970703125,1589.8599853515625,434370560,2026-06-25T13:45:00.000000Z
2026-06-25T13:45:00.000000Z,1591.6600341796875,1595.52001953125,1530.6800537109375,1532,937344000,2026-06-25T14:00:00.000000Z
2026-06-25T14:00:00.000000Z,1536.8499755859375,1571.530029296875,1536.8499755859375,1562.489990234375,671974400,2026-06-25T14:15:00.000000Z
2026-06-25T14:15:00.000000Z,1564.260009765625,1567.8499755859375,1548.989990234375,1561.4100341796875,321304576,2026-06-25T14:30:00.000000Z
2026-06-25T14:30:00.000000Z,1562.199951171875,1588.550048828125,1557.510009765625,1564.6400146484375,855977984,2026-06-25T14:45:00.000000Z
2026-06-25T14:45:00.000000Z,1565.1800537109375,1575.719970703125,1561.31005859375,1565.8199462890625,17717248,2026-06-25T15:00:00.000000Z
2026-06-25T15:00:00.000000Z,1565.8199462890625,1565.8199462890625,1551,1551.8699951171875,626169856,2026-06-25T15:15:00.000000Z
2026-06-25T15:15:00.000000Z,1551.6400146484375,1563.1300048828125,1542.9000244140625,1558.5,314781696,2026-06-25T15:30:00.000000Z
2026-06-25T15:30:00.000000Z,1558.8900146484375,1563.81005859375,1553.1300048828125,1557.550048828125,531779584,2026-06-25T15:45:00.000000Z
2026-06-25T15:45:00.000000Z,1557.449951171875,1570.1800537109375,1556.6400146484375,1567,0,2026-06-25T16:00:00.000000Z
2026-06-25T16:00:00.000000Z,1568.06005859375,1584.68994140625,1565.56005859375,1575.0899658203125,0,2026-06-25T16:15:00.000000Z
2026-06-25T16:15:00.000000Z,1575.3499755859375,1575.8800048828125,1570.3399658203125,1573.9599609375,715780096,2026-06-25T16:30:00.000000Z
2026-06-25T16:30:00.000000Z,1573.739990234375,1573.739990234375,1559.280029296875,1560.5899658203125,752945152,2026-06-25T16:45:00.000000Z
2026-06-25T16:45:00.000000Z,1561.050048828125,1561.0699462890625,1555.6500244140625,1559.4300537109375,151627776,2026-06-25T17:00:00.000000Z
2026-06-25T17:00:00.000000Z,1560.050048828125,1566.469970703125,1554.9000244140625,1565.199951171875,169654272,2026-06-25T17:15:00.000000Z
2026-06-25T17:15:00.000000Z,1565.8299560546875,1572.2900390625,1562.5899658203125,1567.5999755859375,557461504,2026-06-25T17:30:00.000000Z
2026-06-25T17:30:00.000000Z,1568.0400390625,1571.77001953125,1566.43994140625,1567.3499755859375,15249408,2026-06-25T17:45:00.000000Z
2026-06-25T17:45:00.000000Z,1566.8599853515625,1572.300048828125,1563.969970703125,1571.9300537109375,0,2026-06-25T18:00:00.000000Z
2026-06-25T18:00:00.000000Z,1572.6500244140625,1574.9300537109375,1562.56005859375,1562.5899658203125,537792512,2026-06-25T18:15:00.000000Z
2026-06-25T18:15:00.000000Z,1562.6199951171875,1573.530029296875,1562.3800048828125,1570.6800537109375,0,2026-06-25T18:30:00.000000Z
2026-06-25T18:30:00.000000Z,1570.93994140625,1570.93994140625,1558.6400146484375,1560.949951171875,0,2026-06-25T18:45:00.000000Z
2026-06-25T18:45:00.000000Z,1560.8699951171875,1567.5999755859375,1558.4100341796875,1564.4599609375,440243200,2026-06-25T19:00:00.000000Z
2026-06-25T19:00:00.000000Z,1565.02001953125,1565.02001953125,1554.75,1556.969970703125,0,2026-06-25T19:15:00.000000Z
2026-06-25T19:15:00.000000Z,1556.4100341796875,1558.2099609375,1552.8399658203125,1557.2900390625,205889536,2026-06-25T19:30:00.000000Z
2026-06-25T19:30:00.000000Z,1557.199951171875,1559.8699951171875,1555.56005859375,1556.02001953125,49354752,2026-06-25T19:45:00.000000Z
2026-06-25T19:45:00.000000Z,1555.469970703125,1558.1700439453125,1552.6400146484375,1556.0799560546875,435400704,2026-06-25T20:00:00.000000Z
2026-06-25T20:00:00.000000Z,1558.050048828125,1567.43994140625,1556.9100341796875,1564.27001953125,56545280,2026-06-25T20:15:00.000000Z
2026-06-25T20:15:00.000000Z,1564.4599609375,1567.8800048828125,1564.3199462890625,1564.760009765625,0,2026-06-25T20:30:00.000000Z
2026-06-25T20:30:00.000000Z,1564.6800537109375,1565.77001953125,1558.1400146484375,1560.7900390625,0,2026-06-25T20:45:00.000000Z
2026-06-25T20:45:00.000000Z,1560.489990234375,1560.7099609375,1554.1500244140625,1557.72998046875,478664704,2026-06-25T21:00:00.000000Z
2026-06-25T21:00:00.000000Z,1557.6099853515625,1562.030029296875,1557.4599609375,1561.949951171875,160921600,2026-06-25T21:15:00.000000Z
2026-06-25T21:15:00.000000Z,1562.02001953125,1565.97998046875,1560.550048828125,1565.550048828125,0,2026-06-25T21:30:00.000000Z
2026-06-25T21:30:00.000000Z,1565.3800048828125,1574.800048828125,1565.1099853515625,1572.5,304798720,2026-06-25T21:45:00.000000Z
2026-06-25T21:45:00.000000Z,1572.1199951171875,1580.31005859375,1570.6500244140625,1578.280029296875,405999616,2026-06-25T22:00:00.000000Z
2026-06-25T22:00:00.000000Z,1577.969970703125,1580.719970703125,1567.449951171875,1567.449951171875,0,2026-06-25T22:15:00.000000Z
2026-06-25T22:15:00.000000Z,1568.06005859375,1571.1199951171875,1564.0999755859375,1566.3199462890625,920975360,2026-06-25T22:30:00.000000Z
2026-06-25T22:30:00.000000Z,1565.9200439453125,1570.1500244140625,1565.8299560546875,1568.469970703125,26460160,2026-06-25T22:45:00.000000Z
2026-06-25T22:45:00.000000Z,1568.469970703125,1570.6500244140625,1565.8399658203125,1567.68994140625,29832192,2026-06-25T23:00:00.000000Z
2026-06-25T23:00:00.000000Z,1567.5,1570.3499755859375,1565.18994140625,1570.0899658203125,0,2026-06-25T23:15:00.000000Z
2026-06-25T23:15:00.000000Z,1570.1199951171875,1576.3699951171875,1569.780029296875,1575.010009765625,855819264,2026-06-25T23:30:00.000000Z
2026-06-25T23:30:00.000000Z,1574.8199462890625,1577.1400146484375,1568.6099853515625,1569.5999755859375,19232768,2026-06-25T23:45:00.000000Z
2026-06-25T23:45:00.000000Z,1569.22998046875,1569.22998046875,1562.1800537109375,1564.8599853515625,566213632,2026-06-26T00:00:00.000000Z
2026-06-26T00:00:00.000000Z,1565.4599609375,1569.18994140625,1565.199951171875,1568.68994140625,464116736,2026-06-26T00:15:00.000000Z
2026-06-26T00:15:00.000000Z,1568.52001953125,1568.699951171875,1563.6600341796875,1566.449951171875,0,2026-06-26T00:30:00.000000Z
2026-06-26T00:30:00.000000Z,1566.47998046875,1568.800048828125,1564.0699462890625,1566.68994140625,153056256,2026-06-26T00:45:00.000000Z
2026-06-26T00:45:00.000000Z,1566.6199951171875,1567.0999755859375,1561.300048828125,1562.1800537109375,6773760,2026-06-26T01:00:00.000000Z
2026-06-26T01:00:00.000000Z,1562.1800537109375,1565.97998046875,1556.8199462890625,1562.43994140625,609191936,2026-06-26T01:15:00.000000Z
2026-06-26T01:15:00.000000Z,1562.1700439453125,1564.949951171875,1555,1555.280029296875,40732672,2026-06-26T01:30:00.000000Z
2026-06-26T01:30:00.000000Z,1555.3299560546875,1558.489990234375,1553.18994140625,1556.199951171875,531489792,2026-06-26T01:45:00.000000Z
2026-06-26T01:45:00.000000Z,1556.0999755859375,1560.06005859375,1555.300048828125,1557.72998046875,36391936,2026-06-26T02:00:00.000000Z
2026-06-26T02:00:00.000000Z,1558.4000244140625,1558.4000244140625,1519.68994140625,1520.25,509309952,2026-06-26T02:15:00.000000Z
2026-06-26T02:15:00.000000Z,1519.9000244140625,1535.8499755859375,1517.3399658203125,1535.31005859375,278804480,2026-06-26T02:30:00.000000Z
2026-06-26T02:30:00.000000Z,1534.6199951171875,1539.1800537109375,1529.550048828125,1533.739990234375,673673216,2026-06-26T02:45:00.000000Z
2026-06-26T02:45:00.000000Z,1532.7900390625,1533.1400146484375,1520.4000244140625,1522.06005859375,106768384,2026-06-26T03:00:00.000000Z
2026-06-26T03:00:00.000000Z,1522.449951171875,1531.8299560546875,1510,1530.3499755859375,114961408,2026-06-26T03:15:00.000000Z
2026-06-26T03:15:00.000000Z,1529.760009765625,1533.5999755859375,1523.199951171875,1530.1700439453125,684021760,2026-06-26T03:30:00.000000Z
2026-06-26T03:30:00.000000Z,1530.1400146484375,1538,1526.780029296875,1537.719970703125,157405184,2026-06-26T03:45:00.000000Z
2026-06-26T03:45:00.000000Z,1537.469970703125,1560.75,1537.469970703125,1555.449951171875,689510400,2026-06-26T04:00:00.000000Z
2026-06-26T04:00:00.000000Z,1555.300048828125,1555.8599853515625,1550.530029296875,1552.9100341796875,772559872,2026-06-26T04:15:00.000000Z
2026-06-26T04:15:00.000000Z,1552.6800537109375,1558.5,1548.1500244140625,1550.5,34490368,2026-06-26T04:30:00.000000Z
2026-06-26T04:30:00.000000Z,1549.800048828125,1551.949951171875,1547.02001953125,1550.1600341796875,230404096,2026-06-26T04:45:00.000000Z
2026-06-26T04:45:00.000000Z,1550.699951171875,1550.699951171875,1545.3499755859375,1547.3900146484375,586477568,2026-06-26T05:00:00.000000Z
2026-06-26T05:00:00.000000Z,1548,1550.52001953125,1546.300048828125,1550.52001953125,0,2026-06-26T05:15:00.000000Z
2026-06-26T05:15:00.000000Z,1550.699951171875,1556.489990234375,1548.4599609375,1554.699951171875,134639616,2026-06-26T05:30:00.000000Z
2026-06-26T05:30:00.000000Z,1555.56005859375,1556.6600341796875,1552.5999755859375,1552.8699951171875,80889856,2026-06-26T05:45:00.000000Z
2026-06-26T05:45:00.000000Z,1552.969970703125,1554.7900390625,1549.800048828125,1553.27001953125,192649216,2026-06-26T06:00:00.000000Z
2026-06-26T06:00:00.000000Z,1552.77001953125,1553.1400146484375,1541.7900390625,1543.97998046875,438077440,2026-06-26T06:15:00.000000Z
2026-06-26T06:15:00.000000Z,1544.1600341796875,1558.68994140625,1543.6800537109375,1557.9000244140625,299399168,2026-06-26T06:30:00.000000Z
2026-06-26T06:30:00.000000Z,1557.8599853515625,1570.300048828125,1555.5,1570.219970703125,383259648,2026-06-26T06:45:00.000000Z
2026-06-26T06:45:00.000000Z,1569.1800537109375,1571.22998046875,1565.6800537109375,1568.6600341796875,42881024,2026-06-26T07:00:00.000000Z
2026-06-26T07:00:00.000000Z,1568.8800048828125,1575.3800048828125,1568.22998046875,1574.9200439453125,461005824,2026-06-26T07:15:00.000000Z
2026-06-26T07:15:00.000000Z,1574.6199951171875,1578.4200439453125,1573.75,1576.0899658203125,484954112,2026-06-26T07:30:00.000000Z
2026-06-26T07:30:00.000000Z,1576.27001953125,1583.6199951171875,1575.81005859375,1578.739990234375,185167872,2026-06-26T07:45:00.000000Z
2026-06-26T07:45:00.000000Z,1577.3699951171875,1580.699951171875,1577.3699951171875,1578.780029296875,696512512,2026-06-26T08:00:00.000000Z
2026-06-26T08:00:00.000000Z,1578.8800048828125,1579.949951171875,1569.1300048828125,1570.8599853515625,341903360,2026-06-26T08:15:00.000000Z
2026-06-26T08:15:00.000000Z,1571.5999755859375,1572.9300537109375,1568.1300048828125,1570.5999755859375,198627328,2026-06-26T08:30:00.000000Z
2026-06-26T08:30:00.000000Z,1570.4599609375,1570.989990234375,1564.3900146484375,1564.4100341796875,208867328,2026-06-26T08:45:00.000000Z
2026-06-26T08:45:00.000000Z,1564.8399658203125,1566.9000244140625,1561.4000244140625,1564.0999755859375,211030016,2026-06-26T09:00:00.000000Z
2026-06-26T09:00:00.000000Z,1564.56005859375,1564.56005859375,1558.02001953125,1561.030029296875,211286016,2026-06-26T09:15:00.000000Z
2026-06-26T09:15:00.000000Z,1560.68994140625,1561,1558.300048828125,1560.3299560546875,8472576,2026-06-26T09:30:00.000000Z
2026-06-26T09:30:00.000000Z,1560.3699951171875,1564.6300048828125,1558.52001953125,1561.219970703125,53633024,2026-06-26T09:45:00.000000Z
2026-06-26T09:45:00.000000Z,1561.1400146484375,1561.969970703125,1547.199951171875,1550.77001953125,70866944,2026-06-26T10:00:00.000000Z
2026-06-26T10:00:00.000000Z,1550.8800048828125,1552.5899658203125,1547.3399658203125,1550.489990234375,75913216,2026-06-26T10:15:00.000000Z
2026-06-26T10:15:00.000000Z,1550.6199951171875,1553.22998046875,1549.27001953125,1550.8499755859375,209876992,2026-06-26T10:30:00.000000Z
2026-06-26T10:30:00.000000Z,1551.27001953125,1552.52001953125,1542.510009765625,1547.5899658203125,331888640,2026-06-26T10:45:00.000000Z
2026-06-26T10:45:00.000000Z,1547.1800537109375,1548.3499755859375,1543.5400390625,1545.93994140625,639334400,2026-06-26T11:00:00.000000Z
2026-06-26T11:00:00.000000Z,1545.8900146484375,1552.7099609375,1544.9000244140625,1549.010009765625,987121664,2026-06-26T11:15:00.000000Z
2026-06-26T11:15:00.000000Z,1548.6500244140625,1548.989990234375,1543.1800537109375,1543.949951171875,30502912,2026-06-26T11:30:00.000000Z
2026-06-26T11:30:00.000000Z,1544.1800537109375,1547.6199951171875,1543.4100341796875,1544.949951171875,648867840,2026-06-26T11:45:00.000000Z
2026-06-26T11:45:00.000000Z,1544.22998046875,1545.6700439453125,1539.0899658203125,1543.0799560546875,36186112,2026-06-26T12:00:00.000000Z
2026-06-26T12:00:00.000000Z,1543.2099609375,1546.9000244140625,1540.5899658203125,1543.3800048828125,736825344,2026-06-26T12:15:00.000000Z
2026-06-26T12:15:00.000000Z,1543.8299560546875,1549.510009765625,1543.3499755859375,1549.510009765625,574226432,2026-06-26T12:30:00.000000Z
2026-06-26T12:30:00.000000Z,1549.239990234375,1557.97998046875,1526.1199951171875,1528.3499755859375,211591168,2026-06-26T12:45:00.000000Z
2026-06-26T12:45:00.000000Z,1527.5699462890625,1540.6600341796875,1525.760009765625,1533.6700439453125,120942592,2026-06-26T13:00:00.000000Z
2026-06-26T13:00:00.000000Z,1534.4599609375,1538.3599853515625,1528.6500244140625,1532.6300048828125,540905472,2026-06-26T13:15:00.000000Z
2026-06-26T13:15:00.000000Z,1532.6300048828125,1533.949951171875,1520.4599609375,1531.0699462890625,604184576,2026-06-26T13:30:00.000000Z
2026-06-26T13:30:00.000000Z,1530.719970703125,1545.47998046875,1527.0799560546875,1544.739990234375,35072000,2026-06-26T13:45:00.000000Z
2026-06-26T13:45:00.000000Z,1543.9200439453125,1567.4000244140625,1540.0899658203125,1566.0899658203125,245254144,2026-06-26T14:00:00.000000Z
2026-06-26T14:00:00.000000Z,1566.5400390625,1570.25,1557.280029296875,1563.47998046875,0,2026-06-26T14:15:00.000000Z
2026-06-26T14:15:00.000000Z,1563.5799560546875,1572.72998046875,1559.050048828125,1567.4100341796875,94747648,2026-06-26T14:30:00.000000Z
2026-06-26T14:30:00.000000Z,1565.9599609375,1568.199951171875,1553,1555.2900390625,1431552,2026-06-26T14:45:00.000000Z
2026-06-26T14:45:00.000000Z,1555.1400146484375,1567.3699951171875,1551.31005859375,1557.719970703125,125858816,2026-06-26T15:00:00.000000Z
2026-06-26T15:00:00.000000Z,1557.6500244140625,1572.81005859375,1556.9100341796875,1565.1099853515625,425815040,2026-06-26T15:15:00.000000Z
2026-06-26T15:15:00.000000Z,1564.239990234375,1583.9200439453125,1563.47998046875,1577.6700439453125,364993536,2026-06-26T15:30:00.000000Z
2026-06-26T15:30:00.000000Z,1578.1500244140625,1585.550048828125,1576.4000244140625,1582.75,257004544,2026-06-26T15:45:00.000000Z
2026-06-26T15:45:00.000000Z,1583.469970703125,1583.469970703125,1571.4100341796875,1578,891210752,2026-06-26T16:00:00.000000Z
2026-06-26T16:00:00.000000Z,1578.6099853515625,1589.6099853515625,1576.02001953125,1576.969970703125,11671552,2026-06-26T16:15:00.000000Z
2026-06-26T16:15:00.000000Z,1577.4300537109375,1579.800048828125,1570.530029296875,1573.1099853515625,99378176,2026-06-26T16:30:00.000000Z
2026-06-26T16:30:00.000000Z,1573.56005859375,1585.260009765625,1573.56005859375,1577.050048828125,158080000,2026-06-26T16:45:00.000000Z
2026-06-26T16:45:00.000000Z,1577.239990234375,1579.3299560546875,1573.9200439453125,1575.18994140625,41574400,2026-06-26T17:00:00.000000Z
2026-06-26T17:00:00.000000Z,1574.3499755859375,1584.969970703125,1574.050048828125,1583.550048828125,486976512,2026-06-26T17:15:00.000000Z
2026-06-26T17:15:00.000000Z,1583.949951171875,1586.280029296875,1580.22998046875,1583.760009765625,178677760,2026-06-26T17:30:00.000000Z
2026-06-26T17:30:00.000000Z,1584.1300048828125,1585.5400390625,1577.43994140625,1581.199951171875,128317440,2026-06-26T17:45:00.000000Z
2026-06-26T17:45:00.000000Z,1582.010009765625,1583.9000244140625,1578.31005859375,1579.6300048828125,156320768,2026-06-26T18:00:00.000000Z
2026-06-26T18:00:00.000000Z,1579.8599853515625,1583.2099609375,1579.1500244140625,1580.1600341796875,422947840,2026-06-26T18:15:00.000000Z
2026-06-26T18:15:00.000000Z,1580.4200439453125,1581.02001953125,1572.3900146484375,1573.02001953125,136808448,2026-06-26T18:30:00.000000Z
2026-06-26T18:30:00.000000Z,1572.949951171875,1575.3399658203125,1571.5899658203125,1574.550048828125,5639168,2026-06-26T18:45:00.000000Z
2026-06-26T18:45:00.000000Z,1574.02001953125,1574.02001953125,1568.3399658203125,1570.3900146484375,713516032,2026-06-26T19:00:00.000000Z
2026-06-26T19:00:00.000000Z,1570.56005859375,1581.4000244140625,1567.699951171875,1578.5,234259456,2026-06-26T19:15:00.000000Z
2026-06-26T19:15:00.000000Z,1578.7099609375,1579.1400146484375,1575.3599853515625,1576,47634432,2026-06-26T19:30:00.000000Z
2026-06-26T19:30:00.000000Z,1576.0999755859375,1580.6300048828125,1575,1576.02001953125,792638464,2026-06-26T19:45:00.000000Z
2026-06-26T19:45:00.000000Z,1576.3699951171875,1577.9000244140625,1574.4000244140625,1574.4000244140625,146788352,2026-06-26T20:00:00.000000Z
2026-06-26T20:00:00.000000Z,1573.4300537109375,1580.6700439453125,1571.8800048828125,1573.0999755859375,192029696,2026-06-26T20:15:00.000000Z
2026-06-26T20:15:00.000000Z,1573.0799560546875,1576.93994140625,1573.0799560546875,1576.3499755859375,38532096,2026-06-26T20:30:00.000000Z
2026-06-26T20:30:00.000000Z,1576.4200439453125,1576.4200439453125,1566.010009765625,1566.1500244140625,64948224,2026-06-26T20:45:00.000000Z
2026-06-26T20:45:00.000000Z,1565.9100341796875,1570.6099853515625,1565.6199951171875,1568.300048828125,499687424,2026-06-26T21:00:00.000000Z
2026-06-26T21:00:00.000000Z,1568.239990234375,1571.43994140625,1566.0999755859375,1571.280029296875,487654400,2026-06-26T21:15:00.000000Z
2026-06-26T21:15:00.000000Z,1571.1300048828125,1572.47998046875,1569.6800537109375,1572.3499755859375,227247104,2026-06-26T21:30:00.000000Z
2026-06-26T21:30:00.000000Z,1572.68994140625,1575.8599853515625,1571.0999755859375,1575.27001953125,10575872,2026-06-26T21:45:00.000000Z
2026-06-26T21:45:00.000000Z,1575.800048828125,1576.530029296875,1573,1573.1099853515625,153636864,2026-06-26T22:00:00.000000Z
2026-06-26T22:00:00.000000Z,1572.550048828125,1573.5,1567.260009765625,1572.8599853515625,83888128,2026-06-26T22:15:00.000000Z
2026-06-26T22:15:00.000000Z,1572.8599853515625,1573.97998046875,1570.9599609375,1570.9599609375,508188672,2026-06-26T22:30:00.000000Z
2026-06-26T22:30:00.000000Z,1570.3499755859375,1574.6700439453125,1569.239990234375,1573.9300537109375,0,2026-06-26T22:45:00.000000Z
2026-06-26T22:45:00.000000Z,1573.9200439453125,1576.8900146484375,1572.5799560546875,1575.449951171875,150163456,2026-06-26T23:00:00.000000Z
2026-06-26T23:00:00.000000Z,1575.489990234375,1577.93994140625,1574.7099609375,1576.3299560546875,0,2026-06-26T23:15:00.000000Z
2026-06-26T23:15:00.000000Z,1576.6700439453125,1576.7900390625,1573.31005859375,1573.31005859375,461416448,2026-06-26T23:30:00.000000Z
2026-06-26T23:30:00.000000Z,1572.93994140625,1578.4100341796875,1572.239990234375,1577.4599609375,0,2026-06-26T23:45:00.000000Z
2026-06-26T23:45:00.000000Z,1578.06005859375,1578.43994140625,1575.3199462890625,1576.27001953125,119747584,2026-06-27T00:00:00.000000Z
2026-06-27T00:00:00.000000Z,1576.4599609375,1579.6800537109375,1576.219970703125,1577.699951171875,0,2026-06-27T00:15:00.000000Z
2026-06-27T00:15:00.000000Z,1577.4599609375,1578.1099853515625,1574.6800537109375,1575.4000244140625,174225408,2026-06-27T00:30:00.000000Z
2026-06-27T00:30:00.000000Z,1575.0400390625,1575.0400390625,1569.2099609375,1571.3599853515625,24428544,2026-06-27T00:45:00.000000Z
2026-06-27T00:45:00.000000Z,1571.469970703125,1575.3399658203125,1570.3599853515625,1574.469970703125,4113408,2026-06-27T01:00:00.000000Z
2026-06-27T01:00:00.000000Z,1574.5699462890625,1574.739990234375,1571.8599853515625,1572.6700439453125,448973824,2026-06-27T01:15:00.000000Z
2026-06-27T01:15:00.000000Z,1572.510009765625,1574.6800537109375,1571.8599853515625,1574.6400146484375,167557120,2026-06-27T01:30:00.000000Z
2026-06-27T01:30:00.000000Z,1574.6500244140625,1575.3599853515625,1572.7099609375,1573.8499755859375,0,2026-06-27T01:45:00.000000Z
2026-06-27T01:45:00.000000Z,1574.010009765625,1575.02001953125,1573.010009765625,1573.6500244140625,0,2026-06-27T02:00:00.000000Z
2026-06-27T02:00:00.000000Z,1573.699951171875,1579,1572.1800537109375,1578.8900146484375,0,2026-06-27T02:15:00.000000Z
2026-06-27T02:15:00.000000Z,1579.18994140625,1584.25,1578.3299560546875,1582.510009765625,185636864,2026-06-27T02:30:00.000000Z
2026-06-27T02:30:00.000000Z,1581.719970703125,1582.780029296875,1579.4300537109375,1581.449951171875,103820288,2026-06-27T02:45:00.000000Z
2026-06-27T02:45:00.000000Z,1581.75,1583.260009765625,1580.199951171875,1580.93994140625,6336512,2026-06-27T03:00:00.000000Z
2026-06-27T03:00:00.000000Z,1580.1400146484375,1582.510009765625,1576.2099609375,1576.510009765625,338132992,2026-06-27T03:15:00.000000Z
2026-06-27T03:15:00.000000Z,1576.43994140625,1582,1576.3299560546875,1579.780029296875,0,2026-06-27T03:30:00.000000Z
2026-06-27T03:30:00.000000Z,1579.5899658203125,1580.6600341796875,1578.1600341796875,1578.3499755859375,661243904,2026-06-27T03:45:00.000000Z
2026-06-27T03:45:00.000000Z,1578.3499755859375,1579.5899658203125,1576.81005859375,1578.25,403356672,2026-06-27T04:00:00.000000Z
2026-06-27T04:00:00.000000Z,1578.3299560546875,1582.8599853515625,1578.3299560546875,1581.489990234375,0,2026-06-27T04:15:00.000000Z
2026-06-27T04:15:00.000000Z,1581.1300048828125,1582.800048828125,1579.9599609375,1580.1700439453125,738365440,2026-06-27T04:30:00.000000Z
2026-06-27T04:30:00.000000Z,1580.1300048828125,1581.6500244140625,1578.8800048828125,1579.3800048828125,0,2026-06-27T04:45:00.000000Z
2026-06-27T04:45:00.000000Z,1579.06005859375,1579.8199462890625,1576.5699462890625,1577.1099853515625,0,2026-06-27T05:00:00.000000Z
2026-06-27T05:00:00.000000Z,1577.1500244140625,1578.77001953125,1575.8199462890625,1578.6600341796875,46284800,2026-06-27T05:15:00.000000Z
2026-06-27T05:15:00.000000Z,1577.7900390625,1578.239990234375,1574.7099609375,1574.989990234375,0,2026-06-27T05:30:00.000000Z
2026-06-27T05:30:00.000000Z,1574.989990234375,1577.1500244140625,1574.56005859375,1576.800048828125,487780352,2026-06-27T05:45:00.000000Z
2026-06-27T05:45:00.000000Z,1576.780029296875,1578.3900146484375,1576,1576.31005859375,93063168,2026-06-27T06:00:00.000000Z
2026-06-27T06:00:00.000000Z,1576.239990234375,1576.5999755859375,1572.8199462890625,1573.6500244140625,0,2026-06-27T06:15:00.000000Z
2026-06-27T06:15:00.000000Z,1573.6300048828125,1576.989990234375,1572.969970703125,1576.3599853515625,90360832,2026-06-27T06:30:00.000000Z
2026-06-27T06:30:00.000000Z,1576.300048828125,1580.9000244140625,1576.300048828125,1580.47998046875,129262592,2026-06-27T06:45:00.000000Z
2026-06-27T06:45:00.000000Z,1580.4100341796875,1581.9300537109375,1578.8800048828125,1580.2099609375,126934016,2026-06-27T07:00:00.000000Z
2026-06-27T07:00:00.000000Z,1580.6800537109375,1580.68994140625,1578.18994140625,1578.800048828125,0,2026-06-27T07:15:00.000000Z
2026-06-27T07:15:00.000000Z,1578.800048828125,1581.1199951171875,1578,1580.5400390625,15464448,2026-06-27T07:30:00.000000Z
2026-06-27T07:30:00.000000Z,1580.469970703125,1581.489990234375,1579.5,1580.68994140625,448319488,2026-06-27T07:45:00.000000Z
2026-06-27T07:45:00.000000Z,1580.6800537109375,1583.989990234375,1580.6800537109375,1583.1400146484375,0,2026-06-27T08:00:00.000000Z
2026-06-27T08:00:00.000000Z,1583.3399658203125,1583.3399658203125,1581.050048828125,1581.22998046875,24179712,2026-06-27T08:15:00.000000Z
2026-06-27T08:15:00.000000Z,1581.3900146484375,1582.3499755859375,1580.8499755859375,1581.2900390625,0,2026-06-27T08:30:00.000000Z
2026-06-27T08:30:00.000000Z,1581.2900390625,1581.5999755859375,1579.530029296875,1579.5400390625,0,2026-06-27T08:45:00.000000Z
2026-06-27T08:45:00.000000Z,1579.5400390625,1582.9100341796875,1579.5400390625,1581.5899658203125,484586496,2026-06-27T09:00:00.000000Z
2026-06-27T09:00:00.000000Z,1581.6199951171875,1582.02001953125,1577.97998046875,1578.4200439453125,12573696,2026-06-27T09:15:00.000000Z
2026-06-27T09:15:00.000000Z,1578.2900390625,1578.72998046875,1577.1400146484375,1578.3399658203125,0,2026-06-27T09:30:00.000000Z
2026-06-27T09:30:00.000000Z,1578.3299560546875,1580.6300048828125,1578.199951171875,1579.4599609375,606889984,2026-06-27T09:45:00.000000Z
2026-06-27T09:45:00.000000Z,1579.4599609375,1580.43994140625,1579.199951171875,1580.3499755859375,0,2026-06-27T10:00:00.000000Z
2026-06-27T10:00:00.000000Z,1580.219970703125,1581.56005859375,1579.780029296875,1581.52001953125,0,2026-06-27T10:15:00.000000Z
2026-06-27T10:15:00.000000Z,1581.31005859375,1582.1300048828125,1580.2900390625,1580.5799560546875,0,2026-06-27T10:30:00.000000Z
2026-06-27T10:30:00.000000Z,1580.3499755859375,1581.75,1579.8699951171875,1581.75,1140822016,2026-06-27T10:45:00.000000Z
2026-06-27T10:45:00.000000Z,1581.739990234375,1582.5799560546875,1580.6800537109375,1581.800048828125,0,2026-06-27T11:00:00.000000Z
2026-06-27T11:00:00.000000Z,1581.7900390625,1582.68994140625,1579.81005859375,1581.489990234375,75497472,2026-06-27T11:15:00.000000Z
2026-06-27T11:15:00.000000Z,1581.489990234375,1581.5,1577.1600341796875,1578.06005859375,108571648,2026-06-27T11:30:00.000000Z
2026-06-27T11:30:00.000000Z,1578.030029296875,1579.030029296875,1576.699951171875,1578.760009765625,17029120,2026-06-27T11:45:00.000000Z
2026-06-27T11:45:00.000000Z,1578.760009765625,1582.280029296875,1578.760009765625,1581.4200439453125,0,2026-06-27T12:00:00.000000Z
2026-06-27T12:00:00.000000Z,1581.2099609375,1581.5899658203125,1578.969970703125,1580,138084352,2026-06-27T12:15:00.000000Z
2026-06-27T12:15:00.000000Z,1580.02001953125,1581.7900390625,1580.010009765625,1581.4300537109375,0,2026-06-27T12:30:00.000000Z
2026-06-27T12:30:00.000000Z,1581.4100341796875,1582.9200439453125,1578.969970703125,1580.3199462890625,0,2026-06-27T12:45:00.000000Z
2026-06-27T12:45:00.000000Z,1580.22998046875,1583.760009765625,1580.22998046875,1583.260009765625,0,2026-06-27T13:00:00.000000Z
2026-06-27T13:00:00.000000Z,1583.3800048828125,1585.800048828125,1582.3499755859375,1584.0400390625,0,2026-06-27T13:15:00.000000Z
2026-06-27T13:15:00.000000Z,1584.010009765625,1585.8299560546875,1583.199951171875,1584.1800537109375,0,2026-06-27T13:30:00.000000Z
2026-06-27T13:30:00.000000Z,1584.0999755859375,1588.9100341796875,1583.27001953125,1587.9599609375,0,2026-06-27T13:45:00.000000Z
2026-06-27T13:45:00.000000Z,1587.7900390625,1590.3900146484375,1587.3599853515625,1589.6800537109375,19854336,2026-06-27T14:00:00.000000Z
2026-06-27T14:00:00.000000Z,1589.93994140625,1595.800048828125,1586.9000244140625,1593.7900390625,0,2026-06-27T14:15:00.000000Z
2026-06-27T14:15:00.000000Z,1593.1700439453125,1593.18994140625,1590.300048828125,1591.43994140625,513395712,2026-06-27T14:30:00.000000Z
2026-06-27T14:30:00.000000Z,1591.239990234375,1593.0699462890625,1589.4000244140625,1592.4300537109375,0,2026-06-27T14:45:00.000000Z
2026-06-27T14:45:00.000000Z,1592.280029296875,1593.97998046875,1590.93994140625,1591.8900146484375,0,2026-06-27T15:00:00.000000Z
2026-06-27T15:00:00.000000Z,1592.0999755859375,1605.4200439453125,1591.260009765625,1604.6099853515625,454230528,2026-06-27T15:15:00.000000Z
2026-06-27T15:15:00.000000Z,1603.97998046875,1603.97998046875,1597.5,1599.6600341796875,44881920,2026-06-27T15:30:00.000000Z
2026-06-27T15:30:00.000000Z,1600.1500244140625,1608.030029296875,1599.300048828125,1603.010009765625,0,2026-06-27T15:45:00.000000Z
2026-06-27T15:45:00.000000Z,1602.81005859375,1603.4300537109375,1601.4200439453125,1603.0999755859375,38097920,2026-06-27T16:00:00.000000Z
2026-06-27T16:00:00.000000Z,1603.0899658203125,1603.1700439453125,1600.5999755859375,1601.3199462890625,0,2026-06-27T16:15:00.000000Z
2026-06-27T16:15:00.000000Z,1601.239990234375,1601.239990234375,1599.1800537109375,1600.469970703125,0,2026-06-27T16:30:00.000000Z
2026-06-27T16:30:00.000000Z,1600.4200439453125,1603.6600341796875,1599.510009765625,1602.6199951171875,0,2026-06-27T16:45:00.000000Z
2026-06-27T16:45:00.000000Z,1602.8499755859375,1604.68994140625,1601.6300048828125,1604.4200439453125,416918528,2026-06-27T17:00:00.000000Z
2026-06-27T17:00:00.000000Z,1604.300048828125,1604.4000244140625,1587.3900146484375,1593.3399658203125,533182976,2026-06-27T17:15:00.000000Z
2026-06-27T17:15:00.000000Z,1594.1800537109375,1594.97998046875,1590.010009765625,1592.300048828125,50390016,2026-06-27T17:30:00.000000Z
2026-06-27T17:30:00.000000Z,1592.1400146484375,1594.0799560546875,1588.4100341796875,1591.4000244140625,19981824,2026-06-27T17:45:00.000000Z
2026-06-27T17:45:00.000000Z,1590.719970703125,1591.8900146484375,1588.719970703125,1588.800048828125,34238976,2026-06-27T18:00:00.000000Z
2026-06-27T18:00:00.000000Z,1588.780029296875,1590.760009765625,1586.6600341796875,1589.2900390625,0,2026-06-27T18:15:00.000000Z
2026-06-27T18:15:00.000000Z,1589.5699462890625,1590.9000244140625,1588.010009765625,1589.8399658203125,499953152,2026-06-27T18:30:00.000000Z
2026-06-27T18:30:00.000000Z,1589.8499755859375,1591.719970703125,1589.6700439453125,1591.3299560546875,22237696,2026-06-27T18:45:00.000000Z
2026-06-27T18:45:00.000000Z,1591.280029296875,1592.1099853515625,1590.1500244140625,1591.1500244140625,64189440,2026-06-27T19:00:00.000000Z
2026-06-27T19:00:00.000000Z,1590.8199462890625,1592.6700439453125,1590.8199462890625,1591.6300048828125,0,2026-06-27T19:15:00.000000Z
2026-06-27T19:15:00.000000Z,1591.6400146484375,1591.6400146484375,1575.27001953125,1579.1700439453125,57057792,2026-06-27T19:30:00.000000Z
2026-06-27T19:30:00.000000Z,1578.6099853515625,1578.6099853515625,1570.969970703125,1575.5999755859375,594478592,2026-06-27T19:45:00.000000Z
2026-06-27T19:45:00.000000Z,1574.9100341796875,1577.1400146484375,1574.469970703125,1575.780029296875,22659584,2026-06-27T20:00:00.000000Z
2026-06-27T20:00:00.000000Z,1575.8599853515625,1579.97998046875,1575.72998046875,1579.0999755859375,0,2026-06-27T20:15:00.000000Z
2026-06-27T20:15:00.000000Z,1578.8599853515625,1580.3199462890625,1577.75,1578.780029296875,27774976,2026-06-27T20:30:00.000000Z
2026-06-27T20:30:00.000000Z,1578.699951171875,1579.489990234375,1578.2099609375,1578.300048828125,0,2026-06-27T20:45:00.000000Z
2026-06-27T20:45:00.000000Z,1578.3800048828125,1580.1800537109375,1577.800048828125,1578.780029296875,0,2026-06-27T21:00:00.000000Z
2026-06-27T21:00:00.000000Z,1579.1099853515625,1581.93994140625,1579.1099853515625,1581.800048828125,28740608,2026-06-27T21:15:00.000000Z
2026-06-27T21:15:00.000000Z,1581.3299560546875,1582.300048828125,1578.5400390625,1581.8900146484375,24501760,2026-06-27T21:30:00.000000Z
2026-06-27T21:30:00.000000Z,1581.739990234375,1582.4599609375,1575.5,1576.0699462890625,35516928,2026-06-27T21:45:00.000000Z
2026-06-27T21:45:00.000000Z,1576.6700439453125,1577.969970703125,1571.9200439453125,1572.699951171875,88055808,2026-06-27T22:00:00.000000Z
2026-06-27T22:00:00.000000Z,1572.699951171875,1573.800048828125,1569.6800537109375,1571.8499755859375,12896768,2026-06-27T22:15:00.000000Z
2026-06-27T22:15:00.000000Z,1571.9200439453125,1573.5,1562.0899658203125,1573.1500244140625,58412544,2026-06-27T22:30:00.000000Z
2026-06-27T22:30:00.000000Z,1572.760009765625,1576.719970703125,1572.699951171875,1573.8299560546875,82995712,2026-06-27T22:45:00.000000Z
2026-06-27T22:45:00.000000Z,1573.949951171875,1577.280029296875,1573.8199462890625,1576.6300048828125,12387840,2026-06-27T23:00:00.000000Z
2026-06-27T23:00:00.000000Z,1576.6400146484375,1579.050048828125,1570.47998046875,1570.8699951171875,0,2026-06-27T23:15:00.000000Z
2026-06-27T23:15:00.000000Z,1571.4000244140625,1572.93994140625,1568.43994140625,1570.219970703125,85698048,2026-06-27T23:30:00.000000Z
2026-06-27T23:30:00.000000Z,1570.0799560546875,1573.0400390625,1569.5400390625,1572.9100341796875,8956928,2026-06-27T23:45:00.000000Z
2026-06-27T23:45:00.000000Z,1572.510009765625,1573.0999755859375,1570.9000244140625,1571.5999755859375,56656384,2026-06-28T00:00:00.000000Z
2026-06-28T00:00:00.000000Z,1571.5899658203125,1574.300048828125,1570.4200439453125,1573.699951171875,18562560,2026-06-28T00:15:00.000000Z
2026-06-28T00:15:00.000000Z,1573.8199462890625,1575.8199462890625,1573.6600341796875,1575.3699951171875,44333568,2026-06-28T00:30:00.000000Z
2026-06-28T00:30:00.000000Z,1575.5400390625,1575.68994140625,1572.9100341796875,1573.97998046875,0,2026-06-28T00:45:00.000000Z
2026-06-28T00:45:00.000000Z,1574.0699462890625,1574.4599609375,1571.3199462890625,1572.300048828125,18981888,2026-06-28T01:00:00.000000Z
2026-06-28T01:00:00.000000Z,1572.3499755859375,1572.800048828125,1567.8199462890625,1570.010009765625,5422080,2026-06-28T01:15:00.000000Z
2026-06-28T01:15:00.000000Z,1569.699951171875,1573.9200439453125,1569.239990234375,1573.199951171875,528308224,2026-06-28T01:30:00.000000Z
2026-06-28T01:30:00.000000Z,1573.2099609375,1574.5999755859375,1572.3900146484375,1574.0699462890625,66382336,2026-06-28T01:45:00.000000Z
2026-06-28T01:45:00.000000Z,1573.9599609375,1574.31005859375,1572.6099853515625,1572.97998046875,20130304,2026-06-28T02:00:00.000000Z
2026-06-28T02:00:00.000000Z,1572.969970703125,1577,1572.969970703125,1576.43994140625,55721472,2026-06-28T02:15:00.000000Z
2026-06-28T02:15:00.000000Z,1576.449951171875,1577.52001953125,1567.31005859375,1569.47998046875,548187648,2026-06-28T02:30:00.000000Z
2026-06-28T02:30:00.000000Z,1569.6700439453125,1570.6700439453125,1568.77001953125,1569.780029296875,45238272,2026-06-28T02:45:00.000000Z
2026-06-28T02:45:00.000000Z,1569.77001953125,1570.9599609375,1568.8900146484375,1569.7099609375,0,2026-06-28T03:00:00.000000Z
2026-06-28T03:00:00.000000Z,1570.3199462890625,1574.0999755859375,1570.3199462890625,1573.510009765625,2283008,2026-06-28T03:15:00.000000Z
2026-06-28T03:15:00.000000Z,1573.300048828125,1573.300048828125,1571.77001953125,1572.550048828125,0,2026-06-28T03:30:00.000000Z
2026-06-28T03:30:00.000000Z,1572.75,1572.9100341796875,1571.06005859375,1571.3399658203125,416788480,2026-06-28T03:45:00.000000Z
2026-06-28T03:45:00.000000Z,1571.47998046875,1573.260009765625,1570.8599853515625,1572.7900390625,4276736,2026-06-28T04:00:00.000000Z
2026-06-28T04:00:00.000000Z,1572.7099609375,1572.8699951171875,1570.4200439453125,1571.699951171875,45844992,2026-06-28T04:15:00.000000Z
2026-06-28T04:15:00.000000Z,1572.260009765625,1573.449951171875,1571.52001953125,1572.27001953125,31627264,2026-06-28T04:30:00.000000Z
2026-06-28T04:30:00.000000Z,1572.27001953125,1573.4100341796875,1568.52001953125,1573.199951171875,153001984,2026-06-28T04:45:00.000000Z
2026-06-28T04:45:00.000000Z,1573.3699951171875,1575,1571.6800537109375,1571.8399658203125,66787328,2026-06-28T05:00:00.000000Z
2026-06-28T05:00:00.000000Z,1571.97998046875,1572.1400146484375,1567.449951171875,1569.7900390625,11491328,2026-06-28T05:15:00.000000Z
2026-06-28T05:15:00.000000Z,1569.8599853515625,1570.4599609375,1562.6800537109375,1563.4000244140625,73191936,2026-06-28T05:30:00.000000Z
2026-06-28T05:30:00.000000Z,1563.6500244140625,1567.3399658203125,1562.219970703125,1566.530029296875,125026816,2026-06-28T05:45:00.000000Z
2026-06-28T05:45:00.000000Z,1566.6099853515625,1568.3399658203125,1566.1800537109375,1566.8699951171875,72624128,2026-06-28T06:00:00.000000Z
2026-06-28T06:00:00.000000Z,1566.8399658203125,1568.22998046875,1561.219970703125,1561.5400390625,22647808,2026-06-28T06:15:00.000000Z
2026-06-28T06:15:00.000000Z,1561.8499755859375,1564.4599609375,1560.510009765625,1563.25,25827840,2026-06-28T06:30:00.000000Z
2026-06-28T06:30:00.000000Z,1563.06005859375,1565.9000244140625,1563.06005859375,1565.199951171875,64842752,2026-06-28T06:45:00.000000Z
2026-06-28T06:45:00.000000Z,1564.9200439453125,1567,1564.56005859375,1565.56005859375,15656448,2026-06-28T07:00:00.000000Z
2026-06-28T07:00:00.000000Z,1565.4000244140625,1571.1300048828125,1565.4000244140625,1570.3599853515625,58575872,2026-06-28T07:15:00.000000Z
2026-06-28T07:15:00.000000Z,1570.43994140625,1570.550048828125,1568.9100341796875,1568.93994140625,53274112,2026-06-28T07:30:00.000000Z
2026-06-28T07:30:00.000000Z,1568.9000244140625,1573.6700439453125,1568.5999755859375,1572.8399658203125,21795328,2026-06-28T07:45:00.000000Z
2026-06-28T07:45:00.000000Z,1572.8399658203125,1574.5,1572.47998046875,1573.739990234375,534267392,2026-06-28T08:00:00.000000Z
2026-06-28T08:00:00.000000Z,1573.5699462890625,1576.2099609375,1571.3399658203125,1572.3900146484375,11084800,2026-06-28T08:15:00.000000Z
2026-06-28T08:15:00.000000Z,1572.219970703125,1573.9100341796875,1571.949951171875,1572.719970703125,488138752,2026-06-28T08:30:00.000000Z
2026-06-28T08:30:00.000000Z,1572.719970703125,1582.989990234375,1572.719970703125,1579.77001953125,23616000,2026-06-28T08:45:00.000000Z
2026-06-28T08:45:00.000000Z,1580.06005859375,1581.47998046875,1579.0999755859375,1579.1400146484375,187588608,2026-06-28T09:00:00.000000Z
2026-06-28T09:00:00.000000Z,1579.6099853515625,1583.3800048828125,1577.739990234375,1580.5799560546875,8484864,2026-06-28T09:15:00.000000Z
2026-06-28T09:15:00.000000Z,1580.5400390625,1580.9599609375,1579.010009765625,1579.800048828125,528366592,2026-06-28T09:30:00.000000Z
2026-06-28T09:30:00.000000Z,1579.7900390625,1582.18994140625,1579.02001953125,1581.4200439453125,83555328,2026-06-28T09:45:00.000000Z
2026-06-28T09:45:00.000000Z,1581.4200439453125,1581.5999755859375,1576.2099609375,1576.81005859375,21136384,2026-06-28T10:00:00.000000Z
2026-06-28T10:00:00.000000Z,1576.72998046875,1579.1199951171875,1574.8299560546875,1578.3299560546875,36014592,2026-06-28T10:15:00.000000Z
2026-06-28T10:15:00.000000Z,1578.0699462890625,1578.6500244140625,1570.5999755859375,1571.52001953125,456156160,2026-06-28T10:30:00.000000Z
2026-06-28T10:30:00.000000Z,1571.760009765625,1573.6199951171875,1571.6800537109375,1573.25,58016768,2026-06-28T10:45:00.000000Z
2026-06-28T10:45:00.000000Z,1573.469970703125,1575.3900146484375,1573.3900146484375,1574.949951171875,24100352,2026-06-28T11:00:00.000000Z
2026-06-28T11:00:00.000000Z,1575.1199951171875,1578.760009765625,1573.6600341796875,1574.0999755859375,6097920,2026-06-28T11:15:00.000000Z
2026-06-28T11:15:00.000000Z,1574.1199951171875,1581.2099609375,1573.75,1579.8399658203125,95310336,2026-06-28T11:30:00.000000Z
2026-06-28T11:30:00.000000Z,1579.800048828125,1580.030029296875,1576.989990234375,1578.9599609375,24232448,2026-06-28T11:45:00.000000Z
2026-06-28T11:45:00.000000Z,1579.3499755859375,1581.6400146484375,1578.1500244140625,1580.550048828125,23706112,2026-06-28T12:00:00.000000Z
2026-06-28T12:00:00.000000Z,1580.5400390625,1581.47998046875,1578.7900390625,1579.469970703125,79044608,2026-06-28T12:15:00.000000Z
2026-06-28T12:15:00.000000Z,1579.72998046875,1582.6700439453125,1575.969970703125,1582.199951171875,10800128,2026-06-28T12:30:00.000000Z
2026-06-28T12:30:00.000000Z,1581.8399658203125,1585.0799560546875,1577.0799560546875,1578.27001953125,531710976,2026-06-28T12:45:00.000000Z
2026-06-28T12:45:00.000000Z,1578.4000244140625,1581.75,1578.4000244140625,1581.260009765625,430600192,2026-06-28T13:00:00.000000Z
2026-06-28T13:00:00.000000Z,1581.030029296875,1581.3800048828125,1572.760009765625,1577.9000244140625,9500672,2026-06-28T13:15:00.000000Z
2026-06-28T13:15:00.000000Z,1578.2099609375,1579.43994140625,1576.0699462890625,1577.97998046875,74425344,2026-06-28T13:30:00.000000Z
2026-06-28T13:30:00.000000Z,1577.8900146484375,1580.780029296875,1575.969970703125,1580.3900146484375,414462464,2026-06-28T13:45:00.000000Z
2026-06-28T13:45:00.000000Z,1580.3399658203125,1580.449951171875,1577.1500244140625,1577.300048828125,49263616,2026-06-28T14:00:00.000000Z
2026-06-28T14:00:00.000000Z,1577.530029296875,1580.1400146484375,1575.8900146484375,1579.550048828125,34017280,2026-06-28T14:15:00.000000Z
2026-06-28T14:15:00.000000Z,1579.760009765625,1583.489990234375,1577.77001953125,1579.77001953125,73179136,2026-06-28T14:30:00.000000Z
2026-06-28T14:30:00.000000Z,1579.510009765625,1581.800048828125,1578.6700439453125,1580.75,461864448,2026-06-28T14:45:00.000000Z
2026-06-28T14:45:00.000000Z,1580.8499755859375,1583.5699462890625,1578.52001953125,1579.030029296875,33312768,2026-06-28T15:00:00.000000Z
2026-06-28T15:00:00.000000Z,1579.199951171875,1582.4100341796875,1575.5,1581.300048828125,0,2026-06-28T15:15:00.000000Z
2026-06-28T15:15:00.000000Z,1581.25,1582.9200439453125,1578.4000244140625,1580.1400146484375,411813376,2026-06-28T15:30:00.000000Z
2026-06-28T15:30:00.000000Z,1580.02001953125,1581.989990234375,1577.43994140625,1579.510009765625,6586368,2026-06-28T15:45:00.000000Z
2026-06-28T15:45:00.000000Z,1579.25,1580.72998046875,1575.0999755859375,1578.550048828125,83358720,2026-06-28T16:00:00.000000Z
2026-06-28T16:00:00.000000Z,1578.68994140625,1579.5699462890625,1575.1700439453125,1576.4300537109375,67226112,2026-06-28T16:15:00.000000Z
2026-06-28T16:15:00.000000Z,1575.9000244140625,1577.6099853515625,1571.4000244140625,1573.969970703125,3087360,2026-06-28T16:30:00.000000Z
2026-06-28T16:30:00.000000Z,1574.3900146484375,1574.6600341796875,1565.2900390625,1565.699951171875,16135680,2026-06-28T16:45:00.000000Z
2026-06-28T16:45:00.000000Z,1565.5400390625,1570.800048828125,1564.489990234375,1570.5,553175040,2026-06-28T17:00:00.000000Z
2026-06-28T17:00:00.000000Z,1570.22998046875,1574.8199462890625,1566.6400146484375,1568.4000244140625,0,2026-06-28T17:15:00.000000Z
2026-06-28T17:15:00.000000Z,1568.0999755859375,1569.219970703125,1565.0899658203125,1565.469970703125,15066112,2026-06-28T17:30:00.000000Z
2026-06-28T17:30:00.000000Z,1565.2900390625,1568.3599853515625,1561.449951171875,1566.8800048828125,104478208,2026-06-28T17:45:00.000000Z
2026-06-28T17:45:00.000000Z,1566.5,1570.8499755859375,1566.18994140625,1569.8900146484375,21312512,2026-06-28T18:00:00.000000Z
2026-06-28T18:00:00.000000Z,1569.52001953125,1572.719970703125,1569.52001953125,1570.8599853515625,121239552,2026-06-28T18:15:00.000000Z
2026-06-28T18:15:00.000000Z,1571.030029296875,1571.0400390625,1567.1600341796875,1567.1600341796875,158720,2026-06-28T18:30:00.000000Z
2026-06-28T18:30:00.000000Z,1567.5699462890625,1570.4100341796875,1566.8299560546875,1568.77001953125,42957312,2026-06-28T18:45:00.000000Z
2026-06-28T18:45:00.000000Z,1568.5899658203125,1570.4200439453125,1566.8199462890625,1569.3599853515625,14398464,2026-06-28T19:00:00.000000Z
2026-06-28T19:00:00.000000Z,1569.219970703125,1569.3699951171875,1565.199951171875,1567.1500244140625,487467520,2026-06-28T19:15:00.000000Z
2026-06-28T19:15:00.000000Z,1567.1700439453125,1568,1565.3499755859375,1568,69572608,2026-06-28T19:30:00.000000Z
2026-06-28T19:30:00.000000Z,1567.989990234375,1571.949951171875,1565.31005859375,1565.7900390625,0,2026-06-28T19:45:00.000000Z
2026-06-28T19:45:00.000000Z,1565.739990234375,1565.7900390625,1554.75,1562.4200439453125,89793024,2026-06-28T20:00:00.000000Z
2026-06-28T20:00:00.000000Z,1561.8699951171875,1570.6800537109375,1561.8699951171875,1570.3900146484375,57566208,2026-06-28T20:15:00.000000Z
2026-06-28T20:15:00.000000Z,1570.3800048828125,1573.9599609375,1569.800048828125,1571.6700439453125,54685696,2026-06-28T20:30:00.000000Z
2026-06-28T20:30:00.000000Z,1571.6800537109375,1572.4200439453125,1570.0699462890625,1570.4100341796875,87241728,2026-06-28T20:45:00.000000Z
2026-06-28T20:45:00.000000Z,1570.219970703125,1572.02001953125,1569.6099853515625,1570.72998046875,5793280,2026-06-28T21:00:00.000000Z
2026-06-28T21:00:00.000000Z,1570.8499755859375,1570.8499755859375,1566.260009765625,1568.3499755859375,34087424,2026-06-28T21:15:00.000000Z
2026-06-28T21:15:00.000000Z,1568.22998046875,1569.8399658203125,1567.0899658203125,1568.199951171875,0,2026-06-28T21:30:00.000000Z
2026-06-28T21:30:00.000000Z,1568.1800537109375,1571.050048828125,1567.18994140625,1567.8199462890625,18471424,2026-06-28T21:45:00.000000Z
2026-06-28T21:45:00.000000Z,1567.6300048828125,1568.239990234375,1557.06005859375,1561.4599609375,425418752,2026-06-28T22:00:00.000000Z
2026-06-28T22:00:00.000000Z,1561.93994140625,1579.2099609375,1561.93994140625,1569.5899658203125,134113792,2026-06-28T22:15:00.000000Z
2026-06-28T22:15:00.000000Z,1569.3800048828125,1569.4200439453125,1558.530029296875,1565.4000244140625,78740992,2026-06-28T22:30:00.000000Z
2026-06-28T22:30:00.000000Z,1565.7900390625,1567.6300048828125,1558.1600341796875,1558.719970703125,58085888,2026-06-28T22:45:00.000000Z
2026-06-28T22:45:00.000000Z,1559.3399658203125,1561.699951171875,1546.030029296875,1554.8499755859375,173029376,2026-06-28T23:00:00.000000Z
2026-06-28T23:00:00.000000Z,1554.0400390625,1562.9000244140625,1552.9599609375,1559.3199462890625,105920000,2026-06-28T23:15:00.000000Z
2026-06-28T23:15:00.000000Z,1559.3199462890625,1568.760009765625,1558.3599853515625,1567.760009765625,86363136,2026-06-28T23:30:00.000000Z
2026-06-28T23:30:00.000000Z,1567.489990234375,1577.5999755859375,1567.4000244140625,1573.1099853515625,63385088,2026-06-28T23:45:00.000000Z
2026-06-28T23:45:00.000000Z,1573.0400390625,1574.699951171875,1568.969970703125,1569.4000244140625,75936768,2026-06-29T00:00:00.000000Z
2026-06-29T00:00:00.000000Z,1569.510009765625,1571.5999755859375,1560.47998046875,1567.27001953125,12019712,2026-06-29T00:15:00.000000Z
2026-06-29T00:15:00.000000Z,1567.0799560546875,1567.6099853515625,1557.5400390625,1557.780029296875,548972032,2026-06-29T00:30:00.000000Z
2026-06-29T00:30:00.000000Z,1557.550048828125,1561.7900390625,1550.0699462890625,1561.300048828125,135720960,2026-06-29T00:45:00.000000Z
2026-06-29T00:45:00.000000Z,1560.719970703125,1572.0799560546875,1556.18994140625,1571.1400146484375,467138048,2026-06-29T01:00:00.000000Z
2026-06-29T01:00:00.000000Z,1570.8599853515625,1571.0400390625,1563.550048828125,1564.469970703125,176211456,2026-06-29T01:15:00.000000Z
2026-06-29T01:15:00.000000Z,1564.56005859375,1566.199951171875,1558,1560.25,3687424,2026-06-29T01:30:00.000000Z
2026-06-29T01:30:00.000000Z,1560,1571.1800537109375,1557.5899658203125,1569.699951171875,141759488,2026-06-29T01:45:00.000000Z
2026-06-29T01:45:00.000000Z,1570.25,1570.3199462890625,1565.9100341796875,1566.0799560546875,88296448,2026-06-29T02:00:00.000000Z
2026-06-29T02:00:00.000000Z,1565.8499755859375,1567.8900146484375,1548.280029296875,1552.489990234375,49477120,2026-06-29T02:15:00.000000Z
2026-06-29T02:15:00.000000Z,1553.9599609375,1572.300048828125,1553.1400146484375,1570.1700439453125,82548224,2026-06-29T02:30:00.000000Z
2026-06-29T02:30:00.000000Z,1570.31005859375,1575.8199462890625,1566.81005859375,1573.780029296875,234770944,2026-06-29T02:45:00.000000Z
2026-06-29T02:45:00.000000Z,1573.8399658203125,1576.260009765625,1573.1400146484375,1573.760009765625,90304000,2026-06-29T03:00:00.000000Z
2026-06-29T03:00:00.000000Z,1574.1700439453125,1584.6600341796875,1574.1700439453125,1581.300048828125,26868224,2026-06-29T03:15:00.000000Z
2026-06-29T03:15:00.000000Z,1581,1585.6400146484375,1580.5,1584.449951171875,468339712,2026-06-29T03:30:00.000000Z
2026-06-29T03:30:00.000000Z,1584.780029296875,1585.0799560546875,1575.06005859375,1575.989990234375,83504640,2026-06-29T03:45:00.000000Z
2026-06-29T03:45:00.000000Z,1575.6300048828125,1582.5799560546875,1575.0999755859375,1582.030029296875,60838912,2026-06-29T04:00:00.000000Z
2026-06-29T04:00:00.000000Z,1582.1099853515625,1582.4300537109375,1577.3399658203125,1577.8299560546875,79268864,2026-06-29T04:15:00.000000Z
2026-06-29T04:15:00.000000Z,1578.030029296875,1580.75,1576.1500244140625,1579.5999755859375,17784320,2026-06-29T04:30:00.000000Z
2026-06-29T04:30:00.000000Z,1580.199951171875,1580.199951171875,1572.6099853515625,1574.6600341796875,84773888,2026-06-29T04:45:00.000000Z
2026-06-29T04:45:00.000000Z,1574.719970703125,1575.6199951171875,1572.199951171875,1572.9200439453125,63098368,2026-06-29T05:00:00.000000Z
2026-06-29T05:00:00.000000Z,1573.47998046875,1573.7900390625,1559.8800048828125,1564.2900390625,2219520,2026-06-29T05:15:00.000000Z
2026-06-29T05:15:00.000000Z,1564.280029296875,1569.1500244140625,1564.280029296875,1567.8199462890625,147651584,2026-06-29T05:30:00.000000Z
2026-06-29T05:30:00.000000Z,1568,1576.3499755859375,1566.3900146484375,1575.699951171875,12884992,2026-06-29T05:45:00.000000Z
2026-06-29T05:45:00.000000Z,1575.050048828125,1580.56005859375,1575.050048828125,1580.489990234375,482045440,2026-06-29T06:00:00.000000Z
2026-06-29T06:00:00.000000Z,1580.9200439453125,1584.31005859375,1580.4100341796875,1582.75,567787520,2026-06-29T06:15:00.000000Z
2026-06-29T06:15:00.000000Z,1582.6800537109375,1585.9000244140625,1580.5899658203125,1580.5899658203125,0,2026-06-29T06:30:00.000000Z
2026-06-29T06:30:00.000000Z,1580.72998046875,1582.02001953125,1577.1700439453125,1578.699951171875,544766464,2026-06-29T06:45:00.000000Z
2026-06-29T06:45:00.000000Z,1578.6700439453125,1580.9000244140625,1577.9300537109375,1580.4599609375,56225792,2026-06-29T07:00:00.000000Z
2026-06-29T07:00:00.000000Z,1580.4599609375,1580.4599609375,1575.3299560546875,1578.8699951171875,0,2026-06-29T07:15:00.000000Z
2026-06-29T07:15:00.000000Z,1579.5999755859375,1581.5,1576.8399658203125,1578.8299560546875,12166144,2026-06-29T07:30:00.000000Z
2026-06-29T07:30:00.000000Z,1578.760009765625,1579.8399658203125,1577.510009765625,1578,162572288,2026-06-29T07:45:00.000000Z
2026-06-29T07:45:00.000000Z,1577.8199462890625,1580.300048828125,1577.6099853515625,1577.8499755859375,74273280,2026-06-29T08:00:00.000000Z
2026-06-29T08:00:00.000000Z,1577.75,1579.699951171875,1574.75,1577.219970703125,28185088,2026-06-29T08:15:00.000000Z
2026-06-29T08:15:00.000000Z,1577.300048828125,1579.6600341796875,1570.4200439453125,1571.3499755859375,34700288,2026-06-29T08:30:00.000000Z
2026-06-29T08:30:00.000000Z,1571.0799560546875,1573.9100341796875,1567.739990234375,1571.5,55349248,2026-06-29T08:45:00.000000Z
2026-06-29T08:45:00.000000Z,1571.5799560546875,1574.0999755859375,1569.8499755859375,1570.5799560546875,516558848,2026-06-29T09:00:00.000000Z
2026-06-29T09:00:00.000000Z,1570.5799560546875,1572.47998046875,1569.9300537109375,1572.3599853515625,10977280,2026-06-29T09:15:00.000000Z
2026-06-29T09:15:00.000000Z,1572.4599609375,1577.6600341796875,1568.4000244140625,1574.1600341796875,29797888,2026-06-29T09:30:00.000000Z
2026-06-29T09:30:00.000000Z,1574.1199951171875,1575.6400146484375,1570.9200439453125,1572.1700439453125,66025984,2026-06-29T09:45:00.000000Z
2026-06-29T09:45:00.000000Z,1572.219970703125,1574.75,1571,1573.9000244140625,537556480,2026-06-29T10:00:00.000000Z
2026-06-29T10:00:00.000000Z,1574,1584.22998046875,1574,1581.3800048828125,109818880,2026-06-29T10:15:00.000000Z
2026-06-29T10:15:00.000000Z,1581.4000244140625,1581.77001953125,1578.5,1579.3699951171875,510020608,2026-06-29T10:30:00.000000Z
2026-06-29T10:30:00.000000Z,1579.52001953125,1579.52001953125,1576.0999755859375,1576.719970703125,68958720,2026-06-29T10:45:00.000000Z
2026-06-29T10:45:00.000000Z,1576.719970703125,1577.1600341796875,1575.0400390625,1576.219970703125,543462400,2026-06-29T11:00:00.000000Z
2026-06-29T11:00:00.000000Z,1576.5999755859375,1576.5999755859375,1570.8900146484375,1570.8900146484375,16753664,2026-06-29T11:15:00.000000Z
2026-06-29T11:15:00.000000Z,1570.3599853515625,1571.989990234375,1567.9100341796875,1571.449951171875,4544000,2026-06-29T11:30:00.000000Z
2026-06-29T11:30:00.000000Z,1571.800048828125,1578.27001953125,1568.3699951171875,1569.68994140625,608988160,2026-06-29T11:45:00.000000Z
2026-06-29T11:45:00.000000Z,1569.6400146484375,1572.7099609375,1567.4200439453125,1572.7099609375,121413632,2026-06-29T12:00:00.000000Z
2026-06-29T12:00:00.000000Z,1573.0999755859375,1594.25,1564.4300537109375,1592.1600341796875,62347264,2026-06-29T12:15:00.000000Z
2026-06-29T12:15:00.000000Z,1592.56005859375,1593.9300537109375,1585.449951171875,1587.6600341796875,1001893376,2026-06-29T12:30:00.000000Z
2026-06-29T12:30:00.000000Z,1588.1400146484375,1588.2099609375,1569.6400146484375,1573.4599609375,142663680,2026-06-29T12:45:00.000000Z
2026-06-29T12:45:00.000000Z,1573.5999755859375,1577.0400390625,1568.4599609375,1573.6800537109375,180193792,2026-06-29T13:00:00.000000Z
2026-06-29T13:00:00.000000Z,1574.47998046875,1585.9200439453125,1574.47998046875,1582.6600341796875,137681920,2026-06-29T13:15:00.000000Z
2026-06-29T13:15:00.000000Z,1582.5999755859375,1583.8499755859375,1573.47998046875,1573.5699462890625,45526016,2026-06-29T13:30:00.000000Z
2026-06-29T13:30:00.000000Z,1571.6400146484375,1582.47998046875,1564.27001953125,1565.199951171875,186204160,2026-06-29T13:45:00.000000Z
2026-06-29T13:45:00.000000Z,1565.1199951171875,1572.1400146484375,1563.0400390625,1569.260009765625,374237184,2026-06-29T14:00:00.000000Z
2026-06-29T14:00:00.000000Z,1569.760009765625,1569.760009765625,1557.199951171875,1557.8800048828125,140053504,2026-06-29T14:15:00.000000Z
2026-06-29T14:15:00.000000Z,1557.4000244140625,1570.239990234375,1555.1400146484375,1568.5400390625,173898752,2026-06-29T14:30:00.000000Z
2026-06-29T14:30:00.000000Z,1568.6099853515625,1576.25,1564.4599609375,1565.25,55298048,2026-06-29T14:45:00.000000Z
2026-06-29T14:45:00.000000Z,1564.489990234375,1572.5799560546875,1561.77001953125,1569.760009765625,177470464,2026-06-29T15:00:00.000000Z
2026-06-29T15:00:00.000000Z,1569.68994140625,1569.68994140625,1558.719970703125,1563.1199951171875,157449216,2026-06-29T15:15:00.000000Z
2026-06-29T15:15:00.000000Z,1563.219970703125,1571.31005859375,1560.1099853515625,1571.199951171875,686275584,2026-06-29T15:30:00.000000Z
2026-06-29T15:30:00.000000Z,1571.719970703125,1579.5999755859375,1570.800048828125,1576.260009765625,12275712,2026-06-29T15:45:00.000000Z
2026-06-29T15:45:00.000000Z,1575.9200439453125,1581.1600341796875,1573.6500244140625,1577.550048828125,717465600,2026-06-29T16:00:00.000000Z
2026-06-29T16:00:00.000000Z,1577.719970703125,1580.969970703125,1574.1800537109375,1574.8299560546875,472843264,2026-06-29T16:15:00.000000Z
2026-06-29T16:15:00.000000Z,1575.4300537109375,1577.1199951171875,1571.1600341796875,1572,25312256,2026-06-29T16:30:00.000000Z
2026-06-29T16:30:00.000000Z,1573.1199951171875,1583.7900390625,1573.0400390625,1582.3199462890625,404070400,2026-06-29T16:45:00.000000Z
2026-06-29T16:45:00.000000Z,1581.9300537109375,1584.18994140625,1579.8399658203125,1582.6600341796875,541928448,2026-06-29T17:00:00.000000Z
2026-06-29T17:00:00.000000Z,1582.5799560546875,1614.9599609375,1582.5799560546875,1613.43994140625,556996608,2026-06-29T17:15:00.000000Z
2026-06-29T17:15:00.000000Z,1614.949951171875,1628.31005859375,1614.949951171875,1624.4200439453125,533652480,2026-06-29T17:30:00.000000Z
2026-06-29T17:30:00.000000Z,1625.25,1629.719970703125,1620.25,1628.6099853515625,361245696,2026-06-29T17:45:00.000000Z
2026-06-29T17:45:00.000000Z,1628.1099853515625,1633.5899658203125,1625.4000244140625,1625.5799560546875,62324736,2026-06-29T18:00:00.000000Z
2026-06-29T18:00:00.000000Z,1625.3800048828125,1626.5699462890625,1622.18994140625,1626.1700439453125,241466368,2026-06-29T18:15:00.000000Z
2026-06-29T18:15:00.000000Z,1625.7099609375,1626.27001953125,1616.27001953125,1616.6700439453125,235696128,2026-06-29T18:30:00.000000Z
2026-06-29T18:30:00.000000Z,1615.949951171875,1621.43994140625,1615.949951171875,1621,294828032,2026-06-29T18:45:00.000000Z
2026-06-29T18:45:00.000000Z,1621.3299560546875,1621.3299560546875,1617.219970703125,1618.469970703125,176275456,2026-06-29T19:00:00.000000Z
2026-06-29T19:00:00.000000Z,1618.56005859375,1618.56005859375,1614.06005859375,1615.7099609375,494642176,2026-06-29T19:15:00.000000Z
2026-06-29T19:15:00.000000Z,1615.68994140625,1624.280029296875,1614.8399658203125,1623.199951171875,0,2026-06-29T19:30:00.000000Z
2026-06-29T19:30:00.000000Z,1623.0699462890625,1623.4200439453125,1619.199951171875,1622.1800537109375,541609984,2026-06-29T19:45:00.000000Z
2026-06-29T19:45:00.000000Z,1622.31005859375,1624.81005859375,1621.3199462890625,1622.9100341796875,533984256,2026-06-29T20:00:00.000000Z
2026-06-29T20:00:00.000000Z,1623.5400390625,1623.9200439453125,1619.510009765625,1620.2099609375,63065088,2026-06-29T20:15:00.000000Z
2026-06-29T20:15:00.000000Z,1619.9100341796875,1622.5999755859375,1618.31005859375,1619.97998046875,33733632,2026-06-29T20:30:00.000000Z
2026-06-29T20:30:00.000000Z,1620.2900390625,1622.9599609375,1619.219970703125,1619.719970703125,473554944,2026-06-29T20:45:00.000000Z
2026-06-29T20:45:00.000000Z,1619.6099853515625,1619.6099853515625,1615.010009765625,1615.0899658203125,255919104,2026-06-29T21:00:00.000000Z
2026-06-29T21:00:00.000000Z,1615.260009765625,1618.06005859375,1610.550048828125,1616.9100341796875,181226496,2026-06-29T21:15:00.000000Z
2026-06-29T21:15:00.000000Z,1616.77001953125,1617.0899658203125,1612.739990234375,1613.800048828125,189438976,2026-06-29T21:30:00.000000Z
2026-06-29T21:30:00.000000Z,1613.9599609375,1619.4200439453125,1613.9599609375,1618.3900146484375,485510144,2026-06-29T21:45:00.000000Z
2026-06-29T21:45:00.000000Z,1618.47998046875,1620.31005859375,1616.8299560546875,1617.6500244140625,82669568,2026-06-29T22:00:00.000000Z
2026-06-29T22:00:00.000000Z,1617.6500244140625,1618.260009765625,1615.25,1616.75,8093696,2026-06-29T22:15:00.000000Z
2026-06-29T22:15:00.000000Z,1617,1619.5,1615,1615.56005859375,0,2026-06-29T22:30:00.000000Z
2026-06-29T22:30:00.000000Z,1615.56005859375,1615.9100341796875,1611.3299560546875,1613.06005859375,0,2026-06-29T22:45:00.000000Z
2026-06-29T22:45:00.000000Z,1613.0999755859375,1614.1600341796875,1610.3900146484375,1610.550048828125,149821440,2026-06-29T23:00:00.000000Z
2026-06-29T23:00:00.000000Z,1610.3900146484375,1611.6500244140625,1609.52001953125,1609.75,378519552,2026-06-29T23:15:00.000000Z
2026-06-29T23:15:00.000000Z,1610.010009765625,1610.219970703125,1605.969970703125,1606.260009765625,449371136,2026-06-29T23:30:00.000000Z
2026-06-29T23:30:00.000000Z,1606.050048828125,1609.9599609375,1605.530029296875,1608.93994140625,259343360,2026-06-29T23:45:00.000000Z
2026-06-29T23:45:00.000000Z,1608.75,1610.9599609375,1608.6800537109375,1610.72998046875,455031808,2026-06-30T00:00:00.000000Z
2026-06-30T00:00:00.000000Z,1610.18994140625,1611.8499755859375,1607.6700439453125,1609.510009765625,3883008,2026-06-30T00:15:00.000000Z
2026-06-30T00:15:00.000000Z,1610.1400146484375,1610.7099609375,1600.43994140625,1600.43994140625,0,2026-06-30T00:30:00.000000Z
2026-06-30T00:30:00.000000Z,1600.300048828125,1600.6400146484375,1590.2099609375,1592.2900390625,0,2026-06-30T00:45:00.000000Z
2026-06-30T00:45:00.000000Z,1592.25,1595.3399658203125,1591.300048828125,1592.02001953125,229020672,2026-06-30T01:00:00.000000Z
2026-06-30T01:00:00.000000Z,1592.199951171875,1593.3399658203125,1588.3299560546875,1590.0799560546875,24190976,2026-06-30T01:15:00.000000Z
2026-06-30T01:15:00.000000Z,1589.489990234375,1597.5,1589.4100341796875,1596.75,0,2026-06-30T01:30:00.000000Z
2026-06-30T01:30:00.000000Z,1596.1500244140625,1596.760009765625,1586.7099609375,1588.8599853515625,109399040,2026-06-30T01:45:00.000000Z
2026-06-30T01:45:00.000000Z,1588.6800537109375,1591.9100341796875,1588.6800537109375,1591.5,155646976,2026-06-30T02:00:00.000000Z
2026-06-30T02:00:00.000000Z,1591.5899658203125,1591.6099853515625,1584.9100341796875,1585.77001953125,14399488,2026-06-30T02:15:00.000000Z
2026-06-30T02:15:00.000000Z,1585.8900146484375,1589.72998046875,1584.0999755859375,1589.0899658203125,39312384,2026-06-30T02:30:00.000000Z
2026-06-30T02:30:00.000000Z,1588.8599853515625,1590.239990234375,1587.0699462890625,1589.5699462890625,19539968,2026-06-30T02:45:00.000000Z
2026-06-30T02:45:00.000000Z,1590.050048828125,1591.510009765625,1587.8499755859375,1587.8499755859375,439315456,2026-06-30T03:00:00.000000Z
2026-06-30T03:00:00.000000Z,1588.280029296875,1590.9300537109375,1587.8699951171875,1589.4200439453125,379433984,2026-06-30T03:15:00.000000Z
2026-06-30T03:15:00.000000Z,1589.4000244140625,1593.4200439453125,1588.239990234375,1589.699951171875,163665920,2026-06-30T03:30:00.000000Z
2026-06-30T03:30:00.000000Z,1589.5,1589.5799560546875,1585.9100341796875,1587.75,101798912,2026-06-30T03:45:00.000000Z
2026-06-30T03:45:00.000000Z,1587.6700439453125,1587.739990234375,1583.9000244140625,1584.3199462890625,508763136,2026-06-30T04:00:00.000000Z
2026-06-30T04:00:00.000000Z,1584.0799560546875,1585.800048828125,1576.8900146484375,1585,544854016,2026-06-30T04:15:00.000000Z
2026-06-30T04:15:00.000000Z,1585.22998046875,1585.27001953125,1580.75,1584.780029296875,193592320,2026-06-30T04:30:00.000000Z
2026-06-30T04:30:00.000000Z,1584.93994140625,1588.3199462890625,1584.93994140625,1586.5699462890625,485139456,2026-06-30T04:45:00.000000Z
2026-06-30T04:45:00.000000Z,1586.6199951171875,1587.1300048828125,1584.219970703125,1585.0999755859375,144026624,2026-06-30T05:00:00.000000Z
2026-06-30T05:00:00.000000Z,1585.219970703125,1587.7900390625,1585.0999755859375,1586.780029296875,73902080,2026-06-30T05:15:00.000000Z
2026-06-30T05:15:00.000000Z,1586.6800537109375,1586.6800537109375,1582.75,1583.5,66224128,2026-06-30T05:30:00.000000Z
2026-06-30T05:30:00.000000Z,1583.280029296875,1588.3399658203125,1582.469970703125,1586.81005859375,24838144,2026-06-30T05:45:00.000000Z
2026-06-30T05:45:00.000000Z,1586.8299560546875,1589.550048828125,1586.6099853515625,1589.1400146484375,467319808,2026-06-30T06:00:00.000000Z
2026-06-30T06:00:00.000000Z,1589.5,1589.5,1587.25,1588.2900390625,121780224,2026-06-30T06:15:00.000000Z
2026-06-30T06:15:00.000000Z,1588.280029296875,1591.6700439453125,1586.56005859375,1591.6099853515625,437452800,2026-06-30T06:30:00.000000Z
2026-06-30T06:30:00.000000Z,1591.6400146484375,1591.800048828125,1589.3199462890625,1590.2900390625,4059136,2026-06-30T06:45:00.000000Z
2026-06-30T06:45:00.000000Z,1590.3800048828125,1592.1600341796875,1589.8599853515625,1591.449951171875,65032192,2026-06-30T07:00:00.000000Z
2026-06-30T07:00:00.000000Z,1590.949951171875,1593.1800537109375,1587.8399658203125,1589.4200439453125,0,2026-06-30T07:15:00.000000Z
2026-06-30T07:15:00.000000Z,1589.6500244140625,1590.6700439453125,1587.8399658203125,1588.949951171875,455083008,2026-06-30T07:30:00.000000Z
2026-06-30T07:30:00.000000Z,1589.280029296875,1591.760009765625,1589.1500244140625,1589.1500244140625,14988288,2026-06-30T07:45:00.000000Z
2026-06-30T07:45:00.000000Z,1589.1600341796875,1590.9300537109375,1588.8199462890625,1589.75,78225408,2026-06-30T08:00:00.000000Z
2026-06-30T08:00:00.000000Z,1589.75,1591.8499755859375,1586.8699951171875,1586.8699951171875,26427392,2026-06-30T08:15:00.000000Z
2026-06-30T08:15:00.000000Z,1586.8199462890625,1587.760009765625,1584.760009765625,1586.7099609375,106604544,2026-06-30T08:30:00.000000Z
2026-06-30T08:30:00.000000Z,1586.7099609375,1587.1199951171875,1577.9000244140625,1579.9000244140625,10790912,2026-06-30T08:45:00.000000Z
2026-06-30T08:45:00.000000Z,1580.260009765625,1581.760009765625,1576.8599853515625,1581.050048828125,287375360,2026-06-30T09:00:00.000000Z
2026-06-30T09:00:00.000000Z,1580.8299560546875,1584.3699951171875,1579.8499755859375,1582.1500244140625,528257024,2026-06-30T09:15:00.000000Z
2026-06-30T09:15:00.000000Z,1582.1500244140625,1582.780029296875,1579.7099609375,1581.1300048828125,54089728,2026-06-30T09:30:00.000000Z
2026-06-30T09:30:00.000000Z,1581.1199951171875,1583.1500244140625,1578.93994140625,1582.31005859375,429471744,2026-06-30T09:45:00.000000Z
2026-06-30T09:45:00.000000Z,1582.3199462890625,1584.5,1581.8499755859375,1582.949951171875,24218624,2026-06-30T10:00:00.000000Z
2026-06-30T10:00:00.000000Z,1583.1099853515625,1584.3199462890625,1580.489990234375,1582.72998046875,738632704,2026-06-30T10:15:00.000000Z
2026-06-30T10:15:00.000000Z,1582.72998046875,1583.510009765625,1580.3299560546875,1581.1400146484375,2991104,2026-06-30T10:30:00.000000Z
2026-06-30T10:30:00.000000Z,1581.25,1582.0899658203125,1579.6800537109375,1581.9200439453125,894594048,2026-06-30T10:45:00.000000Z
2026-06-30T10:45:00.000000Z,1581.9300537109375,1583.97998046875,1580.5799560546875,1581.9300537109375,8322048,2026-06-30T11:00:00.000000Z
2026-06-30T11:00:00.000000Z,1581.8900146484375,1583.5400390625,1581.489990234375,1582.18994140625,56465408,2026-06-30T11:15:00.000000Z
2026-06-30T11:15:00.000000Z,1582.469970703125,1582.47998046875,1575.3299560546875,1576.1500244140625,18749440,2026-06-30T11:30:00.000000Z
2026-06-30T11:30:00.000000Z,1576.47998046875,1578.2900390625,1573.469970703125,1578.1600341796875,212331520,2026-06-30T11:45:00.000000Z
2026-06-30T11:45:00.000000Z,1578.0899658203125,1580.6700439453125,1574.550048828125,1575.739990234375,553176064,2026-06-30T12:00:00.000000Z
2026-06-30T12:00:00.000000Z,1575.719970703125,1575.719970703125,1569.9599609375,1569.9599609375,69287936,2026-06-30T12:15:00.000000Z
2026-06-30T12:15:00.000000Z,1570.3499755859375,1571.199951171875,1561.1400146484375,1562.449951171875,0,2026-06-30T12:30:00.000000Z
2026-06-30T12:30:00.000000Z,1562.010009765625,1563.2099609375,1559.27001953125,1561.3499755859375,215024640,2026-06-30T12:45:00.000000Z
2026-06-30T12:45:00.000000Z,1561.4200439453125,1562,1550.1300048828125,1550.1300048828125,8358912,2026-06-30T13:00:00.000000Z
2026-06-30T13:00:00.000000Z,1550.5400390625,1559.469970703125,1548.47998046875,1556.1500244140625,126232576,2026-06-30T13:15:00.000000Z
2026-06-30T13:15:00.000000Z,1556.47998046875,1559.719970703125,1556.47998046875,1558.050048828125,133469184,2026-06-30T13:30:00.000000Z
2026-06-30T13:30:00.000000Z,1559.300048828125,1564.260009765625,1548.1800537109375,1557.510009765625,479328256,2026-06-30T13:45:00.000000Z
2026-06-30T13:45:00.000000Z,1557.6600341796875,1564.699951171875,1553.4300537109375,1564.5,630987776,2026-06-30T14:00:00.000000Z
2026-06-30T14:00:00.000000Z,1564.0799560546875,1575.030029296875,1562.47998046875,1569.75,25200640,2026-06-30T14:15:00.000000Z
2026-06-30T14:15:00.000000Z,1569.6300048828125,1572.4100341796875,1566.8599853515625,1571.489990234375,98316288,2026-06-30T14:30:00.000000Z
2026-06-30T14:30:00.000000Z,1571.3900146484375,1573.1099853515625,1560.9599609375,1569.6800537109375,568644608,2026-06-30T14:45:00.000000Z
2026-06-30T14:45:00.000000Z,1569.43994140625,1569.43994140625,1558.300048828125,1560.47998046875,183794688,2026-06-30T15:00:00.000000Z
2026-06-30T15:00:00.000000Z,1560.719970703125,1564.2099609375,1554.47998046875,1562.5699462890625,153598976,2026-06-30T15:15:00.000000Z
2026-06-30T15:15:00.000000Z,1562.550048828125,1565.6099853515625,1557.6099853515625,1562.969970703125,204253184,2026-06-30T15:30:00.000000Z
2026-06-30T15:30:00.000000Z,1563.5699462890625,1564.1700439453125,1559.8399658203125,1562.8900146484375,6676480,2026-06-30T15:45:00.000000Z
2026-06-30T15:45:00.000000Z,1563.199951171875,1572.9599609375,1561.31005859375,1562.1700439453125,29213696,2026-06-30T16:00:00.000000Z
2026-06-30T16:00:00.000000Z,1562.0799560546875,1569.239990234375,1561.68994140625,1563.9300537109375,125632512,2026-06-30T16:15:00.000000Z
2026-06-30T16:15:00.000000Z,1563.800048828125,1564.6300048828125,1559.2900390625,1560.5899658203125,27404288,2026-06-30T16:30:00.000000Z
2026-06-30T16:30:00.000000Z,1561.1600341796875,1567.3299560546875,1559.260009765625,1563.5799560546875,193325056,2026-06-30T16:45:00.000000Z
2026-06-30T16:45:00.000000Z,1563.6400146484375,1572.2900390625,1563.5999755859375,1569.6099853515625,7199744,2026-06-30T17:00:00.000000Z
2026-06-30T17:00:00.000000Z,1570,1574.6800537109375,1567.81005859375,1568.010009765625,0,2026-06-30T17:15:00.000000Z
2026-06-30T17:15:00.000000Z,1568.1099853515625,1571,1568.1099853515625,1568.6400146484375,73861120,2026-06-30T17:30:00.000000Z
2026-06-30T17:30:00.000000Z,1569,1570.4300537109375,1567.1600341796875,1568.1800537109375,0,2026-06-30T17:45:00.000000Z
2026-06-30T17:45:00.000000Z,1568,1569.760009765625,1566.1500244140625,1568.5799560546875,0,2026-06-30T18:00:00.000000Z
2026-06-30T18:00:00.000000Z,1568.47998046875,1571.300048828125,1567.219970703125,1570.5999755859375,64060416,2026-06-30T18:15:00.000000Z
2026-06-30T18:15:00.000000Z,1570.530029296875,1578.5699462890625,1569.2099609375,1574.3599853515625,25449472,2026-06-30T18:30:00.000000Z
2026-06-30T18:30:00.000000Z,1574.97998046875,1574.97998046875,1570.0999755859375,1571.7900390625,544052224,2026-06-30T18:45:00.000000Z
2026-06-30T18:45:00.000000Z,1572.56005859375,1577.68994140625,1571.8699951171875,1576.8599853515625,499563520,2026-06-30T19:00:00.000000Z
2026-06-30T19:00:00.000000Z,1576.1099853515625,1578.4000244140625,1574.8499755859375,1575.969970703125,128444416,2026-06-30T19:15:00.000000Z
2026-06-30T19:15:00.000000Z,1575.510009765625,1576.0999755859375,1572.81005859375,1575.0899658203125,1302528,2026-06-30T19:30:00.000000Z
2026-06-30T19:30:00.000000Z,1575.1400146484375,1578.8399658203125,1574.5,1577.050048828125,368565248,2026-06-30T19:45:00.000000Z
2026-06-30T19:45:00.000000Z,1577.3499755859375,1578.4599609375,1574.800048828125,1578.0999755859375,642165760,2026-06-30T20:00:00.000000Z
2026-06-30T20:00:00.000000Z,1576.989990234375,1580.27001953125,1575.3900146484375,1579.1099853515625,44376064,2026-06-30T20:15:00.000000Z
2026-06-30T20:15:00.000000Z,1579.010009765625,1579.010009765625,1573.219970703125,1574.5899658203125,26854400,2026-06-30T20:30:00.000000Z
2026-06-30T20:30:00.000000Z,1574.1500244140625,1574.300048828125,1571.4100341796875,1571.800048828125,0,2026-06-30T20:45:00.000000Z
2026-06-30T20:45:00.000000Z,1571.68994140625,1576.0799560546875,1571.68994140625,1573.4100341796875,531034112,2026-06-30T21:00:00.000000Z
2026-06-30T21:00:00.000000Z,1573.4100341796875,1574.43994140625,1569.300048828125,1570.1400146484375,93379584,2026-06-30T21:15:00.000000Z
2026-06-30T21:15:00.000000Z,1570.219970703125,1571.5400390625,1567.5,1568.9000244140625,10544128,2026-06-30T21:30:00.000000Z
2026-06-30T21:30:00.000000Z,1568.969970703125,1570.5699462890625,1567.93994140625,1567.93994140625,156372992,2026-06-30T21:45:00.000000Z
2026-06-30T21:45:00.000000Z,1568.4599609375,1569.0899658203125,1567.3599853515625,1568.68994140625,125429760,2026-06-30T22:00:00.000000Z
2026-06-30T22:00:00.000000Z,1569.1800537109375,1571.9200439453125,1568.2099609375,1570.530029296875,0,2026-06-30T22:15:00.000000Z
2026-06-30T22:15:00.000000Z,1570.0999755859375,1572.22998046875,1567.8599853515625,1568.239990234375,65656832,2026-06-30T22:30:00.000000Z
2026-06-30T22:30:00.000000Z,1568.06005859375,1568.06005859375,1564.18994140625,1565.989990234375,469677056,2026-06-30T22:45:00.000000Z
2026-06-30T22:45:00.000000Z,1565.739990234375,1566.9100341796875,1564.2099609375,1564.8800048828125,150647808,2026-06-30T23:00:00.000000Z
2026-06-30T23:00:00.000000Z,1565.43994140625,1566.800048828125,1563.4100341796875,1566.4200439453125,119930880,2026-06-30T23:15:00.000000Z
2026-06-30T23:15:00.000000Z,1566.4100341796875,1568.300048828125,1565.81005859375,1567.3399658203125,18505728,2026-06-30T23:30:00.000000Z
2026-06-30T23:30:00.000000Z,1567.300048828125,1568.9200439453125,1566.06005859375,1568.199951171875,0,2026-06-30T23:45:00.000000Z
2026-06-30T23:45:00.000000Z,1568.1099853515625,1570.1500244140625,1567.7099609375,1569.489990234375,19456000,2026-07-01T00:00:00.000000Z
2026-07-01T00:00:00.000000Z,1569.6099853515625,1572.9300537109375,1569.6099853515625,1571.6099853515625,103949312,2026-07-01T00:15:00.000000Z
2026-07-01T00:15:00.000000Z,1571.8599853515625,1572.8699951171875,1563.760009765625,1566.1099853515625,102287360,2026-07-01T00:30:00.000000Z
2026-07-01T00:30:00.000000Z,1566.469970703125,1571,1566,1569.2900390625,346158080,2026-07-01T00:45:00.000000Z
2026-07-01T00:45:00.000000Z,1569.5,1573.8499755859375,1569.010009765625,1572.6199951171875,528698368,2026-07-01T01:00:00.000000Z
2026-07-01T01:00:00.000000Z,1572.5999755859375,1572.800048828125,1550.8900146484375,1561,0,2026-07-01T01:15:00.000000Z
2026-07-01T01:15:00.000000Z,1563.0899658203125,1569.6199951171875,1557.449951171875,1568.050048828125,73041920,2026-07-01T01:30:00.000000Z
2026-07-01T01:30:00.000000Z,1567.0999755859375,1583.199951171875,1567.0999755859375,1578.719970703125,438175744,2026-07-01T01:45:00.000000Z
2026-07-01T01:45:00.000000Z,1578.4000244140625,1580.510009765625,1574.300048828125,1575.43994140625,76388352,2026-07-01T02:00:00.000000Z
2026-07-01T02:00:00.000000Z,1576,1578.199951171875,1571.949951171875,1576.31005859375,576137216,2026-07-01T02:15:00.000000Z
2026-07-01T02:15:00.000000Z,1576.4100341796875,1581.8199462890625,1575.7099609375,1580.2099609375,19738624,2026-07-01T02:30:00.000000Z
2026-07-01T02:30:00.000000Z,1580.5,1586.780029296875,1579.3499755859375,1586.1800537109375,641519616,2026-07-01T02:45:00.000000Z
2026-07-01T02:45:00.000000Z,1586,1586.9100341796875,1581.6199951171875,1583.780029296875,628573184,2026-07-01T03:00:00.000000Z
2026-07-01T03:00:00.000000Z,1583.780029296875,1587.56005859375,1581.9100341796875,1582.97998046875,121272320,2026-07-01T03:15:00.000000Z
2026-07-01T03:15:00.000000Z,1583.1500244140625,1583.1500244140625,1579.97998046875,1581.8399658203125,28707840,2026-07-01T03:30:00.000000Z
2026-07-01T03:30:00.000000Z,1582.3199462890625,1593.6800537109375,1579.9200439453125,1586.5899658203125,172642304,2026-07-01T03:45:00.000000Z
2026-07-01T03:45:00.000000Z,1586.5899658203125,1595.6199951171875,1586.3900146484375,1592.2900390625,21827584,2026-07-01T04:00:00.000000Z
2026-07-01T04:00:00.000000Z,1591.9300537109375,1592.1700439453125,1588.3499755859375,1589.510009765625,163151872,2026-07-01T04:15:00.000000Z
2026-07-01T04:15:00.000000Z,1589.52001953125,1592.3199462890625,1589.3399658203125,1591.7900390625,2262016,2026-07-01T04:30:00.000000Z
2026-07-01T04:30:00.000000Z,1591.75,1595.1400146484375,1590.1199951171875,1595,129931264,2026-07-01T04:45:00.000000Z
2026-07-01T04:45:00.000000Z,1594.989990234375,1600.68994140625,1594.6099853515625,1596.81005859375,209246208,2026-07-01T05:00:00.000000Z
2026-07-01T05:00:00.000000Z,1596.8599853515625,1598.3900146484375,1592.9100341796875,1593.4100341796875,185748480,2026-07-01T05:15:00.000000Z
2026-07-01T05:15:00.000000Z,1593.3699951171875,1595.739990234375,1590.780029296875,1591.300048828125,33471488,2026-07-01T05:30:00.000000Z
2026-07-01T05:30:00.000000Z,1591.3499755859375,1591.8900146484375,1589.030029296875,1590.6500244140625,136735744,2026-07-01T05:45:00.000000Z
2026-07-01T05:45:00.000000Z,1590.8599853515625,1591.1500244140625,1588.7099609375,1590.260009765625,614529024,2026-07-01T06:00:00.000000Z
2026-07-01T06:00:00.000000Z,1590.47998046875,1590.6600341796875,1582.8499755859375,1584.77001953125,0,2026-07-01T06:15:00.000000Z
2026-07-01T06:15:00.000000Z,1584.6800537109375,1585.3800048828125,1575.8599853515625,1578.510009765625,114501632,2026-07-01T06:30:00.000000Z
2026-07-01T06:30:00.000000Z,1578.0999755859375,1579.3399658203125,1569.18994140625,1575.030029296875,155235328,2026-07-01T06:45:00.000000Z
2026-07-01T06:45:00.000000Z,1574.3399658203125,1575.4100341796875,1570.9599609375,1573.6600341796875,87294976,2026-07-01T07:00:00.000000Z
2026-07-01T07:00:00.000000Z,1574.5999755859375,1574.800048828125,1570.1500244140625,1573.22998046875,203531264,2026-07-01T07:15:00.000000Z
2026-07-01T07:15:00.000000Z,1573.3399658203125,1577.3800048828125,1571.469970703125,1575.2099609375,98569216,2026-07-01T07:30:00.000000Z
2026-07-01T07:30:00.000000Z,1574.3499755859375,1577.010009765625,1572.6800537109375,1575.3599853515625,236606464,2026-07-01T07:45:00.000000Z
2026-07-01T07:45:00.000000Z,1575.4100341796875,1578.9300537109375,1574.3199462890625,1576.1800537109375,40081408,2026-07-01T08:00:00.000000Z
2026-07-01T08:00:00.000000Z,1575.5,1576.6300048828125,1571.9300537109375,1573.56005859375,12901376,2026-07-01T08:15:00.000000Z
2026-07-01T08:15:00.000000Z,1573.0999755859375,1573.5699462890625,1568.93994140625,1569.47998046875,0,2026-07-01T08:30:00.000000Z
2026-07-01T08:30:00.000000Z,1569.739990234375,1573.72998046875,1566.3499755859375,1573.5,134665216,2026-07-01T08:45:00.000000Z
2026-07-01T08:45:00.000000Z,1573.8299560546875,1580.02001953125,1571.8399658203125,1580.02001953125,413179904,2026-07-01T09:00:00.000000Z
2026-07-01T09:00:00.000000Z,1580.1600341796875,1582.8699951171875,1577.2099609375,1578.280029296875,483737600,2026-07-01T09:15:00.000000Z
2026-07-01T09:15:00.000000Z,1578.3900146484375,1580.0799560546875,1577.4300537109375,1577.93994140625,193026048,2026-07-01T09:30:00.000000Z
2026-07-01T09:30:00.000000Z,1577.989990234375,1579.4300537109375,1577.1400146484375,1579.3599853515625,28004352,2026-07-01T09:45:00.000000Z
2026-07-01T09:45:00.000000Z,1579.3900146484375,1580.8599853515625,1576.5999755859375,1578.93994140625,491305984,2026-07-01T10:00:00.000000Z
2026-07-01T10:00:00.000000Z,1578.8199462890625,1579.260009765625,1572.5999755859375,1572.77001953125,605740032,2026-07-01T10:15:00.000000Z
2026-07-01T10:15:00.000000Z,1573.0699462890625,1574.8199462890625,1570.719970703125,1573.43994140625,35496960,2026-07-01T10:30:00.000000Z
2026-07-01T10:30:00.000000Z,1573.469970703125,1573.780029296875,1569.8499755859375,1569.9200439453125,137239552,2026-07-01T10:45:00.000000Z
2026-07-01T10:45:00.000000Z,1570.1099853515625,1572.550048828125,1570.1099853515625,1571.06005859375,0,2026-07-01T11:00:00.000000Z
2026-07-01T11:00:00.000000Z,1571.489990234375,1573.510009765625,1568.719970703125,1572.4599609375,559587328,2026-07-01T11:15:00.000000Z
2026-07-01T11:15:00.000000Z,1572.6400146484375,1573.5,1570.3499755859375,1570.5999755859375,178479104,2026-07-01T11:30:00.000000Z
2026-07-01T11:30:00.000000Z,1570.449951171875,1571.6600341796875,1568.4300537109375,1571.0799560546875,438048768,2026-07-01T11:45:00.000000Z
2026-07-01T11:45:00.000000Z,1571.3800048828125,1571.8499755859375,1565.239990234375,1567.72998046875,365111296,2026-07-01T12:00:00.000000Z
2026-07-01T12:00:00.000000Z,1568.719970703125,1569.719970703125,1564.47998046875,1566.1700439453125,544763904,2026-07-01T12:15:00.000000Z
2026-07-01T12:15:00.000000Z,1566.1600341796875,1569.8299560546875,1566.1600341796875,1568.449951171875,481403904,2026-07-01T12:30:00.000000Z
2026-07-01T12:30:00.000000Z,1567.5,1569.4300537109375,1564.4200439453125,1565.3699951171875,0,2026-07-01T12:45:00.000000Z
2026-07-01T12:45:00.000000Z,1565.6700439453125,1568.4100341796875,1563.8499755859375,1567.949951171875,133430272,2026-07-01T13:00:00.000000Z
2026-07-01T13:00:00.000000Z,1568.4200439453125,1573.31005859375,1568.4200439453125,1571.3900146484375,423943168,2026-07-01T13:15:00.000000Z
2026-07-01T13:15:00.000000Z,1571.800048828125,1576.8299560546875,1570.6600341796875,1576.530029296875,131920896,2026-07-01T13:30:00.000000Z
2026-07-01T13:30:00.000000Z,1574.06005859375,1580.8900146484375,1568.030029296875,1580.3499755859375,67952640,2026-07-01T13:45:00.000000Z
2026-07-01T13:45:00.000000Z,1579.6600341796875,1595.9300537109375,1578.4300537109375,1595.9300537109375,50976768,2026-07-01T14:00:00.000000Z
2026-07-01T14:00:00.000000Z,1595.5999755859375,1611.4100341796875,1589.550048828125,1611.2099609375,8737792,2026-07-01T14:15:00.000000Z
2026-07-01T14:15:00.000000Z,1611.52001953125,1614.5899658203125,1603.0899658203125,1604.1600341796875,834060288,2026-07-01T14:30:00.000000Z
2026-07-01T14:30:00.000000Z,1604.1600341796875,1605.3599853515625,1594.8599853515625,1597.0999755859375,326165504,2026-07-01T14:45:00.000000Z
2026-07-01T14:45:00.000000Z,1596.1600341796875,1600.8800048828125,1590.2099609375,1599.3199462890625,190759936,2026-07-01T15:00:00.000000Z
2026-07-01T15:00:00.000000Z,1599.199951171875,1614.8599853515625,1599.199951171875,1610.47998046875,41829376,2026-07-01T15:15:00.000000Z
2026-07-01T15:15:00.000000Z,1610.0799560546875,1629.050048828125,1606.8199462890625,1622.3199462890625,198554624,2026-07-01T15:30:00.000000Z
2026-07-01T15:30:00.000000Z,1623.3900146484375,1625.72998046875,1619.18994140625,1621.0999755859375,145970176,2026-07-01T15:45:00.000000Z
2026-07-01T15:45:00.000000Z,1621.3599853515625,1621.68994140625,1616.1400146484375,1618.760009765625,598853632,2026-07-01T16:00:00.000000Z
2026-07-01T16:00:00.000000Z,1618.6199951171875,1619.4300537109375,1614.780029296875,1617.5,436918272,2026-07-01T16:15:00.000000Z
2026-07-01T16:15:00.000000Z,1617.7900390625,1625.0699462890625,1613.719970703125,1621.6300048828125,68861952,2026-07-01T16:30:00.000000Z
2026-07-01T16:30:00.000000Z,1621.1199951171875,1622.5,1616.1700439453125,1617.300048828125,61420544,2026-07-01T16:45:00.000000Z
2026-07-01T16:45:00.000000Z,1617.1800537109375,1617.8800048828125,1611.0999755859375,1613.0799560546875,492482560,2026-07-01T17:00:00.000000Z
2026-07-01T17:00:00.000000Z,1613.010009765625,1613.010009765625,1605.5400390625,1611.7099609375,312753152,2026-07-01T17:15:00.000000Z
2026-07-01T17:15:00.000000Z,1611.9599609375,1623.22998046875,1611.9599609375,1620.8199462890625,13677568,2026-07-01T17:30:00.000000Z
2026-07-01T17:30:00.000000Z,1620.4000244140625,1623.260009765625,1617.1199951171875,1619.6300048828125,34356224,2026-07-01T17:45:00.000000Z
2026-07-01T17:45:00.000000Z,1619.969970703125,1623.06005859375,1619.56005859375,1621.280029296875,333110272,2026-07-01T18:00:00.000000Z
2026-07-01T18:00:00.000000Z,1621.3499755859375,1622.760009765625,1615.6099853515625,1618.3199462890625,25786368,2026-07-01T18:15:00.000000Z
2026-07-01T18:15:00.000000Z,1617.7900390625,1621.31005859375,1615.8499755859375,1616.47998046875,65041408,2026-07-01T18:30:00.000000Z
2026-07-01T18:30:00.000000Z,1616.9000244140625,1618.800048828125,1612.6600341796875,1617.8599853515625,126185472,2026-07-01T18:45:00.000000Z
2026-07-01T18:45:00.000000Z,1618.1199951171875,1618.3699951171875,1610.239990234375,1614.989990234375,0,2026-07-01T19:00:00.000000Z
2026-07-01T19:00:00.000000Z,1614.9599609375,1621.2900390625,1614.9599609375,1620.969970703125,22731776,2026-07-01T19:15:00.000000Z
2026-07-01T19:15:00.000000Z,1621.22998046875,1622.469970703125,1615.530029296875,1617.0699462890625,617441280,2026-07-01T19:30:00.000000Z
2026-07-01T19:30:00.000000Z,1617.0699462890625,1620.4599609375,1615.0699462890625,1617.9599609375,98600960,2026-07-01T19:45:00.000000Z
2026-07-01T19:45:00.000000Z,1617.81005859375,1617.81005859375,1613.0999755859375,1616,45604864,2026-07-01T20:00:00.000000Z
2026-07-01T20:00:00.000000Z,1616.0999755859375,1616.3399658203125,1610.3599853515625,1614.8399658203125,28542976,2026-07-01T20:15:00.000000Z
2026-07-01T20:15:00.000000Z,1614.760009765625,1615.199951171875,1608.5999755859375,1614.0899658203125,166337536,2026-07-01T20:30:00.000000Z
2026-07-01T20:30:00.000000Z,1614.1600341796875,1617.219970703125,1613.050048828125,1614.5,113481728,2026-07-01T20:45:00.000000Z
2026-07-01T20:45:00.000000Z,1614.81005859375,1618.4000244140625,1614.5999755859375,1616.219970703125,47807488,2026-07-01T21:00:00.000000Z
2026-07-01T21:00:00.000000Z,1616.2099609375,1622.800048828125,1615.9200439453125,1621.739990234375,106038272,2026-07-01T21:15:00.000000Z
2026-07-01T21:15:00.000000Z,1621.72998046875,1624.9200439453125,1619.6800537109375,1622.7099609375,111065088,2026-07-01T21:30:00.000000Z
2026-07-01T21:30:00.000000Z,1622.699951171875,1628.43994140625,1622.4599609375,1626.1300048828125,162423808,2026-07-01T21:45:00.000000Z
2026-07-01T21:45:00.000000Z,1626.1600341796875,1634.56005859375,1625.530029296875,1630.3299560546875,330755072,2026-07-01T22:00:00.000000Z
2026-07-01T22:00:00.000000Z,1629.699951171875,1630.3699951171875,1627.1600341796875,1628.0999755859375,99624960,2026-07-01T22:15:00.000000Z
2026-07-01T22:15:00.000000Z,1627.6700439453125,1642.9599609375,1625.5999755859375,1625.5999755859375,510902272,2026-07-01T22:30:00.000000Z
2026-07-01T22:30:00.000000Z,1627.4000244140625,1628.760009765625,1621.4300537109375,1622.8900146484375,247171072,2026-07-01T22:45:00.000000Z
2026-07-01T22:45:00.000000Z,1623,1624,1618.7900390625,1620.47998046875,815713280,2026-07-01T23:00:00.000000Z
2026-07-01T23:00:00.000000Z,1619.5999755859375,1619.5999755859375,1613.219970703125,1613.77001953125,35538944,2026-07-01T23:15:00.000000Z
2026-07-01T23:15:00.000000Z,1613.9100341796875,1616.719970703125,1612.3199462890625,1612.81005859375,196322304,2026-07-01T23:30:00.000000Z
2026-07-01T23:30:00.000000Z,1612.9100341796875,1614.43994140625,1607.3800048828125,1612.280029296875,716904448,2026-07-01T23:45:00.000000Z
2026-07-01T23:45:00.000000Z,1612.300048828125,1612.300048828125,1606.5699462890625,1607.6400146484375,50067456,2026-07-02T00:00:00.000000Z
2026-07-02T00:00:00.000000Z,1607.52001953125,1607.5999755859375,1601.9200439453125,1604.5999755859375,229062656,2026-07-02T00:15:00.000000Z
2026-07-02T00:15:00.000000Z,1605.199951171875,1605.199951171875,1600.31005859375,1600.93994140625,0,2026-07-02T00:30:00.000000Z
2026-07-02T00:30:00.000000Z,1601.1099853515625,1602.8699951171875,1595.280029296875,1596.4000244140625,278091776,2026-07-02T00:45:00.000000Z
2026-07-02T00:45:00.000000Z,1597.06005859375,1603.47998046875,1596.1700439453125,1601.8699951171875,81058816,2026-07-02T01:00:00.000000Z
2026-07-02T01:00:00.000000Z,1602,1607.8399658203125,1600.93994140625,1607.219970703125,304839680,2026-07-02T01:15:00.000000Z
2026-07-02T01:15:00.000000Z,1608.22998046875,1611,1606.199951171875,1609.81005859375,524077056,2026-07-02T01:30:00.000000Z
2026-07-02T01:30:00.000000Z,1610.550048828125,1623,1610.4599609375,1619.800048828125,124476416,2026-07-02T01:45:00.000000Z
2026-07-02T01:45:00.000000Z,1619.52001953125,1621.989990234375,1616.0699462890625,1618.5,139043840,2026-07-02T02:00:00.000000Z
2026-07-02T02:00:00.000000Z,1618.2900390625,1618.4000244140625,1612.9000244140625,1615.75,0,2026-07-02T02:15:00.000000Z
2026-07-02T02:15:00.000000Z,1616.719970703125,1619.050048828125,1615.1600341796875,1616.9599609375,28704768,2026-07-02T02:30:00.000000Z
2026-07-02T02:30:00.000000Z,1617.199951171875,1622,1616.010009765625,1620.6300048828125,10799104,2026-07-02T02:45:00.000000Z
2026-07-02T02:45:00.000000Z,1620.56005859375,1622.5400390625,1617.9200439453125,1618.8699951171875,111078400,2026-07-02T03:00:00.000000Z
2026-07-02T03:00:00.000000Z,1619.1600341796875,1622.3299560546875,1618.6500244140625,1622.1500244140625,465276928,2026-07-02T03:15:00.000000Z
2026-07-02T03:15:00.000000Z,1622.1199951171875,1632.550048828125,1616.800048828125,1627.239990234375,33574912,2026-07-02T03:30:00.000000Z
2026-07-02T03:30:00.000000Z,1626.949951171875,1632.530029296875,1625.280029296875,1632.449951171875,434309120,2026-07-02T03:45:00.000000Z
2026-07-02T03:45:00.000000Z,1632.47998046875,1640,1628.6600341796875,1637.550048828125,787333120,2026-07-02T04:00:00.000000Z
2026-07-02T04:00:00.000000Z,1637.5999755859375,1637.9200439453125,1632.5699462890625,1633.9100341796875,6293504,2026-07-02T04:15:00.000000Z
2026-07-02T04:15:00.000000Z,1634,1634.8699951171875,1630.5699462890625,1632.280029296875,697012224,2026-07-02T04:30:00.000000Z
2026-07-02T04:30:00.000000Z,1632.06005859375,1632.06005859375,1629.0400390625,1630.25,572895232,2026-07-02T04:45:00.000000Z
2026-07-02T04:45:00.000000Z,1630.0799560546875,1632.4300537109375,1629.3900146484375,1630.9000244140625,457695232,2026-07-02T05:00:00.000000Z
2026-07-02T05:00:00.000000Z,1630.8800048828125,1632.5699462890625,1626.8800048828125,1631.760009765625,0,2026-07-02T05:15:00.000000Z
2026-07-02T05:15:00.000000Z,1631.6099853515625,1632.8299560546875,1630.1600341796875,1630.3499755859375,169766912,2026-07-02T05:30:00.000000Z
2026-07-02T05:30:00.000000Z,1630.219970703125,1630.3299560546875,1625.0899658203125,1625.219970703125,110205952,2026-07-02T05:45:00.000000Z
2026-07-02T05:45:00.000000Z,1625.5400390625,1625.97998046875,1623.2900390625,1624.8399658203125,162509824,2026-07-02T06:00:00.000000Z
2026-07-02T06:00:00.000000Z,1624.6500244140625,1625,1620.8399658203125,1620.989990234375,321654784,2026-07-02T06:15:00.000000Z
2026-07-02T06:15:00.000000Z,1620.6500244140625,1626.8800048828125,1620.510009765625,1622.5799560546875,153798656,2026-07-02T06:30:00.000000Z
2026-07-02T06:30:00.000000Z,1622.4000244140625,1627.5999755859375,1622.4000244140625,1624.4000244140625,412840960,2026-07-02T06:45:00.000000Z
2026-07-02T06:45:00.000000Z,1624.3900146484375,1624.43994140625,1615.3399658203125,1617.06005859375,0,2026-07-02T07:00:00.000000Z
2026-07-02T07:00:00.000000Z,1616.9100341796875,1617.75,1614.9300537109375,1615.6500244140625,144460800,2026-07-02T07:15:00.000000Z
2026-07-02T07:15:00.000000Z,1615.6099853515625,1616.6800537109375,1613.199951171875,1614.5699462890625,564130816,2026-07-02T07:30:00.000000Z
2026-07-02T07:30:00.000000Z,1614.4000244140625,1615.699951171875,1613.25,1615.2900390625,111699968,2026-07-02T07:45:00.000000Z
2026-07-02T07:45:00.000000Z,1615.31005859375,1615.6600341796875,1612.3199462890625,1613.8299560546875,154828800,2026-07-02T08:00:00.000000Z
2026-07-02T08:00:00.000000Z,1613.9200439453125,1619.0899658203125,1612.9599609375,1616.3199462890625,31533056,2026-07-02T08:15:00.000000Z
2026-07-02T08:15:00.000000Z,1616.719970703125,1618.7900390625,1616.3599853515625,1617.3599853515625,207198208,2026-07-02T08:30:00.000000Z
2026-07-02T08:30:00.000000Z,1616.550048828125,1622.9000244140625,1616.199951171875,1621.0699462890625,36273152,2026-07-02T08:45:00.000000Z
2026-07-02T08:45:00.000000Z,1621.300048828125,1623.8900146484375,1620.6199951171875,1622.9599609375,165105664,2026-07-02T09:00:00.000000Z
2026-07-02T09:00:00.000000Z,1622.3900146484375,1622.8800048828125,1618.3699951171875,1621.22998046875,0,2026-07-02T09:15:00.000000Z
2026-07-02T09:15:00.000000Z,1621.3399658203125,1627.510009765625,1620.2099609375,1627.43994140625,10605568,2026-07-02T09:30:00.000000Z
2026-07-02T09:30:00.000000Z,1627.43994140625,1648.530029296875,1627.4100341796875,1640.77001953125,262864896,2026-07-02T09:45:00.000000Z
2026-07-02T09:45:00.000000Z,1640.3299560546875,1644.5799560546875,1636.030029296875,1641.050048828125,439726080,2026-07-02T10:00:00.000000Z
2026-07-02T10:00:00.000000Z,1640.1800537109375,1644.8299560546875,1639.1800537109375,1644.8299560546875,619561984,2026-07-02T10:15:00.000000Z
2026-07-02T10:15:00.000000Z,1644.780029296875,1645.5999755859375,1641.6500244140625,1643.449951171875,126986240,2026-07-02T10:30:00.000000Z
2026-07-02T10:30:00.000000Z,1643.739990234375,1647.3599853515625,1642.4200439453125,1642.56005859375,98996224,2026-07-02T10:45:00.000000Z
2026-07-02T10:45:00.000000Z,1643.0699462890625,1645.6199951171875,1641.0899658203125,1644.1600341796875,192040960,2026-07-02T11:00:00.000000Z
2026-07-02T11:00:00.000000Z,1644.1500244140625,1652.4200439453125,1643.219970703125,1648.3900146484375,56635392,2026-07-02T11:15:00.000000Z
2026-07-02T11:15:00.000000Z,1648.219970703125,1648.6300048828125,1645.4000244140625,1645.8399658203125,271498240,2026-07-02T11:30:00.000000Z
2026-07-02T11:30:00.000000Z,1645.6600341796875,1646.6300048828125,1643.0799560546875,1643.77001953125,212164608,2026-07-02T11:45:00.000000Z
2026-07-02T11:45:00.000000Z,1643.8800048828125,1650.5,1642.5899658203125,1648.6400146484375,172039168,2026-07-02T12:00:00.000000Z
2026-07-02T12:00:00.000000Z,1647.8299560546875,1653.9100341796875,1645.8299560546875,1653.31005859375,34604032,2026-07-02T12:15:00.000000Z
2026-07-02T12:15:00.000000Z,1654.4000244140625,1662.2099609375,1647.1500244140625,1661.77001953125,155046912,2026-07-02T12:30:00.000000Z
2026-07-02T12:30:00.000000Z,1665.6500244140625,1665.6500244140625,1649.0999755859375,1658.0400390625,465339392,2026-07-02T12:45:00.000000Z
2026-07-02T12:45:00.000000Z,1658.9100341796875,1665.6400146484375,1658.2099609375,1661.0400390625,245825536,2026-07-02T13:00:00.000000Z
2026-07-02T13:00:00.000000Z,1662.0899658203125,1670.06005859375,1659.1300048828125,1666.9000244140625,169673728,2026-07-02T13:15:00.000000Z
2026-07-02T13:15:00.000000Z,1667.050048828125,1688.969970703125,1666.9599609375,1680.4000244140625,131991552,2026-07-02T13:30:00.000000Z
2026-07-02T13:30:00.000000Z,1681.530029296875,1710.9300537109375,1676.510009765625,1708.760009765625,681915392,2026-07-02T13:45:00.000000Z
2026-07-02T13:45:00.000000Z,1708.3699951171875,1711.760009765625,1704.239990234375,1708.7900390625,335997952,2026-07-02T14:00:00.000000Z
2026-07-02T14:00:00.000000Z,1709.3699951171875,1721.2099609375,1704.5,1715.31005859375,386750464,2026-07-02T14:15:00.000000Z
2026-07-02T14:15:00.000000Z,1714.699951171875,1717.9200439453125,1695.800048828125,1699.7900390625,237689856,2026-07-02T14:30:00.000000Z
2026-07-02T14:30:00.000000Z,1699.0400390625,1705.02001953125,1691.43994140625,1693.6400146484375,119195648,2026-07-02T14:45:00.000000Z
2026-07-02T14:45:00.000000Z,1693.550048828125,1699.9200439453125,1693.550048828125,1699.8299560546875,241344512,2026-07-02T15:00:00.000000Z
2026-07-02T15:00:00.000000Z,1699.1199951171875,1701.1800537109375,1687.030029296875,1692.7900390625,10775552,2026-07-02T15:15:00.000000Z
2026-07-02T15:15:00.000000Z,1692.3699951171875,1701.4200439453125,1690.4100341796875,1698.1500244140625,262494208,2026-07-02T15:30:00.000000Z
2026-07-02T15:30:00.000000Z,1697.989990234375,1701.449951171875,1696.47998046875,1700.300048828125,573702144,2026-07-02T15:45:00.000000Z
2026-07-02T15:45:00.000000Z,1700.9300537109375,1701.5999755859375,1693.0799560546875,1695.0999755859375,172887040,2026-07-02T16:00:00.000000Z
2026-07-02T16:00:00.000000Z,1695.199951171875,1700,1689.8599853515625,1698.0699462890625,642357248,2026-07-02T16:15:00.000000Z
2026-07-02T16:15:00.000000Z,1698.18994140625,1698.18994140625,1685.1300048828125,1687.93994140625,150029312,2026-07-02T16:30:00.000000Z
2026-07-02T16:30:00.000000Z,1688,1696,1687.3800048828125,1695.8599853515625,329961472,2026-07-02T16:45:00.000000Z
2026-07-02T16:45:00.000000Z,1695.3499755859375,1702.0400390625,1694.43994140625,1698.0899658203125,56292352,2026-07-02T17:00:00.000000Z
2026-07-02T17:00:00.000000Z,1697.760009765625,1701.030029296875,1694.5400390625,1697.4100341796875,308797440,2026-07-02T17:15:00.000000Z
2026-07-02T17:15:00.000000Z,1697.5,1703.739990234375,1696.760009765625,1703.030029296875,171934720,2026-07-02T17:30:00.000000Z
2026-07-02T17:30:00.000000Z,1702.81005859375,1702.81005859375,1694.010009765625,1699.1099853515625,4938752,2026-07-02T17:45:00.000000Z
2026-07-02T17:45:00.000000Z,1699.18994140625,1699.5999755859375,1692.97998046875,1694.260009765625,402940928,2026-07-02T18:00:00.000000Z
2026-07-02T18:00:00.000000Z,1694.4100341796875,1701.699951171875,1693.8299560546875,1701.2099609375,492495872,2026-07-02T18:15:00.000000Z
2026-07-02T18:15:00.000000Z,1700.969970703125,1702.6800537109375,1697.719970703125,1702.4599609375,493325312,2026-07-02T18:30:00.000000Z
2026-07-02T18:30:00.000000Z,1702,1703.4200439453125,1700.239990234375,1703.0400390625,173836288,2026-07-02T18:45:00.000000Z
2026-07-02T18:45:00.000000Z,1703.1800537109375,1705.8299560546875,1698.81005859375,1700.47998046875,148499456,2026-07-02T19:00:00.000000Z
2026-07-02T19:00:00.000000Z,1700.739990234375,1701.52001953125,1697.719970703125,1701.0799560546875,216546304,2026-07-02T19:15:00.000000Z
2026-07-02T19:15:00.000000Z,1700.800048828125,1700.800048828125,1693.3199462890625,1697.72998046875,153917440,2026-07-02T19:30:00.000000Z
2026-07-02T19:30:00.000000Z,1698.4000244140625,1700.469970703125,1695.989990234375,1700.0899658203125,539671552,2026-07-02T19:45:00.000000Z
2026-07-02T19:45:00.000000Z,1700.239990234375,1704.0899658203125,1698.56005859375,1698.8800048828125,68008960,2026-07-02T20:00:00.000000Z
2026-07-02T20:00:00.000000Z,1699.1099853515625,1699.5,1695.68994140625,1698.8499755859375,8303616,2026-07-02T20:15:00.000000Z
2026-07-02T20:15:00.000000Z,1698.9300537109375,1700.949951171875,1694.9599609375,1695.02001953125,130297856,2026-07-02T20:30:00.000000Z
2026-07-02T20:30:00.000000Z,1694.8599853515625,1697.1300048828125,1694.3599853515625,1696.3900146484375,141095936,2026-07-02T20:45:00.000000Z
2026-07-02T20:45:00.000000Z,1696.3599853515625,1705.010009765625,1696.3599853515625,1703.8699951171875,0,2026-07-02T21:00:00.000000Z
2026-07-02T21:00:00.000000Z,1704.1099853515625,1704.2099609375,1701.699951171875,1701.7099609375,992964608,2026-07-02T21:15:00.000000Z
2026-07-02T21:15:00.000000Z,1701.5899658203125,1702.72998046875,1701.5899658203125,1701.97998046875,478278656,2026-07-02T21:30:00.000000Z
2026-07-02T21:30:00.000000Z,1701.97998046875,1701.97998046875,1696.6400146484375,1696.9200439453125,0,2026-07-02T21:45:00.000000Z
2026-07-02T21:45:00.000000Z,1696.9200439453125,1698.56005859375,1695.47998046875,1698.489990234375,478713856,2026-07-02T22:00:00.000000Z
2026-07-02T22:00:00.000000Z,1698.300048828125,1698.7900390625,1694.5999755859375,1695.280029296875,0,2026-07-02T22:15:00.000000Z
2026-07-02T22:15:00.000000Z,1695.219970703125,1697.1099853515625,1694.5400390625,1694.6800537109375,447472640,2026-07-02T22:30:00.000000Z
2026-07-02T22:30:00.000000Z,1694.1300048828125,1696.0799560546875,1693.8499755859375,1694.2900390625,0,2026-07-02T22:45:00.000000Z
2026-07-02T22:45:00.000000Z,1694.3900146484375,1698.949951171875,1693.0899658203125,1694.8199462890625,608678912,2026-07-02T23:00:00.000000Z
2026-07-02T23:00:00.000000Z,1694.300048828125,1694.3800048828125,1690.22998046875,1691.0400390625,314963968,2026-07-02T23:15:00.000000Z
2026-07-02T23:15:00.000000Z,1691.0999755859375,1697.93994140625,1690.949951171875,1696.43994140625,0,2026-07-02T23:30:00.000000Z
2026-07-02T23:30:00.000000Z,1696.239990234375,1699.4100341796875,1693.9200439453125,1694.489990234375,531288064,2026-07-02T23:45:00.000000Z
2026-07-02T23:45:00.000000Z,1694.800048828125,1698.5899658203125,1694.800048828125,1698.43994140625,94609408,2026-07-03T00:00:00.000000Z
2026-07-03T00:00:00.000000Z,1698.3699951171875,1700.0799560546875,1695.93994140625,1698.6400146484375,138343424,2026-07-03T00:15:00.000000Z
2026-07-03T00:15:00.000000Z,1698.4000244140625,1700.81005859375,1695.3499755859375,1695.3599853515625,28163072,2026-07-03T00:30:00.000000Z
2026-07-03T00:30:00.000000Z,1695.239990234375,1698.4100341796875,1692.8499755859375,1696.8199462890625,26162176,2026-07-03T00:45:00.000000Z
2026-07-03T00:45:00.000000Z,1696.9000244140625,1697.699951171875,1694,1694.6400146484375,110748672,2026-07-03T01:00:00.000000Z
2026-07-03T01:00:00.000000Z,1694.3199462890625,1715.75,1693.31005859375,1712.010009765625,74496000,2026-07-03T01:15:00.000000Z
2026-07-03T01:15:00.000000Z,1711.43994140625,1712.3199462890625,1703.449951171875,1706.47998046875,213607424,2026-07-03T01:30:00.000000Z
2026-07-03T01:30:00.000000Z,1706.8800048828125,1715.800048828125,1705.56005859375,1714.27001953125,614420480,2026-07-03T01:45:00.000000Z
2026-07-03T01:45:00.000000Z,1714.1700439453125,1715.8399658203125,1710.02001953125,1710.3900146484375,121240576,2026-07-03T02:00:00.000000Z
2026-07-03T02:00:00.000000Z,1710.47998046875,1713.0799560546875,1706.02001953125,1706.1300048828125,523870208,2026-07-03T02:15:00.000000Z
2026-07-03T02:15:00.000000Z,1706.3900146484375,1709.760009765625,1700.199951171875,1700.5799560546875,80414720,2026-07-03T02:30:00.000000Z
2026-07-03T02:30:00.000000Z,1699.4100341796875,1701.5799560546875,1694.199951171875,1698.7900390625,197374976,2026-07-03T02:45:00.000000Z
2026-07-03T02:45:00.000000Z,1699.1099853515625,1703.3900146484375,1697.0400390625,1702.8800048828125,53431296,2026-07-03T03:00:00.000000Z
2026-07-03T03:00:00.000000Z,1702.199951171875,1702.9300537109375,1697.4300537109375,1698.510009765625,0,2026-07-03T03:15:00.000000Z
2026-07-03T03:15:00.000000Z,1698.56005859375,1710.0400390625,1698.56005859375,1708.7900390625,550081536,2026-07-03T03:30:00.000000Z
2026-07-03T03:30:00.000000Z,1708.719970703125,1709.4599609375,1701.8299560546875,1702.02001953125,153840640,2026-07-03T03:45:00.000000Z
2026-07-03T03:45:00.000000Z,1701.9599609375,1705.1700439453125,1701.760009765625,1704.3199462890625,733724672,2026-07-03T04:00:00.000000Z
2026-07-03T04:00:00.000000Z,1704.6300048828125,1706.47998046875,1700.6800537109375,1704.469970703125,0,2026-07-03T04:15:00.000000Z
2026-07-03T04:15:00.000000Z,1704.4300537109375,1704.550048828125,1701.3599853515625,1702.9000244140625,7726080,2026-07-03T04:30:00.000000Z
2026-07-03T04:30:00.000000Z,1702.550048828125,1705.469970703125,1701.010009765625,1704.739990234375,0,2026-07-03T04:45:00.000000Z
2026-07-03T04:45:00.000000Z,1705,1705.18994140625,1700.449951171875,1701.2900390625,63688704,2026-07-03T05:00:00.000000Z
2026-07-03T05:00:00.000000Z,1700.699951171875,1704.8599853515625,1700.4599609375,1704.68994140625,522146816,2026-07-03T05:15:00.000000Z
2026-07-03T05:15:00.000000Z,1704.7900390625,1709,1702.969970703125,1707.780029296875,0,2026-07-03T05:30:00.000000Z
2026-07-03T05:30:00.000000Z,1707.47998046875,1718.1600341796875,1707.47998046875,1713.3800048828125,463209472,2026-07-03T05:45:00.000000Z
2026-07-03T05:45:00.000000Z,1713.1300048828125,1715.449951171875,1712.0799560546875,1712.7099609375,11693056,2026-07-03T06:00:00.000000Z
2026-07-03T06:00:00.000000Z,1712.699951171875,1719.2900390625,1711.8699951171875,1715.1800537109375,470820864,2026-07-03T06:15:00.000000Z
2026-07-03T06:15:00.000000Z,1715.3399658203125,1718.199951171875,1712.8800048828125,1714.6400146484375,642155520,2026-07-03T06:30:00.000000Z
2026-07-03T06:30:00.000000Z,1715.3499755859375,1717.43994140625,1710.949951171875,1712.8699951171875,135184384,2026-07-03T06:45:00.000000Z
2026-07-03T06:45:00.000000Z,1713.1199951171875,1715.969970703125,1712.8599853515625,1713.9300537109375,41610240,2026-07-03T07:00:00.000000Z
2026-07-03T07:00:00.000000Z,1713.699951171875,1716.8299560546875,1711.93994140625,1713.8699951171875,92057600,2026-07-03T07:15:00.000000Z
2026-07-03T07:15:00.000000Z,1713.969970703125,1716.3599853515625,1713.969970703125,1715.719970703125,490339328,2026-07-03T07:30:00.000000Z
2026-07-03T07:30:00.000000Z,1715.5799560546875,1718.989990234375,1714.1500244140625,1716.2900390625,504170496,2026-07-03T07:45:00.000000Z
2026-07-03T07:45:00.000000Z,1716.1600341796875,1720.0699462890625,1715.6800537109375,1715.97998046875,115731456,2026-07-03T08:00:00.000000Z
2026-07-03T08:00:00.000000Z,1715.8900146484375,1718.300048828125,1715.050048828125,1715.8299560546875,509773824,2026-07-03T08:15:00.000000Z
2026-07-03T08:15:00.000000Z,1716.0799560546875,1721.280029296875,1713.8599853515625,1717.6600341796875,0,2026-07-03T08:30:00.000000Z
2026-07-03T08:30:00.000000Z,1717.280029296875,1731.7900390625,1715.6199951171875,1729.4000244140625,49333248,2026-07-03T08:45:00.000000Z
2026-07-03T08:45:00.000000Z,1728.800048828125,1728.800048828125,1716.699951171875,1717.8699951171875,788386816,2026-07-03T09:00:00.000000Z
2026-07-03T09:00:00.000000Z,1717.4100341796875,1727.5899658203125,1715.050048828125,1727.1199951171875,68301824,2026-07-03T09:15:00.000000Z
2026-07-03T09:15:00.000000Z,1726.81005859375,1727.5,1723.52001953125,1724.4000244140625,71691264,2026-07-03T09:30:00.000000Z
2026-07-03T09:30:00.000000Z,1724.22998046875,1724.22998046875,1719.010009765625,1721.4000244140625,363335680,2026-07-03T09:45:00.000000Z
2026-07-03T09:45:00.000000Z,1721.8900146484375,1728.3599853515625,1721.719970703125,1724.239990234375,440545280,2026-07-03T10:00:00.000000Z
2026-07-03T10:00:00.000000Z,1724.300048828125,1736.5799560546875,1724.300048828125,1732.260009765625,0,2026-07-03T10:15:00.000000Z
2026-07-03T10:15:00.000000Z,1732.719970703125,1736.719970703125,1730.1099853515625,1734.8599853515625,523278336,2026-07-03T10:30:00.000000Z
2026-07-03T10:30:00.000000Z,1734.5,1746.5400390625,1733.010009765625,1744.9000244140625,114213888,2026-07-03T10:45:00.000000Z
2026-07-03T10:45:00.000000Z,1744.0999755859375,1747,1739.969970703125,1739.969970703125,83990528,2026-07-03T11:00:00.000000Z
2026-07-03T11:00:00.000000Z,1740.199951171875,1743.1199951171875,1735.800048828125,1740.9000244140625,71856128,2026-07-03T11:15:00.000000Z
2026-07-03T11:15:00.000000Z,1741.9200439453125,1745.9599609375,1740.1500244140625,1740.43994140625,82410496,2026-07-03T11:30:00.000000Z
2026-07-03T11:30:00.000000Z,1740.469970703125,1743.0999755859375,1737.0999755859375,1738.1099853515625,86060032,2026-07-03T11:45:00.000000Z
2026-07-03T11:45:00.000000Z,1739.02001953125,1742.3800048828125,1738.219970703125,1740.510009765625,490362880,2026-07-03T12:00:00.000000Z
2026-07-03T12:00:00.000000Z,1740.739990234375,1742.97998046875,1737.510009765625,1738.5,305180672,2026-07-03T12:15:00.000000Z
2026-07-03T12:15:00.000000Z,1738.489990234375,1738.489990234375,1729.699951171875,1732.1300048828125,285045760,2026-07-03T12:30:00.000000Z
2026-07-03T12:30:00.000000Z,1732.449951171875,1733.56005859375,1729.8800048828125,1731.5,0,2026-07-03T12:45:00.000000Z
2026-07-03T12:45:00.000000Z,1731.6199951171875,1734.5999755859375,1731.6199951171875,1734.489990234375,56260608,2026-07-03T13:00:00.000000Z
2026-07-03T13:00:00.000000Z,1735.010009765625,1736.72998046875,1734.0899658203125,1736.2099609375,217680896,2026-07-03T13:15:00.000000Z
2026-07-03T13:15:00.000000Z,1736.5400390625,1745.5999755859375,1736.3599853515625,1743.030029296875,0,2026-07-03T13:30:00.000000Z
2026-07-03T13:30:00.000000Z,1743.02001953125,1750,1741.5,1746.9200439453125,0,2026-07-03T13:45:00.000000Z
2026-07-03T13:45:00.000000Z,1747.010009765625,1749.550048828125,1743.1700439453125,1746.1600341796875,385632256,2026-07-03T14:00:00.000000Z
2026-07-03T14:00:00.000000Z,1746.02001953125,1746.02001953125,1730.9100341796875,1732.3499755859375,0,2026-07-03T14:15:00.000000Z
2026-07-03T14:15:00.000000Z,1732.699951171875,1735.5899658203125,1727.199951171875,1731.81005859375,74140672,2026-07-03T14:30:00.000000Z
2026-07-03T14:30:00.000000Z,1731.9000244140625,1735.3499755859375,1728.4599609375,1735.1199951171875,4193280,2026-07-03T14:45:00.000000Z
2026-07-03T14:45:00.000000Z,1734.989990234375,1737.800048828125,1733.0899658203125,1735.4000244140625,13225984,2026-07-03T15:00:00.000000Z
2026-07-03T15:00:00.000000Z,1735.699951171875,1743.4100341796875,1734.6700439453125,1739.0999755859375,447514624,2026-07-03T15:15:00.000000Z
2026-07-03T15:15:00.000000Z,1739.5,1740.989990234375,1730.6600341796875,1731.6800537109375,117421056,2026-07-03T15:30:00.000000Z
2026-07-03T15:30:00.000000Z,1731.8199462890625,1735.43994140625,1729.5400390625,1731.2099609375,10906624,2026-07-03T15:45:00.000000Z
2026-07-03T15:45:00.000000Z,1731.3299560546875,1732.5999755859375,1728,1729.43994140625,69559296,2026-07-03T16:00:00.000000Z
2026-07-03T16:00:00.000000Z,1729.4100341796875,1730.949951171875,1726.1800537109375,1726.550048828125,51041280,2026-07-03T16:15:00.000000Z
2026-07-03T16:15:00.000000Z,1727,1733.5,1727,1732.5799560546875,0,2026-07-03T16:30:00.000000Z
2026-07-03T16:30:00.000000Z,1732.5,1733.800048828125,1729.030029296875,1731.4300537109375,437877760,2026-07-03T16:45:00.000000Z
2026-07-03T16:45:00.000000Z,1731.4300537109375,1733.0400390625,1729.6099853515625,1731.969970703125,39688192,2026-07-03T17:00:00.000000Z
2026-07-03T17:00:00.000000Z,1731.81005859375,1735.43994140625,1731.030029296875,1734.030029296875,417559552,2026-07-03T17:15:00.000000Z
2026-07-03T17:15:00.000000Z,1733.8499755859375,1736.699951171875,1732.0899658203125,1734.77001953125,555998208,2026-07-03T17:30:00.000000Z
2026-07-03T17:30:00.000000Z,1734.2099609375,1739.5400390625,1733.6199951171875,1738.719970703125,474463232,2026-07-03T17:45:00.000000Z
2026-07-03T17:45:00.000000Z,1739.550048828125,1739.8599853515625,1735.7900390625,1736.760009765625,478965760,2026-07-03T18:00:00.000000Z
2026-07-03T18:00:00.000000Z,1737.1099853515625,1737.27001953125,1734.800048828125,1735.300048828125,74870784,2026-07-03T18:15:00.000000Z
2026-07-03T18:15:00.000000Z,1735.4599609375,1736.6400146484375,1734.8299560546875,1736.6400146484375,72685568,2026-07-03T18:30:00.000000Z
2026-07-03T18:30:00.000000Z,1736.6400146484375,1737.800048828125,1736.010009765625,1737.6700439453125,73695232,2026-07-03T18:45:00.000000Z
2026-07-03T18:45:00.000000Z,1737.68994140625,1738.9200439453125,1736.449951171875,1737.1800537109375,31545344,2026-07-03T19:00:00.000000Z
2026-07-03T19:00:00.000000Z,1736.9300537109375,1739.219970703125,1735.510009765625,1735.9000244140625,11793408,2026-07-03T19:15:00.000000Z
2026-07-03T19:15:00.000000Z,1735.699951171875,1745.47998046875,1735.699951171875,1744.949951171875,540013568,2026-07-03T19:30:00.000000Z
2026-07-03T19:30:00.000000Z,1745.6800537109375,1751.5999755859375,1743.6700439453125,1746.219970703125,146493440,2026-07-03T19:45:00.000000Z
2026-07-03T19:45:00.000000Z,1744.8499755859375,1746.0899658203125,1743.43994140625,1743.5,123165696,2026-07-03T20:00:00.000000Z
2026-07-03T20:00:00.000000Z,1743.699951171875,1749.5899658203125,1741.9100341796875,1746.5,92591104,2026-07-03T20:15:00.000000Z
2026-07-03T20:15:00.000000Z,1747.1600341796875,1754,1744.1700439453125,1752.1600341796875,86321152,2026-07-03T20:30:00.000000Z
2026-07-03T20:30:00.000000Z,1752.72998046875,1770.0699462890625,1750.81005859375,1763.800048828125,289017856,2026-07-03T20:45:00.000000Z
2026-07-03T20:45:00.000000Z,1763.1099853515625,1770,1761.4200439453125,1764.3900146484375,190915584,2026-07-03T21:00:00.000000Z
2026-07-03T21:00:00.000000Z,1764.6500244140625,1772.800048828125,1762.550048828125,1765.010009765625,47583232,2026-07-03T21:15:00.000000Z
2026-07-03T21:15:00.000000Z,1764.8599853515625,1766.199951171875,1761.9100341796875,1762.010009765625,120775680,2026-07-03T21:30:00.000000Z
2026-07-03T21:30:00.000000Z,1761.6600341796875,1761.699951171875,1755.5,1758.239990234375,181399552,2026-07-03T21:45:00.000000Z
2026-07-03T21:45:00.000000Z,1757.9100341796875,1765.56005859375,1757.9100341796875,1761.780029296875,35537920,2026-07-03T22:00:00.000000Z
2026-07-03T22:00:00.000000Z,1761.8499755859375,1762.2900390625,1754.8800048828125,1756.699951171875,241629184,2026-07-03T22:15:00.000000Z
2026-07-03T22:15:00.000000Z,1756.8399658203125,1759.780029296875,1756.25,1758.3299560546875,118115328,2026-07-03T22:30:00.000000Z
2026-07-03T22:30:00.000000Z,1758.4000244140625,1759.6400146484375,1754.239990234375,1757.0899658203125,488934400,2026-07-03T22:45:00.000000Z
2026-07-03T22:45:00.000000Z,1756.8699951171875,1758.219970703125,1755.010009765625,1755.81005859375,114361344,2026-07-03T23:00:00.000000Z
2026-07-03T23:00:00.000000Z,1755.6700439453125,1757.219970703125,1753.760009765625,1756.0999755859375,16949248,2026-07-03T23:15:00.000000Z
2026-07-03T23:15:00.000000Z,1755.8399658203125,1760.31005859375,1755.219970703125,1756.699951171875,119341056,2026-07-03T23:30:00.000000Z
2026-07-03T23:30:00.000000Z,1757.22998046875,1759.4599609375,1756.8499755859375,1758.3699951171875,75497472,2026-07-03T23:45:00.000000Z
2026-07-03T23:45:00.000000Z,1759.0799560546875,1759.1700439453125,1755.18994140625,1757.1099853515625,11078656,2026-07-04T00:00:00.000000Z
2026-07-04T00:00:00.000000Z,1756.050048828125,1762.1099853515625,1755.6400146484375,1759.949951171875,17036288,2026-07-04T00:15:00.000000Z
2026-07-04T00:15:00.000000Z,1759.81005859375,1761.800048828125,1755.6600341796875,1757.0999755859375,103278592,2026-07-04T00:30:00.000000Z
2026-07-04T00:30:00.000000Z,1757.510009765625,1758.550048828125,1754.699951171875,1756.3800048828125,480480256,2026-07-04T00:45:00.000000Z
2026-07-04T00:45:00.000000Z,1756.4599609375,1758.6099853515625,1755.4100341796875,1756.9000244140625,153456640,2026-07-04T01:00:00.000000Z
2026-07-04T01:00:00.000000Z,1756.7099609375,1756.7099609375,1745,1746.47998046875,567401472,2026-07-04T01:15:00.000000Z
2026-07-04T01:15:00.000000Z,1746.5,1749.93994140625,1744.6099853515625,1747.530029296875,253952,2026-07-04T01:30:00.000000Z
2026-07-04T01:30:00.000000Z,1747.8699951171875,1749.1300048828125,1744.81005859375,1745.699951171875,55161856,2026-07-04T01:45:00.000000Z
2026-07-04T01:45:00.000000Z,1745.6099853515625,1747.1700439453125,1744.27001953125,1746.0999755859375,63210496,2026-07-04T02:00:00.000000Z
2026-07-04T02:00:00.000000Z,1746.449951171875,1748.300048828125,1745.449951171875,1747.219970703125,0,2026-07-04T02:15:00.000000Z
2026-07-04T02:15:00.000000Z,1747.1400146484375,1747.27001953125,1745.27001953125,1745.989990234375,123049984,2026-07-04T02:30:00.000000Z
2026-07-04T02:30:00.000000Z,1746.239990234375,1747.010009765625,1742.6300048828125,1746.530029296875,0,2026-07-04T02:45:00.000000Z
2026-07-04T02:45:00.000000Z,1746.6700439453125,1749.300048828125,1745.239990234375,1747.6800537109375,0,2026-07-04T03:00:00.000000Z
2026-07-04T03:00:00.000000Z,1747.5999755859375,1748.72998046875,1745.550048828125,1748.25,72024064,2026-07-04T03:15:00.000000Z
2026-07-04T03:15:00.000000Z,1748.239990234375,1748.4000244140625,1746.5999755859375,1747.4000244140625,61435904,2026-07-04T03:30:00.000000Z
2026-07-04T03:30:00.000000Z,1747.3299560546875,1754.5999755859375,1746.31005859375,1753.0899658203125,9291776,2026-07-04T03:45:00.000000Z
2026-07-04T03:45:00.000000Z,1753.199951171875,1753.3800048828125,1751.25,1752.1099853515625,664061952,2026-07-04T04:00:00.000000Z
2026-07-04T04:00:00.000000Z,1752.0999755859375,1755.300048828125,1750.9100341796875,1752.43994140625,79883264,2026-07-04T04:15:00.000000Z
2026-07-04T04:15:00.000000Z,1752.5,1754.3800048828125,1750.300048828125,1752.3199462890625,43085824,2026-07-04T04:30:00.000000Z
2026-07-04T04:30:00.000000Z,1752.3199462890625,1757.6300048828125,1752.06005859375,1756.0999755859375,53342208,2026-07-04T04:45:00.000000Z
2026-07-04T04:45:00.000000Z,1756.72998046875,1762.5,1756.72998046875,1759.8900146484375,37840896,2026-07-04T05:00:00.000000Z
2026-07-04T05:00:00.000000Z,1759.97998046875,1759.97998046875,1754.6800537109375,1754.969970703125,625408000,2026-07-04T05:15:00.000000Z
2026-07-04T05:15:00.000000Z,1754.97998046875,1755.1199951171875,1751.5,1753.199951171875,293815296,2026-07-04T05:30:00.000000Z
2026-07-04T05:30:00.000000Z,1753.47998046875,1756.6800537109375,1753.25,1756.6800537109375,208155648,2026-07-04T05:45:00.000000Z
2026-07-04T05:45:00.000000Z,1757.199951171875,1757.9000244140625,1753.219970703125,1754.4599609375,459203584,2026-07-04T06:00:00.000000Z
2026-07-04T06:00:00.000000Z,1754.449951171875,1759.6300048828125,1754.02001953125,1754.1099853515625,231467008,2026-07-04T06:15:00.000000Z
2026-07-04T06:15:00.000000Z,1754.1199951171875,1755.9000244140625,1749.8399658203125,1752.5,160873472,2026-07-04T06:30:00.000000Z
2026-07-04T06:30:00.000000Z,1752.5999755859375,1755.5,1752.3199462890625,1752.5,31255552,2026-07-04T06:45:00.000000Z
2026-07-04T06:45:00.000000Z,1752.5,1753.9000244140625,1751.8199462890625,1753.2099609375,535408640,2026-07-04T07:00:00.000000Z
2026-07-04T07:00:00.000000Z,1753.1199951171875,1754.93994140625,1751.239990234375,1753.1600341796875,0,2026-07-04T07:15:00.000000Z
2026-07-04T07:15:00.000000Z,1752.8599853515625,1756.4000244140625,1752.239990234375,1753.8199462890625,129521664,2026-07-04T07:30:00.000000Z
2026-07-04T07:30:00.000000Z,1753.81005859375,1755.5,1752.93994140625,1754.489990234375,158893056,2026-07-04T07:45:00.000000Z
2026-07-04T07:45:00.000000Z,1754.5999755859375,1757.949951171875,1753.9100341796875,1756.8399658203125,0,2026-07-04T08:00:00.000000Z
2026-07-04T08:00:00.000000Z,1757,1758.4000244140625,1756.27001953125,1758.4000244140625,6184960,2026-07-04T08:15:00.000000Z
2026-07-04T08:15:00.000000Z,1758.3599853515625,1759.9599609375,1756.199951171875,1756.2099609375,480869376,2026-07-04T08:30:00.000000Z
2026-07-04T08:30:00.000000Z,1756.1800537109375,1763.800048828125,1756.030029296875,1759.4200439453125,17552384,2026-07-04T08:45:00.000000Z
2026-07-04T08:45:00.000000Z,1759.4300537109375,1763.6500244140625,1759.4300537109375,1760.800048828125,0,2026-07-04T09:00:00.000000Z
2026-07-04T09:00:00.000000Z,1761,1761.3499755859375,1757.6400146484375,1759.5,600971264,2026-07-04T09:15:00.000000Z
2026-07-04T09:15:00.000000Z,1759.010009765625,1759.7900390625,1757.4100341796875,1758.18994140625,61916160,2026-07-04T09:30:00.000000Z
2026-07-04T09:30:00.000000Z,1758.199951171875,1758.260009765625,1753.4000244140625,1754.699951171875,465734144,2026-07-04T09:45:00.000000Z
2026-07-04T09:45:00.000000Z,1754.6400146484375,1756.9599609375,1754.6199951171875,1756.52001953125,9159680,2026-07-04T10:00:00.000000Z
2026-07-04T10:00:00.000000Z,1756.2900390625,1758.800048828125,1755.7099609375,1758.510009765625,0,2026-07-04T10:15:00.000000Z
2026-07-04T10:15:00.000000Z,1758.449951171875,1759.1500244140625,1757.2099609375,1757.550048828125,0,2026-07-04T10:30:00.000000Z
2026-07-04T10:30:00.000000Z,1757.56005859375,1757.760009765625,1755.9100341796875,1757.1199951171875,421832192,2026-07-04T10:45:00.000000Z
2026-07-04T10:45:00.000000Z,1757.0799560546875,1758.9000244140625,1756.8499755859375,1757.699951171875,0,2026-07-04T11:00:00.000000Z
2026-07-04T11:00:00.000000Z,1756.9100341796875,1757.3299560546875,1754.5,1756.56005859375,384660992,2026-07-04T11:15:00.000000Z
2026-07-04T11:15:00.000000Z,1756.31005859375,1757.3199462890625,1755.4200439453125,1756.3699951171875,517178880,2026-07-04T11:30:00.000000Z
2026-07-04T11:30:00.000000Z,1756.3800048828125,1758.5999755859375,1756.010009765625,1756.510009765625,439562752,2026-07-04T11:45:00.000000Z
2026-07-04T11:45:00.000000Z,1756.5999755859375,1757.18994140625,1756.010009765625,1756.6300048828125,460617216,2026-07-04T12:00:00.000000Z
2026-07-04T12:00:00.000000Z,1756.6300048828125,1760.5899658203125,1756.6300048828125,1759.7099609375,24325632,2026-07-04T12:15:00.000000Z
2026-07-04T12:15:00.000000Z,1759.7099609375,1762.050048828125,1757.9100341796875,1761.5,475254784,2026-07-04T12:30:00.000000Z
2026-07-04T12:30:00.000000Z,1761.77001953125,1764.72998046875,1761.199951171875,1762.5699462890625,58381824,2026-07-04T12:45:00.000000Z
2026-07-04T12:45:00.000000Z,1762.72998046875,1763.6800537109375,1760.81005859375,1762.81005859375,85714432,2026-07-04T13:00:00.000000Z
2026-07-04T13:00:00.000000Z,1762.9100341796875,1763.0999755859375,1760.43994140625,1761.1199951171875,0,2026-07-04T13:15:00.000000Z
2026-07-04T13:15:00.000000Z,1761.199951171875,1776.6500244140625,1760.9200439453125,1767.3499755859375,586555392,2026-07-04T13:30:00.000000Z
2026-07-04T13:30:00.000000Z,1767.800048828125,1767.800048828125,1761.800048828125,1762.4000244140625,486723072,2026-07-04T13:45:00.000000Z
2026-07-04T13:45:00.000000Z,1762.0999755859375,1762.93994140625,1760.6099853515625,1762.719970703125,0,2026-07-04T14:00:00.000000Z
2026-07-04T14:00:00.000000Z,1762.5400390625,1770.5699462890625,1762.52001953125,1769.469970703125,0,2026-07-04T14:15:00.000000Z
2026-07-04T14:15:00.000000Z,1769.75,1773.300048828125,1768.030029296875,1769.699951171875,37411840,2026-07-04T14:30:00.000000Z
2026-07-04T14:30:00.000000Z,1769.6600341796875,1769.780029296875,1766.9000244140625,1768.780029296875,12008960,2026-07-04T14:45:00.000000Z
2026-07-04T14:45:00.000000Z,1768.97998046875,1771.550048828125,1767.550048828125,1770.9300537109375,2558464,2026-07-04T15:00:00.000000Z
2026-07-04T15:00:00.000000Z,1771.4000244140625,1790.8599853515625,1771.1400146484375,1783.5799560546875,506038784,2026-07-04T15:15:00.000000Z
2026-07-04T15:15:00.000000Z,1784,1795.93994140625,1781.6500244140625,1791.97998046875,372049920,2026-07-04T15:30:00.000000Z
2026-07-04T15:30:00.000000Z,1792.06005859375,1793.9599609375,1787.5,1789.6099853515625,89028096,2026-07-04T15:45:00.000000Z
2026-07-04T15:45:00.000000Z,1789.56005859375,1793.989990234375,1788.4100341796875,1789.719970703125,56416256,2026-07-04T16:00:00.000000Z
2026-07-04T16:00:00.000000Z,1789.9599609375,1790.3199462890625,1783.260009765625,1783.469970703125,536240128,2026-07-04T16:15:00.000000Z
2026-07-04T16:15:00.000000Z,1783.010009765625,1788.199951171875,1781.8399658203125,1786.199951171875,35700224,2026-07-04T16:30:00.000000Z
2026-07-04T16:30:00.000000Z,1785.93994140625,1789.8199462890625,1785.93994140625,1786.489990234375,493625344,2026-07-04T16:45:00.000000Z
2026-07-04T16:45:00.000000Z,1786.0899658203125,1788,1784.81005859375,1785.5999755859375,88616448,2026-07-04T17:00:00.000000Z
2026-07-04T17:00:00.000000Z,1785.3299560546875,1785.3299560546875,1777.5400390625,1778.739990234375,34002432,2026-07-04T17:15:00.000000Z
2026-07-04T17:15:00.000000Z,1778.81005859375,1786.030029296875,1778.47998046875,1785.7099609375,742451712,2026-07-04T17:30:00.000000Z
2026-07-04T17:30:00.000000Z,1785.8900146484375,1791.9000244140625,1785.8900146484375,1790.010009765625,532571648,2026-07-04T17:45:00.000000Z
2026-07-04T17:45:00.000000Z,1790.0400390625,1804.77001953125,1789.1099853515625,1797.800048828125,279914496,2026-07-04T18:00:00.000000Z
2026-07-04T18:00:00.000000Z,1798.52001953125,1803.780029296875,1796.52001953125,1803.1600341796875,237149184,2026-07-04T18:15:00.000000Z
2026-07-04T18:15:00.000000Z,1802.800048828125,1804.2099609375,1794,1795.1199951171875,220866560,2026-07-04T18:30:00.000000Z
2026-07-04T18:30:00.000000Z,1795,1795,1791.8800048828125,1792.699951171875,431764480,2026-07-04T18:45:00.000000Z
2026-07-04T18:45:00.000000Z,1792.7900390625,1794.1300048828125,1790.5999755859375,1792.25,119190528,2026-07-04T19:00:00.000000Z
2026-07-04T19:00:00.000000Z,1792.22998046875,1793.5,1787.1400146484375,1788.97998046875,30224384,2026-07-04T19:15:00.000000Z
2026-07-04T19:15:00.000000Z,1789.1800537109375,1794.4000244140625,1788.7099609375,1793.81005859375,0,2026-07-04T19:30:00.000000Z
2026-07-04T19:30:00.000000Z,1793.5,1796.1099853515625,1790.2099609375,1795.0999755859375,146025472,2026-07-04T19:45:00.000000Z
2026-07-04T19:45:00.000000Z,1794.489990234375,1794.7900390625,1789.6400146484375,1791.300048828125,72950784,2026-07-04T20:00:00.000000Z
2026-07-04T20:00:00.000000Z,1791.199951171875,1794.449951171875,1789.97998046875,1793.18994140625,55437312,2026-07-04T20:15:00.000000Z
2026-07-04T20:15:00.000000Z,1792.7900390625,1793.050048828125,1782.43994140625,1783.18994140625,52436992,2026-07-04T20:30:00.000000Z
2026-07-04T20:30:00.000000Z,1783.260009765625,1788.4599609375,1783.02001953125,1788.25,0,2026-07-04T20:45:00.000000Z
2026-07-04T20:45:00.000000Z,1788.239990234375,1788.780029296875,1785.6600341796875,1785.72998046875,489960960,2026-07-04T21:00:00.000000Z
2026-07-04T21:00:00.000000Z,1785.72998046875,1789.699951171875,1785.010009765625,1788.8199462890625,32395776,2026-07-04T21:15:00.000000Z
2026-07-04T21:15:00.000000Z,1788.5999755859375,1791.739990234375,1788.219970703125,1791.22998046875,40537600,2026-07-04T21:30:00.000000Z
2026-07-04T21:30:00.000000Z,1791.1300048828125,1792.81005859375,1788.3499755859375,1788.469970703125,68526080,2026-07-04T21:45:00.000000Z
2026-07-04T21:45:00.000000Z,1788.31005859375,1789.300048828125,1787.2099609375,1787.9100341796875,0,2026-07-04T22:00:00.000000Z
2026-07-04T22:00:00.000000Z,1787.3199462890625,1788,1783.4100341796875,1785.3900146484375,81980416,2026-07-04T22:15:00.000000Z
2026-07-04T22:15:00.000000Z,1785.3900146484375,1787.31005859375,1782.530029296875,1783.760009765625,0,2026-07-04T22:30:00.000000Z
2026-07-04T22:30:00.000000Z,1784.0999755859375,1784.7900390625,1783.6099853515625,1783.989990234375,547750912,2026-07-04T22:45:00.000000Z
2026-07-04T22:45:00.000000Z,1783.77001953125,1784.1199951171875,1780.81005859375,1783.1400146484375,64226816,2026-07-04T23:00:00.000000Z
2026-07-04T23:00:00.000000Z,1783.3800048828125,1784.06005859375,1772.219970703125,1773.5999755859375,24278016,2026-07-04T23:15:00.000000Z
2026-07-04T23:15:00.000000Z,1773.800048828125,1777.530029296875,1771.510009765625,1777.489990234375,120592384,2026-07-04T23:30:00.000000Z
2026-07-04T23:30:00.000000Z,1777.8199462890625,1781.4599609375,1777.6300048828125,1780.9599609375,111137792,2026-07-04T23:45:00.000000Z
2026-07-04T23:45:00.000000Z,1781.199951171875,1781.56005859375,1777.6700439453125,1779.0699462890625,91662336,2026-07-05T00:00:00.000000Z
2026-07-05T00:00:00.000000Z,1779.199951171875,1779.2900390625,1774.199951171875,1775.0699462890625,7274496,2026-07-05T00:15:00.000000Z
2026-07-05T00:15:00.000000Z,1774.4000244140625,1775.3199462890625,1772.010009765625,1773.7900390625,35027968,2026-07-05T00:30:00.000000Z
2026-07-05T00:30:00.000000Z,1773.800048828125,1775.199951171875,1770.6099853515625,1774.300048828125,187335680,2026-07-05T00:45:00.000000Z
2026-07-05T00:45:00.000000Z,1774.510009765625,1775,1768.6199951171875,1771.0899658203125,54842880,2026-07-05T01:00:00.000000Z
2026-07-05T01:00:00.000000Z,1771.050048828125,1773,1769.6099853515625,1770.3800048828125,937556992,2026-07-05T01:15:00.000000Z
2026-07-05T01:15:00.000000Z,1770.1300048828125,1770.199951171875,1763,1767.199951171875,480261120,2026-07-05T01:30:00.000000Z
2026-07-05T01:30:00.000000Z,1766.5400390625,1766.5400390625,1760.02001953125,1763.949951171875,97482240,2026-07-05T01:45:00.000000Z
2026-07-05T01:45:00.000000Z,1763.8900146484375,1765.8199462890625,1762.9100341796875,1765.06005859375,31543296,2026-07-05T02:00:00.000000Z
2026-07-05T02:00:00.000000Z,1765.1199951171875,1766.0899658203125,1757.800048828125,1758.6199951171875,107366912,2026-07-05T02:15:00.000000Z
2026-07-05T02:15:00.000000Z,1758.6199951171875,1762.9300537109375,1755.6600341796875,1762.9300537109375,682406400,2026-07-05T02:30:00.000000Z
2026-07-05T02:30:00.000000Z,1761.800048828125,1764.52001953125,1756.6099853515625,1756.6099853515625,38903808,2026-07-05T02:45:00.000000Z
2026-07-05T02:45:00.000000Z,1756.300048828125,1759.6500244140625,1755.800048828125,1759.0899658203125,51032576,2026-07-05T03:00:00.000000Z
2026-07-05T03:00:00.000000Z,1759.050048828125,1761.8900146484375,1758.449951171875,1761.489990234375,0,2026-07-05T03:15:00.000000Z
2026-07-05T03:15:00.000000Z,1761.5,1762.1600341796875,1756.510009765625,1756.81005859375,589771776,2026-07-05T03:30:00.000000Z
2026-07-05T03:30:00.000000Z,1756.81005859375,1760.800048828125,1756.800048828125,1759.3299560546875,131877376,2026-07-05T03:45:00.000000Z
2026-07-05T03:45:00.000000Z,1758.97998046875,1761.3399658203125,1758.7900390625,1759.969970703125,74084864,2026-07-05T04:00:00.000000Z
2026-07-05T04:00:00.000000Z,1759.9000244140625,1763.8800048828125,1758.6099853515625,1763.02001953125,28907520,2026-07-05T04:15:00.000000Z
2026-07-05T04:15:00.000000Z,1763.06005859375,1766.8499755859375,1762.97998046875,1765.6199951171875,435197440,2026-07-05T04:30:00.000000Z
2026-07-05T04:30:00.000000Z,1765.4000244140625,1770.6700439453125,1765.3199462890625,1769.050048828125,98583552,2026-07-05T04:45:00.000000Z
2026-07-05T04:45:00.000000Z,1769.1700439453125,1769.3800048828125,1765.699951171875,1766.0799560546875,124469248,2026-07-05T05:00:00.000000Z
2026-07-05T05:00:00.000000Z,1765.4000244140625,1766.199951171875,1763.4100341796875,1763.9100341796875,45790720,2026-07-05T05:15:00.000000Z
2026-07-05T05:15:00.000000Z,1763.699951171875,1765.1500244140625,1761.81005859375,1763.300048828125,29489664,2026-07-05T05:30:00.000000Z
2026-07-05T05:30:00.000000Z,1763.22998046875,1765.52001953125,1759.0699462890625,1760.4000244140625,529075200,2026-07-05T05:45:00.000000Z
2026-07-05T05:45:00.000000Z,1760.4200439453125,1764.56005859375,1759.8599853515625,1764.1800537109375,533719552,2026-07-05T06:00:00.000000Z
2026-07-05T06:00:00.000000Z,1764.4300537109375,1764.4300537109375,1760.5999755859375,1762.489990234375,143319040,2026-07-05T06:15:00.000000Z
2026-07-05T06:15:00.000000Z,1762.699951171875,1763.5999755859375,1761.1300048828125,1763.3800048828125,78595072,2026-07-05T06:30:00.000000Z
2026-07-05T06:30:00.000000Z,1763.3699951171875,1766.2099609375,1762.9300537109375,1763.81005859375,482816000,2026-07-05T06:45:00.000000Z
2026-07-05T06:45:00.000000Z,1762.9200439453125,1764.4200439453125,1761.800048828125,1763.0899658203125,172697088,2026-07-05T07:00:00.000000Z
2026-07-05T07:00:00.000000Z,1763.050048828125,1763.800048828125,1761.68994140625,1761.68994140625,664283136,2026-07-05T07:15:00.000000Z
2026-07-05T07:15:00.000000Z,1761.6099853515625,1763.7099609375,1760.1500244140625,1761.449951171875,182006784,2026-07-05T07:30:00.000000Z
2026-07-05T07:30:00.000000Z,1761.6800537109375,1766.97998046875,1761.6800537109375,1766.0899658203125,434267136,2026-07-05T07:45:00.000000Z
2026-07-05T07:45:00.000000Z,1765.6199951171875,1770.510009765625,1764.4599609375,1768.3599853515625,169590784,2026-07-05T08:00:00.000000Z
2026-07-05T08:00:00.000000Z,1768.239990234375,1771,1765.5999755859375,1767.4000244140625,169702400,2026-07-05T08:15:00.000000Z
2026-07-05T08:15:00.000000Z,1767.7099609375,1768.5799560546875,1765.22998046875,1765.760009765625,153732096,2026-07-05T08:30:00.000000Z
2026-07-05T08:30:00.000000Z,1765.77001953125,1768.0799560546875,1765.1500244140625,1766.2099609375,520299520,2026-07-05T08:45:00.000000Z
2026-07-05T08:45:00.000000Z,1766.449951171875,1768.8499755859375,1765.489990234375,1766,633783296,2026-07-05T09:00:00.000000Z
2026-07-05T09:00:00.000000Z,1766.02001953125,1766.0799560546875,1764.510009765625,1764.75,155650048,2026-07-05T09:15:00.000000Z
2026-07-05T09:15:00.000000Z,1765.0400390625,1765.6400146484375,1759.5999755859375,1759.81005859375,88083456,2026-07-05T09:30:00.000000Z
2026-07-05T09:30:00.000000Z,1759.8199462890625,1760.719970703125,1749,1750.8800048828125,1380319232,2026-07-05T09:45:00.000000Z
2026-07-05T09:45:00.000000Z,1751.0999755859375,1757.1600341796875,1749.75,1756.280029296875,822070272,2026-07-05T10:00:00.000000Z
2026-07-05T10:00:00.000000Z,1756.31005859375,1759.2900390625,1753.6400146484375,1757.800048828125,200506368,2026-07-05T10:15:00.000000Z
2026-07-05T10:15:00.000000Z,1757.5999755859375,1760.199951171875,1756,1757.4000244140625,611478528,2026-07-05T10:30:00.000000Z
2026-07-05T10:30:00.000000Z,1757.4000244140625,1759,1757.010009765625,1757.9200439453125,488915968,2026-07-05T10:45:00.000000Z
2026-07-05T10:45:00.000000Z,1758.300048828125,1760.31005859375,1757.81005859375,1759.97998046875,25608192,2026-07-05T11:00:00.000000Z
2026-07-05T11:00:00.000000Z,1760.1099853515625,1763.0999755859375,1760.1099853515625,1762.469970703125,475034624,2026-07-05T11:15:00.000000Z
2026-07-05T11:15:00.000000Z,1762.1600341796875,1762.27001953125,1757.5999755859375,1757.9000244140625,76442624,2026-07-05T11:30:00.000000Z
2026-07-05T11:30:00.000000Z,1757.4599609375,1761.0400390625,1757.31005859375,1759.97998046875,78852096,2026-07-05T11:45:00.000000Z
2026-07-05T11:45:00.000000Z,1759.800048828125,1761.239990234375,1758.010009765625,1758.5999755859375,539869184,2026-07-05T12:00:00.000000Z
2026-07-05T12:00:00.000000Z,1758.25,1758.6800537109375,1754.5999755859375,1758.489990234375,13233152,2026-07-05T12:15:00.000000Z
2026-07-05T12:15:00.000000Z,1758.6800537109375,1765.18994140625,1758.469970703125,1764.699951171875,548397056,2026-07-05T12:30:00.000000Z
2026-07-05T12:30:00.000000Z,1764.77001953125,1768,1762.550048828125,1763.1700439453125,91772928,2026-07-05T12:45:00.000000Z
2026-07-05T12:45:00.000000Z,1763.219970703125,1764.5799560546875,1762.699951171875,1763.4300537109375,442289152,2026-07-05T13:00:00.000000Z
2026-07-05T13:00:00.000000Z,1763.4599609375,1766.0400390625,1762,1764.1500244140625,4945920,2026-07-05T13:15:00.000000Z
2026-07-05T13:15:00.000000Z,1763.6500244140625,1764.5,1760.050048828125,1762.1500244140625,77578240,2026-07-05T13:30:00.000000Z
2026-07-05T13:30:00.000000Z,1761.300048828125,1763.68994140625,1761.300048828125,1763.5799560546875,38606848,2026-07-05T13:45:00.000000Z
2026-07-05T13:45:00.000000Z,1765.3900146484375,1765.530029296875,1763.800048828125,1764.75,31537152,2026-07-05T14:00:00.000000Z
2026-07-05T14:00:00.000000Z,1764.8199462890625,1767.0999755859375,1763.4100341796875,1766.199951171875,14454784,2026-07-05T14:15:00.000000Z
2026-07-05T14:15:00.000000Z,1766.1400146484375,1766.3499755859375,1763.760009765625,1765.9200439453125,97229824,2026-07-05T14:30:00.000000Z
2026-07-05T14:30:00.000000Z,1765.9200439453125,1769.489990234375,1763.6600341796875,1767.3499755859375,0,2026-07-05T14:45:00.000000Z
2026-07-05T14:45:00.000000Z,1767.300048828125,1771.0799560546875,1765.8499755859375,1771.0799560546875,1054584832,2026-07-05T15:00:00.000000Z
2026-07-05T15:00:00.000000Z,1770.5999755859375,1777.469970703125,1769.81005859375,1773.1099853515625,68618240,2026-07-05T15:15:00.000000Z
2026-07-05T15:15:00.000000Z,1773.0899658203125,1774.25,1771.3499755859375,1773.3299560546875,0,2026-07-05T15:30:00.000000Z
2026-07-05T15:30:00.000000Z,1773.3800048828125,1776.8199462890625,1769.5,1770.0799560546875,78753792,2026-07-05T15:45:00.000000Z
2026-07-05T15:45:00.000000Z,1769.699951171875,1774.2099609375,1769.1099853515625,1773.0799560546875,33256448,2026-07-05T16:00:00.000000Z
2026-07-05T16:00:00.000000Z,1772.97998046875,1775.969970703125,1771.8399658203125,1772.6099853515625,41461760,2026-07-05T16:15:00.000000Z
2026-07-05T16:15:00.000000Z,1772.4300537109375,1773.0400390625,1769.68994140625,1769.68994140625,475950080,2026-07-05T16:30:00.000000Z
2026-07-05T16:30:00.000000Z,1770.050048828125,1771.969970703125,1768.81005859375,1769.22998046875,47910912,2026-07-05T16:45:00.000000Z
2026-07-05T16:45:00.000000Z,1769.3399658203125,1771.7900390625,1769.0400390625,1771.4100341796875,53910528,2026-07-05T17:00:00.000000Z
2026-07-05T17:00:00.000000Z,1771.4100341796875,1775.6600341796875,1771.3800048828125,1775,379219968,2026-07-05T17:15:00.000000Z
2026-07-05T17:15:00.000000Z,1775.1500244140625,1783.5899658203125,1774.550048828125,1777.3599853515625,522716160,2026-07-05T17:30:00.000000Z
2026-07-05T17:30:00.000000Z,1777.43994140625,1781.0899658203125,1774.8399658203125,1775.2900390625,84154368,2026-07-05T17:45:00.000000Z
2026-07-05T17:45:00.000000Z,1775.050048828125,1779.27001953125,1775.050048828125,1778.010009765625,40770560,2026-07-05T18:00:00.000000Z
2026-07-05T18:00:00.000000Z,1778.010009765625,1779.8900146484375,1776.47998046875,1777.1800537109375,452777984,2026-07-05T18:15:00.000000Z
2026-07-05T18:15:00.000000Z,1777.2099609375,1779.739990234375,1777.2099609375,1778.18994140625,30528512,2026-07-05T18:30:00.000000Z
2026-07-05T18:30:00.000000Z,1778.300048828125,1780.2900390625,1777.4100341796875,1779.469970703125,466753536,2026-07-05T18:45:00.000000Z
2026-07-05T18:45:00.000000Z,1779.469970703125,1784.43994140625,1778.47998046875,1779.699951171875,16567296,2026-07-05T19:00:00.000000Z
2026-07-05T19:00:00.000000Z,1779.6500244140625,1782.719970703125,1779.010009765625,1781.8199462890625,585877504,2026-07-05T19:15:00.000000Z
2026-07-05T19:15:00.000000Z,1781.9599609375,1783.010009765625,1776.199951171875,1778.6700439453125,554347520,2026-07-05T19:30:00.000000Z
2026-07-05T19:30:00.000000Z,1778.489990234375,1780.949951171875,1777.949951171875,1780.1700439453125,0,2026-07-05T19:45:00.000000Z
2026-07-05T19:45:00.000000Z,1780.5400390625,1781.300048828125,1778.6500244140625,1779.760009765625,0,2026-07-05T20:00:00.000000Z
2026-07-05T20:00:00.000000Z,1779.56005859375,1781.699951171875,1778.550048828125,1779.3299560546875,472433664,2026-07-05T20:15:00.000000Z
2026-07-05T20:15:00.000000Z,1779.4000244140625,1779.93994140625,1774.739990234375,1775.8699951171875,36300800,2026-07-05T20:30:00.000000Z
2026-07-05T20:30:00.000000Z,1775.8599853515625,1776.4599609375,1774.800048828125,1776.1600341796875,63791104,2026-07-05T20:45:00.000000Z
2026-07-05T20:45:00.000000Z,1776.1500244140625,1776.5999755859375,1775.550048828125,1775.6700439453125,0,2026-07-05T21:00:00.000000Z
2026-07-05T21:00:00.000000Z,1775.6300048828125,1775.800048828125,1767.9100341796875,1771.6400146484375,505420800,2026-07-05T21:15:00.000000Z
2026-07-05T21:15:00.000000Z,1771.1600341796875,1779.780029296875,1770.9599609375,1779.0799560546875,204718080,2026-07-05T21:30:00.000000Z
2026-07-05T21:30:00.000000Z,1779.699951171875,1784.81005859375,1776.8299560546875,1781.6199951171875,99036160,2026-07-05T21:45:00.000000Z
2026-07-05T21:45:00.000000Z,1781.4000244140625,1791.0799560546875,1779.4000244140625,1785.260009765625,134323200,2026-07-05T22:00:00.000000Z
2026-07-05T22:00:00.000000Z,1784.8800048828125,1791.5999755859375,1782.800048828125,1791.050048828125,2102272,2026-07-05T22:15:00.000000Z
2026-07-05T22:15:00.000000Z,1791.050048828125,1802.280029296875,1789.699951171875,1800,636371968,2026-07-05T22:30:00.000000Z
2026-07-05T22:30:00.000000Z,1800.0999755859375,1805.47998046875,1786.5999755859375,1788.0999755859375,277147648,2026-07-05T22:45:00.000000Z
2026-07-05T22:45:00.000000Z,1788.31005859375,1790.469970703125,1784.5799560546875,1788.1500244140625,547331072,2026-07-05T23:00:00.000000Z
2026-07-05T23:00:00.000000Z,1787.989990234375,1799.3800048828125,1787,1799.3800048828125,72306688,2026-07-05T23:15:00.000000Z
2026-07-05T23:15:00.000000Z,1800.800048828125,1800.800048828125,1789.3299560546875,1790.31005859375,31582208,2026-07-05T23:30:00.000000Z
2026-07-05T23:30:00.000000Z,1790,1791.3900146484375,1786.5,1788.02001953125,506109952,2026-07-05T23:45:00.000000Z
2026-07-05T23:45:00.000000Z,1787.4000244140625,1787.4000244140625,1781.2900390625,1784.199951171875,487433216,2026-07-06T00:00:00.000000Z
2026-07-06T00:00:00.000000Z,1784.3499755859375,1786.0899658203125,1778.510009765625,1784.8299560546875,373733376,2026-07-06T00:15:00.000000Z
2026-07-06T00:15:00.000000Z,1786.0999755859375,1788.530029296875,1775.9599609375,1776.25,235614208,2026-07-06T00:30:00.000000Z
2026-07-06T00:30:00.000000Z,1776.030029296875,1787.0799560546875,1773.9000244140625,1786.510009765625,115560448,2026-07-06T00:45:00.000000Z
2026-07-06T00:45:00.000000Z,1787.9100341796875,1792.4300537109375,1785,1791.9000244140625,76256256,2026-07-06T01:00:00.000000Z
2026-07-06T01:00:00.000000Z,1791.3299560546875,1793.5999755859375,1789.31005859375,1790.9200439453125,348037120,2026-07-06T01:15:00.000000Z
2026-07-06T01:15:00.000000Z,1791.280029296875,1792.0999755859375,1784.550048828125,1788.199951171875,0,2026-07-06T01:30:00.000000Z
2026-07-06T01:30:00.000000Z,1788.1099853515625,1797.5,1787.2099609375,1790.6400146484375,0,2026-07-06T01:45:00.000000Z
2026-07-06T01:45:00.000000Z,1789.800048828125,1789.800048828125,1783.550048828125,1784.530029296875,34140160,2026-07-06T02:00:00.000000Z
2026-07-06T02:00:00.000000Z,1785.0999755859375,1786.8499755859375,1779.199951171875,1780.4300537109375,178394112,2026-07-06T02:15:00.000000Z
2026-07-06T02:15:00.000000Z,1780.5799560546875,1788.3900146484375,1780.199951171875,1783.469970703125,37425152,2026-07-06T02:30:00.000000Z
2026-07-06T02:30:00.000000Z,1783.530029296875,1786.510009765625,1778.699951171875,1779.22998046875,149482496,2026-07-06T02:45:00.000000Z
2026-07-06T02:45:00.000000Z,1779.5999755859375,1782.9000244140625,1777.93994140625,1782.199951171875,90175488,2026-07-06T03:00:00.000000Z
2026-07-06T03:00:00.000000Z,1781.8599853515625,1783.27001953125,1779.75,1780.8299560546875,44546048,2026-07-06T03:15:00.000000Z
2026-07-06T03:15:00.000000Z,1780.8299560546875,1781.530029296875,1773.72998046875,1776.010009765625,0,2026-07-06T03:30:00.000000Z
2026-07-06T03:30:00.000000Z,1776.219970703125,1778.5999755859375,1771.0999755859375,1774.969970703125,70623232,2026-07-06T03:45:00.000000Z
2026-07-06T03:45:00.000000Z,1774.4000244140625,1778.0999755859375,1774.4000244140625,1778.0699462890625,124620800,2026-07-06T04:00:00.000000Z
2026-07-06T04:00:00.000000Z,1777.699951171875,1780.68994140625,1775.6300048828125,1779.4100341796875,35681280,2026-07-06T04:15:00.000000Z
2026-07-06T04:15:00.000000Z,1779,1780.719970703125,1774.9100341796875,1776.489990234375,533928960,2026-07-06T04:30:00.000000Z
2026-07-06T04:30:00.000000Z,1776.0999755859375,1782.800048828125,1774.699951171875,1780.8399658203125,571849728,2026-07-06T04:45:00.000000Z
2026-07-06T04:45:00.000000Z,1780.81005859375,1781.0999755859375,1775.5999755859375,1776.300048828125,593362944,2026-07-06T05:00:00.000000Z
2026-07-06T05:00:00.000000Z,1776.300048828125,1776.699951171875,1771.800048828125,1773.93994140625,0,2026-07-06T05:15:00.000000Z
2026-07-06T05:15:00.000000Z,1774.010009765625,1775,1765.6300048828125,1766.47998046875,67778560,2026-07-06T05:30:00.000000Z
2026-07-06T05:30:00.000000Z,1765.4000244140625,1772.489990234375,1763.5,1770.5999755859375,34239488,2026-07-06T05:45:00.000000Z
2026-07-06T05:45:00.000000Z,1770.530029296875,1774.18994140625,1770.1099853515625,1772.199951171875,78345216,2026-07-06T06:00:00.000000Z
2026-07-06T06:00:00.000000Z,1772.9000244140625,1773.5999755859375,1769.8199462890625,1771.75,34796544,2026-07-06T06:15:00.000000Z
2026-07-06T06:15:00.000000Z,1771.739990234375,1772.800048828125,1768.4200439453125,1771,15997952,2026-07-06T06:30:00.000000Z
2026-07-06T06:30:00.000000Z,1770.5,1772.699951171875,1768.3199462890625,1772.6800537109375,0,2026-07-06T06:45:00.000000Z
2026-07-06T06:45:00.000000Z,1772.739990234375,1773,1767.699951171875,1767.81005859375,0,2026-07-06T07:00:00.000000Z
2026-07-06T07:00:00.000000Z,1767.5899658203125,1769.68994140625,1765.31005859375,1768.4000244140625,3611648,2026-07-06T07:15:00.000000Z
2026-07-06T07:15:00.000000Z,1768.989990234375,1771.68994140625,1768.0999755859375,1769.02001953125,0,2026-07-06T07:30:00.000000Z
2026-07-06T07:30:00.000000Z,1769.06005859375,1773.47998046875,1766.8900146484375,1773.2099609375,61103104,2026-07-06T07:45:00.000000Z
2026-07-06T07:45:00.000000Z,1773.18994140625,1773.75,1770.3199462890625,1770.4200439453125,0,2026-07-06T08:00:00.000000Z
2026-07-06T08:00:00.000000Z,1770.43994140625,1776.7900390625,1770.199951171875,1771.5999755859375,9114624,2026-07-06T08:15:00.000000Z
2026-07-06T08:15:00.000000Z,1771.5,1771.699951171875,1768.9000244140625,1770.239990234375,0,2026-07-06T08:30:00.000000Z
2026-07-06T08:30:00.000000Z,1769.5699462890625,1769.5699462890625,1761.449951171875,1764.6300048828125,35164160,2026-07-06T08:45:00.000000Z
2026-07-06T08:45:00.000000Z,1764.699951171875,1765.780029296875,1763.1600341796875,1763.9100341796875,13264896,2026-07-06T09:00:00.000000Z
2026-07-06T09:00:00.000000Z,1763.9100341796875,1764.4000244140625,1761.25,1761.510009765625,409838592,2026-07-06T09:15:00.000000Z
2026-07-06T09:15:00.000000Z,1761.449951171875,1763.5,1759.3900146484375,1760.5999755859375,50726912,2026-07-06T09:30:00.000000Z
2026-07-06T09:30:00.000000Z,1760.4000244140625,1760.52001953125,1754.0999755859375,1755.4100341796875,0,2026-07-06T09:45:00.000000Z
2026-07-06T09:45:00.000000Z,1755.3299560546875,1757.9100341796875,1754.0799560546875,1756.8599853515625,279478272,2026-07-06T10:00:00.000000Z
2026-07-06T10:00:00.000000Z,1756.8800048828125,1764.7099609375,1756.31005859375,1764.4000244140625,0,2026-07-06T10:15:00.000000Z
2026-07-06T10:15:00.000000Z,1764.3900146484375,1766.0899658203125,1764,1765.3199462890625,199255552,2026-07-06T10:30:00.000000Z
2026-07-06T10:30:00.000000Z,1765.31005859375,1772.0799560546875,1764.9100341796875,1771.010009765625,30907904,2026-07-06T10:45:00.000000Z
2026-07-06T10:45:00.000000Z,1770.8199462890625,1771.1700439453125,1767.800048828125,1769.1600341796875,117997568,2026-07-06T11:00:00.000000Z
2026-07-06T11:00:00.000000Z,1769.699951171875,1771.7900390625,1766.4200439453125,1766.8399658203125,125122560,2026-07-06T11:15:00.000000Z
2026-07-06T11:15:00.000000Z,1766.949951171875,1770.030029296875,1766.0999755859375,1768.18994140625,3627520,2026-07-06T11:30:00.000000Z
2026-07-06T11:30:00.000000Z,1767.2099609375,1774.0999755859375,1767.2099609375,1771.2900390625,99787264,2026-07-06T11:45:00.000000Z
2026-07-06T11:45:00.000000Z,1771.2900390625,1772.3499755859375,1757.6300048828125,1757.6300048828125,92442112,2026-07-06T12:00:00.000000Z
2026-07-06T12:00:00.000000Z,1757.699951171875,1758.0999755859375,1734.699951171875,1745.9200439453125,361755136,2026-07-06T12:15:00.000000Z
2026-07-06T12:15:00.000000Z,1746.199951171875,1750.510009765625,1744.3800048828125,1748.3699951171875,304753664,2026-07-06T12:30:00.000000Z
2026-07-06T12:30:00.000000Z,1747.9000244140625,1750.7900390625,1738.1300048828125,1738.3199462890625,89890816,2026-07-06T12:45:00.000000Z
2026-07-06T12:45:00.000000Z,1738.31005859375,1744.1700439453125,1734.800048828125,1739.300048828125,120737792,2026-07-06T13:00:00.000000Z
2026-07-06T13:00:00.000000Z,1738.800048828125,1740.199951171875,1730.5,1733.510009765625,531362816,2026-07-06T13:15:00.000000Z
2026-07-06T13:15:00.000000Z,1734.219970703125,1736.780029296875,1730.2099609375,1733.3900146484375,341720064,2026-07-06T13:30:00.000000Z
2026-07-06T13:30:00.000000Z,1731.989990234375,1743.489990234375,1728.4300537109375,1743.43994140625,223178752,2026-07-06T13:45:00.000000Z
2026-07-06T13:45:00.000000Z,1743.300048828125,1752.199951171875,1740.4100341796875,1743.4100341796875,496946176,2026-07-06T14:00:00.000000Z
2026-07-06T14:00:00.000000Z,1742.719970703125,1748.9000244140625,1741.6400146484375,1746.800048828125,826663936,2026-07-06T14:15:00.000000Z
2026-07-06T14:15:00.000000Z,1746,1760.4200439453125,1740.4599609375,1750.0799560546875,257412096,2026-07-06T14:30:00.000000Z
2026-07-06T14:30:00.000000Z,1750.52001953125,1754.4000244140625,1748,1751.1199951171875,279154688,2026-07-06T14:45:00.000000Z
2026-07-06T14:45:00.000000Z,1750.780029296875,1751.52001953125,1744.219970703125,1750.0999755859375,500779008,2026-07-06T15:00:00.000000Z
2026-07-06T15:00:00.000000Z,1750.4000244140625,1764.7099609375,1750.0899658203125,1762.27001953125,748535808,2026-07-06T15:15:00.000000Z
2026-07-06T15:15:00.000000Z,1762.4000244140625,1764.9599609375,1757.6099853515625,1764.8299560546875,866349056,2026-07-06T15:30:00.000000Z
2026-07-06T15:30:00.000000Z,1764.030029296875,1779.2099609375,1758.3399658203125,1776.0799560546875,412008448,2026-07-06T15:45:00.000000Z
2026-07-06T15:45:00.000000Z,1775.199951171875,1787.780029296875,1770.5400390625,1787.25,516758528,2026-07-06T16:00:00.000000Z
2026-07-06T16:00:00.000000Z,1788.27001953125,1803,1781.699951171875,1801.22998046875,788680704,2026-07-06T16:15:00.000000Z
2026-07-06T16:15:00.000000Z,1798.719970703125,1803.8900146484375,1784.9100341796875,1786.800048828125,812018688,2026-07-06T16:30:00.000000Z
2026-07-06T16:30:00.000000Z,1787.199951171875,1795.97998046875,1787.199951171875,1794.1199951171875,298446848,2026-07-06T16:45:00.000000Z
2026-07-06T16:45:00.000000Z,1793.969970703125,1795.3399658203125,1789.449951171875,1791.6300048828125,488572928,2026-07-06T17:00:00.000000Z
2026-07-06T17:00:00.000000Z,1791.5899658203125,1795.5999755859375,1788.3800048828125,1792.1500244140625,11835392,2026-07-06T17:15:00.000000Z
2026-07-06T17:15:00.000000Z,1793.030029296875,1799.18994140625,1792.5,1795,522770432,2026-07-06T17:30:00.000000Z
2026-07-06T17:30:00.000000Z,1795.3800048828125,1796.239990234375,1786.8900146484375,1788.1099853515625,22664192,2026-07-06T17:45:00.000000Z
2026-07-06T17:45:00.000000Z,1787.699951171875,1792.010009765625,1785.800048828125,1786.9599609375,138059776,2026-07-06T18:00:00.000000Z
2026-07-06T18:00:00.000000Z,1787.199951171875,1789.699951171875,1785.5999755859375,1788.1099853515625,46133248,2026-07-06T18:15:00.000000Z
2026-07-06T18:15:00.000000Z,1788.239990234375,1794.81005859375,1786.530029296875,1791.260009765625,491170816,2026-07-06T18:30:00.000000Z
2026-07-06T18:30:00.000000Z,1791.27001953125,1794.9300537109375,1789.5799560546875,1793.18994140625,37278720,2026-07-06T18:45:00.000000Z
2026-07-06T18:45:00.000000Z,1792.6700439453125,1794.4000244140625,1790.9100341796875,1791.300048828125,276443136,2026-07-06T19:00:00.000000Z
2026-07-06T19:00:00.000000Z,1791.56005859375,1794.56005859375,1790.0400390625,1794.239990234375,28645376,2026-07-06T19:15:00.000000Z
2026-07-06T19:15:00.000000Z,1794.27001953125,1797.989990234375,1793.0999755859375,1796.1099853515625,646003712,2026-07-06T19:30:00.000000Z
2026-07-06T19:30:00.000000Z,1796,1796,1792.1300048828125,1795.0999755859375,343411712,2026-07-06T19:45:00.000000Z
2026-07-06T19:45:00.000000Z,1795.010009765625,1796.4599609375,1791,1791,141972480,2026-07-06T20:00:00.000000Z
2026-07-06T20:00:00.000000Z,1792.4200439453125,1792.4200439453125,1786.0899658203125,1787.1700439453125,22470656,2026-07-06T20:15:00.000000Z
2026-07-06T20:15:00.000000Z,1787.4100341796875,1790.199951171875,1786.2900390625,1790.199951171875,600690688,2026-07-06T20:30:00.000000Z
2026-07-06T20:30:00.000000Z,1790.469970703125,1794.800048828125,1789.81005859375,1791.800048828125,0,2026-07-06T20:45:00.000000Z
2026-07-06T20:45:00.000000Z,1791.199951171875,1795.300048828125,1790.52001953125,1791.739990234375,498381824,2026-07-06T21:00:00.000000Z
2026-07-06T21:00:00.000000Z,1791.8800048828125,1830.2099609375,1791.25,1817.6099853515625,104352768,2026-07-06T21:15:00.000000Z
2026-07-06T21:15:00.000000Z,1818.68994140625,1819.0899658203125,1812,1812.4300537109375,643745792,2026-07-06T21:30:00.000000Z
2026-07-06T21:30:00.000000Z,1812.300048828125,1814.3199462890625,1806.6600341796875,1812.5899658203125,641188864,2026-07-06T21:45:00.000000Z
2026-07-06T21:45:00.000000Z,1812.6500244140625,1818.2900390625,1810.550048828125,1813.5,258822144,2026-07-06T22:00:00.000000Z
2026-07-06T22:00:00.000000Z,1814.68994140625,1815.489990234375,1810.6400146484375,1812.9599609375,41760768,2026-07-06T22:15:00.000000Z
2026-07-06T22:15:00.000000Z,1812.6099853515625,1815.0999755859375,1807.949951171875,1808.4100341796875,674842624,2026-07-06T22:30:00.000000Z
2026-07-06T22:30:00.000000Z,1807.739990234375,1808.530029296875,1805.43994140625,1806.989990234375,0,2026-07-06T22:45:00.000000Z
2026-07-06T22:45:00.000000Z,1806.800048828125,1807.6400146484375,1803.5999755859375,1805.1800537109375,67292160,2026-07-06T23:00:00.000000Z
2026-07-06T23:00:00.000000Z,1805.02001953125,1808.97998046875,1804.3499755859375,1807.3699951171875,190929920,2026-07-06T23:15:00.000000Z
2026-07-06T23:15:00.000000Z,1807.2099609375,1807.68994140625,1801.31005859375,1802.469970703125,150719488,2026-07-06T23:30:00.000000Z
2026-07-06T23:30:00.000000Z,1802.469970703125,1803.6099853515625,1799.1600341796875,1799.3399658203125,580843520,2026-07-06T23:45:00.000000Z
2026-07-06T23:45:00.000000Z,1799.1600341796875,1800.300048828125,1796.6600341796875,1798.56005859375,496270336,2026-07-07T00:00:00.000000Z
2026-07-07T00:00:00.000000Z,1798.6400146484375,1800.0899658203125,1796.739990234375,1796.780029296875,437721088,2026-07-07T00:15:00.000000Z
2026-07-07T00:15:00.000000Z,1796.81005859375,1808.8900146484375,1795.199951171875,1804.989990234375,414076928,2026-07-07T00:30:00.000000Z
2026-07-07T00:30:00.000000Z,1804.7099609375,1806.550048828125,1797.9000244140625,1800.4100341796875,118413312,2026-07-07T00:45:00.000000Z
2026-07-07T00:45:00.000000Z,1800.010009765625,1805.25,1799.489990234375,1802.3900146484375,753530880,2026-07-07T01:00:00.000000Z
2026-07-07T01:00:00.000000Z,1801.31005859375,1801.31005859375,1787.43994140625,1794.25,445166592,2026-07-07T01:15:00.000000Z
2026-07-07T01:15:00.000000Z,1794.699951171875,1795.72998046875,1789.5999755859375,1790.8399658203125,426870784,2026-07-07T01:30:00.000000Z
2026-07-07T01:30:00.000000Z,1790.6300048828125,1794.18994140625,1787.4000244140625,1793.9200439453125,43409408,2026-07-07T01:45:00.000000Z
2026-07-07T01:45:00.000000Z,1794.0999755859375,1796.489990234375,1791.1400146484375,1791.5,198116352,2026-07-07T02:00:00.000000Z
2026-07-07T02:00:00.000000Z,1791.719970703125,1793.0999755859375,1789.1099853515625,1790.6400146484375,49201152,2026-07-07T02:15:00.000000Z
2026-07-07T02:15:00.000000Z,1790.3499755859375,1791.97998046875,1778.68994140625,1779.2099609375,736555008,2026-07-07T02:30:00.000000Z
2026-07-07T02:30:00.000000Z,1778.93994140625,1783.300048828125,1776,1782.800048828125,715815936,2026-07-07T02:45:00.000000Z
2026-07-07T02:45:00.000000Z,1782.75,1783.5899658203125,1775.699951171875,1777.2099609375,128395264,2026-07-07T03:00:00.000000Z
2026-07-07T03:00:00.000000Z,1776.8299560546875,1780.0899658203125,1775.8599853515625,1777.300048828125,656269312,2026-07-07T03:15:00.000000Z
2026-07-07T03:15:00.000000Z,1777.3599853515625,1778.3399658203125,1772.1099853515625,1772.8299560546875,592593920,2026-07-07T03:30:00.000000Z
2026-07-07T03:30:00.000000Z,1772.8399658203125,1774.6500244140625,1769.4100341796875,1770.550048828125,567002112,2026-07-07T03:45:00.000000Z
2026-07-07T03:45:00.000000Z,1770.489990234375,1770.6400146484375,1767.800048828125,1770.22998046875,673531904,2026-07-07T04:00:00.000000Z
2026-07-07T04:00:00.000000Z,1769.699951171875,1772.25,1767.8299560546875,1769.739990234375,506670080,2026-07-07T04:15:00.000000Z
2026-07-07T04:15:00.000000Z,1769.8299560546875,1771.3199462890625,1767.93994140625,1770.699951171875,484559872,2026-07-07T04:30:00.000000Z
2026-07-07T04:30:00.000000Z,1770.6099853515625,1770.8299560546875,1763.8399658203125,1764.25,3460096,2026-07-07T04:45:00.000000Z
2026-07-07T04:45:00.000000Z,1764.25,1766.1199951171875,1761.3499755859375,1765.1300048828125,176308224,2026-07-07T05:00:00.000000Z
2026-07-07T05:00:00.000000Z,1765.1700439453125,1766.02001953125,1756.699951171875,1757.1099853515625,126282752,2026-07-07T05:15:00.000000Z
2026-07-07T05:15:00.000000Z,1756.5400390625,1762.3900146484375,1756.5400390625,1760.2900390625,192139264,2026-07-07T05:30:00.000000Z
2026-07-07T05:30:00.000000Z,1760.300048828125,1768.5999755859375,1760.300048828125,1767.739990234375,0,2026-07-07T05:45:00.000000Z
2026-07-07T05:45:00.000000Z,1767.800048828125,1772.260009765625,1767.239990234375,1769.2900390625,284479488,2026-07-07T06:00:00.000000Z
2026-07-07T06:00:00.000000Z,1769.300048828125,1772.77001953125,1763.4300537109375,1765.1700439453125,603741184,2026-07-07T06:15:00.000000Z
2026-07-07T06:15:00.000000Z,1765.8800048828125,1770.0999755859375,1765.8800048828125,1769.5400390625,378243072,2026-07-07T06:30:00.000000Z
2026-07-07T06:30:00.000000Z,1769.02001953125,1774.510009765625,1768.4300537109375,1774.199951171875,73812992,2026-07-07T06:45:00.000000Z
2026-07-07T06:45:00.000000Z,1773.5999755859375,1781,1773.3699951171875,1777.68994140625,183754752,2026-07-07T07:00:00.000000Z
2026-07-07T07:00:00.000000Z,1777.6800537109375,1781.1099853515625,1776.6800537109375,1780.469970703125,464679936,2026-07-07T07:15:00.000000Z
2026-07-07T07:15:00.000000Z,1780.27001953125,1780.550048828125,1776.25,1776.949951171875,268952576,2026-07-07T07:30:00.000000Z
2026-07-07T07:30:00.000000Z,1776.97998046875,1777.5699462890625,1769.8699951171875,1771.68994140625,297217024,2026-07-07T07:45:00.000000Z
2026-07-07T07:45:00.000000Z,1771.6199951171875,1774.0799560546875,1769.6500244140625,1769.8900146484375,447288320,2026-07-07T08:00:00.000000Z
2026-07-07T08:00:00.000000Z,1770.3499755859375,1773.9200439453125,1767.1199951171875,1771.550048828125,123158528,2026-07-07T08:15:00.000000Z
2026-07-07T08:15:00.000000Z,1772.0400390625,1773.52001953125,1768.9100341796875,1770.56005859375,489837568,2026-07-07T08:30:00.000000Z
2026-07-07T08:30:00.000000Z,1770.9000244140625,1770.9000244140625,1766.8800048828125,1768.800048828125,206596096,2026-07-07T08:45:00.000000Z
2026-07-07T08:45:00.000000Z,1769.199951171875,1770.8199462890625,1767.8299560546875,1768.9100341796875,182798336,2026-07-07T09:00:00.000000Z
2026-07-07T09:00:00.000000Z,1769.0899658203125,1772.6500244140625,1766.9599609375,1772.6500244140625,16715776,2026-07-07T09:15:00.000000Z
2026-07-07T09:15:00.000000Z,1772.719970703125,1772.719970703125,1770.260009765625,1771.739990234375,15929344,2026-07-07T09:30:00.000000Z
2026-07-07T09:30:00.000000Z,1771.5999755859375,1777.5,1771,1777.449951171875,12191744,2026-07-07T09:45:00.000000Z
2026-07-07T09:45:00.000000Z,1777.56005859375,1779.5,1773.8499755859375,1776.239990234375,182581248,2026-07-07T10:00:00.000000Z
2026-07-07T10:00:00.000000Z,1776.3499755859375,1782.5999755859375,1776,1778.0400390625,70041600,2026-07-07T10:15:00.000000Z
2026-07-07T10:15:00.000000Z,1778.010009765625,1782,1777.6800537109375,1777.6800537109375,173332480,2026-07-07T10:30:00.000000Z
2026-07-07T10:30:00.000000Z,1776.7099609375,1776.77001953125,1773.760009765625,1775.02001953125,4923392,2026-07-07T10:45:00.000000Z
2026-07-07T10:45:00.000000Z,1774.800048828125,1775.760009765625,1772.6400146484375,1774.31005859375,166812672,2026-07-07T11:00:00.000000Z
2026-07-07T11:00:00.000000Z,1774.0799560546875,1774.1199951171875,1770.25,1771.6700439453125,297920512,2026-07-07T11:15:00.000000Z
2026-07-07T11:15:00.000000Z,1771.6099853515625,1777.5699462890625,1771.239990234375,1775.47998046875,54663168,2026-07-07T11:30:00.000000Z
2026-07-07T11:30:00.000000Z,1775.47998046875,1778.6700439453125,1773.6400146484375,1778.6700439453125,100960256,2026-07-07T11:45:00.000000Z
2026-07-07T11:45:00.000000Z,1779.7099609375,1782.989990234375,1776.719970703125,1779.22998046875,37258240,2026-07-07T12:00:00.000000Z
2026-07-07T12:00:00.000000Z,1779.2900390625,1790.6600341796875,1778.449951171875,1789.3399658203125,0,2026-07-07T12:15:00.000000Z
2026-07-07T12:15:00.000000Z,1789.52001953125,1792.760009765625,1786.3399658203125,1789.469970703125,149545984,2026-07-07T12:30:00.000000Z
2026-07-07T12:30:00.000000Z,1789.3599853515625,1789.56005859375,1782.5,1784.1300048828125,247494656,2026-07-07T12:45:00.000000Z
2026-07-07T12:45:00.000000Z,1783.699951171875,1783.8800048828125,1779.6099853515625,1780.1400146484375,50580480,2026-07-07T13:00:00.000000Z
2026-07-07T13:00:00.000000Z,1780.010009765625,1781.4599609375,1773.239990234375,1775.0400390625,170475520,2026-07-07T13:15:00.000000Z
2026-07-07T13:15:00.000000Z,1774.9300537109375,1776.199951171875,1768.1400146484375,1769.8699951171875,30607360,2026-07-07T13:30:00.000000Z
2026-07-07T13:30:00.000000Z,1769.3699951171875,1773.7099609375,1764.4200439453125,1770.1800537109375,98302976,2026-07-07T13:45:00.000000Z
2026-07-07T13:45:00.000000Z,1770.1199951171875,1779.5,1764.4000244140625,1766.81005859375,167214080,2026-07-07T14:00:00.000000Z
2026-07-07T14:00:00.000000Z,1765.6800537109375,1776.5400390625,1761.9200439453125,1765.3199462890625,230647808,2026-07-07T14:15:00.000000Z
2026-07-07T14:15:00.000000Z,1765.3499755859375,1770.52001953125,1763.530029296875,1770.199951171875,252745728,2026-07-07T14:30:00.000000Z
2026-07-07T14:30:00.000000Z,1771.699951171875,1775.6300048828125,1759.449951171875,1768.6700439453125,131782656,2026-07-07T14:45:00.000000Z
2026-07-07T14:45:00.000000Z,1769.699951171875,1790.52001953125,1769.699951171875,1787.8800048828125,0,2026-07-07T15:00:00.000000Z
2026-07-07T15:00:00.000000Z,1787.780029296875,1789.800048828125,1781.199951171875,1784.3399658203125,368646144,2026-07-07T15:15:00.000000Z
2026-07-07T15:15:00.000000Z,1784.4000244140625,1793.3299560546875,1783.97998046875,1791.1199951171875,0,2026-07-07T15:30:00.000000Z
2026-07-07T15:30:00.000000Z,1790.8800048828125,1796.949951171875,1789.239990234375,1793.760009765625,0,2026-07-07T15:45:00.000000Z
2026-07-07T15:45:00.000000Z,1795.9100341796875,1801.0699462890625,1794.6400146484375,1795.9100341796875,0,2026-07-07T16:00:00.000000Z
2026-07-07T16:00:00.000000Z,1795.8599853515625,1798.4300537109375,1791.699951171875,1793.4000244140625,0,2026-07-07T16:15:00.000000Z
2026-07-07T16:15:00.000000Z,1793.760009765625,1802.77001953125,1791.52001953125,1801.1199951171875,0,2026-07-07T16:30:00.000000Z
2026-07-07T16:30:00.000000Z,1800.5699462890625,1804.31005859375,1797.3499755859375,1803.9000244140625,86821888,2026-07-07T16:45:00.000000Z
2026-07-07T16:45:00.000000Z,1803.8399658203125,1810.6800537109375,1799.8800048828125,1800.739990234375,104084480,2026-07-07T17:00:00.000000Z
2026-07-07T17:00:00.000000Z,1800.1500244140625,1805.5899658203125,1799.199951171875,1803.0699462890625,0,2026-07-07T17:15:00.000000Z
2026-07-07T17:15:00.000000Z,1803.1500244140625,1805.199951171875,1797.010009765625,1804.8900146484375,165196800,2026-07-07T17:30:00.000000Z
2026-07-07T17:30:00.000000Z,1805.1600341796875,1807.1400146484375,1802.3599853515625,1806.97998046875,0,2026-07-07T17:45:00.000000Z
2026-07-07T17:45:00.000000Z,1806.9599609375,1809.219970703125,1803.699951171875,1809.0799560546875,90985472,2026-07-07T18:00:00.000000Z
2026-07-07T18:00:00.000000Z,1809.3299560546875,1809.3299560546875,1801.199951171875,1802.47998046875,0,2026-07-07T18:15:00.000000Z
2026-07-07T18:15:00.000000Z,1802.760009765625,1805.760009765625,1798.9300537109375,1799.449951171875,315027456,2026-07-07T18:30:00.000000Z
2026-07-07T18:30:00.000000Z,1799.300048828125,1803.4599609375,1797.8199462890625,1803.4599609375,76668928,2026-07-07T18:45:00.000000Z
2026-07-07T18:45:00.000000Z,1803.6700439453125,1803.7900390625,1784.760009765625,1785.1199951171875,209337344,2026-07-07T19:00:00.000000Z
2026-07-07T19:00:00.000000Z,1784.8900146484375,1788.0999755859375,1777.27001953125,1778.43994140625,182003712,2026-07-07T19:15:00.000000Z
2026-07-07T19:15:00.000000Z,1778.280029296875,1783.3699951171875,1773.25,1781.72998046875,247680000,2026-07-07T19:30:00.000000Z
2026-07-07T19:30:00.000000Z,1782,1790.030029296875,1782,1788.5400390625,226886656,2026-07-07T19:45:00.000000Z
2026-07-07T19:45:00.000000Z,1788.25,1790.8399658203125,1787.52001953125,1789.4300537109375,54678528,2026-07-07T20:00:00.000000Z
2026-07-07T20:00:00.000000Z,1789.0899658203125,1792,1784.9000244140625,1788.1199951171875,144034816,2026-07-07T20:15:00.000000Z
2026-07-07T20:15:00.000000Z,1787.510009765625,1788.72998046875,1785.0999755859375,1786.3399658203125,169140224,2026-07-07T20:30:00.000000Z
2026-07-07T20:30:00.000000Z,1786.1199951171875,1786.56005859375,1782.5400390625,1782.5400390625,181144576,2026-07-07T20:45:00.000000Z
2026-07-07T20:45:00.000000Z,1782.6099853515625,1783,1780.1300048828125,1783,27901952,2026-07-07T21:00:00.000000Z
2026-07-07T21:00:00.000000Z,1782.989990234375,1788.449951171875,1782.989990234375,1785.1300048828125,0,2026-07-07T21:15:00.000000Z
2026-07-07T21:15:00.000000Z,1784.52001953125,1784.75,1774.0899658203125,1777.199951171875,42161152,2026-07-07T21:30:00.000000Z
2026-07-07T21:30:00.000000Z,1777.4100341796875,1777.4100341796875,1770.3599853515625,1774.1099853515625,103141376,2026-07-07T21:45:00.000000Z
2026-07-07T21:45:00.000000Z,1773.6600341796875,1777.0999755859375,1770.949951171875,1772.6400146484375,15319040,2026-07-07T22:00:00.000000Z
2026-07-07T22:00:00.000000Z,1771.6300048828125,1776.300048828125,1764.9000244140625,1774.31005859375,21794816,2026-07-07T22:15:00.000000Z
2026-07-07T22:15:00.000000Z,1774.47998046875,1776.1099853515625,1769.1600341796875,1771.56005859375,178810880,2026-07-07T22:30:00.000000Z
2026-07-07T22:30:00.000000Z,1771.260009765625,1777.5400390625,1770.0899658203125,1776.219970703125,44982272,2026-07-07T22:45:00.000000Z
2026-07-07T22:45:00.000000Z,1776,1776.3699951171875,1773.6700439453125,1774.3699951171875,57799680,2026-07-07T23:00:00.000000Z
2026-07-07T23:00:00.000000Z,1773.9000244140625,1778.989990234375,1773.3800048828125,1777.469970703125,0,2026-07-07T23:15:00.000000Z
2026-07-07T23:15:00.000000Z,1777.3800048828125,1779.5699462890625,1776.7099609375,1778.8599853515625,80776192,2026-07-07T23:30:00.000000Z
2026-07-07T23:30:00.000000Z,1778.56005859375,1779.5999755859375,1771.3299560546875,1771.3299560546875,62742528,2026-07-07T23:45:00.000000Z
2026-07-07T23:45:00.000000Z,1770.9000244140625,1772,1767.1600341796875,1770.06005859375,3084288,2026-07-08T00:00:00.000000Z
2026-07-08T00:00:00.000000Z,1770.0999755859375,1774.4100341796875,1769,1773.239990234375,5639168,2026-07-08T00:15:00.000000Z
2026-07-08T00:15:00.000000Z,1773.719970703125,1780.8900146484375,1770.760009765625,1778.699951171875,16791552,2026-07-08T00:30:00.000000Z
2026-07-08T00:30:00.000000Z,1778.699951171875,1782.93994140625,1776.300048828125,1781.719970703125,43417600,2026-07-08T00:45:00.000000Z
2026-07-08T00:45:00.000000Z,1781.6500244140625,1782.239990234375,1778.219970703125,1779,224103424,2026-07-08T01:00:00.000000Z
2026-07-08T01:00:00.000000Z,1779,1779.72998046875,1774.699951171875,1778.52001953125,24953856,2026-07-08T01:15:00.000000Z
2026-07-08T01:15:00.000000Z,1778.449951171875,1778.449951171875,1771.9100341796875,1771.9100341796875,118327296,2026-07-08T01:30:00.000000Z
2026-07-08T01:30:00.000000Z,1771.9200439453125,1772.199951171875,1749.4000244140625,1758.1199951171875,113775616,2026-07-08T01:45:00.000000Z
2026-07-08T01:45:00.000000Z,1757.949951171875,1761.25,1751.4100341796875,1754.699951171875,310518784,2026-07-08T02:00:00.000000Z
2026-07-08T02:00:00.000000Z,1754.3399658203125,1755.72998046875,1748.81005859375,1750.56005859375,249639936,2026-07-08T02:15:00.000000Z
2026-07-08T02:15:00.000000Z,1750.0799560546875,1754.0799560546875,1748.1700439453125,1750.93994140625,60760064,2026-07-08T02:30:00.000000Z
2026-07-08T02:30:00.000000Z,1750.800048828125,1754.010009765625,1740.9100341796875,1754.010009765625,86350848,2026-07-08T02:45:00.000000Z
2026-07-08T02:45:00.000000Z,1754.4000244140625,1758.1700439453125,1753.4100341796875,1756.4100341796875,1118796800,2026-07-08T03:00:00.000000Z
2026-07-08T03:00:00.000000Z,1757.3499755859375,1761.9000244140625,1757,1760.93994140625,69897216,2026-07-08T03:15:00.000000Z
2026-07-08T03:15:00.000000Z,1760.719970703125,1762.1300048828125,1759.0899658203125,1762.0799560546875,67823616,2026-07-08T03:30:00.000000Z
2026-07-08T03:30:00.000000Z,1761.72998046875,1761.93994140625,1755.27001953125,1756.1700439453125,84129792,2026-07-08T03:45:00.000000Z
2026-07-08T03:45:00.000000Z,1756.1400146484375,1756.1700439453125,1747.9200439453125,1749.760009765625,26700800,2026-07-08T04:00:00.000000Z
2026-07-08T04:00:00.000000Z,1750.3199462890625,1754.56005859375,1748.2099609375,1752.5400390625,107215872,2026-07-08T04:15:00.000000Z
2026-07-08T04:15:00.000000Z,1752.800048828125,1756.6700439453125,1752.5799560546875,1755.8199462890625,0,2026-07-08T04:30:00.000000Z
2026-07-08T04:30:00.000000Z,1756.5,1756.6600341796875,1750.2900390625,1752.699951171875,47017984,2026-07-08T04:45:00.000000Z
2026-07-08T04:45:00.000000Z,1752.7099609375,1755.0899658203125,1750.81005859375,1755,120864768,2026-07-08T05:00:00.000000Z
2026-07-08T05:00:00.000000Z,1754.969970703125,1758.239990234375,1754,1754.81005859375,84118528,2026-07-08T05:15:00.000000Z
2026-07-08T05:15:00.000000Z,1754.9200439453125,1756.530029296875,1752.6099853515625,1754.3399658203125,0,2026-07-08T05:30:00.000000Z
2026-07-08T05:30:00.000000Z,1754.1700439453125,1754.6400146484375,1750.4100341796875,1751.1400146484375,121385984,2026-07-08T05:45:00.000000Z
2026-07-08T05:45:00.000000Z,1751.06005859375,1753.5699462890625,1749.260009765625,1752.68994140625,0,2026-07-08T06:00:00.000000Z
2026-07-08T06:00:00.000000Z,1752.469970703125,1752.469970703125,1749.300048828125,1750.8199462890625,94620672,2026-07-08T06:15:00.000000Z
2026-07-08T06:15:00.000000Z,1750.9000244140625,1752.9599609375,1748.0400390625,1750.18994140625,131846144,2026-07-08T06:30:00.000000Z
2026-07-08T06:30:00.000000Z,1750.0999755859375,1750.6700439453125,1745.1600341796875,1746.3900146484375,57936896,2026-07-08T06:45:00.000000Z
2026-07-08T06:45:00.000000Z,1746.3599853515625,1753.43994140625,1745.8900146484375,1750.300048828125,37572608,2026-07-08T07:00:00.000000Z
2026-07-08T07:00:00.000000Z,1750.6600341796875,1750.6600341796875,1743.780029296875,1749.7900390625,37444608,2026-07-08T07:15:00.000000Z
2026-07-08T07:15:00.000000Z,1749.52001953125,1752,1746.4000244140625,1751.7900390625,211883008,2026-07-08T07:30:00.000000Z
2026-07-08T07:30:00.000000Z,1751.530029296875,1755.4300537109375,1751.2099609375,1753.75,99809280,2026-07-08T07:45:00.000000Z
2026-07-08T07:45:00.000000Z,1753.739990234375,1755.969970703125,1753.2900390625,1755.4599609375,8684544,2026-07-08T08:00:00.000000Z
2026-07-08T08:00:00.000000Z,1755.5999755859375,1757.1099853515625,1753.2900390625,1755.7099609375,107136000,2026-07-08T08:15:00.000000Z
2026-07-08T08:15:00.000000Z,1756.1500244140625,1756.47998046875,1729.550048828125,1729.550048828125,64595968,2026-07-08T08:30:00.000000Z
2026-07-08T08:30:00.000000Z,1729.6600341796875,1734.699951171875,1724.800048828125,1731.6400146484375,307174400,2026-07-08T08:45:00.000000Z
2026-07-08T08:45:00.000000Z,1731.4000244140625,1741.3599853515625,1731.4000244140625,1733.6300048828125,244804608,2026-07-08T09:00:00.000000Z
2026-07-08T09:00:00.000000Z,1733.489990234375,1735.97998046875,1730.989990234375,1731.739990234375,206924800,2026-07-08T09:15:00.000000Z
2026-07-08T09:15:00.000000Z,1731.6300048828125,1733.800048828125,1728.6600341796875,1733.800048828125,55617536,2026-07-08T09:30:00.000000Z
2026-07-08T09:30:00.000000Z,1733.27001953125,1739.0899658203125,1733.27001953125,1738.8499755859375,127480832,2026-07-08T09:45:00.000000Z
2026-07-08T09:45:00.000000Z,1738.8699951171875,1738.8699951171875,1734.0799560546875,1734.489990234375,0,2026-07-08T10:00:00.000000Z
2026-07-08T10:00:00.000000Z,1735.949951171875,1736.0699462890625,1731.010009765625,1733.97998046875,379458560,2026-07-08T10:15:00.000000Z
2026-07-08T10:15:00.000000Z,1734.3699951171875,1737.780029296875,1733.3800048828125,1737.56005859375,200074240,2026-07-08T10:30:00.000000Z
2026-07-08T10:30:00.000000Z,1737.050048828125,1740.75,1737.010009765625,1739.1600341796875,257562624,2026-07-08T10:45:00.000000Z
2026-07-08T10:45:00.000000Z,1739,1739.199951171875,1736.699951171875,1737.81005859375,58427392,2026-07-08T11:00:00.000000Z
2026-07-08T11:00:00.000000Z,1737.780029296875,1738.8699951171875,1734.3800048828125,1736.25,4708352,2026-07-08T11:15:00.000000Z
2026-07-08T11:15:00.000000Z,1736.3499755859375,1738.8499755859375,1735.5400390625,1736.9599609375,52742144,2026-07-08T11:30:00.000000Z
2026-07-08T11:30:00.000000Z,1737.010009765625,1746.6700439453125,1734.6099853515625,1745.3699951171875,30159872,2026-07-08T11:45:00.000000Z
2026-07-08T11:45:00.000000Z,1744.1500244140625,1749.239990234375,1742.75,1746.47998046875,184758272,2026-07-08T12:00:00.000000Z
2026-07-08T12:00:00.000000Z,1746.489990234375,1749.530029296875,1743.550048828125,1746.199951171875,39249920,2026-07-08T12:15:00.000000Z
2026-07-08T12:15:00.000000Z,1746.0799560546875,1748.010009765625,1744.3299560546875,1745.8399658203125,169463808,2026-07-08T12:30:00.000000Z
2026-07-08T12:30:00.000000Z,1745.7099609375,1746.1600341796875,1742,1742.510009765625,7335936,2026-07-08T12:45:00.000000Z
2026-07-08T12:45:00.000000Z,1742.510009765625,1745.1800537109375,1736.489990234375,1736.8499755859375,147286016,2026-07-08T13:00:00.000000Z
2026-07-08T13:00:00.000000Z,1736.949951171875,1741.3499755859375,1735.6500244140625,1738.5699462890625,173454336,2026-07-08T13:15:00.000000Z
2026-07-08T13:15:00.000000Z,1738.4200439453125,1739.219970703125,1732,1734.5699462890625,65896448,2026-07-08T13:30:00.000000Z
2026-07-08T13:30:00.000000Z,1737.3699951171875,1742.3900146484375,1735.280029296875,1737.72998046875,153939968,2026-07-08T13:45:00.000000Z
2026-07-08T13:45:00.000000Z,1736.5999755859375,1737.9599609375,1729.780029296875,1735.8299560546875,7914496,2026-07-08T14:00:00.000000Z
2026-07-08T14:00:00.000000Z,1735.77001953125,1738.56005859375,1733.3599853515625,1733.5799560546875,0,2026-07-08T14:15:00.000000Z
2026-07-08T14:15:00.000000Z,1733.06005859375,1738.6600341796875,1724.800048828125,1731.1199951171875,200365056,2026-07-08T14:30:00.000000Z
2026-07-08T14:30:00.000000Z,1731.699951171875,1731.699951171875,1726.18994140625,1727.760009765625,35332096,2026-07-08T14:45:00.000000Z
2026-07-08T14:45:00.000000Z,1727.780029296875,1731.0999755859375,1721.6500244140625,1727.6500244140625,171846656,2026-07-08T15:00:00.000000Z
2026-07-08T15:00:00.000000Z,1728.3199462890625,1728.5999755859375,1714.699951171875,1715.6700439453125,15349760,2026-07-08T15:15:00.000000Z
2026-07-08T15:15:00.000000Z,1716.6600341796875,1718.449951171875,1711.2900390625,1716.9300537109375,316951552,2026-07-08T15:30:00.000000Z
2026-07-08T15:30:00.000000Z,1715.489990234375,1721.4200439453125,1714.449951171875,1717.510009765625,40371200,2026-07-08T15:45:00.000000Z
2026-07-08T15:45:00.000000Z,1717.0899658203125,1722.280029296875,1716.1300048828125,1721.06005859375,111698944,2026-07-08T16:00:00.000000Z
2026-07-08T16:00:00.000000Z,1721.6099853515625,1726.9300537109375,1721.010009765625,1724.8900146484375,91035648,2026-07-08T16:15:00.000000Z
2026-07-08T16:15:00.000000Z,1724.8399658203125,1731.5400390625,1723.5899658203125,1729.6099853515625,168608768,2026-07-08T16:30:00.000000Z
2026-07-08T16:30:00.000000Z,1729.050048828125,1735.1400146484375,1725.3299560546875,1733.93994140625,9442304,2026-07-08T16:45:00.000000Z
2026-07-08T16:45:00.000000Z,1734.1400146484375,1736.1700439453125,1731.43994140625,1734.52001953125,116491264,2026-07-08T17:00:00.000000Z
2026-07-08T17:00:00.000000Z,1734.5699462890625,1736.1700439453125,1731.1500244140625,1732.18994140625,142533632,2026-07-08T17:15:00.000000Z
2026-07-08T17:15:00.000000Z,1732.3399658203125,1741.56005859375,1732.3399658203125,1741.52001953125,0,2026-07-08T17:30:00.000000Z
2026-07-08T17:30:00.000000Z,1742,1744.8699951171875,1739.1199951171875,1739.1199951171875,47593472,2026-07-08T17:45:00.000000Z
2026-07-08T17:45:00.000000Z,1739.3299560546875,1739.4300537109375,1729.5999755859375,1731.27001953125,127444992,2026-07-08T18:00:00.000000Z
2026-07-08T18:00:00.000000Z,1731.489990234375,1738.949951171875,1730.8800048828125,1738.43994140625,118566912,2026-07-08T18:15:00.000000Z
2026-07-08T18:15:00.000000Z,1738.3299560546875,1738.9300537109375,1734.1500244140625,1735.3699951171875,86049792,2026-07-08T18:30:00.000000Z
2026-07-08T18:30:00.000000Z,1734.81005859375,1734.81005859375,1728.3399658203125,1730.8800048828125,294491136,2026-07-08T18:45:00.000000Z
2026-07-08T18:45:00.000000Z,1730.8399658203125,1739.9300537109375,1730.6500244140625,1735.81005859375,1789952,2026-07-08T19:00:00.000000Z
2026-07-08T19:00:00.000000Z,1735.9599609375,1739,1732.1800537109375,1732.469970703125,37909504,2026-07-08T19:15:00.000000Z
2026-07-08T19:15:00.000000Z,1732.2900390625,1737.239990234375,1732.030029296875,1736.56005859375,17161216,2026-07-08T19:30:00.000000Z
2026-07-08T19:30:00.000000Z,1737.3599853515625,1739.0699462890625,1736.5400390625,1739.0699462890625,170275840,2026-07-08T19:45:00.000000Z
2026-07-08T19:45:00.000000Z,1738.719970703125,1740.2900390625,1733.1600341796875,1739.5899658203125,67662848,2026-07-08T20:00:00.000000Z
2026-07-08T20:00:00.000000Z,1737.5999755859375,1739.22998046875,1734.6500244140625,1736.489990234375,152887296,2026-07-08T20:15:00.000000Z
2026-07-08T20:15:00.000000Z,1736.469970703125,1737.9200439453125,1733.27001953125,1737.8299560546875,0,2026-07-08T20:30:00.000000Z
2026-07-08T20:30:00.000000Z,1737.2099609375,1738.1300048828125,1733.6099853515625,1736.1500244140625,179434496,2026-07-08T20:45:00.000000Z
2026-07-08T20:45:00.000000Z,1736.010009765625,1737.199951171875,1734.010009765625,1734.9100341796875,121718784,2026-07-08T21:00:00.000000Z
2026-07-08T21:00:00.000000Z,1735.0799560546875,1736.219970703125,1730.1400146484375,1731.6099853515625,65499136,2026-07-08T21:15:00.000000Z
2026-07-08T21:15:00.000000Z,1731.5799560546875,1733.72998046875,1730.43994140625,1733.72998046875,77297664,2026-07-08T21:30:00.000000Z
2026-07-08T21:30:00.000000Z,1733.8199462890625,1735.31005859375,1732.3399658203125,1733.6400146484375,66073600,2026-07-08T21:45:00.000000Z
2026-07-08T21:45:00.000000Z,1733.56005859375,1738.510009765625,1733.56005859375,1736.800048828125,0,2026-07-08T22:00:00.000000Z
2026-07-08T22:00:00.000000Z,1737.199951171875,1741.72998046875,1736.699951171875,1736.8800048828125,49518592,2026-07-08T22:15:00.000000Z
2026-07-08T22:15:00.000000Z,1737.0400390625,1738.9100341796875,1735.1700439453125,1738.3299560546875,50886656,2026-07-08T22:30:00.000000Z
2026-07-08T22:30:00.000000Z,1738.199951171875,1739.6600341796875,1736.9200439453125,1738.8900146484375,5405696,2026-07-08T22:45:00.000000Z
2026-07-08T22:45:00.000000Z,1738.6600341796875,1740.0799560546875,1737.5999755859375,1740.0799560546875,6147072,2026-07-08T23:00:00.000000Z
2026-07-08T23:00:00.000000Z,1739.739990234375,1741.97998046875,1738.5,1740.5,1110016,2026-07-08T23:15:00.000000Z
2026-07-08T23:15:00.000000Z,1740.2099609375,1740.81005859375,1738.1500244140625,1739.2900390625,66671616,2026-07-08T23:30:00.000000Z
2026-07-08T23:30:00.000000Z,1739.25,1741.300048828125,1737.4599609375,1740.6500244140625,134487040,2026-07-08T23:45:00.000000Z
2026-07-08T23:45:00.000000Z,1740,1743.050048828125,1739.1099853515625,1742,2506752,2026-07-09T00:00:00.000000Z
2026-07-09T00:00:00.000000Z,1741.8599853515625,1742.780029296875,1738.5899658203125,1741.3900146484375,250610688,2026-07-09T00:15:00.000000Z
2026-07-09T00:15:00.000000Z,1741.3199462890625,1741.739990234375,1737.5799560546875,1740.4200439453125,338799616,2026-07-09T00:30:00.000000Z
2026-07-09T00:30:00.000000Z,1740.260009765625,1742.93994140625,1736.280029296875,1738.5799560546875,10240000,2026-07-09T00:45:00.000000Z
2026-07-09T00:45:00.000000Z,1738.4000244140625,1740.0999755859375,1735.47998046875,1736.68994140625,0,2026-07-09T01:00:00.000000Z
2026-07-09T01:00:00.000000Z,1736.550048828125,1752.97998046875,1736.239990234375,1746.510009765625,43504640,2026-07-09T01:15:00.000000Z
2026-07-09T01:15:00.000000Z,1746.949951171875,1750.0999755859375,1743.510009765625,1745,226172928,2026-07-09T01:30:00.000000Z
2026-07-09T01:30:00.000000Z,1745.3699951171875,1745.75,1732.969970703125,1734.9000244140625,0,2026-07-09T01:45:00.000000Z
2026-07-09T01:45:00.000000Z,1735.1300048828125,1735.300048828125,1728.8199462890625,1730.199951171875,2422784,2026-07-09T02:00:00.000000Z
2026-07-09T02:00:00.000000Z,1730.8499755859375,1737.4599609375,1727.7900390625,1736.2099609375,7535616,2026-07-09T02:15:00.000000Z
2026-07-09T02:15:00.000000Z,1736.489990234375,1737.1199951171875,1732.4200439453125,1733.719970703125,109260800,2026-07-09T02:30:00.000000Z
2026-07-09T02:30:00.000000Z,1733.8399658203125,1733.9200439453125,1725.300048828125,1725.300048828125,116184064,2026-07-09T02:45:00.000000Z
2026-07-09T02:45:00.000000Z,1725.260009765625,1727.25,1722.1500244140625,1725.6500244140625,0,2026-07-09T03:00:00.000000Z
2026-07-09T03:00:00.000000Z,1725.6500244140625,1726.469970703125,1722.0799560546875,1726.3299560546875,127333376,2026-07-09T03:15:00.000000Z
2026-07-09T03:15:00.000000Z,1726.5799560546875,1728.3299560546875,1720.56005859375,1727.93994140625,40357888,2026-07-09T03:30:00.000000Z
2026-07-09T03:30:00.000000Z,1728.0400390625,1732.6600341796875,1726.260009765625,1729.280029296875,104047616,2026-07-09T03:45:00.000000Z
2026-07-09T03:45:00.000000Z,1728.8399658203125,1729.6800537109375,1727.0400390625,1729.0799560546875,143082496,2026-07-09T04:00:00.000000Z
2026-07-09T04:00:00.000000Z,1729.0400390625,1731.8199462890625,1728.9000244140625,1729.6600341796875,120117248,2026-07-09T04:15:00.000000Z
2026-07-09T04:15:00.000000Z,1729.6600341796875,1732.550048828125,1729.2900390625,1732.1800537109375,42746880,2026-07-09T04:30:00.000000Z
2026-07-09T04:30:00.000000Z,1732.31005859375,1739.6400146484375,1732.1700439453125,1738.8399658203125,10330112,2026-07-09T04:45:00.000000Z
2026-07-09T04:45:00.000000Z,1738.8499755859375,1741.9599609375,1736.9100341796875,1740.97998046875,128528384,2026-07-09T05:00:00.000000Z
2026-07-09T05:00:00.000000Z,1741,1745.93994140625,1738.25,1742.7900390625,57866240,2026-07-09T05:15:00.000000Z
2026-07-09T05:15:00.000000Z,1743.1099853515625,1743.800048828125,1736.949951171875,1737.969970703125,90622976,2026-07-09T05:30:00.000000Z
2026-07-09T05:30:00.000000Z,1738.3199462890625,1741.510009765625,1736.1500244140625,1741.22998046875,81233920,2026-07-09T05:45:00.000000Z
2026-07-09T05:45:00.000000Z,1740.760009765625,1748,1740.4599609375,1747.9100341796875,58800128,2026-07-09T06:00:00.000000Z
2026-07-09T06:00:00.000000Z,1748.239990234375,1751.4200439453125,1744.5999755859375,1746.280029296875,266768384,2026-07-09T06:15:00.000000Z
2026-07-09T06:15:00.000000Z,1745.9300537109375,1753.780029296875,1744.800048828125,1751.27001953125,98597888,2026-07-09T06:30:00.000000Z
2026-07-09T06:30:00.000000Z,1750.949951171875,1753.81005859375,1749.949951171875,1753.5899658203125,181011456,2026-07-09T06:45:00.000000Z
2026-07-09T06:45:00.000000Z,1752.6800537109375,1754.18994140625,1751.4300537109375,1753.5799560546875,59565056,2026-07-09T07:00:00.000000Z
2026-07-09T07:00:00.000000Z,1753.469970703125,1759.5,1750.6700439453125,1752.300048828125,216745984,2026-07-09T07:15:00.000000Z
2026-07-09T07:15:00.000000Z,1752.489990234375,1755.449951171875,1749.2099609375,1751.0999755859375,108195840,2026-07-09T07:30:00.000000Z
2026-07-09T07:30:00.000000Z,1751.010009765625,1754.56005859375,1749.5,1754.56005859375,83016704,2026-07-09T07:45:00.000000Z
2026-07-09T07:45:00.000000Z,1754.5899658203125,1758.0999755859375,1750.81005859375,1751.699951171875,0,2026-07-09T08:00:00.000000Z
2026-07-09T08:00:00.000000Z,1751.719970703125,1753.2900390625,1749.5,1752.9000244140625,112736256,2026-07-09T08:15:00.000000Z
2026-07-09T08:15:00.000000Z,1752.949951171875,1756.81005859375,1752.5,1756.81005859375,0,2026-07-09T08:30:00.000000Z
2026-07-09T08:30:00.000000Z,1756.800048828125,1757.43994140625,1755.1099853515625,1756.52001953125,17990656,2026-07-09T08:45:00.000000Z
2026-07-09T08:45:00.000000Z,1756.3900146484375,1756.3900146484375,1751.1600341796875,1753.1199951171875,0,2026-07-09T09:00:00.000000Z
2026-07-09T09:00:00.000000Z,1752.800048828125,1753.52001953125,1750.1099853515625,1751.1199951171875,255915008,2026-07-09T09:15:00.000000Z
2026-07-09T09:15:00.000000Z,1751.1800537109375,1752.75,1750.010009765625,1752.030029296875,29146112,2026-07-09T09:30:00.000000Z
2026-07-09T09:30:00.000000Z,1752.1800537109375,1753.949951171875,1748.199951171875,1748.5899658203125,109058048,2026-07-09T09:45:00.000000Z
2026-07-09T09:45:00.000000Z,1748.6500244140625,1755.0999755859375,1747.9000244140625,1754.1600341796875,32604160,2026-07-09T10:00:00.000000Z
2026-07-09T10:00:00.000000Z,1754.260009765625,1756.3599853515625,1753.3199462890625,1754.2099609375,5910528,2026-07-09T10:15:00.000000Z
2026-07-09T10:15:00.000000Z,1754.2099609375,1755.06005859375,1750.81005859375,1751.3499755859375,6452224,2026-07-09T10:30:00.000000Z
2026-07-09T10:30:00.000000Z,1751.199951171875,1753.02001953125,1750.2900390625,1751.2099609375,0,2026-07-09T10:45:00.000000Z
2026-07-09T10:45:00.000000Z,1751.0999755859375,1751.0999755859375,1742.989990234375,1744.719970703125,28659712,2026-07-09T11:00:00.000000Z
2026-07-09T11:00:00.000000Z,1744.6500244140625,1747.0799560546875,1744.31005859375,1746.8800048828125,5781504,2026-07-09T11:15:00.000000Z
2026-07-09T11:15:00.000000Z,1746.8800048828125,1746.8800048828125,1739.9000244140625,1740.8299560546875,24179712,2026-07-09T11:30:00.000000Z
2026-07-09T11:30:00.000000Z,1740.9000244140625,1742.4000244140625,1739.6500244140625,1740.699951171875,20436992,2026-07-09T11:45:00.000000Z
2026-07-09T11:45:00.000000Z,1740.699951171875,1743.6500244140625,1739.6700439453125,1742.530029296875,0,2026-07-09T12:00:00.000000Z
2026-07-09T12:00:00.000000Z,1741.3599853515625,1743.8599853515625,1737.75,1739.4100341796875,0,2026-07-09T12:15:00.000000Z
2026-07-09T12:15:00.000000Z,1739.300048828125,1741.72998046875,1737.699951171875,1739.9000244140625,243697664,2026-07-09T12:30:00.000000Z
2026-07-09T12:30:00.000000Z,1739.6500244140625,1745.800048828125,1736.06005859375,1737.18994140625,219800576,2026-07-09T12:45:00.000000Z
2026-07-09T12:45:00.000000Z,1736.4000244140625,1741.9300537109375,1733.530029296875,1740.2900390625,132564992,2026-07-09T13:00:00.000000Z
2026-07-09T13:00:00.000000Z,1740.239990234375,1749.06005859375,1740.239990234375,1747.47998046875,0,2026-07-09T13:15:00.000000Z
2026-07-09T13:15:00.000000Z,1747.489990234375,1747.489990234375,1741,1742.25,61014016,2026-07-09T13:30:00.000000Z
2026-07-09T13:30:00.000000Z,1742.199951171875,1743.9599609375,1734.27001953125,1743.800048828125,36087808,2026-07-09T13:45:00.000000Z
2026-07-09T13:45:00.000000Z,1743.300048828125,1749.800048828125,1738.43994140625,1745.0799560546875,33065984,2026-07-09T14:00:00.000000Z
2026-07-09T14:00:00.000000Z,1745.68994140625,1747.5999755859375,1739.2099609375,1740.75,0,2026-07-09T14:15:00.000000Z
2026-07-09T14:15:00.000000Z,1740.06005859375,1740.06005859375,1731.8199462890625,1738.4599609375,222431744,2026-07-09T14:30:00.000000Z
2026-07-09T14:30:00.000000Z,1738.530029296875,1742.3900146484375,1734.1700439453125,1739.3599853515625,118784,2026-07-09T14:45:00.000000Z
2026-07-09T14:45:00.000000Z,1739,1742.0699462890625,1735.1199951171875,1741.5,0,2026-07-09T15:00:00.000000Z
2026-07-09T15:00:00.000000Z,1742.050048828125,1745.9100341796875,1738.31005859375,1743.7900390625,0,2026-07-09T15:15:00.000000Z
2026-07-09T15:15:00.000000Z,1743.300048828125,1747.4100341796875,1739.93994140625,1740.9599609375,0,2026-07-09T15:30:00.000000Z
2026-07-09T15:30:00.000000Z,1741.449951171875,1743.8599853515625,1737.5699462890625,1739.489990234375,0,2026-07-09T15:45:00.000000Z
2026-07-09T15:45:00.000000Z,1739.7099609375,1741.3499755859375,1736,1737.81005859375,0,2026-07-09T16:00:00.000000Z
2026-07-09T16:00:00.000000Z,1737.81005859375,1742.300048828125,1736.2099609375,1737.0999755859375,0,2026-07-09T16:15:00.000000Z
2026-07-09T16:15:00.000000Z,1736.949951171875,1737.9000244140625,1730,1734.469970703125,24646656,2026-07-09T16:30:00.000000Z
2026-07-09T16:30:00.000000Z,1734.31005859375,1738.5999755859375,1733.530029296875,1736.9599609375,35563520,2026-07-09T16:45:00.000000Z
2026-07-09T16:45:00.000000Z,1736.9000244140625,1737.9200439453125,1733.6099853515625,1737.4599609375,15195136,2026-07-09T17:00:00.000000Z
2026-07-09T17:00:00.000000Z,1737.93994140625,1740.510009765625,1737.0899658203125,1737.93994140625,12633600,2026-07-09T17:15:00.000000Z
2026-07-09T17:15:00.000000Z,1737.93994140625,1743.050048828125,1737.93994140625,1741.31005859375,0,2026-07-09T17:30:00.000000Z
2026-07-09T17:30:00.000000Z,1741.18994140625,1750.25,1738.6600341796875,1748.1099853515625,17508864,2026-07-09T17:45:00.000000Z
2026-07-09T17:45:00.000000Z,1747.81005859375,1749.0400390625,1743.93994140625,1747.1099853515625,171863040,2026-07-09T18:00:00.000000Z
2026-07-09T18:00:00.000000Z,1747.5999755859375,1755.780029296875,1746.1400146484375,1755,7720448,2026-07-09T18:15:00.000000Z
2026-07-09T18:15:00.000000Z,1755.260009765625,1757.9300537109375,1750.06005859375,1752.77001953125,202318336,2026-07-09T18:30:00.000000Z
2026-07-09T18:30:00.000000Z,1753,1753.489990234375,1750.6500244140625,1752.699951171875,124795392,2026-07-09T18:45:00.000000Z
2026-07-09T18:45:00.000000Z,1752.530029296875,1753.3399658203125,1748.1199951171875,1750.0999755859375,21929984,2026-07-09T19:00:00.000000Z
2026-07-09T19:00:00.000000Z,1750.4200439453125,1750.4300537109375,1747.3299560546875,1747.7099609375,78025216,2026-07-09T19:15:00.000000Z
2026-07-09T19:15:00.000000Z,1747.77001953125,1748.9000244140625,1745.7099609375,1748.449951171875,62414848,2026-07-09T19:30:00.000000Z
2026-07-09T19:30:00.000000Z,1748.280029296875,1751.47998046875,1747.56005859375,1751.0999755859375,124463104,2026-07-09T19:45:00.000000Z
2026-07-09T19:45:00.000000Z,1750.8800048828125,1750.8800048828125,1746.280029296875,1746.989990234375,32488960,2026-07-09T20:00:00.000000Z
2026-07-09T20:00:00.000000Z,1747.18994140625,1748.449951171875,1744.5799560546875,1744.8599853515625,233284608,2026-07-09T20:15:00.000000Z
2026-07-09T20:15:00.000000Z,1744.8699951171875,1747.550048828125,1743.9100341796875,1746.719970703125,10939904,2026-07-09T20:30:00.000000Z
2026-07-09T20:30:00.000000Z,1746.5899658203125,1749.18994140625,1745.489990234375,1748.68994140625,4250112,2026-07-09T20:45:00.000000Z
2026-07-09T20:45:00.000000Z,1748.699951171875,1748.780029296875,1746.1400146484375,1747.449951171875,16840192,2026-07-09T21:00:00.000000Z
2026-07-09T21:00:00.000000Z,1747.6400146484375,1749.760009765625,1745.3599853515625,1746.81005859375,110403584,2026-07-09T21:15:00.000000Z
2026-07-09T21:15:00.000000Z,1746.699951171875,1748.280029296875,1744.7099609375,1745.1199951171875,9775104,2026-07-09T21:30:00.000000Z
2026-07-09T21:30:00.000000Z,1745.1400146484375,1746.1099853515625,1743.739990234375,1744.4300537109375,84625408,2026-07-09T21:45:00.000000Z
2026-07-09T21:45:00.000000Z,1744.6600341796875,1747.449951171875,1743.760009765625,1747.030029296875,43579392,2026-07-09T22:00:00.000000Z
2026-07-09T22:00:00.000000Z,1746.9000244140625,1749.0999755859375,1745.5999755859375,1746.8499755859375,104274432,2026-07-09T22:15:00.000000Z
2026-07-09T22:15:00.000000Z,1746.9100341796875,1749.550048828125,1746.5400390625,1747.9100341796875,1831424,2026-07-09T22:30:00.000000Z
2026-07-09T22:30:00.000000Z,1747.739990234375,1749.5999755859375,1745.030029296875,1748.780029296875,104235008,2026-07-09T22:45:00.000000Z
2026-07-09T22:45:00.000000Z,1748.780029296875,1749.5999755859375,1746.06005859375,1746.1600341796875,861696,2026-07-09T23:00:00.000000Z
2026-07-09T23:00:00.000000Z,1746.1600341796875,1747.9000244140625,1745.010009765625,1745.02001953125,94442496,2026-07-09T23:15:00.000000Z
2026-07-09T23:15:00.000000Z,1744.949951171875,1747.22998046875,1740.3399658203125,1745.06005859375,44408320,2026-07-09T23:30:00.000000Z
2026-07-09T23:30:00.000000Z,1744.8199462890625,1745.800048828125,1742.9599609375,1745.47998046875,49275392,2026-07-09T23:45:00.000000Z
2026-07-09T23:45:00.000000Z,1745.760009765625,1746.4000244140625,1743.81005859375,1743.8199462890625,83529216,2026-07-10T00:00:00.000000Z
2026-07-10T00:00:00.000000Z,1743.780029296875,1744.1099853515625,1740.780029296875,1743.8299560546875,97402880,2026-07-10T00:15:00.000000Z
2026-07-10T00:15:00.000000Z,1743.8299560546875,1745.4100341796875,1738.5999755859375,1740.6300048828125,27847168,2026-07-10T00:30:00.000000Z
2026-07-10T00:30:00.000000Z,1740.800048828125,1742.510009765625,1736.5999755859375,1739.469970703125,24099840,2026-07-10T00:45:00.000000Z
2026-07-10T00:45:00.000000Z,1739.3199462890625,1741.6600341796875,1736.760009765625,1741.47998046875,29227520,2026-07-10T01:00:00.000000Z
2026-07-10T01:00:00.000000Z,1741.7099609375,1742.8599853515625,1736.5799560546875,1741.2900390625,0,2026-07-10T01:15:00.000000Z
2026-07-10T01:15:00.000000Z,1741.0699462890625,1750.06005859375,1741.0699462890625,1749,0,2026-07-10T01:30:00.000000Z
2026-07-10T01:30:00.000000Z,1749,1751.2900390625,1746.699951171875,1747.8800048828125,117190656,2026-07-10T01:45:00.000000Z
2026-07-10T01:45:00.000000Z,1748.260009765625,1775.9000244140625,1748,1766.1400146484375,215577088,2026-07-10T02:00:00.000000Z
2026-07-10T02:00:00.000000Z,1766.800048828125,1768.9599609375,1763.219970703125,1767.239990234375,219670528,2026-07-10T02:15:00.000000Z
2026-07-10T02:15:00.000000Z,1767.22998046875,1768.68994140625,1764.25,1765.6500244140625,130575360,2026-07-10T02:30:00.000000Z
2026-07-10T02:30:00.000000Z,1764.6300048828125,1768.760009765625,1764.4000244140625,1767.5899658203125,18428416,2026-07-10T02:45:00.000000Z
2026-07-10T02:45:00.000000Z,1767.6700439453125,1773.2099609375,1766.0899658203125,1771.47998046875,54629376,2026-07-10T03:00:00.000000Z
2026-07-10T03:00:00.000000Z,1771.3399658203125,1772.06005859375,1768.2099609375,1770.9300537109375,112232960,2026-07-10T03:15:00.000000Z
2026-07-10T03:15:00.000000Z,1770.9300537109375,1771.6300048828125,1768.9100341796875,1769.1400146484375,96229888,2026-07-10T03:30:00.000000Z
2026-07-10T03:30:00.000000Z,1769.260009765625,1774.6600341796875,1767.8299560546875,1774.3199462890625,34591744,2026-07-10T03:45:00.000000Z
2026-07-10T03:45:00.000000Z,1774.3800048828125,1778.199951171875,1773.3199462890625,1774.800048828125,56522240,2026-07-10T04:00:00.000000Z
2026-07-10T04:00:00.000000Z,1774.8499755859375,1778.3800048828125,1774.4200439453125,1778.1300048828125,41268224,2026-07-10T04:15:00.000000Z
2026-07-10T04:15:00.000000Z,1778.3699951171875,1779.030029296875,1772.719970703125,1772.75,21800448,2026-07-10T04:30:00.000000Z
2026-07-10T04:30:00.000000Z,1772.760009765625,1776.5,1770.8900146484375,1774.550048828125,7106048,2026-07-10T04:45:00.000000Z
2026-07-10T04:45:00.000000Z,1774.5799560546875,1776.4599609375,1772.6400146484375,1773.489990234375,131777024,2026-07-10T05:00:00.000000Z
2026-07-10T05:00:00.000000Z,1773.5799560546875,1773.9200439453125,1771.3299560546875,1771.4300537109375,229165568,2026-07-10T05:15:00.000000Z
2026-07-10T05:15:00.000000Z,1771.3499755859375,1773.6099853515625,1771.3499755859375,1772.75,2902016,2026-07-10T05:30:00.000000Z
2026-07-10T05:30:00.000000Z,1772.56005859375,1778.25,1772,1777.8299560546875,337453568,2026-07-10T05:45:00.000000Z
2026-07-10T05:45:00.000000Z,1777.9100341796875,1778.1400146484375,1776.280029296875,1777.8199462890625,88648192,2026-07-10T06:00:00.000000Z
2026-07-10T06:00:00.000000Z,1778.0400390625,1778.68994140625,1775.4000244140625,1776.739990234375,40578560,2026-07-10T06:15:00.000000Z
2026-07-10T06:15:00.000000Z,1776.72998046875,1776.72998046875,1768.1500244140625,1769.4100341796875,120677376,2026-07-10T06:30:00.000000Z
2026-07-10T06:30:00.000000Z,1769.050048828125,1772.550048828125,1769.050048828125,1771.9200439453125,77672448,2026-07-10T06:45:00.000000Z
2026-07-10T06:45:00.000000Z,1771.9200439453125,1773,1769.4200439453125,1770.010009765625,76459008,2026-07-10T07:00:00.000000Z
2026-07-10T07:00:00.000000Z,1770.4000244140625,1772.6300048828125,1767.780029296875,1772.6199951171875,0,2026-07-10T07:15:00.000000Z
2026-07-10T07:15:00.000000Z,1772.8199462890625,1776.5400390625,1771.3599853515625,1775.0999755859375,80394752,2026-07-10T07:30:00.000000Z
2026-07-10T07:30:00.000000Z,1775.0899658203125,1775.0899658203125,1771.0899658203125,1771.1199951171875,0,2026-07-10T07:45:00.000000Z
2026-07-10T07:45:00.000000Z,1771.1099853515625,1772.7099609375,1770.4000244140625,1772.3900146484375,83351552,2026-07-10T08:00:00.000000Z
2026-07-10T08:00:00.000000Z,1772.1600341796875,1775.0799560546875,1771.43994140625,1775.030029296875,6560256,2026-07-10T08:15:00.000000Z
2026-07-10T08:15:00.000000Z,1775.550048828125,1786.9300537109375,1775.550048828125,1784.6400146484375,27227136,2026-07-10T08:30:00.000000Z
2026-07-10T08:30:00.000000Z,1784.719970703125,1787.8900146484375,1783.5,1784.31005859375,143833088,2026-07-10T08:45:00.000000Z
2026-07-10T08:45:00.000000Z,1784.1199951171875,1784.56005859375,1782.1099853515625,1782.969970703125,102971904,2026-07-10T09:00:00.000000Z
2026-07-10T09:00:00.000000Z,1782.719970703125,1783.8900146484375,1780.0899658203125,1781.8699951171875,4089856,2026-07-10T09:15:00.000000Z
2026-07-10T09:15:00.000000Z,1782.1099853515625,1787.6600341796875,1781.780029296875,1787.280029296875,168914944,2026-07-10T09:30:00.000000Z
2026-07-10T09:30:00.000000Z,1789.989990234375,1792.6099853515625,1788.199951171875,1791.5899658203125,129342976,2026-07-10T09:45:00.000000Z
2026-07-10T09:45:00.000000Z,1791.300048828125,1793.5,1790.030029296875,1791.5,152613376,2026-07-10T10:00:00.000000Z
2026-07-10T10:00:00.000000Z,1791.4200439453125,1792.510009765625,1788.27001953125,1789.27001953125,31558656,2026-07-10T10:15:00.000000Z
2026-07-10T10:15:00.000000Z,1789.260009765625,1800.27001953125,1789.0799560546875,1799.2900390625,149770752,2026-07-10T10:30:00.000000Z
2026-07-10T10:30:00.000000Z,1799.4100341796875,1800.8399658203125,1795.030029296875,1798.6500244140625,158704640,2026-07-10T10:45:00.000000Z
2026-07-10T10:45:00.000000Z,1798.72998046875,1798.72998046875,1795.6800537109375,1795.6800537109375,124488704,2026-07-10T11:00:00.000000Z
2026-07-10T11:00:00.000000Z,1796,1798.760009765625,1795.6700439453125,1798.68994140625,22891520,2026-07-10T11:15:00.000000Z
2026-07-10T11:15:00.000000Z,1798.47998046875,1800.5999755859375,1795.0899658203125,1796.280029296875,135873536,2026-07-10T11:30:00.000000Z
2026-07-10T11:30:00.000000Z,1795.780029296875,1796.68994140625,1793.0799560546875,1796.4100341796875,0,2026-07-10T11:45:00.000000Z
2026-07-10T11:45:00.000000Z,1796.4000244140625,1801.0999755859375,1795.9300537109375,1800.22998046875,126631936,2026-07-10T12:00:00.000000Z
2026-07-10T12:00:00.000000Z,1800.47998046875,1805.8699951171875,1797.0999755859375,1803.3699951171875,18580480,2026-07-10T12:15:00.000000Z
2026-07-10T12:15:00.000000Z,1803.3900146484375,1803.760009765625,1798.68994140625,1799.7099609375,173438976,2026-07-10T12:30:00.000000Z
2026-07-10T12:30:00.000000Z,1799.4599609375,1799.8900146484375,1793.0899658203125,1793.0899658203125,0,2026-07-10T12:45:00.000000Z
2026-07-10T12:45:00.000000Z,1793.4300537109375,1794.5999755859375,1791.5999755859375,1792.5,53422080,2026-07-10T13:00:00.000000Z
2026-07-10T13:00:00.000000Z,1792.5799560546875,1795.5400390625,1792.4000244140625,1793.0999755859375,10641408,2026-07-10T13:15:00.000000Z
2026-07-10T13:15:00.000000Z,1793.239990234375,1797.3900146484375,1793.0699462890625,1794.0999755859375,4440064,2026-07-10T13:30:00.000000Z
2026-07-10T13:30:00.000000Z,1794.02001953125,1802.260009765625,1793.4200439453125,1800.1800537109375,113909760,2026-07-10T13:45:00.000000Z
2026-07-10T13:45:00.000000Z,1800.5,1809.9000244140625,1800.260009765625,1802.800048828125,1952768,2026-07-10T14:00:00.000000Z
2026-07-10T14:00:00.000000Z,1801.8499755859375,1803.2900390625,1791.3499755859375,1791.739990234375,87688192,2026-07-10T14:15:00.000000Z
2026-07-10T14:15:00.000000Z,1792.0400390625,1792.800048828125,1778.6800537109375,1787.7099609375,158627840,2026-07-10T14:30:00.000000Z
2026-07-10T14:30:00.000000Z,1787.9000244140625,1792.9000244140625,1775.739990234375,1786.7099609375,169079808,2026-07-10T14:45:00.000000Z
2026-07-10T14:45:00.000000Z,1787.3499755859375,1787.800048828125,1782.6800537109375,1783.4599609375,159774720,2026-07-10T15:00:00.000000Z
2026-07-10T15:00:00.000000Z,1783.56005859375,1789.31005859375,1782.7099609375,1786.52001953125,164072448,2026-07-10T15:15:00.000000Z
2026-07-10T15:15:00.000000Z,1787.3599853515625,1795.199951171875,1787.3599853515625,1792.2900390625,294159360,2026-07-10T15:30:00.000000Z
2026-07-10T15:30:00.000000Z,1792.699951171875,1793.1700439453125,1785.199951171875,1786.6300048828125,89800704,2026-07-10T15:45:00.000000Z
2026-07-10T15:45:00.000000Z,1786.7900390625,1789.7099609375,1785.800048828125,1789.699951171875,107953152,2026-07-10T16:00:00.000000Z
2026-07-10T16:00:00.000000Z,1790.0799560546875,1792.4200439453125,1786.6800537109375,1791.9599609375,18853888,2026-07-10T16:15:00.000000Z
2026-07-10T16:15:00.000000Z,1792.4000244140625,1794.5799560546875,1788.75,1789.8900146484375,40549376,2026-07-10T16:30:00.000000Z
2026-07-10T16:30:00.000000Z,1789.93994140625,1791.469970703125,1784.52001953125,1788.9100341796875,84193280,2026-07-10T16:45:00.000000Z
2026-07-10T16:45:00.000000Z,1788.989990234375,1798.1800537109375,1788.469970703125,1796,49200128,2026-07-10T17:00:00.000000Z
2026-07-10T17:00:00.000000Z,1795.9000244140625,1797.8900146484375,1790.4100341796875,1790.9000244140625,81915904,2026-07-10T17:15:00.000000Z
2026-07-10T17:15:00.000000Z,1790.6500244140625,1793.6300048828125,1788,1792.1099853515625,103231488,2026-07-10T17:30:00.000000Z
2026-07-10T17:30:00.000000Z,1791.6700439453125,1791.699951171875,1787.1700439453125,1788.1099853515625,162127872,2026-07-10T17:45:00.000000Z
2026-07-10T17:45:00.000000Z,1788.010009765625,1790.280029296875,1786.739990234375,1786.739990234375,27441152,2026-07-10T18:00:00.000000Z
2026-07-10T18:00:00.000000Z,1786.8800048828125,1790.780029296875,1786.8699951171875,1787.800048828125,0,2026-07-10T18:15:00.000000Z
2026-07-10T18:15:00.000000Z,1786.8800048828125,1790.5,1786.219970703125,1788.97998046875,0,2026-07-10T18:30:00.000000Z
2026-07-10T18:30:00.000000Z,1788.4000244140625,1789.0699462890625,1786.239990234375,1787.06005859375,0,2026-07-10T18:45:00.000000Z
2026-07-10T18:45:00.000000Z,1787.010009765625,1787.0899658203125,1780.3199462890625,1783.5799560546875,27754496,2026-07-10T19:00:00.000000Z
2026-07-10T19:00:00.000000Z,1783.3299560546875,1786.9200439453125,1782.6800537109375,1786.469970703125,87580672,2026-07-10T19:15:00.000000Z
2026-07-10T19:15:00.000000Z,1786.469970703125,1788.3199462890625,1783.5999755859375,1786.8499755859375,113362944,2026-07-10T19:30:00.000000Z
2026-07-10T19:30:00.000000Z,1786.8599853515625,1795.68994140625,1786.8599853515625,1794.97998046875,21400576,2026-07-10T19:45:00.000000Z
2026-07-10T19:45:00.000000Z,1794.6400146484375,1795.68994140625,1790.43994140625,1791.1099853515625,130336768,2026-07-10T20:00:00.000000Z
2026-07-10T20:00:00.000000Z,1791.8599853515625,1791.8599853515625,1788.6300048828125,1791.52001953125,18578432,2026-07-10T20:15:00.000000Z
2026-07-10T20:15:00.000000Z,1791.52001953125,1792.8900146484375,1788.1700439453125,1790.0899658203125,142156800,2026-07-10T20:30:00.000000Z
2026-07-10T20:30:00.000000Z,1790.0899658203125,1793.0699462890625,1789.9300537109375,1790.8199462890625,127593472,2026-07-10T20:45:00.000000Z
2026-07-10T20:45:00.000000Z,1790.06005859375,1791.77001953125,1788.8399658203125,1788.8499755859375,65309696,2026-07-10T21:00:00.000000Z
2026-07-10T21:00:00.000000Z,1788.6700439453125,1791.68994140625,1788.449951171875,1790.780029296875,26126336,2026-07-10T21:15:00.000000Z
2026-07-10T21:15:00.000000Z,1790.9000244140625,1792.5899658203125,1789.760009765625,1792.1199951171875,10600448,2026-07-10T21:30:00.000000Z
2026-07-10T21:30:00.000000Z,1792.31005859375,1795.4200439453125,1792.31005859375,1794.3199462890625,95177728,2026-07-10T21:45:00.000000Z
2026-07-10T21:45:00.000000Z,1794.25,1794.31005859375,1792.4000244140625,1793,81912832,2026-07-10T22:00:00.000000Z
2026-07-10T22:00:00.000000Z,1792.9100341796875,1794.8800048828125,1792.3599853515625,1794.52001953125,11924480,2026-07-10T22:15:00.000000Z
2026-07-10T22:15:00.000000Z,1794.5999755859375,1794.97998046875,1791.56005859375,1793.780029296875,11938816,2026-07-10T22:30:00.000000Z
2026-07-10T22:30:00.000000Z,1793.77001953125,1794.56005859375,1792.469970703125,1792.469970703125,82144256,2026-07-10T22:45:00.000000Z
2026-07-10T22:45:00.000000Z,1792.4599609375,1795.3299560546875,1792.030029296875,1793.969970703125,8682496,2026-07-10T23:00:00.000000Z
2026-07-10T23:00:00.000000Z,1793.969970703125,1795.1199951171875,1791.260009765625,1794.969970703125,95192064,2026-07-10T23:15:00.000000Z
2026-07-10T23:15:00.000000Z,1794.8499755859375,1797.0400390625,1793.5799560546875,1794.8599853515625,28759040,2026-07-10T23:30:00.000000Z
2026-07-10T23:30:00.000000Z,1794.7099609375,1795.47998046875,1794.0699462890625,1794.9599609375,89787392,2026-07-10T23:45:00.000000Z
2026-07-10T23:45:00.000000Z,1795.3199462890625,1796.27001953125,1794.3299560546875,1795.739990234375,36139008,2026-07-11T00:00:00.000000Z
2026-07-11T00:00:00.000000Z,1795.2099609375,1795.969970703125,1791.969970703125,1792.3399658203125,92973056,2026-07-11T00:15:00.000000Z
2026-07-11T00:15:00.000000Z,1792.52001953125,1794.1099853515625,1789.1500244140625,1792.56005859375,103256064,2026-07-11T00:30:00.000000Z
2026-07-11T00:30:00.000000Z,1792.56005859375,1793.0899658203125,1788.800048828125,1792.4100341796875,71103488,2026-07-11T00:45:00.000000Z
2026-07-11T00:45:00.000000Z,1792,1792.5,1790.4000244140625,1792.0799560546875,77147136,2026-07-11T01:00:00.000000Z
2026-07-11T01:00:00.000000Z,1791.969970703125,1793.7099609375,1790.77001953125,1792.3699951171875,10724352,2026-07-11T01:15:00.000000Z
2026-07-11T01:15:00.000000Z,1792.4300537109375,1797.5699462890625,1792.4300537109375,1794.5,105251840,2026-07-11T01:30:00.000000Z
2026-07-11T01:30:00.000000Z,1794.9100341796875,1796.27001953125,1788.030029296875,1788.8900146484375,72180736,2026-07-11T01:45:00.000000Z
2026-07-11T01:45:00.000000Z,1788.3599853515625,1792.1500244140625,1787.449951171875,1788.1199951171875,156307456,2026-07-11T02:00:00.000000Z
2026-07-11T02:00:00.000000Z,1787.72998046875,1790.449951171875,1786.3599853515625,1788.800048828125,51810304,2026-07-11T02:15:00.000000Z
2026-07-11T02:15:00.000000Z,1789.260009765625,1790.760009765625,1788.969970703125,1790.3900146484375,0,2026-07-11T02:30:00.000000Z
2026-07-11T02:30:00.000000Z,1790.3900146484375,1794.300048828125,1790.050048828125,1793.52001953125,0,2026-07-11T02:45:00.000000Z
2026-07-11T02:45:00.000000Z,1793.4200439453125,1794.949951171875,1793.0400390625,1794.280029296875,59790336,2026-07-11T03:00:00.000000Z
2026-07-11T03:00:00.000000Z,1794.4200439453125,1796,1793.2900390625,1795.68994140625,0,2026-07-11T03:15:00.000000Z
2026-07-11T03:15:00.000000Z,1795.68994140625,1796.1600341796875,1792.5400390625,1793.8800048828125,4732928,2026-07-11T03:30:00.000000Z
2026-07-11T03:30:00.000000Z,1793.77001953125,1796.8800048828125,1793.530029296875,1795.6199951171875,7791616,2026-07-11T03:45:00.000000Z
2026-07-11T03:45:00.000000Z,1795.4599609375,1796.9000244140625,1795.199951171875,1795.199951171875,180021760,2026-07-11T04:00:00.000000Z
2026-07-11T04:00:00.000000Z,1795.1800537109375,1795.9200439453125,1794.3900146484375,1795.7099609375,69428224,2026-07-11T04:15:00.000000Z
2026-07-11T04:15:00.000000Z,1795.7099609375,1796.9599609375,1794.6700439453125,1795.199951171875,0,2026-07-11T04:30:00.000000Z
2026-07-11T04:30:00.000000Z,1795.3399658203125,1798.8599853515625,1795.3399658203125,1796.300048828125,4828672,2026-07-11T04:45:00.000000Z
2026-07-11T04:45:00.000000Z,1796.469970703125,1797.1199951171875,1794.43994140625,1795.18994140625,192504832,2026-07-11T05:00:00.000000Z
2026-07-11T05:00:00.000000Z,1795.18994140625,1796.989990234375,1793.8599853515625,1796.5699462890625,0,2026-07-11T05:15:00.000000Z
2026-07-11T05:15:00.000000Z,1796.5999755859375,1798.8299560546875,1795.9300537109375,1797.8399658203125,0,2026-07-11T05:30:00.000000Z
2026-07-11T05:30:00.000000Z,1797.489990234375,1800.18994140625,1796.8800048828125,1796.8800048828125,68030464,2026-07-11T05:45:00.000000Z
2026-07-11T05:45:00.000000Z,1796.77001953125,1798.3499755859375,1796.300048828125,1797.9200439453125,70247424,2026-07-11T06:00:00.000000Z
2026-07-11T06:00:00.000000Z,1796.52001953125,1797.530029296875,1794.3699951171875,1796.9000244140625,16678912,2026-07-11T06:15:00.000000Z
2026-07-11T06:15:00.000000Z,1796.8800048828125,1801.6400146484375,1796.8800048828125,1798.7900390625,3814912,2026-07-11T06:30:00.000000Z
2026-07-11T06:30:00.000000Z,1798.7900390625,1801.2900390625,1798.7900390625,1798.8299560546875,189250048,2026-07-11T06:45:00.000000Z
2026-07-11T06:45:00.000000Z,1798.6800537109375,1799.719970703125,1797.3900146484375,1797.969970703125,113979392,2026-07-11T07:00:00.000000Z
2026-07-11T07:00:00.000000Z,1797.9000244140625,1798.9200439453125,1796.8900146484375,1798.7099609375,0,2026-07-11T07:15:00.000000Z
2026-07-11T07:15:00.000000Z,1798.699951171875,1800.5699462890625,1798.0899658203125,1799.4000244140625,68260352,2026-07-11T07:30:00.000000Z
2026-07-11T07:30:00.000000Z,1799.510009765625,1800.5400390625,1798.550048828125,1799.18994140625,17140736,2026-07-11T07:45:00.000000Z
2026-07-11T07:45:00.000000Z,1799.1800537109375,1799.3399658203125,1798.0699462890625,1798.6800537109375,3386880,2026-07-11T08:00:00.000000Z
2026-07-11T08:00:00.000000Z,1798.6600341796875,1800.5999755859375,1798.1700439453125,1800.239990234375,0,2026-07-11T08:15:00.000000Z
2026-07-11T08:15:00.000000Z,1800.239990234375,1800.5899658203125,1799.4000244140625,1800,150510080,2026-07-11T08:30:00.000000Z
2026-07-11T08:30:00.000000Z,1800.010009765625,1802.0799560546875,1799.6500244140625,1801.2099609375,0,2026-07-11T08:45:00.000000Z
2026-07-11T08:45:00.000000Z,1801.2099609375,1801.27001953125,1799.2099609375,1800.22998046875,0,2026-07-11T09:00:00.000000Z
2026-07-11T09:00:00.000000Z,1800.050048828125,1801.3199462890625,1797.4300537109375,1797.4300537109375,15134208,2026-07-11T09:15:00.000000Z
2026-07-11T09:15:00.000000Z,1797.5799560546875,1798.6400146484375,1796.800048828125,1798.3699951171875,51638784,2026-07-11T09:30:00.000000Z
2026-07-11T09:30:00.000000Z,1798.300048828125,1799.18994140625,1795.969970703125,1797.52001953125,0,2026-07-11T09:45:00.000000Z
2026-07-11T09:45:00.000000Z,1796.72998046875,1797.6400146484375,1793.56005859375,1794,0,2026-07-11T10:00:00.000000Z
2026-07-11T10:00:00.000000Z,1794.469970703125,1795.7900390625,1794.1199951171875,1795.7900390625,26996224,2026-07-11T10:15:00.000000Z
2026-07-11T10:15:00.000000Z,1795.800048828125,1796.8800048828125,1794.010009765625,1796.8800048828125,43858432,2026-07-11T10:30:00.000000Z
2026-07-11T10:30:00.000000Z,1796.93994140625,1797.280029296875,1795.3199462890625,1796.06005859375,1882112,2026-07-11T10:45:00.000000Z
2026-07-11T10:45:00.000000Z,1796.18994140625,1797.719970703125,1796.18994140625,1796.7099609375,0,2026-07-11T11:00:00.000000Z
2026-07-11T11:00:00.000000Z,1796.800048828125,1797.72998046875,1795.5699462890625,1797.4000244140625,0,2026-07-11T11:15:00.000000Z
2026-07-11T11:15:00.000000Z,1797.56005859375,1797.6300048828125,1796.280029296875,1797.550048828125,230912,2026-07-11T11:30:00.000000Z
2026-07-11T11:30:00.000000Z,1797.5400390625,1799.1199951171875,1797.300048828125,1798.1400146484375,9797632,2026-07-11T11:45:00.000000Z
2026-07-11T11:45:00.000000Z,1798.1800537109375,1799.4200439453125,1797.6099853515625,1798.949951171875,0,2026-07-11T12:00:00.000000Z
2026-07-11T12:00:00.000000Z,1798.949951171875,1799.989990234375,1797.760009765625,1798.9599609375,0,2026-07-11T12:15:00.000000Z
2026-07-11T12:15:00.000000Z,1798.969970703125,1799.280029296875,1797.0999755859375,1798.52001953125,0,2026-07-11T12:30:00.000000Z
2026-07-11T12:30:00.000000Z,1798.52001953125,1798.77001953125,1796.81005859375,1797.6500244140625,0,2026-07-11T12:45:00.000000Z
2026-07-11T12:45:00.000000Z,1797.6300048828125,1799.6300048828125,1797.56005859375,1798.6600341796875,0,2026-07-11T13:00:00.000000Z
2026-07-11T13:00:00.000000Z,1798.9300537109375,1798.969970703125,1797.3900146484375,1798.75,0,2026-07-11T13:15:00.000000Z
2026-07-11T13:15:00.000000Z,1798.739990234375,1801.3199462890625,1798.3599853515625,1800.3699951171875,4004352,2026-07-11T13:30:00.000000Z
2026-07-11T13:30:00.000000Z,1800.25,1804.719970703125,1800.0999755859375,1802.27001953125,6168576,2026-07-11T13:45:00.000000Z
2026-07-11T13:45:00.000000Z,1802.3900146484375,1803.5899658203125,1800.969970703125,1801.550048828125,47139840,2026-07-11T14:00:00.000000Z
2026-07-11T14:00:00.000000Z,1801.3199462890625,1803.239990234375,1801.3199462890625,1801.449951171875,101130240,2026-07-11T14:15:00.000000Z
2026-07-11T14:15:00.000000Z,1801.449951171875,1805.760009765625,1801.199951171875,1804.8299560546875,3444736,2026-07-11T14:30:00.000000Z
2026-07-11T14:30:00.000000Z,1804.8399658203125,1815.1600341796875,1804.68994140625,1813.1600341796875,0,2026-07-11T14:45:00.000000Z
2026-07-11T14:45:00.000000Z,1813.1600341796875,1814.1500244140625,1809.530029296875,1809.6500244140625,267692544,2026-07-11T15:00:00.000000Z
2026-07-11T15:00:00.000000Z,1809.949951171875,1823.2900390625,1809.949951171875,1819.739990234375,19259904,2026-07-11T15:15:00.000000Z
2026-07-11T15:15:00.000000Z,1820.3900146484375,1825.9200439453125,1817.6400146484375,1823.010009765625,172324352,2026-07-11T15:30:00.000000Z
2026-07-11T15:30:00.000000Z,1822.9100341796875,1823.030029296875,1810.300048828125,1810.5999755859375,218563072,2026-07-11T15:45:00.000000Z
2026-07-11T15:45:00.000000Z,1811.7099609375,1814.1700439453125,1807.75,1813.52001953125,172290048,2026-07-11T16:00:00.000000Z
2026-07-11T16:00:00.000000Z,1813.510009765625,1814.760009765625,1809.8299560546875,1813.5899658203125,34924032,2026-07-11T16:15:00.000000Z
2026-07-11T16:15:00.000000Z,1813.5999755859375,1819,1812.4000244140625,1818.260009765625,54347776,2026-07-11T16:30:00.000000Z
2026-07-11T16:30:00.000000Z,1818.3499755859375,1822.3199462890625,1815.9000244140625,1816.800048828125,217055232,2026-07-11T16:45:00.000000Z
2026-07-11T16:45:00.000000Z,1816.81005859375,1822.3199462890625,1815.0799560546875,1822.010009765625,0,2026-07-11T17:00:00.000000Z
2026-07-11T17:00:00.000000Z,1822.3299560546875,1822.6700439453125,1819.43994140625,1819.43994140625,64697856,2026-07-11T17:15:00.000000Z
2026-07-11T17:15:00.000000Z,1819.300048828125,1821.5999755859375,1817.0999755859375,1821.3699951171875,0,2026-07-11T17:30:00.000000Z
2026-07-11T17:30:00.000000Z,1821.4599609375,1828.1400146484375,1821.1300048828125,1825.3199462890625,115817472,2026-07-11T17:45:00.000000Z
2026-07-11T17:45:00.000000Z,1825.5799560546875,1826.719970703125,1822.699951171875,1823.280029296875,32219136,2026-07-11T18:00:00.000000Z
2026-07-11T18:00:00.000000Z,1823.6700439453125,1824.7099609375,1822.5699462890625,1823.5799560546875,17723904,2026-07-11T18:15:00.000000Z
2026-07-11T18:15:00.000000Z,1822.9200439453125,1827.18994140625,1822.9200439453125,1824.8399658203125,30763008,2026-07-11T18:30:00.000000Z
2026-07-11T18:30:00.000000Z,1824.8399658203125,1827.8399658203125,1824.3199462890625,1827.1500244140625,63124480,2026-07-11T18:45:00.000000Z
2026-07-11T18:45:00.000000Z,1827.1600341796875,1827.47998046875,1823.2900390625,1824.9599609375,24216576,2026-07-11T19:00:00.000000Z
2026-07-11T19:00:00.000000Z,1824.8399658203125,1826.1600341796875,1822.5899658203125,1823.9599609375,56118272,2026-07-11T19:15:00.000000Z
2026-07-11T19:15:00.000000Z,1823.949951171875,1824.4300537109375,1818.0799560546875,1818.9599609375,35056640,2026-07-11T19:30:00.000000Z
2026-07-11T19:30:00.000000Z,1818.6800537109375,1820.3900146484375,1818,1820.0799560546875,45935104,2026-07-11T19:45:00.000000Z
2026-07-11T19:45:00.000000Z,1820.280029296875,1823.489990234375,1820.02001953125,1823.4100341796875,5885952,2026-07-11T20:00:00.000000Z
2026-07-11T20:00:00.000000Z,1823.4000244140625,1824.47998046875,1822.9000244140625,1823.93994140625,0,2026-07-11T20:15:00.000000Z
2026-07-11T20:15:00.000000Z,1824.1099853515625,1824.949951171875,1823.6800537109375,1824.93994140625,68757504,2026-07-11T20:30:00.000000Z
2026-07-11T20:30:00.000000Z,1825.06005859375,1827.6199951171875,1824.3199462890625,1826.550048828125,7082496,2026-07-11T20:45:00.000000Z
2026-07-11T20:45:00.000000Z,1826.780029296875,1827.199951171875,1824.239990234375,1825.0899658203125,29567488,2026-07-11T21:00:00.000000Z
2026-07-11T21:00:00.000000Z,1824.8499755859375,1828.0799560546875,1824.8499755859375,1825.5400390625,58933760,2026-07-11T21:15:00.000000Z
2026-07-11T21:15:00.000000Z,1825.4599609375,1826.6500244140625,1824.31005859375,1824.699951171875,8787968,2026-07-11T21:30:00.000000Z
2026-07-11T21:30:00.000000Z,1824.7099609375,1825.800048828125,1821.6099853515625,1822.199951171875,93355520,2026-07-11T21:45:00.000000Z
2026-07-11T21:45:00.000000Z,1822.0899658203125,1824.3399658203125,1821.8800048828125,1822.719970703125,5502464,2026-07-11T22:00:00.000000Z
2026-07-11T22:00:00.000000Z,1822.719970703125,1822.800048828125,1820.760009765625,1821.47998046875,11155968,2026-07-11T22:15:00.000000Z
2026-07-11T22:15:00.000000Z,1821.0999755859375,1821.5999755859375,1809.5999755859375,1812.6099853515625,92475904,2026-07-11T22:30:00.000000Z
2026-07-11T22:30:00.000000Z,1813.1199951171875,1816.1300048828125,1811.800048828125,1814.510009765625,34674688,2026-07-11T22:45:00.000000Z
2026-07-11T22:45:00.000000Z,1814.4000244140625,1814.510009765625,1811,1812.7900390625,65203712,2026-07-11T23:00:00.000000Z
2026-07-11T23:00:00.000000Z,1812.780029296875,1814.6400146484375,1806.0699462890625,1807.4200439453125,37131776,2026-07-11T23:15:00.000000Z
2026-07-11T23:15:00.000000Z,1807.31005859375,1809.47998046875,1791.9599609375,1794.5,145043456,2026-07-11T23:30:00.000000Z
2026-07-11T23:30:00.000000Z,1794.1199951171875,1795.3599853515625,1785.719970703125,1790.030029296875,291021312,2026-07-11T23:45:00.000000Z
2026-07-11T23:45:00.000000Z,1789.800048828125,1793.4000244140625,1786.81005859375,1786.81005859375,46897664,2026-07-12T00:00:00.000000Z
2026-07-12T00:00:00.000000Z,1786.9200439453125,1789.6800537109375,1782,1783.199951171875,72913920,2026-07-12T00:15:00.000000Z
2026-07-12T00:15:00.000000Z,1782.3800048828125,1789.1500244140625,1782.25,1786.3800048828125,159844864,2026-07-12T00:30:00.000000Z
2026-07-12T00:30:00.000000Z,1786.0999755859375,1787.030029296875,1778.81005859375,1785.4300537109375,120080384,2026-07-12T00:45:00.000000Z
2026-07-12T00:45:00.000000Z,1785.5999755859375,1789.4300537109375,1783.75,1787.72998046875,30915072,2026-07-12T01:00:00.000000Z
2026-07-12T01:00:00.000000Z,1787.6099853515625,1795.0899658203125,1787,1792.3299560546875,32493568,2026-07-12T01:15:00.000000Z
2026-07-12T01:15:00.000000Z,1791.719970703125,1800.3800048828125,1791.719970703125,1799.699951171875,120782848,2026-07-12T01:30:00.000000Z
2026-07-12T01:30:00.000000Z,1799.760009765625,1807.2900390625,1799.1700439453125,1806.0999755859375,167348224,2026-07-12T01:45:00.000000Z
2026-07-12T01:45:00.000000Z,1806,1807.18994140625,1803.93994140625,1805.5799560546875,9502208,2026-07-12T02:00:00.000000Z
2026-07-12T02:00:00.000000Z,1805.5799560546875,1805.5799560546875,1802.06005859375,1802.6400146484375,0,2026-07-12T02:15:00.000000Z
2026-07-12T02:15:00.000000Z,1802.6099853515625,1806.31005859375,1802.4100341796875,1804.27001953125,37140992,2026-07-12T02:30:00.000000Z
2026-07-12T02:30:00.000000Z,1804.3299560546875,1805.8900146484375,1803.1199951171875,1804.3299560546875,14447616,2026-07-12T02:45:00.000000Z
2026-07-12T02:45:00.000000Z,1804.3900146484375,1805.989990234375,1803.3199462890625,1803.9599609375,0,2026-07-12T03:00:00.000000Z
2026-07-12T03:00:00.000000Z,1803.8599853515625,1805.75,1802.030029296875,1804.75,10715648,2026-07-12T03:15:00.000000Z
2026-07-12T03:15:00.000000Z,1804.7099609375,1807.1199951171875,1804.5699462890625,1806.2900390625,20168704,2026-07-12T03:30:00.000000Z
2026-07-12T03:30:00.000000Z,1806.3199462890625,1811.1700439453125,1805.760009765625,1809.0899658203125,25791488,2026-07-12T03:45:00.000000Z
2026-07-12T03:45:00.000000Z,1809.0899658203125,1810.8499755859375,1807.9599609375,1810.4200439453125,40656896,2026-07-12T04:00:00.000000Z
2026-07-12T04:00:00.000000Z,1810.239990234375,1810.4300537109375,1808.77001953125,1809.199951171875,11783168,2026-07-12T04:15:00.000000Z
2026-07-12T04:15:00.000000Z,1809.199951171875,1811.3900146484375,1807.02001953125,1808.510009765625,20305408,2026-07-12T04:30:00.000000Z
2026-07-12T04:30:00.000000Z,1808.550048828125,1809.1800537109375,1804.2099609375,1807.18994140625,19309568,2026-07-12T04:45:00.000000Z
2026-07-12T04:45:00.000000Z,1807.18994140625,1807.18994140625,1803,1804.800048828125,9041920,2026-07-12T05:00:00.000000Z
2026-07-12T05:00:00.000000Z,1804.8399658203125,1806.010009765625,1803.3199462890625,1803.489990234375,9510400,2026-07-12T05:15:00.000000Z
2026-07-12T05:15:00.000000Z,1803.47998046875,1803.6600341796875,1800.25,1800.52001953125,53830144,2026-07-12T05:30:00.000000Z
2026-07-12T05:30:00.000000Z,1800.510009765625,1804.699951171875,1800.1500244140625,1804.25,11535360,2026-07-12T05:45:00.000000Z
2026-07-12T05:45:00.000000Z,1804.25,1804.56005859375,1802.1700439453125,1802.1700439453125,47443968,2026-07-12T06:00:00.000000Z
2026-07-12T06:00:00.000000Z,1801.72998046875,1801.72998046875,1791.6300048828125,1792.2099609375,29674496,2026-07-12T06:15:00.000000Z
2026-07-12T06:15:00.000000Z,1792.3399658203125,1793.52001953125,1788.8800048828125,1789.8900146484375,105014784,2026-07-12T06:30:00.000000Z
2026-07-12T06:30:00.000000Z,1789.3599853515625,1793.989990234375,1789.030029296875,1793.050048828125,11187712,2026-07-12T06:45:00.000000Z
2026-07-12T06:45:00.000000Z,1793.0400390625,1794.8299560546875,1791.6400146484375,1794.02001953125,33840128,2026-07-12T07:00:00.000000Z
2026-07-12T07:00:00.000000Z,1793.989990234375,1796.7099609375,1793.0899658203125,1796.6800537109375,7015424,2026-07-12T07:15:00.000000Z
2026-07-12T07:15:00.000000Z,1796.6099853515625,1797.9599609375,1795.3199462890625,1795.699951171875,29457408,2026-07-12T07:30:00.000000Z
2026-07-12T07:30:00.000000Z,1796.1500244140625,1796.43994140625,1795.22998046875,1796.0899658203125,40787456,2026-07-12T07:45:00.000000Z
2026-07-12T07:45:00.000000Z,1796.0899658203125,1798,1795.52001953125,1797.699951171875,105674240,2026-07-12T08:00:00.000000Z
2026-07-12T08:00:00.000000Z,1797.3199462890625,1807.18994140625,1797.3199462890625,1806.47998046875,23648256,2026-07-12T08:15:00.000000Z
2026-07-12T08:15:00.000000Z,1806.6099853515625,1807.8399658203125,1802.81005859375,1802.8599853515625,32267776,2026-07-12T08:30:00.000000Z
2026-07-12T08:30:00.000000Z,1802.77001953125,1804.56005859375,1802.510009765625,1803.8499755859375,18409984,2026-07-12T08:45:00.000000Z
2026-07-12T08:45:00.000000Z,1804,1804.3199462890625,1802.300048828125,1803.9200439453125,8110592,2026-07-12T09:00:00.000000Z
2026-07-12T09:00:00.000000Z,1803.93994140625,1804.800048828125,1799.800048828125,1799.81005859375,0,2026-07-12T09:15:00.000000Z
2026-07-12T09:15:00.000000Z,1799.97998046875,1799.97998046875,1795.5,1798.4300537109375,8800768,2026-07-12T09:30:00.000000Z
2026-07-12T09:30:00.000000Z,1798.4300537109375,1803.1300048828125,1798.3599853515625,1802.43994140625,40359936,2026-07-12T09:45:00.000000Z
2026-07-12T09:45:00.000000Z,1802.510009765625,1802.8299560546875,1801.0799560546875,1801.3299560546875,9770496,2026-07-12T10:00:00.000000Z
2026-07-12T10:00:00.000000Z,1801.3199462890625,1801.3199462890625,1798.9000244140625,1799.93994140625,442880,2026-07-12T10:15:00.000000Z
2026-07-12T10:15:00.000000Z,1800,1801.25,1798.3299560546875,1799.5999755859375,57697792,2026-07-12T10:30:00.000000Z
2026-07-12T10:30:00.000000Z,1799.5999755859375,1800.5999755859375,1798.25,1798.8199462890625,309760,2026-07-12T10:45:00.000000Z
2026-07-12T10:45:00.000000Z,1798.9200439453125,1799.760009765625,1797.9200439453125,1798.3299560546875,40266752,2026-07-12T11:00:00.000000Z
2026-07-12T11:00:00.000000Z,1798.5999755859375,1800.030029296875,1795.5,1797.25,25828864,2026-07-12T11:15:00.000000Z
2026-07-12T11:15:00.000000Z,1797.5799560546875,1799.9000244140625,1797.3699951171875,1799.8499755859375,2777088,2026-07-12T11:30:00.000000Z
2026-07-12T11:30:00.000000Z,1800.0799560546875,1805.4000244140625,1800.0799560546875,1804.800048828125,36698624,2026-07-12T11:45:00.000000Z
2026-07-12T11:45:00.000000Z,1804.9200439453125,1805.52001953125,1802.3599853515625,1802.6500244140625,25400832,2026-07-12T12:00:00.000000Z
2026-07-12T12:00:00.000000Z,1802.3399658203125,1806.449951171875,1801.8900146484375,1805.5400390625,17801216,2026-07-12T12:15:00.000000Z
2026-07-12T12:15:00.000000Z,1806.1099853515625,1806.780029296875,1804.3299560546875,1806.300048828125,32669696,2026-07-12T12:30:00.000000Z
2026-07-12T12:30:00.000000Z,1806.2900390625,1806.3599853515625,1803.5999755859375,1805.199951171875,43822592,2026-07-12T12:45:00.000000Z
2026-07-12T12:45:00.000000Z,1805.18994140625,1807.68994140625,1804.56005859375,1805.989990234375,17338880,2026-07-12T13:00:00.000000Z
2026-07-12T13:00:00.000000Z,1805.93994140625,1807.739990234375,1804.2900390625,1806.9599609375,9360896,2026-07-12T13:15:00.000000Z
2026-07-12T13:15:00.000000Z,1806.949951171875,1808.6400146484375,1805.5400390625,1806.77001953125,21930496,2026-07-12T13:30:00.000000Z
2026-07-12T13:30:00.000000Z,1806.77001953125,1808.010009765625,1805.6099853515625,1806.489990234375,0,2026-07-12T13:45:00.000000Z
2026-07-12T13:45:00.000000Z,1806.5,1806.9599609375,1804.47998046875,1804.72998046875,30050816,2026-07-12T14:00:00.000000Z
2026-07-12T14:00:00.000000Z,1804.9000244140625,1806.1199951171875,1803.239990234375,1803.489990234375,0,2026-07-12T14:15:00.000000Z
2026-07-12T14:15:00.000000Z,1803.47998046875,1805.02001953125,1803.260009765625,1804.6300048828125,39459840,2026-07-12T14:30:00.000000Z
2026-07-12T14:30:00.000000Z,1804.6500244140625,1809.1199951171875,1804.6400146484375,1808.6500244140625,34541568,2026-07-12T14:45:00.000000Z
2026-07-12T14:45:00.000000Z,1808.4000244140625,1820.2900390625,1807.8499755859375,1818.510009765625,82902016,2026-07-12T15:00:00.000000Z
2026-07-12T15:00:00.000000Z,1818.6500244140625,1822.8499755859375,1815.43994140625,1820.68994140625,38801920,2026-07-12T15:15:00.000000Z
2026-07-12T15:15:00.000000Z,1820.780029296875,1824.8399658203125,1816.9300537109375,1824.3599853515625,0,2026-07-12T15:30:00.000000Z
2026-07-12T15:30:00.000000Z,1824.550048828125,1825.0799560546875,1817.8900146484375,1820.5799560546875,32283648,2026-07-12T15:45:00.000000Z
2026-07-12T15:45:00.000000Z,1820.5999755859375,1823.8499755859375,1819.530029296875,1819.9599609375,37374464,2026-07-12T16:00:00.000000Z
2026-07-12T16:00:00.000000Z,1820.1300048828125,1823.1099853515625,1816.8599853515625,1817.030029296875,109776896,2026-07-12T16:15:00.000000Z
2026-07-12T16:15:00.000000Z,1817.030029296875,1822.5999755859375,1817.030029296875,1821.68994140625,99579904,2026-07-12T16:30:00.000000Z
2026-07-12T16:30:00.000000Z,1821.75,1821.75,1817.9599609375,1818.6099853515625,3241472,2026-07-12T16:45:00.000000Z
2026-07-12T16:45:00.000000Z,1818.9599609375,1821.31005859375,1818.27001953125,1820.75,32404480,2026-07-12T17:00:00.000000Z
2026-07-12T17:00:00.000000Z,1820.7099609375,1821.010009765625,1818.800048828125,1818.8299560546875,18996224,2026-07-12T17:15:00.000000Z
2026-07-12T17:15:00.000000Z,1818.72998046875,1820.050048828125,1817.5799560546875,1817.6800537109375,15050240,2026-07-12T17:30:00.000000Z
2026-07-12T17:30:00.000000Z,1817.6400146484375,1821.1700439453125,1817.280029296875,1820.199951171875,14884864,2026-07-12T17:45:00.000000Z
2026-07-12T17:45:00.000000Z,1820.030029296875,1820.3299560546875,1814.5799560546875,1817.199951171875,0,2026-07-12T18:00:00.000000Z
2026-07-12T18:00:00.000000Z,1817.31005859375,1820.010009765625,1814.7900390625,1816.260009765625,80159744,2026-07-12T18:15:00.000000Z
2026-07-12T18:15:00.000000Z,1816.25,1818.8499755859375,1814.0699462890625,1817.5999755859375,35320320,2026-07-12T18:30:00.000000Z
2026-07-12T18:30:00.000000Z,1817.6700439453125,1821.0899658203125,1817.6300048828125,1820.0799560546875,34745344,2026-07-12T18:45:00.000000Z
2026-07-12T18:45:00.000000Z,1819.989990234375,1821.25,1819.989990234375,1820.4000244140625,0,2026-07-12T19:00:00.000000Z
2026-07-12T19:00:00.000000Z,1820.4300537109375,1821.8299560546875,1819.719970703125,1819.800048828125,0,2026-07-12T19:15:00.000000Z
2026-07-12T19:15:00.000000Z,1819.6600341796875,1820.6300048828125,1818.97998046875,1820.3800048828125,0,2026-07-12T19:30:00.000000Z
2026-07-12T19:30:00.000000Z,1820.3800048828125,1820.3800048828125,1817.7900390625,1817.7900390625,0,2026-07-12T19:45:00.000000Z
2026-07-12T19:45:00.000000Z,1817.75,1821.52001953125,1817.75,1820.3900146484375,0,2026-07-12T20:00:00.000000Z
2026-07-12T20:00:00.000000Z,1820.489990234375,1821.0699462890625,1818.3499755859375,1818.469970703125,34853888,2026-07-12T20:15:00.000000Z
2026-07-12T20:15:00.000000Z,1818.469970703125,1819.52001953125,1817.550048828125,1818.8699951171875,57271808,2026-07-12T20:30:00.000000Z
2026-07-12T20:30:00.000000Z,1818.8699951171875,1822.68994140625,1817.550048828125,1822.0999755859375,60532736,2026-07-12T20:45:00.000000Z
2026-07-12T20:45:00.000000Z,1822.0799560546875,1822.449951171875,1819.9200439453125,1820.199951171875,51734528,2026-07-12T21:00:00.000000Z
2026-07-12T21:00:00.000000Z,1820.3900146484375,1822.5999755859375,1818.9200439453125,1818.9200439453125,10790400,2026-07-12T21:15:00.000000Z
2026-07-12T21:15:00.000000Z,1818.8699951171875,1818.949951171875,1812.239990234375,1814.18994140625,5708800,2026-07-12T21:30:00.000000Z
2026-07-12T21:30:00.000000Z,1813.81005859375,1813.81005859375,1811.300048828125,1812.0400390625,48937984,2026-07-12T21:45:00.000000Z
2026-07-12T21:45:00.000000Z,1811.9300537109375,1813.199951171875,1810.239990234375,1811.4000244140625,11257344,2026-07-12T22:00:00.000000Z
2026-07-12T22:00:00.000000Z,1807.1700439453125,1807.72998046875,1796.75,1801.3900146484375,235706880,2026-07-12T22:15:00.000000Z
2026-07-12T22:15:00.000000Z,1800.97998046875,1803.6199951171875,1796.5400390625,1801.1199951171875,44143616,2026-07-12T22:30:00.000000Z
2026-07-12T22:30:00.000000Z,1801.3499755859375,1802.7900390625,1799.2900390625,1800,51687424,2026-07-12T22:45:00.000000Z
2026-07-12T22:45:00.000000Z,1799.9599609375,1805.5999755859375,1796.75,1804.010009765625,0,2026-07-12T23:00:00.000000Z
2026-07-12T23:00:00.000000Z,1803.8299560546875,1804.199951171875,1799.7099609375,1802.050048828125,4200960,2026-07-12T23:15:00.000000Z
2026-07-12T23:15:00.000000Z,1801.9200439453125,1803.739990234375,1801.0899658203125,1803.4599609375,319488,2026-07-12T23:30:00.000000Z
2026-07-12T23:30:00.000000Z,1803.5400390625,1807.780029296875,1803.22998046875,1806.22998046875,0,2026-07-12T23:45:00.000000Z
2026-07-12T23:45:00.000000Z,1806.4100341796875,1807.4200439453125,1803.1099853515625,1805.510009765625,14833152,2026-07-13T00:00:00.000000Z
2026-07-13T00:00:00.000000Z,1805.739990234375,1840.77001953125,1803.1099853515625,1838.25,0,2026-07-13T00:15:00.000000Z
2026-07-13T00:15:00.000000Z,1838.6099853515625,1840.8499755859375,1830.010009765625,1830.2900390625,616272384,2026-07-13T00:30:00.000000Z
2026-07-13T00:30:00.000000Z,1830.68994140625,1831.699951171875,1806.1199951171875,1813.0400390625,57365504,2026-07-13T00:45:00.000000Z
2026-07-13T00:45:00.000000Z,1813.5799560546875,1827.239990234375,1813.5799560546875,1825.3299560546875,267297792,2026-07-13T01:00:00.000000Z
2026-07-13T01:00:00.000000Z,1825.199951171875,1828.199951171875,1814.52001953125,1821.3599853515625,78711296,2026-07-13T01:15:00.000000Z
2026-07-13T01:15:00.000000Z,1821.719970703125,1826.8800048828125,1813.6700439453125,1815.550048828125,65693696,2026-07-13T01:30:00.000000Z
2026-07-13T01:30:00.000000Z,1815.3900146484375,1819.31005859375,1811,1817,59428352,2026-07-13T01:45:00.000000Z
2026-07-13T01:45:00.000000Z,1817.280029296875,1817.280029296875,1804.3299560546875,1805.739990234375,54274560,2026-07-13T02:00:00.000000Z
2026-07-13T02:00:00.000000Z,1805.77001953125,1806.8399658203125,1798.050048828125,1803.969970703125,126419968,2026-07-13T02:15:00.000000Z
2026-07-13T02:15:00.000000Z,1804.199951171875,1810.280029296875,1804.199951171875,1809.489990234375,81202176,2026-07-13T02:30:00.000000Z
2026-07-13T02:30:00.000000Z,1809,1813.6199951171875,1806.719970703125,1810.56005859375,108830208,2026-07-13T02:45:00.000000Z
2026-07-13T02:45:00.000000Z,1810.199951171875,1810.43994140625,1805.4100341796875,1805.6600341796875,88522240,2026-07-13T03:00:00.000000Z
2026-07-13T03:00:00.000000Z,1804.300048828125,1805.5,1783.9100341796875,1788.18994140625,219999744,2026-07-13T03:15:00.000000Z
2026-07-13T03:15:00.000000Z,1788.31005859375,1794.239990234375,1786.199951171875,1793.8800048828125,224143360,2026-07-13T03:30:00.000000Z
2026-07-13T03:30:00.000000Z,1793.52001953125,1793.52001953125,1774.199951171875,1777.9000244140625,157758464,2026-07-13T03:45:00.000000Z
2026-07-13T03:45:00.000000Z,1776.9599609375,1780.8499755859375,1776.9599609375,1779.1199951171875,238984704,2026-07-13T04:00:00.000000Z
2026-07-13T04:00:00.000000Z,1779.22998046875,1779.5999755859375,1775.02001953125,1778.4000244140625,70188544,2026-07-13T04:15:00.000000Z
2026-07-13T04:15:00.000000Z,1778.760009765625,1783.6800537109375,1778.1300048828125,1783.3800048828125,80712192,2026-07-13T04:30:00.000000Z
2026-07-13T04:30:00.000000Z,1783.3699951171875,1783.3699951171875,1777.81005859375,1779.3299560546875,14063104,2026-07-13T04:45:00.000000Z
2026-07-13T04:45:00.000000Z,1779.0799560546875,1781.1800537109375,1777.1199951171875,1777.3299560546875,81329664,2026-07-13T05:00:00.000000Z
2026-07-13T05:00:00.000000Z,1777.43994140625,1785.3900146484375,1773.56005859375,1783.199951171875,77204992,2026-07-13T05:15:00.000000Z
2026-07-13T05:15:00.000000Z,1783.3499755859375,1784.8800048828125,1777.219970703125,1778,49650688,2026-07-13T05:30:00.000000Z
2026-07-13T05:30:00.000000Z,1778.1700439453125,1783.5999755859375,1774.4200439453125,1781.4599609375,62463488,2026-07-13T05:45:00.000000Z
2026-07-13T05:45:00.000000Z,1780.93994140625,1782.02001953125,1779.1099853515625,1780.510009765625,131852288,2026-07-13T06:00:00.000000Z
2026-07-13T06:00:00.000000Z,1781.3199462890625,1782.280029296875,1775.4100341796875,1776.239990234375,41503232,2026-07-13T06:15:00.000000Z
2026-07-13T06:15:00.000000Z,1776.43994140625,1778.1199951171875,1774.9200439453125,1778.1199951171875,34559488,2026-07-13T06:30:00.000000Z
2026-07-13T06:30:00.000000Z,1778.8800048828125,1779.3599853515625,1774.25,1777.1600341796875,64051712,2026-07-13T06:45:00.000000Z
2026-07-13T06:45:00.000000Z,1776.7099609375,1778.050048828125,1775.6099853515625,1776.300048828125,111376384,2026-07-13T07:00:00.000000Z
2026-07-13T07:00:00.000000Z,1777.5,1779.3199462890625,1775.02001953125,1777.199951171875,30077952,2026-07-13T07:15:00.000000Z
2026-07-13T07:15:00.000000Z,1777.4599609375,1787.030029296875,1777.2099609375,1785.8800048828125,37888000,2026-07-13T07:30:00.000000Z
2026-07-13T07:30:00.000000Z,1785,1789.739990234375,1785,1786.0999755859375,112566272,2026-07-13T07:45:00.000000Z
2026-07-13T07:45:00.000000Z,1786.2099609375,1786.739990234375,1784.1199951171875,1785.97998046875,85480448,2026-07-13T08:00:00.000000Z
2026-07-13T08:00:00.000000Z,1786.27001953125,1787.699951171875,1782.199951171875,1785.0799560546875,174402560,2026-07-13T08:15:00.000000Z
2026-07-13T08:15:00.000000Z,1785.0899658203125,1786.3199462890625,1783.43994140625,1784.8499755859375,50185216,2026-07-13T08:30:00.000000Z
2026-07-13T08:30:00.000000Z,1785.1700439453125,1787.2900390625,1782.9200439453125,1787.260009765625,67740672,2026-07-13T08:45:00.000000Z
2026-07-13T08:45:00.000000Z,1787.010009765625,1791.97998046875,1786.81005859375,1788.699951171875,26978304,2026-07-13T09:00:00.000000Z
2026-07-13T09:00:00.000000Z,1788.97998046875,1788.97998046875,1786.6099853515625,1787.3199462890625,49816576,2026-07-13T09:15:00.000000Z
2026-07-13T09:15:00.000000Z,1787.3199462890625,1787.3199462890625,1784.2099609375,1786.0799560546875,40846336,2026-07-13T09:30:00.000000Z
2026-07-13T09:30:00.000000Z,1785.5999755859375,1786.280029296875,1784.56005859375,1785.1199951171875,46364672,2026-07-13T09:45:00.000000Z
2026-07-13T09:45:00.000000Z,1785.219970703125,1785.219970703125,1783.699951171875,1784.1800537109375,41450496,2026-07-13T10:00:00.000000Z
2026-07-13T10:00:00.000000Z,1784.1099853515625,1785.239990234375,1779.719970703125,1780.8800048828125,20083712,2026-07-13T10:15:00.000000Z
2026-07-13T10:15:00.000000Z,1780.8900146484375,1783.77001953125,1779.9100341796875,1780.52001953125,121254912,2026-07-13T10:30:00.000000Z
2026-07-13T10:30:00.000000Z,1780.5899658203125,1782.760009765625,1777.8800048828125,1778.050048828125,35355648,2026-07-13T10:45:00.000000Z
2026-07-13T10:45:00.000000Z,1778.06005859375,1779.489990234375,1775.81005859375,1778.0899658203125,76192768,2026-07-13T11:00:00.000000Z
2026-07-13T11:00:00.000000Z,1778.699951171875,1783.2900390625,1778.699951171875,1781.050048828125,69219328,2026-07-13T11:15:00.000000Z
2026-07-13T11:15:00.000000Z,1781.300048828125,1781.5,1778.2099609375,1780.5,44439552,2026-07-13T11:30:00.000000Z
2026-07-13T11:30:00.000000Z,1780.199951171875,1782.06005859375,1779.1400146484375,1780.5999755859375,17484800,2026-07-13T11:45:00.000000Z
2026-07-13T11:45:00.000000Z,1780.5999755859375,1782.469970703125,1778.8900146484375,1779.199951171875,15023104,2026-07-13T12:00:00.000000Z
2026-07-13T12:00:00.000000Z,1779.5899658203125,1782.1600341796875,1777.469970703125,1779.02001953125,80270336,2026-07-13T12:15:00.000000Z
2026-07-13T12:15:00.000000Z,1779.27001953125,1780.4000244140625,1775.510009765625,1775.6099853515625,100962304,2026-07-13T12:30:00.000000Z
2026-07-13T12:30:00.000000Z,1776.0899658203125,1776.9100341796875,1767.1600341796875,1769.1800537109375,168757248,2026-07-13T12:45:00.000000Z
2026-07-13T12:45:00.000000Z,1769.1500244140625,1771.050048828125,1768.6500244140625,1770.5699462890625,77267968,2026-07-13T13:00:00.000000Z
2026-07-13T13:00:00.000000Z,1770.1800537109375,1771.68994140625,1766.77001953125,1766.77001953125,38092800,2026-07-13T13:15:00.000000Z
2026-07-13T13:15:00.000000Z,1766.800048828125,1769.31005859375,1763.530029296875,1767.81005859375,51411968,2026-07-13T13:30:00.000000Z
2026-07-13T13:30:00.000000Z,1768.9000244140625,1774.8900146484375,1762.4000244140625,1767,118417408,2026-07-13T13:45:00.000000Z
2026-07-13T13:45:00.000000Z,1766.2900390625,1770.3499755859375,1762.1600341796875,1769.699951171875,207100928,2026-07-13T14:00:00.000000Z
2026-07-13T14:00:00.000000Z,1769.2900390625,1772.9000244140625,1766.0999755859375,1772.260009765625,160995328,2026-07-13T14:15:00.000000Z
2026-07-13T14:15:00.000000Z,1771.8699951171875,1774.699951171875,1761.52001953125,1770.2099609375,128077824,2026-07-13T14:30:00.000000Z
2026-07-13T14:30:00.000000Z,1770.300048828125,1776.300048828125,1767.5999755859375,1774.5899658203125,295523328,2026-07-13T14:45:00.000000Z
2026-07-13T14:45:00.000000Z,1774.4000244140625,1780.260009765625,1772.8199462890625,1780,91455488,2026-07-13T15:00:00.000000Z
2026-07-13T15:00:00.000000Z,1779.7900390625,1780.9000244140625,1775.739990234375,1776.050048828125,78047232,2026-07-13T15:15:00.000000Z
2026-07-13T15:15:00.000000Z,1776.050048828125,1785.219970703125,1776.010009765625,1781.1300048828125,98360320,2026-07-13T15:30:00.000000Z
2026-07-13T15:30:00.000000Z,1781.1300048828125,1781.3699951171875,1774.260009765625,1776.4599609375,4451328,2026-07-13T15:45:00.000000Z
2026-07-13T15:45:00.000000Z,1776.699951171875,1777.0699462890625,1773.969970703125,1775.3900146484375,114691072,2026-07-13T16:00:00.000000Z
2026-07-13T16:00:00.000000Z,1775.68994140625,1779.1600341796875,1774.5,1776.6700439453125,121220096,2026-07-13T16:15:00.000000Z
2026-07-13T16:15:00.000000Z,1776.6800537109375,1776.6800537109375,1769.489990234375,1770.3599853515625,25073664,2026-07-13T16:30:00.000000Z
2026-07-13T16:30:00.000000Z,1770.5799560546875,1773.0799560546875,1765.699951171875,1772.4300537109375,116307968,2026-07-13T16:45:00.000000Z
2026-07-13T16:45:00.000000Z,1773,1774.469970703125,1768.25,1770.300048828125,42012672,2026-07-13T17:00:00.000000Z
2026-07-13T17:00:00.000000Z,1770.31005859375,1774.0999755859375,1768.3399658203125,1772.9100341796875,118426624,2026-07-13T17:15:00.000000Z
2026-07-13T17:15:00.000000Z,1772.2900390625,1772.780029296875,1768.5,1769.510009765625,100751360,2026-07-13T17:30:00.000000Z
2026-07-13T17:30:00.000000Z,1769.5899658203125,1770.760009765625,1762.5999755859375,1765.7900390625,78819328,2026-07-13T17:45:00.000000Z
2026-07-13T17:45:00.000000Z,1766.050048828125,1767.3900146484375,1751.2900390625,1751.6500244140625,159370240,2026-07-13T18:00:00.000000Z
2026-07-13T18:00:00.000000Z,1751.8399658203125,1758.800048828125,1750.6600341796875,1755.1300048828125,224672768,2026-07-13T18:15:00.000000Z
2026-07-13T18:15:00.000000Z,1755,1757.6400146484375,1749.0999755859375,1756.7099609375,81042432,2026-07-13T18:30:00.000000Z
2026-07-13T18:30:00.000000Z,1756.31005859375,1760.8599853515625,1755.4300537109375,1759.7099609375,215350272,2026-07-13T18:45:00.000000Z
2026-07-13T18:45:00.000000Z,1760.02001953125,1765.550048828125,1759.2099609375,1762.5,30101504,2026-07-13T19:00:00.000000Z
2026-07-13T19:00:00.000000Z,1763.010009765625,1765.239990234375,1762.9000244140625,1764.6199951171875,134098944,2026-07-13T19:15:00.000000Z
2026-07-13T19:15:00.000000Z,1764.3199462890625,1767,1762.530029296875,1763.300048828125,15033344,2026-07-13T19:30:00.000000Z
2026-07-13T19:30:00.000000Z,1763.6600341796875,1770.0899658203125,1763.6600341796875,1769.97998046875,28147712,2026-07-13T19:45:00.000000Z
2026-07-13T19:45:00.000000Z,1769.81005859375,1773.3499755859375,1767.699951171875,1773.1800537109375,85892096,2026-07-13T20:00:00.000000Z
2026-07-13T20:00:00.000000Z,1772.7099609375,1775.2900390625,1769.489990234375,1769.489990234375,161100800,2026-07-13T20:15:00.000000Z
2026-07-13T20:15:00.000000Z,1769.469970703125,1769.469970703125,1763.469970703125,1767.9300537109375,22838272,2026-07-13T20:30:00.000000Z
2026-07-13T20:30:00.000000Z,1768.4000244140625,1768.4000244140625,1766.1099853515625,1766.280029296875,158373888,2026-07-13T20:45:00.000000Z
2026-07-13T20:45:00.000000Z,1766.280029296875,1766.280029296875,1760.5999755859375,1765.6700439453125,7236608,2026-07-13T21:00:00.000000Z
2026-07-13T21:00:00.000000Z,1765.5999755859375,1765.5999755859375,1759.4100341796875,1761.300048828125,167851008,2026-07-13T21:15:00.000000Z
2026-07-13T21:15:00.000000Z,1761.0999755859375,1762.1700439453125,1758.9200439453125,1758.9200439453125,11377664,2026-07-13T21:30:00.000000Z
2026-07-13T21:30:00.000000Z,1758.6199951171875,1758.6199951171875,1751.8900146484375,1754.0999755859375,113504256,2026-07-13T21:45:00.000000Z
2026-07-13T21:45:00.000000Z,1754.5,1760.8199462890625,1753.280029296875,1759.9000244140625,122663936,2026-07-13T22:00:00.000000Z
2026-07-13T22:00:00.000000Z,1760.1300048828125,1766.469970703125,1760.1199951171875,1764.510009765625,74328064,2026-07-13T22:15:00.000000Z
2026-07-13T22:15:00.000000Z,1764.3399658203125,1766.56005859375,1763.5999755859375,1764.199951171875,0,2026-07-13T22:30:00.000000Z
2026-07-13T22:30:00.000000Z,1764.3299560546875,1765,1760.510009765625,1762.1700439453125,119454720,2026-07-13T22:45:00.000000Z
2026-07-13T22:45:00.000000Z,1762.4000244140625,1762.9000244140625,1753.969970703125,1755.8499755859375,21481472,2026-07-13T23:00:00.000000Z
2026-07-13T23:00:00.000000Z,1755.8299560546875,1760,1754.02001953125,1759.199951171875,60026880,2026-07-13T23:15:00.000000Z
2026-07-13T23:15:00.000000Z,1759.2099609375,1768.6099853515625,1759.010009765625,1765.2099609375,25344000,2026-07-13T23:30:00.000000Z
2026-07-13T23:30:00.000000Z,1765.18994140625,1767.0400390625,1763.68994140625,1765.199951171875,404620288,2026-07-13T23:45:00.000000Z
2026-07-13T23:45:00.000000Z,1764.510009765625,1775.780029296875,1764.510009765625,1774.5699462890625,27541504,2026-07-14T00:00:00.000000Z
2026-07-14T00:00:00.000000Z,1775.0799560546875,1778.97998046875,1771.3599853515625,1777.5999755859375,61377536,2026-07-14T00:15:00.000000Z
2026-07-14T00:15:00.000000Z,1777.780029296875,1778.9200439453125,1774.5,1776.7099609375,0,2026-07-14T00:30:00.000000Z
2026-07-14T00:30:00.000000Z,1778.3800048828125,1781.1800537109375,1776.7099609375,1777.43994140625,0,2026-07-14T00:45:00.000000Z
2026-07-14T00:45:00.000000Z,1777.6099853515625,1786.0999755859375,1777.5,1783.6300048828125,0,2026-07-14T01:00:00.000000Z
2026-07-14T01:00:00.000000Z,1784.1400146484375,1784.739990234375,1782.0899658203125,1783.699951171875,79711232,2026-07-14T01:15:00.000000Z
2026-07-14T01:15:00.000000Z,1783.6099853515625,1792.43994140625,1782.510009765625,1785.6800537109375,0,2026-07-14T01:30:00.000000Z
2026-07-14T01:30:00.000000Z,1785.800048828125,1786.4300537109375,1781.2099609375,1782.22998046875,85664768,2026-07-14T01:45:00.000000Z
2026-07-14T01:45:00.000000Z,1782.5999755859375,1784.2900390625,1781.77001953125,1782.93994140625,149731328,2026-07-14T02:00:00.000000Z
2026-07-14T02:00:00.000000Z,1782.8199462890625,1787,1780.8199462890625,1781.8900146484375,0,2026-07-14T02:15:00.000000Z
2026-07-14T02:15:00.000000Z,1781.5999755859375,1782.699951171875,1773.260009765625,1776.0999755859375,61934592,2026-07-14T02:30:00.000000Z
2026-07-14T02:30:00.000000Z,1775.989990234375,1783.68994140625,1775.989990234375,1783.199951171875,11061248,2026-07-14T02:45:00.000000Z
2026-07-14T02:45:00.000000Z,1783.3699951171875,1784.25,1779.780029296875,1780.530029296875,126961664,2026-07-14T03:00:00.000000Z
2026-07-14T03:00:00.000000Z,1780.800048828125,1781.989990234375,1774.02001953125,1774.5,0,2026-07-14T03:15:00.000000Z
2026-07-14T03:15:00.000000Z,1774.5899658203125,1778.1400146484375,1772.719970703125,1777.9000244140625,67580928,2026-07-14T03:30:00.000000Z
2026-07-14T03:30:00.000000Z,1777.530029296875,1781.489990234375,1776.800048828125,1778.81005859375,0,2026-07-14T03:45:00.000000Z
2026-07-14T03:45:00.000000Z,1778.8699951171875,1781.9200439453125,1778.699951171875,1781.9000244140625,92633088,2026-07-14T04:00:00.000000Z
2026-07-14T04:00:00.000000Z,1781.6199951171875,1785.6800537109375,1780.3800048828125,1781.93994140625,113154048,2026-07-14T04:15:00.000000Z
2026-07-14T04:15:00.000000Z,1781.780029296875,1786.9000244140625,1780.3299560546875,1785.469970703125,85391360,2026-07-14T04:30:00.000000Z
2026-07-14T04:30:00.000000Z,1785.5,1787.68994140625,1784.1300048828125,1784.1300048828125,23910400,2026-07-14T04:45:00.000000Z
2026-07-14T04:45:00.000000Z,1784.1300048828125,1784.699951171875,1782.4599609375,1783.72998046875,126841856,2026-07-14T05:00:00.000000Z
2026-07-14T05:00:00.000000Z,1783.510009765625,1790.6800537109375,1782.3399658203125,1787.989990234375,0,2026-07-14T05:15:00.000000Z
2026-07-14T05:15:00.000000Z,1788.260009765625,1789.81005859375,1786.3900146484375,1788.6300048828125,337035264,2026-07-14T05:30:00.000000Z
2026-07-14T05:30:00.000000Z,1789.22998046875,1790.0400390625,1783.0999755859375,1785.18994140625,181781504,2026-07-14T05:45:00.000000Z
2026-07-14T05:45:00.000000Z,1785.2099609375,1785.6800537109375,1784.22998046875,1784.8900146484375,224290816,2026-07-14T06:00:00.000000Z
2026-07-14T06:00:00.000000Z,1784.5799560546875,1785.1700439453125,1782.47998046875,1783.0899658203125,9262080,2026-07-14T06:15:00.000000Z
2026-07-14T06:15:00.000000Z,1783.1199951171875,1785.280029296875,1782.9000244140625,1783.489990234375,72902656,2026-07-14T06:30:00.000000Z
2026-07-14T06:30:00.000000Z,1783.5,1785.1600341796875,1781.2099609375,1782.3699951171875,19787776,2026-07-14T06:45:00.000000Z
2026-07-14T06:45:00.000000Z,1782.5,1782.530029296875,1779.75,1780.9100341796875,24613888,2026-07-14T07:00:00.000000Z
2026-07-14T07:00:00.000000Z,1780.4100341796875,1781.43994140625,1778.5999755859375,1779.9100341796875,0,2026-07-14T07:15:00.000000Z
2026-07-14T07:15:00.000000Z,1780.219970703125,1783.800048828125,1779.6099853515625,1783.3199462890625,90272768,2026-07-14T07:30:00.000000Z
2026-07-14T07:30:00.000000Z,1783.22998046875,1783.22998046875,1777.199951171875,1778.5999755859375,0,2026-07-14T07:45:00.000000Z
2026-07-14T07:45:00.000000Z,1778.4100341796875,1780.0999755859375,1776.93994140625,1778.6600341796875,20825088,2026-07-14T08:00:00.000000Z
2026-07-14T08:00:00.000000Z,1778.6099853515625,1780.4300537109375,1777.06005859375,1779.030029296875,74064896,2026-07-14T08:15:00.000000Z
2026-07-14T08:15:00.000000Z,1779.6300048828125,1785.719970703125,1779.510009765625,1784.6300048828125,14623744,2026-07-14T08:30:00.000000Z
2026-07-14T08:30:00.000000Z,1783.25,1787.77001953125,1782.719970703125,1785.52001953125,88006656,2026-07-14T08:45:00.000000Z
2026-07-14T08:45:00.000000Z,1785.6099853515625,1786.0899658203125,1782.3900146484375,1783.8900146484375,92698624,2026-07-14T09:00:00.000000Z
2026-07-14T09:00:00.000000Z,1783.6600341796875,1786.5400390625,1783.22998046875,1786.3599853515625,96027648,2026-07-14T09:15:00.000000Z
2026-07-14T09:15:00.000000Z,1786.1500244140625,1787.719970703125,1785,1785.93994140625,36110336,2026-07-14T09:30:00.000000Z
2026-07-14T09:30:00.000000Z,1785.8800048828125,1786.3199462890625,1780.81005859375,1783.31005859375,24375296,2026-07-14T09:45:00.000000Z
2026-07-14T09:45:00.000000Z,1783.1800537109375,1786.6500244140625,1782.3499755859375,1784.1099853515625,129659904,2026-07-14T10:00:00.000000Z
2026-07-14T10:00:00.000000Z,1784.3399658203125,1789.6800537109375,1784.06005859375,1788.0899658203125,118780928,2026-07-14T10:15:00.000000Z
2026-07-14T10:15:00.000000Z,1788.300048828125,1789.1099853515625,1785.93994140625,1786.4200439453125,75394048,2026-07-14T10:30:00.000000Z
2026-07-14T10:30:00.000000Z,1786.3599853515625,1793.4000244140625,1784.3299560546875,1792.47998046875,0,2026-07-14T10:45:00.000000Z
2026-07-14T10:45:00.000000Z,1792.25,1802.7099609375,1791.8900146484375,1798.3900146484375,269279232,2026-07-14T11:00:00.000000Z
2026-07-14T11:00:00.000000Z,1798.56005859375,1798.7099609375,1793.6300048828125,1796.7099609375,213700608,2026-07-14T11:15:00.000000Z
2026-07-14T11:15:00.000000Z,1796.5,1800.6099853515625,1794.8800048828125,1798.7900390625,134173696,2026-07-14T11:30:00.000000Z
2026-07-14T11:30:00.000000Z,1798.5999755859375,1799,1795.489990234375,1797.280029296875,66165760,2026-07-14T11:45:00.000000Z
2026-07-14T11:45:00.000000Z,1797.280029296875,1798.1099853515625,1795.68994140625,1795.9100341796875,201097216,2026-07-14T12:00:00.000000Z
2026-07-14T12:00:00.000000Z,1796.6700439453125,1796.9000244140625,1792.3800048828125,1793.9300537109375,0,2026-07-14T12:15:00.000000Z
2026-07-14T12:15:00.000000Z,1793.9300537109375,1805.18994140625,1793.0699462890625,1799.3900146484375,20419584,2026-07-14T12:30:00.000000Z
2026-07-14T12:30:00.000000Z,1805.7099609375,1828.6300048828125,1805.7099609375,1823.47998046875,798007296,2026-07-14T12:45:00.000000Z
2026-07-14T12:45:00.000000Z,1826.260009765625,1860.93994140625,1826.199951171875,1858.5899658203125,613386240,2026-07-14T13:00:00.000000Z
2026-07-14T13:00:00.000000Z,1861.06005859375,1863.7099609375,1853.260009765625,1856.8499755859375,554870784,2026-07-14T13:15:00.000000Z
2026-07-14T13:15:00.000000Z,1857.5999755859375,1880.699951171875,1855.6199951171875,1878.22998046875,428783616,2026-07-14T13:30:00.000000Z
2026-07-14T13:30:00.000000Z,1877.1800537109375,1877.68994140625,1866.469970703125,1868.780029296875,472058880,2026-07-14T13:45:00.000000Z
2026-07-14T13:45:00.000000Z,1869.0999755859375,1873.0799560546875,1863.550048828125,1869.780029296875,339521536,2026-07-14T14:00:00.000000Z
2026-07-14T14:00:00.000000Z,1869.3399658203125,1870.3900146484375,1859.77001953125,1867.3800048828125,64746496,2026-07-14T14:15:00.000000Z
2026-07-14T14:15:00.000000Z,1866.010009765625,1866.3499755859375,1858.6800537109375,1863.68994140625,193503232,2026-07-14T14:30:00.000000Z
2026-07-14T14:30:00.000000Z,1863.800048828125,1871.8199462890625,1862.0999755859375,1868.9599609375,42681344,2026-07-14T14:45:00.000000Z
2026-07-14T14:45:00.000000Z,1868.9200439453125,1880.77001953125,1867.9300537109375,1879.3800048828125,331451392,2026-07-14T15:00:00.000000Z
2026-07-14T15:00:00.000000Z,1880.280029296875,1880.280029296875,1873.760009765625,1876.8599853515625,204878848,2026-07-14T15:15:00.000000Z
2026-07-14T15:15:00.000000Z,1877.4200439453125,1882.6500244140625,1874.3499755859375,1882.0400390625,252016640,2026-07-14T15:30:00.000000Z
2026-07-14T15:30:00.000000Z,1881.93994140625,1885,1875.52001953125,1879.469970703125,335381504,2026-07-14T15:45:00.000000Z
2026-07-14T15:45:00.000000Z,1879.47998046875,1880.9000244140625,1871.6400146484375,1873.7099609375,55700480,2026-07-14T16:00:00.000000Z
2026-07-14T16:00:00.000000Z,1874.3399658203125,1875.9000244140625,1867.8699951171875,1871.469970703125,95376384,2026-07-14T16:15:00.000000Z
2026-07-14T16:15:00.000000Z,1871.1700439453125,1875.8900146484375,1869.4000244140625,1873.6500244140625,221826048,2026-07-14T16:30:00.000000Z
2026-07-14T16:30:00.000000Z,1873.5799560546875,1875.5999755859375,1872.1099853515625,1872.1099853515625,95184896,2026-07-14T16:45:00.000000Z
2026-07-14T16:45:00.000000Z,1872.1800537109375,1875.300048828125,1871.4000244140625,1872.449951171875,72820736,2026-07-14T17:00:00.000000Z
2026-07-14T17:00:00.000000Z,1872.6600341796875,1872.6600341796875,1861.449951171875,1866.77001953125,11980800,2026-07-14T17:15:00.000000Z
2026-07-14T17:15:00.000000Z,1866.9100341796875,1869.3800048828125,1863,1868.7900390625,362811392,2026-07-14T17:30:00.000000Z
2026-07-14T17:30:00.000000Z,1868.4599609375,1869.1500244140625,1864.72998046875,1868.02001953125,198122496,2026-07-14T17:45:00.000000Z
2026-07-14T17:45:00.000000Z,1867.7099609375,1871.9200439453125,1865.699951171875,1870.47998046875,116826112,2026-07-14T18:00:00.000000Z
2026-07-14T18:00:00.000000Z,1870.72998046875,1871.3699951171875,1868.31005859375,1868.9000244140625,0,2026-07-14T18:15:00.000000Z
2026-07-14T18:15:00.000000Z,1869.02001953125,1870.280029296875,1867.3299560546875,1869.3199462890625,2163712,2026-07-14T18:30:00.000000Z
2026-07-14T18:30:00.000000Z,1869.219970703125,1874.52001953125,1867.7099609375,1871.9100341796875,1348608,2026-07-14T18:45:00.000000Z
2026-07-14T18:45:00.000000Z,1872.3900146484375,1875.72998046875,1872.0400390625,1873.4000244140625,1063741440,2026-07-14T19:00:00.000000Z
2026-07-14T19:00:00.000000Z,1873.68994140625,1877.06005859375,1873.3599853515625,1876.5400390625,10128384,2026-07-14T19:15:00.000000Z
2026-07-14T19:15:00.000000Z,1876.4300537109375,1880.4200439453125,1874.1800537109375,1875.6300048828125,71869440,2026-07-14T19:30:00.000000Z
2026-07-14T19:30:00.000000Z,1874.1199951171875,1878.8399658203125,1874.02001953125,1878.6600341796875,153673728,2026-07-14T19:45:00.000000Z
2026-07-14T19:45:00.000000Z,1878.8299560546875,1880.0899658203125,1874.7900390625,1875.7099609375,71441408,2026-07-14T20:00:00.000000Z
2026-07-14T20:00:00.000000Z,1876.6700439453125,1877.8800048828125,1873.989990234375,1873.989990234375,195082240,2026-07-14T20:15:00.000000Z
2026-07-14T20:15:00.000000Z,1874.22998046875,1876.0999755859375,1873.760009765625,1875.0400390625,0,2026-07-14T20:30:00.000000Z
2026-07-14T20:30:00.000000Z,1875.219970703125,1876.1700439453125,1872.93994140625,1873.97998046875,41408512,2026-07-14T20:45:00.000000Z
2026-07-14T20:45:00.000000Z,1873.97998046875,1875.489990234375,1873.4599609375,1874.260009765625,12147712,2026-07-14T21:00:00.000000Z
2026-07-14T21:00:00.000000Z,1874.4100341796875,1877.3800048828125,1873.43994140625,1877.0699462890625,9399296,2026-07-14T21:15:00.000000Z
2026-07-14T21:15:00.000000Z,1877.239990234375,1878.5400390625,1875.3800048828125,1877.050048828125,189175808,2026-07-14T21:30:00.000000Z
2026-07-14T21:30:00.000000Z,1877.0400390625,1878.260009765625,1874.9000244140625,1875.6099853515625,39153664,2026-07-14T21:45:00.000000Z
2026-07-14T21:45:00.000000Z,1876.449951171875,1877.260009765625,1874.25,1875.469970703125,34571264,2026-07-14T22:00:00.000000Z
2026-07-14T22:00:00.000000Z,1875.5999755859375,1875.5999755859375,1870.9300537109375,1871.800048828125,3061760,2026-07-14T22:15:00.000000Z
2026-07-14T22:15:00.000000Z,1871.8800048828125,1883.5999755859375,1871.4599609375,1880.4000244140625,181555200,2026-07-14T22:30:00.000000Z
2026-07-14T22:30:00.000000Z,1880.5999755859375,1895,1880.06005859375,1886.1199951171875,338877440,2026-07-14T22:45:00.000000Z
2026-07-14T22:45:00.000000Z,1886.75,1887.6700439453125,1881,1881.18994140625,82000896,2026-07-14T23:00:00.000000Z
2026-07-14T23:00:00.000000Z,1880.800048828125,1887.02001953125,1877.7099609375,1885.3199462890625,21933056,2026-07-14T23:15:00.000000Z
2026-07-14T23:15:00.000000Z,1884.800048828125,1885.0799560546875,1882.8399658203125,1884.22998046875,206170112,2026-07-14T23:30:00.000000Z
2026-07-14T23:30:00.000000Z,1884.510009765625,1887.8900146484375,1883.4599609375,1887.6800537109375,0,2026-07-14T23:45:00.000000Z
2026-07-14T23:45:00.000000Z,1888.77001953125,1891.530029296875,1888.1099853515625,1890.5400390625,114419712,2026-07-15T00:00:00.000000Z
2026-07-15T00:00:00.000000Z,1891.25,1891.97998046875,1885.8199462890625,1886.0400390625,0,2026-07-15T00:15:00.000000Z
2026-07-15T00:15:00.000000Z,1886.300048828125,1886.760009765625,1878.0999755859375,1879.6300048828125,182960128,2026-07-15T00:30:00.000000Z
2026-07-15T00:30:00.000000Z,1879.6199951171875,1879.6199951171875,1876.97998046875,1878.1199951171875,34742272,2026-07-15T00:45:00.000000Z
2026-07-15T00:45:00.000000Z,1878.7900390625,1881.8199462890625,1878.5,1880.3800048828125,14967808,2026-07-15T01:00:00.000000Z
2026-07-15T01:00:00.000000Z,1880.780029296875,1880.780029296875,1873,1874.5400390625,0,2026-07-15T01:15:00.000000Z
2026-07-15T01:15:00.000000Z,1874.52001953125,1878.239990234375,1872.800048828125,1877.6199951171875,13819904,2026-07-15T01:30:00.000000Z
2026-07-15T01:30:00.000000Z,1877.6700439453125,1877.739990234375,1867.3299560546875,1868.969970703125,65085440,2026-07-15T01:45:00.000000Z
2026-07-15T01:45:00.000000Z,1869.1099853515625,1869.68994140625,1866.1600341796875,1869.1300048828125,109384704,2026-07-15T02:00:00.000000Z
2026-07-15T02:00:00.000000Z,1868.9000244140625,1871.3900146484375,1866.1800537109375,1869.969970703125,7513088,2026-07-15T02:15:00.000000Z
2026-07-15T02:15:00.000000Z,1870.02001953125,1870.02001953125,1863.4200439453125,1863.5,1807360,2026-07-15T02:30:00.000000Z
2026-07-15T02:30:00.000000Z,1863.530029296875,1866.300048828125,1863.530029296875,1865.5799560546875,60467200,2026-07-15T02:45:00.000000Z
2026-07-15T02:45:00.000000Z,1865.68994140625,1866.3299560546875,1863.2900390625,1863.52001953125,130092032,2026-07-15T03:00:00.000000Z
2026-07-15T03:00:00.000000Z,1863.52001953125,1869.3499755859375,1863.3900146484375,1868.6300048828125,21054464,2026-07-15T03:15:00.000000Z
2026-07-15T03:15:00.000000Z,1869,1869,1866.780029296875,1867.6600341796875,151605248,2026-07-15T03:30:00.000000Z
2026-07-15T03:30:00.000000Z,1867.5,1873.2900390625,1867.5,1871.4599609375,0,2026-07-15T03:45:00.000000Z
2026-07-15T03:45:00.000000Z,1871.43994140625,1877.6600341796875,1870.4000244140625,1874.93994140625,171393024,2026-07-15T04:00:00.000000Z
2026-07-15T04:00:00.000000Z,1874.7099609375,1878.3299560546875,1874.0799560546875,1875.5,201730048,2026-07-15T04:15:00.000000Z
2026-07-15T04:15:00.000000Z,1875.3699951171875,1876.6800537109375,1874.0699462890625,1874.0799560546875,49333248,2026-07-15T04:30:00.000000Z
2026-07-15T04:30:00.000000Z,1873.6500244140625,1877.0999755859375,1872.18994140625,1876.3399658203125,9012224,2026-07-15T04:45:00.000000Z
2026-07-15T04:45:00.000000Z,1876.6600341796875,1878.5699462890625,1873.72998046875,1874.969970703125,36422656,2026-07-15T05:00:00.000000Z
2026-07-15T05:00:00.000000Z,1875.5999755859375,1877.1300048828125,1870.5,1871.0999755859375,48527360,2026-07-15T05:15:00.000000Z
2026-07-15T05:15:00.000000Z,1870.9000244140625,1873.1400146484375,1870.8399658203125,1871.199951171875,118738944,2026-07-15T05:30:00.000000Z
2026-07-15T05:30:00.000000Z,1871.030029296875,1874.780029296875,1871.030029296875,1872.8499755859375,19068928,2026-07-15T05:45:00.000000Z
2026-07-15T05:45:00.000000Z,1872.7900390625,1881.699951171875,1872.550048828125,1880.9000244140625,18457600,2026-07-15T06:00:00.000000Z
2026-07-15T06:00:00.000000Z,1881.010009765625,1888.2900390625,1880.3699951171875,1887.52001953125,81469440,2026-07-15T06:15:00.000000Z
2026-07-15T06:15:00.000000Z,1887.5899658203125,1887.5899658203125,1884.0400390625,1884.510009765625,305666048,2026-07-15T06:30:00.000000Z
2026-07-15T06:30:00.000000Z,1884.75,1890.3900146484375,1882.97998046875,1884.06005859375,195314688,2026-07-15T06:45:00.000000Z
2026-07-15T06:45:00.000000Z,1883.9599609375,1884.239990234375,1874.52001953125,1874.7099609375,9647104,2026-07-15T07:00:00.000000Z
2026-07-15T07:00:00.000000Z,1874.75,1875.699951171875,1871.969970703125,1875.43994140625,355308544,2026-07-15T07:15:00.000000Z
2026-07-15T07:15:00.000000Z,1875.68994140625,1875.8900146484375,1863.510009765625,1864.699951171875,44770304,2026-07-15T07:30:00.000000Z
2026-07-15T07:30:00.000000Z,1864.8399658203125,1868.5999755859375,1864.3900146484375,1868.3800048828125,180003840,2026-07-15T07:45:00.000000Z
2026-07-15T07:45:00.000000Z,1868.8199462890625,1870.43994140625,1867.47998046875,1868.77001953125,133553152,2026-07-15T08:00:00.000000Z
2026-07-15T08:00:00.000000Z,1869.5,1873.489990234375,1868.9100341796875,1872.6400146484375,77871104,2026-07-15T08:15:00.000000Z
2026-07-15T08:15:00.000000Z,1872.530029296875,1873.97998046875,1871.219970703125,1873.0400390625,68867072,2026-07-15T08:30:00.000000Z
2026-07-15T08:30:00.000000Z,1873.260009765625,1876.43994140625,1871.989990234375,1876.43994140625,63118336,2026-07-15T08:45:00.000000Z
2026-07-15T08:45:00.000000Z,1876.5,1878.56005859375,1875.280029296875,1878.0400390625,1397760,2026-07-15T09:00:00.000000Z
2026-07-15T09:00:00.000000Z,1878.06005859375,1884.8800048828125,1878.06005859375,1881.780029296875,141616128,2026-07-15T09:15:00.000000Z
2026-07-15T09:15:00.000000Z,1881.77001953125,1885.3499755859375,1881.5,1881.699951171875,23736320,2026-07-15T09:30:00.000000Z
2026-07-15T09:30:00.000000Z,1881.699951171875,1881.7099609375,1878.25,1879.02001953125,411515904,2026-07-15T09:45:00.000000Z
2026-07-15T09:45:00.000000Z,1879.3499755859375,1881.75,1878.0999755859375,1878.5999755859375,45953024,2026-07-15T10:00:00.000000Z
2026-07-15T10:00:00.000000Z,1878.5899658203125,1884.5699462890625,1878.260009765625,1882.4599609375,0,2026-07-15T10:15:00.000000Z
2026-07-15T10:15:00.000000Z,1882.56005859375,1883.1600341796875,1874.280029296875,1875.280029296875,200228864,2026-07-15T10:30:00.000000Z
2026-07-15T10:30:00.000000Z,1875.47998046875,1877.4300537109375,1873.9100341796875,1876.3800048828125,170916864,2026-07-15T10:45:00.000000Z
2026-07-15T10:45:00.000000Z,1876.3599853515625,1878.5699462890625,1875.5400390625,1876.75,5298176,2026-07-15T11:00:00.000000Z
2026-07-15T11:00:00.000000Z,1876.739990234375,1880.8800048828125,1876.489990234375,1880.3800048828125,105728000,2026-07-15T11:15:00.000000Z
2026-07-15T11:15:00.000000Z,1881.030029296875,1881.050048828125,1876.5,1877.02001953125,0,2026-07-15T11:30:00.000000Z
2026-07-15T11:30:00.000000Z,1877.02001953125,1880.5400390625,1877.02001953125,1880.02001953125,119600128,2026-07-15T11:45:00.000000Z
2026-07-15T11:45:00.000000Z,1880.0699462890625,1884.3599853515625,1879.4200439453125,1883.0899658203125,168044544,2026-07-15T12:00:00.000000Z
2026-07-15T12:00:00.000000Z,1882.97998046875,1883.300048828125,1877.699951171875,1881.8599853515625,0,2026-07-15T12:15:00.000000Z
2026-07-15T12:15:00.000000Z,1883.1199951171875,1883.9000244140625,1878.5899658203125,1883.9000244140625,93310976,2026-07-15T12:30:00.000000Z
2026-07-15T12:30:00.000000Z,1886.800048828125,1894.6400146484375,1886.6400146484375,1891.199951171875,28534784,2026-07-15T12:45:00.000000Z
2026-07-15T12:45:00.000000Z,1891.1600341796875,1927.43994140625,1890.3599853515625,1925.6099853515625,8348672,2026-07-15T13:00:00.000000Z
2026-07-15T13:00:00.000000Z,1927.4000244140625,1942.5999755859375,1926.18994140625,1937.4599609375,313013248,2026-07-15T13:15:00.000000Z
2026-07-15T13:15:00.000000Z,1936.5,1944.300048828125,1930.8800048828125,1935.0400390625,0,2026-07-15T13:30:00.000000Z
2026-07-15T13:30:00.000000Z,1934.31005859375,1940.760009765625,1929.5999755859375,1932.449951171875,2350080,2026-07-15T13:45:00.000000Z
2026-07-15T13:45:00.000000Z,1931.8599853515625,1931.8599853515625,1915.4300537109375,1924.1099853515625,250199040,2026-07-15T14:00:00.000000Z
2026-07-15T14:00:00.000000Z,1925.1099853515625,1933.68994140625,1923.75,1927.6500244140625,0,2026-07-15T14:15:00.000000Z
2026-07-15T14:15:00.000000Z,1927.010009765625,1930.2900390625,1917.6600341796875,1927.280029296875,83061760,2026-07-15T14:30:00.000000Z
2026-07-15T14:30:00.000000Z,1928.010009765625,1932.9300537109375,1924.25,1926.2099609375,92801024,2026-07-15T14:45:00.000000Z
2026-07-15T14:45:00.000000Z,1926.1700439453125,1932.4000244140625,1923,1931.77001953125,95844352,2026-07-15T15:00:00.000000Z
2026-07-15T15:00:00.000000Z,1931.77001953125,1936,1927.2099609375,1928.699951171875,0,2026-07-15T15:15:00.000000Z
2026-07-15T15:15:00.000000Z,1928.72998046875,1930.8599853515625,1924.010009765625,1929.97998046875,643543040,2026-07-15T15:30:00.000000Z
2026-07-15T15:30:00.000000Z,1929.0699462890625,1934.4000244140625,1926.800048828125,1932.489990234375,97804288,2026-07-15T15:45:00.000000Z
2026-07-15T15:45:00.000000Z,1932.4300537109375,1934.47998046875,1928.8499755859375,1930,7779328,2026-07-15T16:00:00.000000Z
2026-07-15T16:00:00.000000Z,1930.52001953125,1930.81005859375,1917.02001953125,1917.02001953125,44648448,2026-07-15T16:15:00.000000Z
2026-07-15T16:15:00.000000Z,1916.8900146484375,1920.6600341796875,1913.1199951171875,1920.6600341796875,117872640,2026-07-15T16:30:00.000000Z
2026-07-15T16:30:00.000000Z,1920.5799560546875,1920.9300537109375,1902.6500244140625,1910.260009765625,82115584,2026-07-15T16:45:00.000000Z
2026-07-15T16:45:00.000000Z,1909.800048828125,1918.9300537109375,1909.010009765625,1917.6099853515625,270679040,2026-07-15T17:00:00.000000Z
2026-07-15T17:00:00.000000Z,1918.1800537109375,1923.199951171875,1918.1700439453125,1918.7099609375,22595584,2026-07-15T17:15:00.000000Z
2026-07-15T17:15:00.000000Z,1919.06005859375,1922.8699951171875,1918.8599853515625,1921.699951171875,53647360,2026-07-15T17:30:00.000000Z
2026-07-15T17:30:00.000000Z,1922.3599853515625,1924.5899658203125,1920.0999755859375,1923.6800537109375,33583104,2026-07-15T17:45:00.000000Z
2026-07-15T17:45:00.000000Z,1923.6500244140625,1929.0999755859375,1921.5799560546875,1926.6500244140625,17745920,2026-07-15T18:00:00.000000Z
2026-07-15T18:00:00.000000Z,1926.0799560546875,1935.3599853515625,1926.0799560546875,1933.9100341796875,191624192,2026-07-15T18:15:00.000000Z
2026-07-15T18:15:00.000000Z,1934.260009765625,1934.260009765625,1928.0999755859375,1929.9000244140625,152475648,2026-07-15T18:30:00.000000Z
2026-07-15T18:30:00.000000Z,1929.800048828125,1934,1926.93994140625,1926.93994140625,52622336,2026-07-15T18:45:00.000000Z
2026-07-15T18:45:00.000000Z,1926.56005859375,1928.300048828125,1921.27001953125,1922.9100341796875,75302912,2026-07-15T19:00:00.000000Z
2026-07-15T19:00:00.000000Z,1923.030029296875,1927.780029296875,1922.3499755859375,1925.25,24263680,2026-07-15T19:15:00.000000Z
2026-07-15T19:15:00.000000Z,1925.06005859375,1925.06005859375,1918.18994140625,1922.6300048828125,239639552,2026-07-15T19:30:00.000000Z
2026-07-15T19:30:00.000000Z,1923.1300048828125,1926.7099609375,1921.719970703125,1926.6300048828125,121671680,2026-07-15T19:45:00.000000Z
2026-07-15T19:45:00.000000Z,1926.3199462890625,1927.010009765625,1921.5799560546875,1922.1700439453125,41248768,2026-07-15T20:00:00.000000Z
2026-07-15T20:00:00.000000Z,1923.3499755859375,1923.3499755859375,1919.5,1921.719970703125,183715840,2026-07-15T20:15:00.000000Z
2026-07-15T20:15:00.000000Z,1921.72998046875,1926.06005859375,1921.699951171875,1925.5400390625,23501824,2026-07-15T20:30:00.000000Z
2026-07-15T20:30:00.000000Z,1925.77001953125,1929.1199951171875,1924.239990234375,1924.3499755859375,120153088,2026-07-15T20:45:00.000000Z
2026-07-15T20:45:00.000000Z,1924.3399658203125,1924.6400146484375,1922.469970703125,1922.469970703125,118959104,2026-07-15T21:00:00.000000Z
2026-07-15T21:00:00.000000Z,1922.469970703125,1924.81005859375,1920.5400390625,1922.5899658203125,0,2026-07-15T21:15:00.000000Z
2026-07-15T21:15:00.000000Z,1922.1300048828125,1924.56005859375,1921.5899658203125,1922.7900390625,115935232,2026-07-15T21:30:00.000000Z
2026-07-15T21:30:00.000000Z,1922.780029296875,1922.8199462890625,1918.77001953125,1919.3800048828125,0,2026-07-15T21:45:00.000000Z
2026-07-15T21:45:00.000000Z,1919.6099853515625,1921.25,1919.010009765625,1921.030029296875,132893696,2026-07-15T22:00:00.000000Z
2026-07-15T22:00:00.000000Z,1920.9599609375,1923.0999755859375,1917.1099853515625,1919.5,0,2026-07-15T22:15:00.000000Z
2026-07-15T22:15:00.000000Z,1919.1700439453125,1923.1199951171875,1918.1800537109375,1923.1199951171875,0,2026-07-15T22:30:00.000000Z
2026-07-15T22:30:00.000000Z,1923.0400390625,1925.1400146484375,1921.719970703125,1922.4200439453125,120795136,2026-07-15T22:45:00.000000Z
2026-07-15T22:45:00.000000Z,1922.280029296875,1925.3599853515625,1920.72998046875,1922.25,33444864,2026-07-15T23:00:00.000000Z
2026-07-15T23:00:00.000000Z,1922.239990234375,1925.9300537109375,1922.1600341796875,1924.22998046875,0,2026-07-15T23:15:00.000000Z
2026-07-15T23:15:00.000000Z,1923.93994140625,1924.3399658203125,1919.969970703125,1920.6600341796875,0,2026-07-15T23:30:00.000000Z
2026-07-15T23:30:00.000000Z,1920.6700439453125,1921.5799560546875,1914.22998046875,1914.760009765625,111411200,2026-07-15T23:45:00.000000Z
2026-07-15T23:45:00.000000Z,1914.3399658203125,1918.8199462890625,1914.1199951171875,1916.760009765625,7095296,2026-07-16T00:00:00.000000Z
2026-07-16T00:00:00.000000Z,1916.530029296875,1923.239990234375,1916.530029296875,1923.1400146484375,167014400,2026-07-16T00:15:00.000000Z
2026-07-16T00:15:00.000000Z,1923,1923.780029296875,1913.3499755859375,1914.449951171875,8491008,2026-07-16T00:30:00.000000Z
2026-07-16T00:30:00.000000Z,1915.010009765625,1916.2900390625,1910.5,1911.469970703125,13146112,2026-07-16T00:45:00.000000Z
2026-07-16T00:45:00.000000Z,1910.8800048828125,1917.18994140625,1910.31005859375,1913.5899658203125,40113152,2026-07-16T01:00:00.000000Z
2026-07-16T01:00:00.000000Z,1913.9200439453125,1917.0699462890625,1912.4300537109375,1913.1600341796875,11532288,2026-07-16T01:15:00.000000Z
2026-07-16T01:15:00.000000Z,1913.1700439453125,1915.5699462890625,1906.989990234375,1913.1400146484375,107072512,2026-07-16T01:30:00.000000Z
2026-07-16T01:30:00.000000Z,1913.449951171875,1920.27001953125,1913.1199951171875,1915.81005859375,107116544,2026-07-16T01:45:00.000000Z
2026-07-16T01:45:00.000000Z,1916.0799560546875,1924.81005859375,1915.699951171875,1921.4000244140625,164483072,2026-07-16T02:00:00.000000Z
2026-07-16T02:00:00.000000Z,1920.9599609375,1921.52001953125,1918.6700439453125,1919.300048828125,109404160,2026-07-16T02:15:00.000000Z
2026-07-16T02:15:00.000000Z,1919.300048828125,1922.260009765625,1917.75,1921,10841088,2026-07-16T02:30:00.000000Z
2026-07-16T02:30:00.000000Z,1920.9100341796875,1922.1400146484375,1919.2900390625,1920.510009765625,29754368,2026-07-16T02:45:00.000000Z
2026-07-16T02:45:00.000000Z,1920.699951171875,1924.949951171875,1920.510009765625,1923.8699951171875,50412544,2026-07-16T03:00:00.000000Z
2026-07-16T03:00:00.000000Z,1923.800048828125,1927.6700439453125,1922.31005859375,1925.3800048828125,0,2026-07-16T03:15:00.000000Z
2026-07-16T03:15:00.000000Z,1925.22998046875,1925.5400390625,1921.5999755859375,1924.050048828125,43421696,2026-07-16T03:30:00.000000Z
2026-07-16T03:30:00.000000Z,1923.780029296875,1925.3699951171875,1920.8199462890625,1921.3599853515625,133582848,2026-07-16T03:45:00.000000Z
2026-07-16T03:45:00.000000Z,1921.3599853515625,1921.3699951171875,1915.5699462890625,1917.47998046875,2420736,2026-07-16T04:00:00.000000Z
2026-07-16T04:00:00.000000Z,1917.18994140625,1919.6099853515625,1914.81005859375,1918.4000244140625,69245952,2026-07-16T04:15:00.000000Z
2026-07-16T04:15:00.000000Z,1918.3900146484375,1918.3900146484375,1912.7900390625,1917.68994140625,104095744,2026-07-16T04:30:00.000000Z
2026-07-16T04:30:00.000000Z,1917.6700439453125,1919.199951171875,1916.3199462890625,1918.1300048828125,275562496,2026-07-16T04:45:00.000000Z
2026-07-16T04:45:00.000000Z,1918.1300048828125,1918.47998046875,1916.239990234375,1916.3900146484375,19712000,2026-07-16T05:00:00.000000Z
2026-07-16T05:00:00.000000Z,1916.8900146484375,1920.1099853515625,1915.75,1920.1099853515625,0,2026-07-16T05:15:00.000000Z
2026-07-16T05:15:00.000000Z,1919.8499755859375,1924.8399658203125,1919.739990234375,1923.969970703125,22202368,2026-07-16T05:30:00.000000Z
2026-07-16T05:30:00.000000Z,1924.31005859375,1925.9200439453125,1920.2900390625,1923.760009765625,143158272,2026-07-16T05:45:00.000000Z
2026-07-16T05:45:00.000000Z,1923.760009765625,1924.6600341796875,1922.9100341796875,1924.22998046875,0,2026-07-16T06:00:00.000000Z
2026-07-16T06:00:00.000000Z,1923.9100341796875,1927.3199462890625,1922,1922.989990234375,33750016,2026-07-16T06:15:00.000000Z
2026-07-16T06:15:00.000000Z,1923.239990234375,1924.7900390625,1920.3900146484375,1921.1400146484375,158131200,2026-07-16T06:30:00.000000Z
2026-07-16T06:30:00.000000Z,1921.0400390625,1921.1400146484375,1914.3499755859375,1918.030029296875,0,2026-07-16T06:45:00.000000Z
2026-07-16T06:45:00.000000Z,1917.800048828125,1921.3699951171875,1916.989990234375,1921.1600341796875,79882240,2026-07-16T07:00:00.000000Z
2026-07-16T07:00:00.000000Z,1921.1500244140625,1921.18994140625,1918.52001953125,1919.280029296875,38951936,2026-07-16T07:15:00.000000Z
2026-07-16T07:15:00.000000Z,1919.199951171875,1919.199951171875,1915.3599853515625,1915.8399658203125,0,2026-07-16T07:30:00.000000Z
2026-07-16T07:30:00.000000Z,1915.8900146484375,1915.8900146484375,1904.260009765625,1905.3699951171875,182640640,2026-07-16T07:45:00.000000Z
2026-07-16T07:45:00.000000Z,1905.5999755859375,1909.1199951171875,1903.7099609375,1908.8800048828125,173841408,2026-07-16T08:00:00.000000Z
2026-07-16T08:00:00.000000Z,1908.9000244140625,1911.1199951171875,1883.6199951171875,1883.6199951171875,49039360,2026-07-16T08:15:00.000000Z
2026-07-16T08:15:00.000000Z,1884.800048828125,1890.22998046875,1875,1890.22998046875,628000768,2026-07-16T08:30:00.000000Z
2026-07-16T08:30:00.000000Z,1890.5999755859375,1894.6099853515625,1887.719970703125,1888.4000244140625,315059200,2026-07-16T08:45:00.000000Z
2026-07-16T08:45:00.000000Z,1887.969970703125,1890.7900390625,1880.1600341796875,1884.8199462890625,307759104,2026-07-16T09:00:00.000000Z
2026-07-16T09:00:00.000000Z,1884.9300537109375,1887.699951171875,1883.3900146484375,1884.5999755859375,41913344,2026-07-16T09:15:00.000000Z
2026-07-16T09:15:00.000000Z,1884.6500244140625,1886.050048828125,1880.9000244140625,1881.52001953125,141003776,2026-07-16T09:30:00.000000Z
2026-07-16T09:30:00.000000Z,1880.25,1884.199951171875,1879.8699951171875,1882.6500244140625,126725120,2026-07-16T09:45:00.000000Z
2026-07-16T09:45:00.000000Z,1882.3199462890625,1884.510009765625,1881.2900390625,1882.93994140625,52392960,2026-07-16T10:00:00.000000Z
2026-07-16T10:00:00.000000Z,1883.4100341796875,1887.1500244140625,1882.3299560546875,1884.969970703125,20669440,2026-07-16T10:15:00.000000Z
2026-07-16T10:15:00.000000Z,1884.8599853515625,1887.8399658203125,1884.5400390625,1887.3499755859375,110500864,2026-07-16T10:30:00.000000Z
2026-07-16T10:30:00.000000Z,1887.3699951171875,1889.989990234375,1886.530029296875,1886.719970703125,132070400,2026-07-16T10:45:00.000000Z
2026-07-16T10:45:00.000000Z,1886.5699462890625,1887.3900146484375,1884.780029296875,1886.989990234375,0,2026-07-16T11:00:00.000000Z
2026-07-16T11:00:00.000000Z,1886.989990234375,1886.989990234375,1883.47998046875,1884.719970703125,26407936,2026-07-16T11:15:00.000000Z
2026-07-16T11:15:00.000000Z,1885.1700439453125,1886.8900146484375,1881.1300048828125,1881.5699462890625,162131968,2026-07-16T11:30:00.000000Z
2026-07-16T11:30:00.000000Z,1881.7099609375,1886.1700439453125,1881.0799560546875,1885.9100341796875,166593536,2026-07-16T11:45:00.000000Z
2026-07-16T11:45:00.000000Z,1885.4000244140625,1885.5699462890625,1877.699951171875,1883.780029296875,60756992,2026-07-16T12:00:00.000000Z
2026-07-16T12:00:00.000000Z,1883.5400390625,1883.760009765625,1877.1500244140625,1879.47998046875,45521920,2026-07-16T12:15:00.000000Z
2026-07-16T12:15:00.000000Z,1879.1600341796875,1881.3800048828125,1877.280029296875,1881.3800048828125,158687232,2026-07-16T12:30:00.000000Z
2026-07-16T12:30:00.000000Z,1881.9100341796875,1881.9100341796875,1866.25,1868.8599853515625,0,2026-07-16T12:45:00.000000Z
2026-07-16T12:45:00.000000Z,1869.1099853515625,1874.219970703125,1868.3399658203125,1871.2900390625,9551872,2026-07-16T13:00:00.000000Z
2026-07-16T13:00:00.000000Z,1870.989990234375,1874.699951171875,1869.6800537109375,1874,0,2026-07-16T13:15:00.000000Z
2026-07-16T13:15:00.000000Z,1874.4100341796875,1882.760009765625,1873.7099609375,1882.43994140625,0,2026-07-16T13:30:00.000000Z
2026-07-16T13:30:00.000000Z,1883.93994140625,1888.5899658203125,1875.5699462890625,1875.5699462890625,0,2026-07-16T13:45:00.000000Z
2026-07-16T13:45:00.000000Z,1876.719970703125,1882.18994140625,1873.8699951171875,1880.5,42414080,2026-07-16T14:00:00.000000Z
2026-07-16T14:00:00.000000Z,1880.3599853515625,1891.199951171875,1880.3599853515625,1887.199951171875,0,2026-07-16T14:15:00.000000Z
2026-07-16T14:15:00.000000Z,1886.81005859375,1889.9599609375,1882.3299560546875,1885.8399658203125,281848832,2026-07-16T14:30:00.000000Z
2026-07-16T14:30:00.000000Z,1885.9599609375,1889.4000244140625,1883.739990234375,1886.8399658203125,0,2026-07-16T14:45:00.000000Z
2026-07-16T14:45:00.000000Z,1886.489990234375,1887.27001953125,1872.9599609375,1881.5699462890625,120016896,2026-07-16T15:00:00.000000Z
2026-07-16T15:00:00.000000Z,1881.449951171875,1881.449951171875,1869.47998046875,1871.719970703125,130923520,2026-07-16T15:15:00.000000Z
2026-07-16T15:15:00.000000Z,1873.0799560546875,1891.949951171875,1870.81005859375,1890.02001953125,161355776,2026-07-16T15:30:00.000000Z
2026-07-16T15:30:00.000000Z,1889.510009765625,1889.510009765625,1880.530029296875,1880.8299560546875,24255488,2026-07-16T15:45:00.000000Z
2026-07-16T15:45:00.000000Z,1880.8399658203125,1884.25,1876.6099853515625,1880.300048828125,326607872,2026-07-16T16:00:00.000000Z
2026-07-16T16:00:00.000000Z,1880.1300048828125,1880.1300048828125,1874.1700439453125,1875.719970703125,0,2026-07-16T16:15:00.000000Z
2026-07-16T16:15:00.000000Z,1875.239990234375,1879.3499755859375,1873.1600341796875,1878.4200439453125,348160,2026-07-16T16:30:00.000000Z
2026-07-16T16:30:00.000000Z,1879,1881.6600341796875,1874.18994140625,1874.5899658203125,0,2026-07-16T16:45:00.000000Z
2026-07-16T16:45:00.000000Z,1874.719970703125,1879.449951171875,1873.4200439453125,1877.489990234375,177350656,2026-07-16T17:00:00.000000Z
2026-07-16T17:00:00.000000Z,1877.3800048828125,1877.6800537109375,1867.3399658203125,1867.4000244140625,61413376,2026-07-16T17:15:00.000000Z
2026-07-16T17:15:00.000000Z,1867.8299560546875,1872.8599853515625,1862.1500244140625,1870.4000244140625,172963840,2026-07-16T17:30:00.000000Z
2026-07-16T17:30:00.000000Z,1870.4100341796875,1873.56005859375,1868.219970703125,1868.989990234375,131980288,2026-07-16T17:45:00.000000Z
2026-07-16T17:45:00.000000Z,1869.06005859375,1869.52001953125,1863.0899658203125,1867.6600341796875,0,2026-07-16T18:00:00.000000Z
2026-07-16T18:00:00.000000Z,1867.6800537109375,1874.510009765625,1866.9200439453125,1872.9200439453125,0,2026-07-16T18:15:00.000000Z
2026-07-16T18:15:00.000000Z,1872.760009765625,1877.9100341796875,1872.47998046875,1874,75787264,2026-07-16T18:30:00.000000Z
2026-07-16T18:30:00.000000Z,1873.75,1875.3199462890625,1870.0899658203125,1872.2099609375,0,2026-07-16T18:45:00.000000Z
2026-07-16T18:45:00.000000Z,1872.030029296875,1876.31005859375,1871.780029296875,1874.280029296875,0,2026-07-16T19:00:00.000000Z
2026-07-16T19:00:00.000000Z,1874.6800537109375,1876.43994140625,1871.8599853515625,1872.0999755859375,47641600,2026-07-16T19:15:00.000000Z
2026-07-16T19:15:00.000000Z,1872.43994140625,1874.56005859375,1869.8299560546875,1873.1099853515625,0,2026-07-16T19:30:00.000000Z
2026-07-16T19:30:00.000000Z,1872.3199462890625,1874.699951171875,1871.3199462890625,1871.75,0,2026-07-16T19:45:00.000000Z
2026-07-16T19:45:00.000000Z,1871.47998046875,1874.8199462890625,1869.550048828125,1874.0999755859375,20824064,2026-07-16T20:00:00.000000Z
2026-07-16T20:00:00.000000Z,1873.2900390625,1874.3399658203125,1871.1099853515625,1871.239990234375,99743744,2026-07-16T20:15:00.000000Z
2026-07-16T20:15:00.000000Z,1871.1800537109375,1873.949951171875,1869.8399658203125,1871.9000244140625,0,2026-07-16T20:30:00.000000Z
2026-07-16T20:30:00.000000Z,1871.8800048828125,1873.1700439453125,1870.300048828125,1871.3499755859375,55817216,2026-07-16T20:45:00.000000Z
2026-07-16T20:45:00.000000Z,1871.3399658203125,1872.489990234375,1870.199951171875,1870.199951171875,86372352,2026-07-16T21:00:00.000000Z
2026-07-16T21:00:00.000000Z,1870.010009765625,1876.3699951171875,1870.010009765625,1874.1400146484375,12992512,2026-07-16T21:15:00.000000Z
2026-07-16T21:15:00.000000Z,1874.52001953125,1877.8900146484375,1874,1876.050048828125,107920384,2026-07-16T21:30:00.000000Z
2026-07-16T21:30:00.000000Z,1875.8399658203125,1879.449951171875,1875.2900390625,1877.449951171875,84468736,2026-07-16T21:45:00.000000Z
2026-07-16T21:45:00.000000Z,1877.489990234375,1878.030029296875,1875.7099609375,1877.1099853515625,7205888,2026-07-16T22:00:00.000000Z
2026-07-16T22:00:00.000000Z,1877.5799560546875,1879.9300537109375,1877.5799560546875,1878.6800537109375,90782720,2026-07-16T22:15:00.000000Z
2026-07-16T22:15:00.000000Z,1878.3699951171875,1878.3699951171875,1872.1099853515625,1872.719970703125,3877888,2026-07-16T22:30:00.000000Z
2026-07-16T22:30:00.000000Z,1873.06005859375,1875.1600341796875,1869,1870.199951171875,47276032,2026-07-16T22:45:00.000000Z
2026-07-16T22:45:00.000000Z,1870.199951171875,1871.489990234375,1866.9300537109375,1867.5799560546875,299466752,2026-07-16T23:00:00.000000Z
2026-07-16T23:00:00.000000Z,1866.9300537109375,1869.0999755859375,1863.699951171875,1865.510009765625,149931008,2026-07-16T23:15:00.000000Z
2026-07-16T23:15:00.000000Z,1865.43994140625,1865.43994140625,1856.02001953125,1859.93994140625,143739904,2026-07-16T23:30:00.000000Z
2026-07-16T23:30:00.000000Z,1859.6500244140625,1861.989990234375,1856.989990234375,1861.4000244140625,77478912,2026-07-16T23:45:00.000000Z
2026-07-16T23:45:00.000000Z,1861.43994140625,1864.8699951171875,1859.9000244140625,1863.1800537109375,31014912,2026-07-17T00:00:00.000000Z
2026-07-17T00:00:00.000000Z,1863.0699462890625,1864.9000244140625,1859.47998046875,1861.0899658203125,83039232,2026-07-17T00:15:00.000000Z
2026-07-17T00:15:00.000000Z,1861.199951171875,1865.0899658203125,1858.25,1859.5899658203125,20948992,2026-07-17T00:30:00.000000Z
2026-07-17T00:30:00.000000Z,1859.1300048828125,1859.18994140625,1848.1600341796875,1856.8599853515625,216597504,2026-07-17T00:45:00.000000Z
2026-07-17T00:45:00.000000Z,1857,1864.3699951171875,1857,1864.260009765625,94876672,2026-07-17T01:00:00.000000Z
2026-07-17T01:00:00.000000Z,1864.4100341796875,1869.31005859375,1863.800048828125,1866.56005859375,79179776,2026-07-17T01:15:00.000000Z
2026-07-17T01:15:00.000000Z,1866.81005859375,1867.5799560546875,1858.4300537109375,1862.0799560546875,60405760,2026-07-17T01:30:00.000000Z
2026-07-17T01:30:00.000000Z,1862.800048828125,1862.800048828125,1854.199951171875,1854.280029296875,17984512,2026-07-17T01:45:00.000000Z
2026-07-17T01:45:00.000000Z,1852.949951171875,1854.219970703125,1846.5999755859375,1849.75,285707264,2026-07-17T02:00:00.000000Z
2026-07-17T02:00:00.000000Z,1848.9100341796875,1852.68994140625,1843.7099609375,1852.1500244140625,296609792,2026-07-17T02:15:00.000000Z
2026-07-17T02:15:00.000000Z,1851.8499755859375,1853.8800048828125,1847.4000244140625,1849.8499755859375,99168256,2026-07-17T02:30:00.000000Z
2026-07-17T02:30:00.000000Z,1848.800048828125,1850.489990234375,1841.9000244140625,1844.7099609375,70956032,2026-07-17T02:45:00.000000Z
2026-07-17T02:45:00.000000Z,1844.949951171875,1847.4000244140625,1842.6400146484375,1846.5400390625,106115072,2026-07-17T03:00:00.000000Z
2026-07-17T03:00:00.000000Z,1846.760009765625,1853,1845.56005859375,1852.6199951171875,0,2026-07-17T03:15:00.000000Z
2026-07-17T03:15:00.000000Z,1852.2900390625,1857.6700439453125,1852.0699462890625,1856.4599609375,151982080,2026-07-17T03:30:00.000000Z
2026-07-17T03:30:00.000000Z,1856.3599853515625,1857.06005859375,1852.6600341796875,1853.5,10926080,2026-07-17T03:45:00.000000Z
2026-07-17T03:45:00.000000Z,1853.5,1853.5,1849.699951171875,1850.9100341796875,0,2026-07-17T04:00:00.000000Z
2026-07-17T04:00:00.000000Z,1850.8499755859375,1851.0799560546875,1847.8499755859375,1848.31005859375,13922304,2026-07-17T04:15:00.000000Z
2026-07-17T04:15:00.000000Z,1848.2099609375,1849.6500244140625,1842.4200439453125,1845.550048828125,44362752,2026-07-17T04:30:00.000000Z
2026-07-17T04:30:00.000000Z,1845.469970703125,1848.469970703125,1842.489990234375,1847.199951171875,121763840,2026-07-17T04:45:00.000000Z
2026-07-17T04:45:00.000000Z,1847.1800537109375,1851.0799560546875,1847.1800537109375,1848.6600341796875,112964608,2026-07-17T05:00:00.000000Z
2026-07-17T05:00:00.000000Z,1847.780029296875,1847.780029296875,1842.8299560546875,1846.1600341796875,8807424,2026-07-17T05:15:00.000000Z
2026-07-17T05:15:00.000000Z,1846.1600341796875,1846.47998046875,1835.8800048828125,1835.8800048828125,20292608,2026-07-17T05:30:00.000000Z
2026-07-17T05:30:00.000000Z,1836.1199951171875,1837.8499755859375,1830.1500244140625,1830.9100341796875,355869696,2026-07-17T05:45:00.000000Z
2026-07-17T05:45:00.000000Z,1830.56005859375,1830.8599853515625,1820.030029296875,1822.219970703125,193435648,2026-07-17T06:00:00.000000Z
2026-07-17T06:00:00.000000Z,1821.8199462890625,1828.4200439453125,1820.1700439453125,1825.4599609375,167611392,2026-07-17T06:15:00.000000Z
2026-07-17T06:15:00.000000Z,1825.449951171875,1833.1700439453125,1824.0999755859375,1832.9000244140625,2457600,2026-07-17T06:30:00.000000Z
2026-07-17T06:30:00.000000Z,1832.4100341796875,1834.56005859375,1830.4599609375,1830.9100341796875,257893376,2026-07-17T06:45:00.000000Z
2026-07-17T06:45:00.000000Z,1830.52001953125,1831.7099609375,1828.530029296875,1830.449951171875,6970368,2026-07-17T07:00:00.000000Z
2026-07-17T07:00:00.000000Z,1830.2900390625,1830.9599609375,1827.300048828125,1828.25,194523136,2026-07-17T07:15:00.000000Z
2026-07-17T07:15:00.000000Z,1828.2900390625,1830.3499755859375,1825.5999755859375,1830,25785344,2026-07-17T07:30:00.000000Z
2026-07-17T07:30:00.000000Z,1829.8499755859375,1831.6400146484375,1824.5999755859375,1828.199951171875,89082880,2026-07-17T07:45:00.000000Z
2026-07-17T07:45:00.000000Z,1828.199951171875,1829.4100341796875,1825.800048828125,1826.449951171875,282587136,2026-07-17T08:00:00.000000Z
2026-07-17T08:00:00.000000Z,1826.6500244140625,1829.030029296875,1826,1828.3199462890625,0,2026-07-17T08:15:00.000000Z
2026-07-17T08:15:00.000000Z,1828.1600341796875,1828.199951171875,1822.3199462890625,1823.43994140625,9579520,2026-07-17T08:30:00.000000Z
2026-07-17T08:30:00.000000Z,1823.260009765625,1826.1099853515625,1819.43994140625,1826.1099853515625,0,2026-07-17T08:45:00.000000Z
2026-07-17T08:45:00.000000Z,1826.1099853515625,1830.6700439453125,1826.1099853515625,1828.1700439453125,37999616,2026-07-17T09:00:00.000000Z
2026-07-17T09:00:00.000000Z,1828.219970703125,1830.93994140625,1827.3599853515625,1830.77001953125,138089472,2026-07-17T09:15:00.000000Z
2026-07-17T09:15:00.000000Z,1830.760009765625,1830.9300537109375,1827.8699951171875,1829.8800048828125,0,2026-07-17T09:30:00.000000Z
2026-07-17T09:30:00.000000Z,1830,1833.4599609375,1829.06005859375,1833.4599609375,46512128,2026-07-17T09:45:00.000000Z
2026-07-17T09:45:00.000000Z,1833.4599609375,1834.199951171875,1830.6700439453125,1833.1300048828125,54452224,2026-07-17T10:00:00.000000Z
2026-07-17T10:00:00.000000Z,1833.0999755859375,1837.3800048828125,1832.22998046875,1836.8299560546875,31843328,2026-07-17T10:15:00.000000Z
2026-07-17T10:15:00.000000Z,1836.81005859375,1838.18994140625,1834.7099609375,1836.010009765625,165420032,2026-07-17T10:30:00.000000Z
2026-07-17T10:30:00.000000Z,1835.8299560546875,1837.800048828125,1835.050048828125,1836.9599609375,0,2026-07-17T10:45:00.000000Z
2026-07-17T10:45:00.000000Z,1836.969970703125,1837.199951171875,1835.050048828125,1835.1700439453125,72741888,2026-07-17T11:00:00.000000Z
2026-07-17T11:00:00.000000Z,1835.199951171875,1836.530029296875,1832.72998046875,1832.72998046875,0,2026-07-17T11:15:00.000000Z
2026-07-17T11:15:00.000000Z,1832.77001953125,1835.1600341796875,1831.5400390625,1834.77001953125,0,2026-07-17T11:30:00.000000Z
2026-07-17T11:30:00.000000Z,1834.77001953125,1840.719970703125,1833.4300537109375,1840.280029296875,54671360,2026-07-17T11:45:00.000000Z
2026-07-17T11:45:00.000000Z,1840.0899658203125,1841.1800537109375,1837.1500244140625,1837.4200439453125,85311488,2026-07-17T12:00:00.000000Z
2026-07-17T12:00:00.000000Z,1837.550048828125,1838.3599853515625,1833.97998046875,1834.3299560546875,69163008,2026-07-17T12:15:00.000000Z
2026-07-17T12:15:00.000000Z,1835,1835.5,1831.1500244140625,1832.1300048828125,40053760,2026-07-17T12:30:00.000000Z
2026-07-17T12:30:00.000000Z,1832.300048828125,1833.1300048828125,1826.6099853515625,1827.68994140625,74437632,2026-07-17T12:45:00.000000Z
2026-07-17T12:45:00.000000Z,1827.8399658203125,1829.3299560546875,1825.6800537109375,1826.77001953125,69024768,2026-07-17T13:00:00.000000Z
2026-07-17T13:00:00.000000Z,1826.8800048828125,1827.4599609375,1806.6700439453125,1812.1400146484375,160656384,2026-07-17T13:15:00.000000Z
2026-07-17T13:15:00.000000Z,1812.3599853515625,1817.010009765625,1811.22998046875,1814.280029296875,179204096,2026-07-17T13:30:00.000000Z
2026-07-17T13:30:00.000000Z,1814.5799560546875,1816.800048828125,1802.0899658203125,1805.18994140625,111326208,2026-07-17T13:45:00.000000Z
2026-07-17T13:45:00.000000Z,1805.56005859375,1825.0699462890625,1804.1800537109375,1823.3299560546875,2766848,2026-07-17T14:00:00.000000Z
2026-07-17T14:00:00.000000Z,1823.4599609375,1832.0899658203125,1821.5999755859375,1827.8199462890625,53059584,2026-07-17T14:15:00.000000Z
2026-07-17T14:15:00.000000Z,1827.760009765625,1831.489990234375,1820.4000244140625,1821.8900146484375,55653376,2026-07-17T14:30:00.000000Z
2026-07-17T14:30:00.000000Z,1821.47998046875,1825.5,1815.6500244140625,1820.0899658203125,62970880,2026-07-17T14:45:00.000000Z
2026-07-17T14:45:00.000000Z,1819.9300537109375,1822.9599609375,1815.8399658203125,1820.530029296875,110200832,2026-07-17T15:00:00.000000Z
2026-07-17T15:00:00.000000Z,1820.6099853515625,1820.6099853515625,1809.47998046875,1812.300048828125,104130560,2026-07-17T15:15:00.000000Z
2026-07-17T15:15:00.000000Z,1811.8800048828125,1820.199951171875,1810.97998046875,1820.0899658203125,0,2026-07-17T15:30:00.000000Z
2026-07-17T15:30:00.000000Z,1820.5999755859375,1824.7099609375,1815.68994140625,1822.3900146484375,111805440,2026-07-17T15:45:00.000000Z
2026-07-17T15:45:00.000000Z,1822.0400390625,1829.8599853515625,1821.010009765625,1829.3599853515625,122164224,2026-07-17T16:00:00.000000Z
2026-07-17T16:00:00.000000Z,1828.81005859375,1833.280029296875,1825.1199951171875,1830.280029296875,100914176,2026-07-17T16:15:00.000000Z
2026-07-17T16:15:00.000000Z,1830.280029296875,1835.3299560546875,1829.1600341796875,1834.3199462890625,127710208,2026-07-17T16:30:00.000000Z
2026-07-17T16:30:00.000000Z,1833.9599609375,1836.8399658203125,1831.0899658203125,1836.7099609375,3241984,2026-07-17T16:45:00.000000Z
2026-07-17T16:45:00.000000Z,1837.3499755859375,1839.1500244140625,1834.199951171875,1834.8499755859375,16915456,2026-07-17T17:00:00.000000Z
2026-07-17T17:00:00.000000Z,1835.530029296875,1855.18994140625,1835.52001953125,1845.699951171875,99172352,2026-07-17T17:15:00.000000Z
2026-07-17T17:15:00.000000Z,1845.050048828125,1847.9200439453125,1841.8900146484375,1845.469970703125,130405376,2026-07-17T17:30:00.000000Z
2026-07-17T17:30:00.000000Z,1844.6400146484375,1846.989990234375,1841.8800048828125,1843.449951171875,121324544,2026-07-17T17:45:00.000000Z
2026-07-17T17:45:00.000000Z,1843.219970703125,1846.8599853515625,1841.43994140625,1842.6300048828125,182363136,2026-07-17T18:00:00.000000Z
2026-07-17T18:00:00.000000Z,1842.6700439453125,1843.1500244140625,1839.489990234375,1841.7099609375,0,2026-07-17T18:15:00.000000Z
2026-07-17T18:15:00.000000Z,1841.5799560546875,1841.5799560546875,1833.8699951171875,1836.0400390625,19152896,2026-07-17T18:30:00.000000Z
2026-07-17T18:30:00.000000Z,1835.949951171875,1842.1199951171875,1835.949951171875,1842.1199951171875,19440640,2026-07-17T18:45:00.000000Z
2026-07-17T18:45:00.000000Z,1841.7900390625,1848.68994140625,1841.7900390625,1845.97998046875,67928064,2026-07-17T19:00:00.000000Z
2026-07-17T19:00:00.000000Z,1845.5799560546875,1846.030029296875,1839.1199951171875,1839.1199951171875,78739456,2026-07-17T19:15:00.000000Z
2026-07-17T19:15:00.000000Z,1838.739990234375,1840.010009765625,1835.02001953125,1840.010009765625,133420032,2026-07-17T19:30:00.000000Z
2026-07-17T19:30:00.000000Z,1840.3299560546875,1844.280029296875,1839.260009765625,1844.1199951171875,28473344,2026-07-17T19:45:00.000000Z
2026-07-17T19:45:00.000000Z,1844.18994140625,1844.989990234375,1841.6099853515625,1842.199951171875,136481792,2026-07-17T20:00:00.000000Z
2026-07-17T20:00:00.000000Z,1841.949951171875,1841.949951171875,1836.1800537109375,1837.9300537109375,0,2026-07-17T20:15:00.000000Z
2026-07-17T20:15:00.000000Z,1837.6800537109375,1840.5999755859375,1837.3199462890625,1839.7900390625,90506240,2026-07-17T20:30:00.000000Z
2026-07-17T20:30:00.000000Z,1839.260009765625,1840.8699951171875,1837.0400390625,1840.8699951171875,118269952,2026-07-17T20:45:00.000000Z
2026-07-17T20:45:00.000000Z,1841.02001953125,1845.280029296875,1840.27001953125,1841.739990234375,11586560,2026-07-17T21:00:00.000000Z
2026-07-17T21:00:00.000000Z,1841.6300048828125,1844.699951171875,1841.6300048828125,1843.7099609375,59136000,2026-07-17T21:15:00.000000Z
2026-07-17T21:15:00.000000Z,1843.699951171875,1845.5999755859375,1843.199951171875,1843.9200439453125,7446528,2026-07-17T21:30:00.000000Z
2026-07-17T21:30:00.000000Z,1843.9000244140625,1843.9000244140625,1840.050048828125,1841.050048828125,33719296,2026-07-17T21:45:00.000000Z
2026-07-17T21:45:00.000000Z,1841.050048828125,1841.8299560546875,1839.8199462890625,1840.43994140625,26119168,2026-07-17T22:00:00.000000Z
2026-07-17T22:00:00.000000Z,1840.7900390625,1842.6800537109375,1839.260009765625,1840.8900146484375,14044160,2026-07-17T22:15:00.000000Z
2026-07-17T22:15:00.000000Z,1840.6800537109375,1840.6800537109375,1837.5999755859375,1838,25740288,2026-07-17T22:30:00.000000Z
2026-07-17T22:30:00.000000Z,1838,1839.0400390625,1836.8199462890625,1836.8399658203125,111716352,2026-07-17T22:45:00.000000Z
2026-07-17T22:45:00.000000Z,1836.8199462890625,1838.8699951171875,1836.25,1838.6300048828125,0,2026-07-17T23:00:00.000000Z
2026-07-17T23:00:00.000000Z,1838.6500244140625,1838.6500244140625,1834,1835.6600341796875,0,2026-07-17T23:15:00.000000Z
2026-07-17T23:15:00.000000Z,1835.5400390625,1839.9300537109375,1835.5400390625,1839.9300537109375,56509440,2026-07-17T23:30:00.000000Z
2026-07-17T23:30:00.000000Z,1840.1199951171875,1843.2900390625,1840,1842.06005859375,27370496,2026-07-17T23:45:00.000000Z
2026-07-17T23:45:00.000000Z,1841,1842.530029296875,1840.5400390625,1840.739990234375,14781440,2026-07-18T00:00:00.000000Z
2026-07-18T00:00:00.000000Z,1840.9300537109375,1842.52001953125,1838.8900146484375,1842.1400146484375,69673984,2026-07-18T00:15:00.000000Z
2026-07-18T00:15:00.000000Z,1842.1400146484375,1843.7900390625,1841.1800537109375,1841.72998046875,233008128,2026-07-18T00:30:00.000000Z
2026-07-18T00:30:00.000000Z,1841.72998046875,1841.72998046875,1839,1839.8800048828125,0,2026-07-18T00:45:00.000000Z
2026-07-18T00:45:00.000000Z,1839.9000244140625,1842.3800048828125,1839.02001953125,1839.8599853515625,0,2026-07-18T01:00:00.000000Z
2026-07-18T01:00:00.000000Z,1839.699951171875,1840.050048828125,1838.300048828125,1839.47998046875,30945280,2026-07-18T01:15:00.000000Z
2026-07-18T01:15:00.000000Z,1839.6600341796875,1842.1700439453125,1838.31005859375,1841.8499755859375,0,2026-07-18T01:30:00.000000Z
2026-07-18T01:30:00.000000Z,1841.8499755859375,1841.8599853515625,1838.4100341796875,1840.3599853515625,2974720,2026-07-18T01:45:00.000000Z
2026-07-18T01:45:00.000000Z,1840.4000244140625,1842.1400146484375,1840.3800048828125,1841.300048828125,0,2026-07-18T02:00:00.000000Z
2026-07-18T02:00:00.000000Z,1841.8699951171875,1843.18994140625,1840.3199462890625,1842.5699462890625,0,2026-07-18T02:15:00.000000Z
2026-07-18T02:15:00.000000Z,1842.5699462890625,1844.1400146484375,1841.800048828125,1842.9599609375,59755520,2026-07-18T02:30:00.000000Z
2026-07-18T02:30:00.000000Z,1842.9599609375,1845.7099609375,1841.469970703125,1841.469970703125,17488896,2026-07-18T02:45:00.000000Z
2026-07-18T02:45:00.000000Z,1841.6500244140625,1842.3499755859375,1840.6600341796875,1841,0,2026-07-18T03:00:00.000000Z
2026-07-18T03:00:00.000000Z,1840.8499755859375,1843.0699462890625,1840.43994140625,1841.7900390625,0,2026-07-18T03:15:00.000000Z
2026-07-18T03:15:00.000000Z,1841.760009765625,1843.4300537109375,1841.6500244140625,1842.31005859375,5532672,2026-07-18T03:30:00.000000Z
2026-07-18T03:30:00.000000Z,1842.4100341796875,1843.4200439453125,1841.760009765625,1842.0799560546875,0,2026-07-18T03:45:00.000000Z
2026-07-18T03:45:00.000000Z,1842.0999755859375,1845.239990234375,1841.4599609375,1844.81005859375,0,2026-07-18T04:00:00.000000Z
2026-07-18T04:00:00.000000Z,1844.9200439453125,1845.0699462890625,1843.31005859375,1843.5,66001920,2026-07-18T04:15:00.000000Z
2026-07-18T04:15:00.000000Z,1843.3199462890625,1843.550048828125,1841.3399658203125,1843.0999755859375,0,2026-07-18T04:30:00.000000Z
2026-07-18T04:30:00.000000Z,1842.9599609375,1843.280029296875,1841.25,1842.25,0,2026-07-18T04:45:00.000000Z
2026-07-18T04:45:00.000000Z,1842.3199462890625,1843.75,1842.260009765625,1843.3499755859375,0,2026-07-18T05:00:00.000000Z
2026-07-18T05:00:00.000000Z,1843.3900146484375,1843.75,1842.050048828125,1842.1199951171875,2311168,2026-07-18T05:15:00.000000Z
2026-07-18T05:15:00.000000Z,1842.1099853515625,1845.4300537109375,1841.8800048828125,1844.550048828125,0,2026-07-18T05:30:00.000000Z
2026-07-18T05:30:00.000000Z,1844.550048828125,1847.530029296875,1844.550048828125,1844.8800048828125,0,2026-07-18T05:45:00.000000Z
2026-07-18T05:45:00.000000Z,1844.760009765625,1848,1843.699951171875,1844.6199951171875,0,2026-07-18T06:00:00.000000Z
2026-07-18T06:00:00.000000Z,1844.75,1845.1199951171875,1843.4200439453125,1843.5899658203125,12858368,2026-07-18T06:15:00.000000Z
2026-07-18T06:15:00.000000Z,1843.5899658203125,1846.77001953125,1843.3199462890625,1844.81005859375,0,2026-07-18T06:30:00.000000Z
2026-07-18T06:30:00.000000Z,1844.81005859375,1845,1841.9000244140625,1843.56005859375,0,2026-07-18T06:45:00.000000Z
2026-07-18T06:45:00.000000Z,1843.5400390625,1844.280029296875,1843.0799560546875,1843.6099853515625,47866368,2026-07-18T07:00:00.000000Z
2026-07-18T07:00:00.000000Z,1843.6099853515625,1844.9000244140625,1841.7900390625,1841.8699951171875,0,2026-07-18T07:15:00.000000Z
2026-07-18T07:15:00.000000Z,1841.9200439453125,1844.280029296875,1841.9200439453125,1844.0699462890625,0,2026-07-18T07:30:00.000000Z
2026-07-18T07:30:00.000000Z,1843.800048828125,1844.300048828125,1843.77001953125,1844.0699462890625,0,2026-07-18T07:45:00.000000Z
2026-07-18T07:45:00.000000Z,1844.0699462890625,1844.0699462890625,1842.280029296875,1843.030029296875,0,2026-07-18T08:00:00.000000Z
2026-07-18T08:00:00.000000Z,1843.239990234375,1843.9000244140625,1841.199951171875,1843.449951171875,0,2026-07-18T08:15:00.000000Z
2026-07-18T08:15:00.000000Z,1843.4200439453125,1845.77001953125,1843.0999755859375,1845.5899658203125,0,2026-07-18T08:30:00.000000Z
2026-07-18T08:30:00.000000Z,1845.4100341796875,1848.02001953125,1845.3800048828125,1845.6199951171875,0,2026-07-18T08:45:00.000000Z
2026-07-18T08:45:00.000000Z,1845.6199951171875,1846.7900390625,1845.52001953125,1846.18994140625,530432,2026-07-18T09:00:00.000000Z
2026-07-18T09:00:00.000000Z,1846.31005859375,1846.7900390625,1845.010009765625,1845.199951171875,0,2026-07-18T09:15:00.000000Z
2026-07-18T09:15:00.000000Z,1845.199951171875,1845.2099609375,1841.8399658203125,1842.5999755859375,0,2026-07-18T09:30:00.000000Z
2026-07-18T09:30:00.000000Z,1842.47998046875,1844.280029296875,1842.3599853515625,1844.050048828125,9868288,2026-07-18T09:45:00.000000Z
2026-07-18T09:45:00.000000Z,1844.1500244140625,1844.3900146484375,1843.800048828125,1843.8699951171875,0,2026-07-18T10:00:00.000000Z
2026-07-18T10:00:00.000000Z,1843.68994140625,1844.4000244140625,1843.3199462890625,1843.550048828125,0,2026-07-18T10:15:00.000000Z
2026-07-18T10:15:00.000000Z,1843.52001953125,1845.27001953125,1843.1800537109375,1845.22998046875,0,2026-07-18T10:30:00.000000Z
2026-07-18T10:30:00.000000Z,1845.219970703125,1845.47998046875,1842.9000244140625,1843.1500244140625,11296256,2026-07-18T10:45:00.000000Z
2026-07-18T10:45:00.000000Z,1843.1500244140625,1844.3499755859375,1843.1500244140625,1844.18994140625,7398400,2026-07-18T11:00:00.000000Z
2026-07-18T11:00:00.000000Z,1844.18994140625,1844.4100341796875,1843.5400390625,1843.6700439453125,1850880,2026-07-18T11:15:00.000000Z
2026-07-18T11:15:00.000000Z,1843.6700439453125,1844.4100341796875,1843.47998046875,1844.0400390625,0,2026-07-18T11:30:00.000000Z
2026-07-18T11:30:00.000000Z,1844.0899658203125,1844.0899658203125,1842.949951171875,1843.5799560546875,0,2026-07-18T11:45:00.000000Z
2026-07-18T11:45:00.000000Z,1843.43994140625,1845.4100341796875,1843.3299560546875,1844.1700439453125,0,2026-07-18T12:00:00.000000Z
2026-07-18T12:00:00.000000Z,1844.1700439453125,1849.0699462890625,1844.1700439453125,1845.2099609375,65740288,2026-07-18T12:15:00.000000Z
2026-07-18T12:15:00.000000Z,1845.2099609375,1845.5400390625,1840.22998046875,1840.22998046875,0,2026-07-18T12:30:00.000000Z
2026-07-18T12:30:00.000000Z,1840.0899658203125,1843.7099609375,1839.199951171875,1843.199951171875,10563072,2026-07-18T12:45:00.000000Z
2026-07-18T12:45:00.000000Z,1843.2099609375,1846.239990234375,1843.2099609375,1843.4100341796875,61380096,2026-07-18T13:00:00.000000Z
2026-07-18T13:00:00.000000Z,1842.8800048828125,1843.02001953125,1836.4300537109375,1837.8399658203125,0,2026-07-18T13:15:00.000000Z
2026-07-18T13:15:00.000000Z,1838.1500244140625,1840.1500244140625,1836.25,1840.1500244140625,46597120,2026-07-18T13:30:00.000000Z
2026-07-18T13:30:00.000000Z,1840.030029296875,1841.1600341796875,1838.9100341796875,1840.199951171875,0,2026-07-18T13:45:00.000000Z
2026-07-18T13:45:00.000000Z,1840.2099609375,1840.9200439453125,1839.3699951171875,1840.31005859375,0,2026-07-18T14:00:00.000000Z
2026-07-18T14:00:00.000000Z,1840.489990234375,1842.449951171875,1839.6099853515625,1842.1199951171875,3914752,2026-07-18T14:15:00.000000Z
2026-07-18T14:15:00.000000Z,1842.010009765625,1844.3699951171875,1840.9200439453125,1844.300048828125,0,2026-07-18T14:30:00.000000Z
2026-07-18T14:30:00.000000Z,1844.25,1845.0899658203125,1843.5799560546875,1844.6300048828125,0,2026-07-18T14:45:00.000000Z
2026-07-18T14:45:00.000000Z,1844.68994140625,1845.010009765625,1843.300048828125,1844.550048828125,0,2026-07-18T15:00:00.000000Z
2026-07-18T15:00:00.000000Z,1844.760009765625,1844.949951171875,1842.3900146484375,1843.06005859375,0,2026-07-18T15:15:00.000000Z
2026-07-18T15:15:00.000000Z,1843.050048828125,1844.52001953125,1842.3499755859375,1842.3499755859375,9866240,2026-07-18T15:30:00.000000Z
2026-07-18T15:30:00.000000Z,1842.3499755859375,1843.0899658203125,1841.9200439453125,1842.1300048828125,0,2026-07-18T15:45:00.000000Z
2026-07-18T15:45:00.000000Z,1842.1300048828125,1844.3800048828125,1840.8599853515625,1842.5,37063680,2026-07-18T16:00:00.000000Z
2026-07-18T16:00:00.000000Z,1842.5,1842.8900146484375,1840.5,1842.719970703125,9555456,2026-07-18T16:15:00.000000Z
2026-07-18T16:15:00.000000Z,1842.719970703125,1843.3499755859375,1841.3599853515625,1842.22998046875,0,2026-07-18T16:30:00.000000Z
2026-07-18T16:30:00.000000Z,1842.3299560546875,1843.800048828125,1841.31005859375,1841.949951171875,44107264,2026-07-18T16:45:00.000000Z
2026-07-18T16:45:00.000000Z,1841.93994140625,1845.68994140625,1841.0400390625,1844.510009765625,0,2026-07-18T17:00:00.000000Z
2026-07-18T17:00:00.000000Z,1844.719970703125,1844.949951171875,1843.31005859375,1844.530029296875,0,2026-07-18T17:15:00.000000Z
2026-07-18T17:15:00.000000Z,1844.489990234375,1845.8299560546875,1842.010009765625,1842.5899658203125,0,2026-07-18T17:30:00.000000Z
2026-07-18T17:30:00.000000Z,1842.6400146484375,1848.8599853515625,1842.6400146484375,1848.2900390625,12114432,2026-07-18T17:45:00.000000Z
2026-07-18T17:45:00.000000Z,1847.97998046875,1852.1800537109375,1847.77001953125,1851.4100341796875,179493376,2026-07-18T18:00:00.000000Z
2026-07-18T18:00:00.000000Z,1851.699951171875,1851.760009765625,1849.0999755859375,1849.0999755859375,29471744,2026-07-18T18:15:00.000000Z
2026-07-18T18:15:00.000000Z,1849.0899658203125,1864.030029296875,1848.719970703125,1857.8399658203125,131202560,2026-07-18T18:30:00.000000Z
2026-07-18T18:30:00.000000Z,1858.0799560546875,1858.2099609375,1853.1099853515625,1853.8699951171875,87068160,2026-07-18T18:45:00.000000Z
2026-07-18T18:45:00.000000Z,1853.9200439453125,1857.9599609375,1853.9200439453125,1856.2900390625,0,2026-07-18T19:00:00.000000Z
2026-07-18T19:00:00.000000Z,1856.760009765625,1859.489990234375,1855.969970703125,1857.6099853515625,92751360,2026-07-18T19:15:00.000000Z
2026-07-18T19:15:00.000000Z,1857.97998046875,1860.1400146484375,1855,1855.510009765625,27958272,2026-07-18T19:30:00.000000Z
2026-07-18T19:30:00.000000Z,1855.800048828125,1857.8399658203125,1854.5699462890625,1856.75,2761728,2026-07-18T19:45:00.000000Z
2026-07-18T19:45:00.000000Z,1856.6800537109375,1857.6500244140625,1855.81005859375,1857.239990234375,47053824,2026-07-18T20:00:00.000000Z
2026-07-18T20:00:00.000000Z,1857.3499755859375,1859.030029296875,1855.9300537109375,1858.5400390625,11888640,2026-07-18T20:15:00.000000Z
2026-07-18T20:15:00.000000Z,1858.449951171875,1861.8699951171875,1857.9000244140625,1858.3299560546875,34748416,2026-07-18T20:30:00.000000Z
2026-07-18T20:30:00.000000Z,1858.3699951171875,1858.3699951171875,1855.3800048828125,1856.6700439453125,40914944,2026-07-18T20:45:00.000000Z
2026-07-18T20:45:00.000000Z,1856.93994140625,1856.93994140625,1854.5400390625,1855.9200439453125,7462400,2026-07-18T21:00:00.000000Z
2026-07-18T21:00:00.000000Z,1856.2900390625,1860.5899658203125,1854.6400146484375,1860.5899658203125,38808064,2026-07-18T21:15:00.000000Z
2026-07-18T21:15:00.000000Z,1860.989990234375,1861.4100341796875,1857.969970703125,1858.1400146484375,41676800,2026-07-18T21:30:00.000000Z
2026-07-18T21:30:00.000000Z,1858.199951171875,1858.550048828125,1856.5,1856.5999755859375,45605376,2026-07-18T21:45:00.000000Z
2026-07-18T21:45:00.000000Z,1857.3599853515625,1861.6400146484375,1855.739990234375,1859.6400146484375,4038144,2026-07-18T22:00:00.000000Z
2026-07-18T22:00:00.000000Z,1859.4100341796875,1864.31005859375,1858.780029296875,1861.68994140625,38310400,2026-07-18T22:15:00.000000Z
2026-07-18T22:15:00.000000Z,1861.68994140625,1863.4599609375,1860.0799560546875,1860.0799560546875,54550528,2026-07-18T22:30:00.000000Z
2026-07-18T22:30:00.000000Z,1859.8800048828125,1861.9200439453125,1859.280029296875,1861.3900146484375,52084736,2026-07-18T22:45:00.000000Z
2026-07-18T22:45:00.000000Z,1861.3900146484375,1863.22998046875,1860.530029296875,1862.4200439453125,5883904,2026-07-18T23:00:00.000000Z
2026-07-18T23:00:00.000000Z,1862.3299560546875,1863.1199951171875,1858.81005859375,1859.3800048828125,22906368,2026-07-18T23:15:00.000000Z
2026-07-18T23:15:00.000000Z,1859.4300537109375,1862.199951171875,1859.1099853515625,1861.989990234375,51094016,2026-07-18T23:30:00.000000Z
2026-07-18T23:30:00.000000Z,1861.81005859375,1861.969970703125,1859.9599609375,1860.5999755859375,8347136,2026-07-18T23:45:00.000000Z
2026-07-18T23:45:00.000000Z,1860.449951171875,1861.6500244140625,1859.8199462890625,1861.5400390625,5477376,2026-07-19T00:00:00.000000Z
2026-07-19T00:00:00.000000Z,1861.6199951171875,1862.0999755859375,1861.06005859375,1861.2099609375,13763072,2026-07-19T00:15:00.000000Z
2026-07-19T00:15:00.000000Z,1861.2900390625,1862.27001953125,1858.2099609375,1858.3299560546875,34299904,2026-07-19T00:30:00.000000Z
2026-07-19T00:30:00.000000Z,1858.3499755859375,1860.02001953125,1858.010009765625,1858.469970703125,37686272,2026-07-19T00:45:00.000000Z
2026-07-19T00:45:00.000000Z,1858.68994140625,1861.800048828125,1858.1800537109375,1860.1199951171875,35793408,2026-07-19T01:00:00.000000Z
2026-07-19T01:00:00.000000Z,1860.1700439453125,1860.3699951171875,1858.3699951171875,1859.3299560546875,572928,2026-07-19T01:15:00.000000Z
2026-07-19T01:15:00.000000Z,1859.3399658203125,1860.1099853515625,1858.22998046875,1858.8599853515625,28606464,2026-07-19T01:30:00.000000Z
2026-07-19T01:30:00.000000Z,1858.449951171875,1859.510009765625,1857.4200439453125,1857.9200439453125,61025280,2026-07-19T01:45:00.000000Z
2026-07-19T01:45:00.000000Z,1857.9200439453125,1858.9000244140625,1857.4000244140625,1857.8699951171875,53235200,2026-07-19T02:00:00.000000Z
2026-07-19T02:00:00.000000Z,1857.8199462890625,1870.4000244140625,1857.8199462890625,1869.0999755859375,37872640,2026-07-19T02:15:00.000000Z
2026-07-19T02:15:00.000000Z,1869.3499755859375,1871.510009765625,1866.2099609375,1866.72998046875,86766592,2026-07-19T02:30:00.000000Z
2026-07-19T02:30:00.000000Z,1867.3199462890625,1875.800048828125,1867.3199462890625,1871.800048828125,72612864,2026-07-19T02:45:00.000000Z
2026-07-19T02:45:00.000000Z,1871.68994140625,1873.25,1869.9599609375,1870.25,44156416,2026-07-19T03:00:00.000000Z
2026-07-19T03:00:00.000000Z,1871.699951171875,1871.7099609375,1866.719970703125,1866.72998046875,24849920,2026-07-19T03:15:00.000000Z
2026-07-19T03:15:00.000000Z,1866.6700439453125,1866.6700439453125,1862.5999755859375,1864.1099853515625,60142080,2026-07-19T03:30:00.000000Z
2026-07-19T03:30:00.000000Z,1864.1400146484375,1865.719970703125,1863.6099853515625,1864.199951171875,26070528,2026-07-19T03:45:00.000000Z
2026-07-19T03:45:00.000000Z,1863.97998046875,1866.06005859375,1863.1600341796875,1866.06005859375,36385280,2026-07-19T04:00:00.000000Z
2026-07-19T04:00:00.000000Z,1865.4000244140625,1867.1700439453125,1863.0699462890625,1864.2099609375,0,2026-07-19T04:15:00.000000Z
2026-07-19T04:15:00.000000Z,1864.43994140625,1865.9000244140625,1864.22998046875,1865.6400146484375,119384064,2026-07-19T04:30:00.000000Z
2026-07-19T04:30:00.000000Z,1865.5699462890625,1868.9599609375,1864.9300537109375,1867.1700439453125,0,2026-07-19T04:45:00.000000Z
2026-07-19T04:45:00.000000Z,1867.1700439453125,1869,1865.1400146484375,1866.0899658203125,31862272,2026-07-19T05:00:00.000000Z
2026-07-19T05:00:00.000000Z,1866.469970703125,1868.760009765625,1866.469970703125,1868.6500244140625,121049600,2026-07-19T05:15:00.000000Z
2026-07-19T05:15:00.000000Z,1868.949951171875,1869.18994140625,1866.780029296875,1866.8900146484375,28004352,2026-07-19T05:30:00.000000Z
2026-07-19T05:30:00.000000Z,1866.8800048828125,1866.8900146484375,1864.5,1866.31005859375,15528448,2026-07-19T05:45:00.000000Z
2026-07-19T05:45:00.000000Z,1866.31005859375,1868.7900390625,1866.300048828125,1867.1700439453125,6287360,2026-07-19T06:00:00.000000Z
2026-07-19T06:00:00.000000Z,1867.1800537109375,1868.760009765625,1866.8299560546875,1868.1700439453125,7507968,2026-07-19T06:15:00.000000Z
2026-07-19T06:15:00.000000Z,1868.1700439453125,1869.3900146484375,1867.31005859375,1867.989990234375,0,2026-07-19T06:30:00.000000Z
2026-07-19T06:30:00.000000Z,1868.3900146484375,1870.199951171875,1867.300048828125,1868.969970703125,100438016,2026-07-19T06:45:00.000000Z
2026-07-19T06:45:00.000000Z,1868.969970703125,1869,1867.3199462890625,1867.9000244140625,73712640,2026-07-19T07:00:00.000000Z
2026-07-19T07:00:00.000000Z,1867.77001953125,1867.989990234375,1865.9100341796875,1866.72998046875,16093184,2026-07-19T07:15:00.000000Z
2026-07-19T07:15:00.000000Z,1866.739990234375,1868.3299560546875,1866.199951171875,1868.300048828125,31257600,2026-07-19T07:30:00.000000Z
2026-07-19T07:30:00.000000Z,1868.0999755859375,1870.6400146484375,1867.219970703125,1869.8399658203125,60741120,2026-07-19T07:45:00.000000Z
2026-07-19T07:45:00.000000Z,1869.8399658203125,1869.8699951171875,1867.6300048828125,1868.0400390625,105998336,2026-07-19T08:00:00.000000Z
2026-07-19T08:00:00.000000Z,1869.0999755859375,1869.9100341796875,1867.1400146484375,1869.3900146484375,18685440,2026-07-19T08:15:00.000000Z
2026-07-19T08:15:00.000000Z,1869.239990234375,1869.239990234375,1866.4599609375,1867.760009765625,15454208,2026-07-19T08:30:00.000000Z
2026-07-19T08:30:00.000000Z,1867.8800048828125,1870.030029296875,1866.6199951171875,1869.47998046875,0,2026-07-19T08:45:00.000000Z
2026-07-19T08:45:00.000000Z,1869.47998046875,1874.1500244140625,1869.47998046875,1872.5,52211712,2026-07-19T09:00:00.000000Z
2026-07-19T09:00:00.000000Z,1872.699951171875,1872.8299560546875,1869.9000244140625,1869.9200439453125,90613760,2026-07-19T09:15:00.000000Z
2026-07-19T09:15:00.000000Z,1869.9000244140625,1869.9000244140625,1865.1099853515625,1867.5400390625,75462144,2026-07-19T09:30:00.000000Z
2026-07-19T09:30:00.000000Z,1867.5400390625,1868.9599609375,1864.81005859375,1865.449951171875,7889920,2026-07-19T09:45:00.000000Z
2026-07-19T09:45:00.000000Z,1865.4000244140625,1867.0400390625,1864.25,1865.199951171875,60822528,2026-07-19T10:00:00.000000Z
2026-07-19T10:00:00.000000Z,1865.050048828125,1866.43994140625,1863.02001953125,1865.0799560546875,54843392,2026-07-19T10:15:00.000000Z
2026-07-19T10:15:00.000000Z,1865.0699462890625,1867.27001953125,1865.0699462890625,1867.1600341796875,15141888,2026-07-19T10:30:00.000000Z
2026-07-19T10:30:00.000000Z,1867.1600341796875,1870.9200439453125,1866.1199951171875,1870.7099609375,3319296,2026-07-19T10:45:00.000000Z
2026-07-19T10:45:00.000000Z,1871.030029296875,1876.219970703125,1870.6099853515625,1870.949951171875,47505408,2026-07-19T11:00:00.000000Z
2026-07-19T11:00:00.000000Z,1871.030029296875,1875.4100341796875,1869.0400390625,1873.9300537109375,91204096,2026-07-19T11:15:00.000000Z
2026-07-19T11:15:00.000000Z,1874.1600341796875,1877.27001953125,1873.1400146484375,1874.8800048828125,90756096,2026-07-19T11:30:00.000000Z
2026-07-19T11:30:00.000000Z,1874.760009765625,1876.4300537109375,1872.989990234375,1874.27001953125,71056384,2026-07-19T11:45:00.000000Z
2026-07-19T11:45:00.000000Z,1874.280029296875,1874.5999755859375,1869.1600341796875,1870.050048828125,20406784,2026-07-19T12:00:00.000000Z
2026-07-19T12:00:00.000000Z,1869.9599609375,1870.199951171875,1863.5400390625,1863.6400146484375,64741376,2026-07-19T12:15:00.000000Z
2026-07-19T12:15:00.000000Z,1863.550048828125,1873,1863.260009765625,1867.8399658203125,49052160,2026-07-19T12:30:00.000000Z
2026-07-19T12:30:00.000000Z,1867.5,1872.52001953125,1867.5,1869.75,120930304,2026-07-19T12:45:00.000000Z
2026-07-19T12:45:00.000000Z,1869.25,1870.68994140625,1867.3800048828125,1869.1199951171875,4648448,2026-07-19T13:00:00.000000Z
2026-07-19T13:00:00.000000Z,1869.1199951171875,1869.1400146484375,1864.739990234375,1865.77001953125,64714240,2026-07-19T13:15:00.000000Z
2026-07-19T13:15:00.000000Z,1865.6400146484375,1867.949951171875,1864.5999755859375,1867.56005859375,147330048,2026-07-19T13:30:00.000000Z
2026-07-19T13:30:00.000000Z,1867.949951171875,1871,1866.719970703125,1867.8699951171875,321895936,2026-07-19T13:45:00.000000Z
2026-07-19T13:45:00.000000Z,1867.780029296875,1872.3499755859375,1867.75,1870.4200439453125,66373632,2026-07-19T14:00:00.000000Z
2026-07-19T14:00:00.000000Z,1870.5,1872.9300537109375,1869.489990234375,1871.8900146484375,14526464,2026-07-19T14:15:00.000000Z
2026-07-19T14:15:00.000000Z,1872.239990234375,1872.699951171875,1867.3299560546875,1870.02001953125,13767168,2026-07-19T14:30:00.000000Z
2026-07-19T14:30:00.000000Z,1870.02001953125,1874.5400390625,1869.6199951171875,1872.3199462890625,81810944,2026-07-19T14:45:00.000000Z
2026-07-19T14:45:00.000000Z,1871.8800048828125,1877.4300537109375,1871.8800048828125,1873.31005859375,66791424,2026-07-19T15:00:00.000000Z
2026-07-19T15:00:00.000000Z,1873.2099609375,1874.739990234375,1871.550048828125,1872.8399658203125,42447872,2026-07-19T15:15:00.000000Z
2026-07-19T15:15:00.000000Z,1873.4200439453125,1873.6500244140625,1867.5,1867.97998046875,114950656,2026-07-19T15:30:00.000000Z
2026-07-19T15:30:00.000000Z,1868.199951171875,1872.56005859375,1868.050048828125,1870.5999755859375,61320192,2026-07-19T15:45:00.000000Z
2026-07-19T15:45:00.000000Z,1870.5,1871.2900390625,1868.68994140625,1869.6600341796875,66527744,2026-07-19T16:00:00.000000Z
2026-07-19T16:00:00.000000Z,1869.5799560546875,1872.3800048828125,1866.699951171875,1869.25,22991872,2026-07-19T16:15:00.000000Z
2026-07-19T16:15:00.000000Z,1869.1300048828125,1871.010009765625,1867.510009765625,1868.6700439453125,100049408,2026-07-19T16:30:00.000000Z
2026-07-19T16:30:00.000000Z,1868.9000244140625,1869.0400390625,1865.6700439453125,1867.1300048828125,52891648,2026-07-19T16:45:00.000000Z
2026-07-19T16:45:00.000000Z,1867.25,1867.8499755859375,1864.510009765625,1865.3599853515625,35840,2026-07-19T17:00:00.000000Z
2026-07-19T17:00:00.000000Z,1865.1400146484375,1870.3800048828125,1858.68994140625,1870.199951171875,112289792,2026-07-19T17:15:00.000000Z
2026-07-19T17:15:00.000000Z,1870.4000244140625,1871.5999755859375,1866.22998046875,1868.6500244140625,162016768,2026-07-19T17:30:00.000000Z
2026-07-19T17:30:00.000000Z,1868.02001953125,1872.1600341796875,1867.43994140625,1868.219970703125,20482560,2026-07-19T17:45:00.000000Z
2026-07-19T17:45:00.000000Z,1868.1800537109375,1868.77001953125,1865.8699951171875,1865.9300537109375,17749504,2026-07-19T18:00:00.000000Z
2026-07-19T18:00:00.000000Z,1865.8900146484375,1866.56005859375,1853.9000244140625,1861.68994140625,110381568,2026-07-19T18:15:00.000000Z
2026-07-19T18:15:00.000000Z,1861.25,1861.9000244140625,1856.5400390625,1856.8699951171875,40896512,2026-07-19T18:30:00.000000Z
2026-07-19T18:30:00.000000Z,1855.97998046875,1860.1099853515625,1855.27001953125,1858.4300537109375,0,2026-07-19T18:45:00.000000Z
2026-07-19T18:45:00.000000Z,1858.3199462890625,1859.699951171875,1856.530029296875,1859.3199462890625,13160448,2026-07-19T19:00:00.000000Z
2026-07-19T19:00:00.000000Z,1860.1099853515625,1860.27001953125,1853.550048828125,1858.699951171875,1076736,2026-07-19T19:15:00.000000Z
2026-07-19T19:15:00.000000Z,1858.989990234375,1859.4300537109375,1857.489990234375,1858.81005859375,49039872,2026-07-19T19:30:00.000000Z
2026-07-19T19:30:00.000000Z,1858.81005859375,1859.8499755859375,1857.27001953125,1857.8299560546875,13342720,2026-07-19T19:45:00.000000Z
2026-07-19T19:45:00.000000Z,1857.7900390625,1861.3900146484375,1857.5400390625,1860.75,15281664,2026-07-19T20:00:00.000000Z
2026-07-19T20:00:00.000000Z,1861.300048828125,1865.239990234375,1861.300048828125,1862.2900390625,43900928,2026-07-19T20:15:00.000000Z
2026-07-19T20:15:00.000000Z,1862.4000244140625,1863.3299560546875,1860.719970703125,1862.8900146484375,27822592,2026-07-19T20:30:00.000000Z
2026-07-19T20:30:00.000000Z,1862.68994140625,1865.030029296875,1862.280029296875,1864.1500244140625,10184704,2026-07-19T20:45:00.000000Z
2026-07-19T20:45:00.000000Z,1864.1099853515625,1865.760009765625,1862.5799560546875,1865.760009765625,2460672,2026-07-19T21:00:00.000000Z
2026-07-19T21:00:00.000000Z,1866.02001953125,1866.3599853515625,1863.5899658203125,1865.530029296875,65677824,2026-07-19T21:15:00.000000Z
2026-07-19T21:15:00.000000Z,1865.469970703125,1865.760009765625,1861.3699951171875,1862.800048828125,0,2026-07-19T21:30:00.000000Z
2026-07-19T21:30:00.000000Z,1862.800048828125,1862.800048828125,1856.0899658203125,1857.8399658203125,6241792,2026-07-19T21:45:00.000000Z
2026-07-19T21:45:00.000000Z,1857.6099853515625,1860.75,1857.6099853515625,1860.75,77970944,2026-07-19T22:00:00.000000Z
2026-07-19T22:00:00.000000Z,1858.739990234375,1870.4599609375,1855.97998046875,1867.7900390625,171819520,2026-07-19T22:15:00.000000Z
2026-07-19T22:15:00.000000Z,1867.72998046875,1875.7099609375,1867.72998046875,1870.0899658203125,121620480,2026-07-19T22:30:00.000000Z
2026-07-19T22:30:00.000000Z,1869.760009765625,1873.7900390625,1866.489990234375,1873.1600341796875,38928384,2026-07-19T22:45:00.000000Z
2026-07-19T22:45:00.000000Z,1872.5999755859375,1872.800048828125,1868.489990234375,1869.1099853515625,86338048,2026-07-19T23:00:00.000000Z
2026-07-19T23:00:00.000000Z,1869.280029296875,1870.3800048828125,1863.739990234375,1869.6400146484375,21979136,2026-07-19T23:15:00.000000Z
2026-07-19T23:15:00.000000Z,1869.9599609375,1870.4300537109375,1866.6700439453125,1867.800048828125,75188224,2026-07-19T23:30:00.000000Z
2026-07-19T23:30:00.000000Z,1867.9100341796875,1873.050048828125,1866.5999755859375,1873.0400390625,100789248,2026-07-19T23:45:00.000000Z
2026-07-19T23:45:00.000000Z,1873.300048828125,1873.300048828125,1868.300048828125,1870.8599853515625,47614464,2026-07-20T00:00:00.000000Z
2026-07-20T00:00:00.000000Z,1871.010009765625,1888.6600341796875,1865.3199462890625,1886.2099609375,57412608,2026-07-20T00:15:00.000000Z
2026-07-20T00:15:00.000000Z,1886.31005859375,1890.199951171875,1875.780029296875,1878.4100341796875,202898944,2026-07-20T00:30:00.000000Z
2026-07-20T00:30:00.000000Z,1879.22998046875,1883.4599609375,1875,1879.219970703125,65798656,2026-07-20T00:45:00.000000Z
2026-07-20T00:45:00.000000Z,1878.5799560546875,1878.5899658203125,1861.260009765625,1870.6099853515625,174651392,2026-07-20T01:00:00.000000Z
2026-07-20T01:00:00.000000Z,1870.8800048828125,1887.8399658203125,1869.300048828125,1878.239990234375,33713152,2026-07-20T01:15:00.000000Z
2026-07-20T01:15:00.000000Z,1878.719970703125,1883.199951171875,1871.75,1879.2099609375,131646464,2026-07-20T01:30:00.000000Z
2026-07-20T01:30:00.000000Z,1879.2099609375,1879.800048828125,1868.9000244140625,1872.3699951171875,149617664,2026-07-20T01:45:00.000000Z
2026-07-20T01:45:00.000000Z,1872.8699951171875,1873.6800537109375,1864.2900390625,1867.81005859375,44866048,2026-07-20T02:00:00.000000Z
2026-07-20T02:00:00.000000Z,1867.6400146484375,1880.6700439453125,1867.6400146484375,1875.9300537109375,38188032,2026-07-20T02:15:00.000000Z
2026-07-20T02:15:00.000000Z,1876.47998046875,1876.8599853515625,1866.449951171875,1870.800048828125,110000640,2026-07-20T02:30:00.000000Z
2026-07-20T02:30:00.000000Z,1870.199951171875,1879.510009765625,1870.199951171875,1875.9000244140625,3265024,2026-07-20T02:45:00.000000Z
2026-07-20T02:45:00.000000Z,1876.1400146484375,1881.3199462890625,1875.9000244140625,1877.530029296875,116545024,2026-07-20T03:00:00.000000Z
2026-07-20T03:00:00.000000Z,1877.5899658203125,1879.93994140625,1875.47998046875,1878.8399658203125,35251200,2026-07-20T03:15:00.000000Z
2026-07-20T03:15:00.000000Z,1878.5999755859375,1880.8199462890625,1869.4100341796875,1871.52001953125,0,2026-07-20T03:30:00.000000Z
2026-07-20T03:30:00.000000Z,1871.0400390625,1878.7099609375,1870.4000244140625,1878.7099609375,81108480,2026-07-20T03:45:00.000000Z
2026-07-20T03:45:00.000000Z,1879.0799560546875,1879.239990234375,1875.010009765625,1878.0999755859375,4972544,2026-07-20T04:00:00.000000Z
2026-07-20T04:00:00.000000Z,1878.3399658203125,1878.47998046875,1870.5,1870.9200439453125,54687744,2026-07-20T04:15:00.000000Z
2026-07-20T04:15:00.000000Z,1871.199951171875,1873.239990234375,1866.949951171875,1872.47998046875,60894208,2026-07-20T04:30:00.000000Z
2026-07-20T04:30:00.000000Z,1872.6099853515625,1877.25,1870.9300537109375,1874.6500244140625,36699136,2026-07-20T04:45:00.000000Z
2026-07-20T04:45:00.000000Z,1874.2900390625,1875.9000244140625,1867.0799560546875,1867.0799560546875,201661440,2026-07-20T05:00:00.000000Z
2026-07-20T05:00:00.000000Z,1867.5799560546875,1868.4000244140625,1850.300048828125,1857.719970703125,24124416,2026-07-20T05:15:00.000000Z
2026-07-20T05:15:00.000000Z,1856.699951171875,1862.3900146484375,1854.4100341796875,1857.56005859375,854646784,2026-07-20T05:30:00.000000Z
2026-07-20T05:30:00.000000Z,1857.489990234375,1859.3499755859375,1854.8599853515625,1857.0400390625,245377536,2026-07-20T05:45:00.000000Z
2026-07-20T05:45:00.000000Z,1857.3399658203125,1857.3399658203125,1852.77001953125,1853.800048828125,71520768,2026-07-20T06:00:00.000000Z
2026-07-20T06:00:00.000000Z,1854.4000244140625,1856.1500244140625,1850.9200439453125,1855.6600341796875,157076480,2026-07-20T06:15:00.000000Z
2026-07-20T06:15:00.000000Z,1855.43994140625,1858.449951171875,1852.97998046875,1855.0799560546875,113528320,2026-07-20T06:30:00.000000Z
2026-07-20T06:30:00.000000Z,1854.8800048828125,1855.5899658203125,1842.8399658203125,1846.8399658203125,186426880,2026-07-20T06:45:00.000000Z
2026-07-20T06:45:00.000000Z,1846.239990234375,1849.31005859375,1844.6800537109375,1848,33761792,2026-07-20T07:00:00.000000Z
2026-07-20T07:00:00.000000Z,1848.4100341796875,1852.5999755859375,1848.4100341796875,1851.280029296875,79321600,2026-07-20T07:15:00.000000Z
2026-07-20T07:15:00.000000Z,1851.010009765625,1857.77001953125,1847.780029296875,1856.280029296875,27059200,2026-07-20T07:30:00.000000Z
2026-07-20T07:30:00.000000Z,1856.199951171875,1861.050048828125,1855.3800048828125,1861.050048828125,28073984,2026-07-20T07:45:00.000000Z
2026-07-20T07:45:00.000000Z,1860.719970703125,1863.8800048828125,1859.6400146484375,1862.3800048828125,77377536,2026-07-20T08:00:00.000000Z
2026-07-20T08:00:00.000000Z,1861.6199951171875,1865.0899658203125,1859.5999755859375,1863.1300048828125,124555264,2026-07-20T08:15:00.000000Z
2026-07-20T08:15:00.000000Z,1863.1199951171875,1866.9599609375,1862.1700439453125,1862.8499755859375,158130176,2026-07-20T08:30:00.000000Z
2026-07-20T08:30:00.000000Z,1862.75,1863.1199951171875,1852.510009765625,1853.0999755859375,117819392,2026-07-20T08:45:00.000000Z
2026-07-20T08:45:00.000000Z,1853.52001953125,1861.6500244140625,1853.52001953125,1859.1800537109375,138241024,2026-07-20T09:00:00.000000Z
2026-07-20T09:00:00.000000Z,1859.02001953125,1859.9300537109375,1856.239990234375,1858.4200439453125,25689088,2026-07-20T09:15:00.000000Z
2026-07-20T09:15:00.000000Z,1858.4300537109375,1862.5799560546875,1858.4300537109375,1862.1199951171875,121530368,2026-07-20T09:30:00.000000Z
2026-07-20T09:30:00.000000Z,1862.06005859375,1864.25,1861.2099609375,1863.75,42936320,2026-07-20T09:45:00.000000Z
2026-07-20T09:45:00.000000Z,1864.0699462890625,1865.6800537109375,1862.300048828125,1862.4000244140625,37324800,2026-07-20T10:00:00.000000Z
2026-07-20T10:00:00.000000Z,1862.5699462890625,1865.0999755859375,1861.1400146484375,1864.300048828125,30876672,2026-07-20T10:15:00.000000Z
2026-07-20T10:15:00.000000Z,1864.219970703125,1869.6800537109375,1862.8299560546875,1868.530029296875,8468480,2026-07-20T10:30:00.000000Z
2026-07-20T10:30:00.000000Z,1868.3199462890625,1869.0400390625,1865.6600341796875,1868.800048828125,81741824,2026-07-20T10:45:00.000000Z
2026-07-20T10:45:00.000000Z,1868.3900146484375,1868.4000244140625,1866.68994140625,1867.239990234375,61492224,2026-07-20T11:00:00.000000Z
2026-07-20T11:00:00.000000Z,1867.699951171875,1875.219970703125,1866.300048828125,1873.300048828125,4509696,2026-07-20T11:15:00.000000Z
2026-07-20T11:15:00.000000Z,1873.1199951171875,1873.9000244140625,1870.550048828125,1872.4200439453125,201807872,2026-07-20T11:30:00.000000Z
2026-07-20T11:30:00.000000Z,1872.219970703125,1893,1872.219970703125,1885.6199951171875,362087424,2026-07-20T11:45:00.000000Z
2026-07-20T11:45:00.000000Z,1886.0999755859375,1894.75,1885.5,1891.56005859375,233152512,2026-07-20T12:00:00.000000Z
2026-07-20T12:00:00.000000Z,1891.93994140625,1891.93994140625,1877.2099609375,1878.8499755859375,118656000,2026-07-20T12:15:00.000000Z
2026-07-20T12:15:00.000000Z,1878.7099609375,1880.2099609375,1874.989990234375,1875.56005859375,15746048,2026-07-20T12:30:00.000000Z
2026-07-20T12:30:00.000000Z,1875.300048828125,1876.989990234375,1871.239990234375,1871.5,138341376,2026-07-20T12:45:00.000000Z
2026-07-20T12:45:00.000000Z,1871.1099853515625,1874.010009765625,1870.199951171875,1871.300048828125,68620288,2026-07-20T13:00:00.000000Z
2026-07-20T13:00:00.000000Z,1871.3499755859375,1873.5,1870.4599609375,1871.469970703125,84652032,2026-07-20T13:15:00.000000Z
2026-07-20T13:15:00.000000Z,1871.5,1873.699951171875,1865.699951171875,1867.9000244140625,0,2026-07-20T13:30:00.000000Z
2026-07-20T13:30:00.000000Z,1869.1800537109375,1878.300048828125,1867.8399658203125,1874.4300537109375,77736960,2026-07-20T13:45:00.000000Z
2026-07-20T13:45:00.000000Z,1874.469970703125,1875.5799560546875,1855.75,1860.6700439453125,243129344,2026-07-20T14:00:00.000000Z
2026-07-20T14:00:00.000000Z,1860.1199951171875,1863.97998046875,1857.7099609375,1859.4300537109375,217660416,2026-07-20T14:15:00.000000Z
2026-07-20T14:15:00.000000Z,1859.760009765625,1865.3399658203125,1851.77001953125,1865.3399658203125,49526784,2026-07-20T14:30:00.000000Z
2026-07-20T14:30:00.000000Z,1865.6400146484375,1867.800048828125,1861.6800537109375,1864.5,295669760,2026-07-20T14:45:00.000000Z
2026-07-20T14:45:00.000000Z,1863.699951171875,1869.699951171875,1861.219970703125,1866.18994140625,151126016,2026-07-20T15:00:00.000000Z
2026-07-20T15:00:00.000000Z,1867.0799560546875,1884.219970703125,1866,1883.8800048828125,147365888,2026-07-20T15:15:00.000000Z
2026-07-20T15:15:00.000000Z,1883.81005859375,1884.8900146484375,1880.8800048828125,1883.93994140625,252336128,2026-07-20T15:30:00.000000Z
2026-07-20T15:30:00.000000Z,1884.3199462890625,1891,1880.2099609375,1889.81005859375,32182272,2026-07-20T15:45:00.000000Z
2026-07-20T15:45:00.000000Z,1890.3599853515625,1902.02001953125,1890.3499755859375,1901.0899658203125,205980672,2026-07-20T16:00:00.000000Z
2026-07-20T16:00:00.000000Z,1901.6099853515625,1902.8800048828125,1892.4300537109375,1902.5,193369088,2026-07-20T16:15:00.000000Z
2026-07-20T16:15:00.000000Z,1902.510009765625,1905.5,1895.6099853515625,1898.969970703125,214220800,2026-07-20T16:30:00.000000Z
2026-07-20T16:30:00.000000Z,1899.219970703125,1902.81005859375,1895.5999755859375,1895.6600341796875,128444416,2026-07-20T16:45:00.000000Z
2026-07-20T16:45:00.000000Z,1895.6199951171875,1901.0699462890625,1894.3599853515625,1898.1199951171875,197302272,2026-07-20T17:00:00.000000Z
2026-07-20T17:00:00.000000Z,1897.3299560546875,1902.1099853515625,1895.47998046875,1897.52001953125,26551296,2026-07-20T17:15:00.000000Z
2026-07-20T17:15:00.000000Z,1896.9599609375,1899.469970703125,1893.9599609375,1898.760009765625,61217792,2026-07-20T17:30:00.000000Z
2026-07-20T17:30:00.000000Z,1898.8800048828125,1898.8800048828125,1894.5400390625,1896.1700439453125,253007872,2026-07-20T17:45:00.000000Z
2026-07-20T17:45:00.000000Z,1895.8199462890625,1908.1099853515625,1895.8199462890625,1906.3299560546875,5439488,2026-07-20T18:00:00.000000Z
2026-07-20T18:00:00.000000Z,1906.489990234375,1916.6400146484375,1906.489990234375,1913.52001953125,570041344,2026-07-20T18:15:00.000000Z
2026-07-20T18:15:00.000000Z,1913.530029296875,1916.9300537109375,1905.739990234375,1907.06005859375,206692352,2026-07-20T18:30:00.000000Z
2026-07-20T18:30:00.000000Z,1907.02001953125,1907.02001953125,1900.510009765625,1900.8800048828125,83514368,2026-07-20T18:45:00.000000Z
2026-07-20T18:45:00.000000Z,1900.0799560546875,1901.5999755859375,1896.199951171875,1898.010009765625,77028352,2026-07-20T19:00:00.000000Z
2026-07-20T19:00:00.000000Z,1897.6600341796875,1898.4100341796875,1890.1400146484375,1890.1400146484375,199586816,2026-07-20T19:15:00.000000Z
2026-07-20T19:15:00.000000Z,1889.6500244140625,1896.1099853515625,1888.699951171875,1895.219970703125,152280064,2026-07-20T19:30:00.000000Z
2026-07-20T19:30:00.000000Z,1895.6400146484375,1897.0699462890625,1892.1700439453125,1896.1099853515625,192903168,2026-07-20T19:45:00.000000Z
2026-07-20T19:45:00.000000Z,1896.3599853515625,1899.8199462890625,1894.800048828125,1897.4000244140625,61596672,2026-07-20T20:00:00.000000Z
2026-07-20T20:00:00.000000Z,1898.9300537109375,1900.56005859375,1894.6099853515625,1900.010009765625,21014528,2026-07-20T20:15:00.000000Z
2026-07-20T20:15:00.000000Z,1900.4200439453125,1901.93994140625,1898.9300537109375,1900.31005859375,27790336,2026-07-20T20:30:00.000000Z
2026-07-20T20:30:00.000000Z,1900.0799560546875,1905.4100341796875,1900.0799560546875,1902.5999755859375,207089664,2026-07-20T20:45:00.000000Z
2026-07-20T20:45:00.000000Z,1902.6099853515625,1904,1901.2099609375,1903.5400390625,112613376,2026-07-20T21:00:00.000000Z
2026-07-20T21:00:00.000000Z,1903.199951171875,1906.3199462890625,1902.739990234375,1904.1700439453125,21315584,2026-07-20T21:15:00.000000Z
2026-07-20T21:15:00.000000Z,1903.93994140625,1905.739990234375,1903.199951171875,1903.56005859375,30825472,2026-07-20T21:30:00.000000Z
2026-07-20T21:30:00.000000Z,1903.56005859375,1905.719970703125,1903.1199951171875,1903.52001953125,19703808,2026-07-20T21:45:00.000000Z
2026-07-20T21:45:00.000000Z,1903.9100341796875,1904.280029296875,1900.47998046875,1901.050048828125,40894464,2026-07-20T22:00:00.000000Z
2026-07-20T22:00:00.000000Z,1900.8399658203125,1900.8399658203125,1897.43994140625,1898.77001953125,57932800,2026-07-20T22:15:00.000000Z
2026-07-20T22:15:00.000000Z,1898.4599609375,1898.5699462890625,1895.1700439453125,1895.2900390625,0,2026-07-20T22:30:00.000000Z
2026-07-20T22:30:00.000000Z,1895.2900390625,1896.5999755859375,1892.9000244140625,1893.6700439453125,347136,2026-07-20T22:45:00.000000Z
2026-07-20T22:45:00.000000Z,1894.1600341796875,1894.9100341796875,1893.550048828125,1894.5899658203125,85154816,2026-07-20T23:00:00.000000Z
2026-07-20T23:00:00.000000Z,1894.56005859375,1900.0699462890625,1894.050048828125,1897.93994140625,5480448,2026-07-20T23:15:00.000000Z
2026-07-20T23:15:00.000000Z,1898.22998046875,1902.47998046875,1898.22998046875,1902.3900146484375,90078208,2026-07-20T23:30:00.000000Z
2026-07-20T23:30:00.000000Z,1903.31005859375,1903.6400146484375,1899.760009765625,1900.43994140625,12331008,2026-07-20T23:45:00.000000Z
2026-07-20T23:45:00.000000Z,1901.1500244140625,1904,1898.77001953125,1903.5400390625,0,2026-07-21T00:00:00.000000Z
2026-07-21T00:00:00.000000Z,1903.47998046875,1904.010009765625,1899.56005859375,1901.530029296875,143162368,2026-07-21T00:15:00.000000Z
2026-07-21T00:15:00.000000Z,1901.6300048828125,1908.8399658203125,1900.4000244140625,1906.300048828125,98220032,2026-07-21T00:30:00.000000Z
2026-07-21T00:30:00.000000Z,1906.0799560546875,1915.699951171875,1906.0400390625,1913.5400390625,8862720,2026-07-21T00:45:00.000000Z
2026-07-21T00:45:00.000000Z,1913.8800048828125,1916.800048828125,1912.97998046875,1913.9000244140625,152855552,2026-07-21T01:00:00.000000Z
2026-07-21T01:00:00.000000Z,1913.260009765625,1916.9100341796875,1911.300048828125,1912.800048828125,0,2026-07-21T01:15:00.000000Z
2026-07-21T01:15:00.000000Z,1912.8800048828125,1912.8800048828125,1908.6500244140625,1909.1099853515625,22904832,2026-07-21T01:30:00.000000Z
2026-07-21T01:30:00.000000Z,1909.010009765625,1913.989990234375,1907.739990234375,1908.7099609375,97043456,2026-07-21T01:45:00.000000Z
2026-07-21T01:45:00.000000Z,1908.7099609375,1909.800048828125,1905.9000244140625,1906.300048828125,0,2026-07-21T02:00:00.000000Z
2026-07-21T02:00:00.000000Z,1906.43994140625,1912.5899658203125,1905.9599609375,1908.4200439453125,121748480,2026-07-21T02:15:00.000000Z
2026-07-21T02:15:00.000000Z,1908.1600341796875,1908.1600341796875,1903.3199462890625,1906.47998046875,0,2026-07-21T02:30:00.000000Z
2026-07-21T02:30:00.000000Z,1906.3299560546875,1912.18994140625,1906.3299560546875,1910.8900146484375,125732864,2026-07-21T02:45:00.000000Z
2026-07-21T02:45:00.000000Z,1910.5999755859375,1920.3699951171875,1909.5699462890625,1916.1700439453125,0,2026-07-21T03:00:00.000000Z
2026-07-21T03:00:00.000000Z,1916.050048828125,1926.0699462890625,1915.5999755859375,1923.800048828125,218506240,2026-07-21T03:15:00.000000Z
2026-07-21T03:15:00.000000Z,1923.81005859375,1927,1921.56005859375,1923.6099853515625,82729984,2026-07-21T03:30:00.000000Z
2026-07-21T03:30:00.000000Z,1923.199951171875,1926.3800048828125,1921.6099853515625,1924.8900146484375,22681600,2026-07-21T03:45:00.000000Z
2026-07-21T03:45:00.000000Z,1924.800048828125,1927.0999755859375,1923.1600341796875,1925.6400146484375,36452352,2026-07-21T04:00:00.000000Z
2026-07-21T04:00:00.000000Z,1925.4599609375,1929.8399658203125,1923.9300537109375,1924.760009765625,120850432,2026-07-21T04:15:00.000000Z
2026-07-21T04:15:00.000000Z,1924.699951171875,1925.510009765625,1921.81005859375,1921.8199462890625,35376128,2026-07-21T04:30:00.000000Z
2026-07-21T04:30:00.000000Z,1922.239990234375,1924.4100341796875,1921.27001953125,1923.3699951171875,133911552,2026-07-21T04:45:00.000000Z
2026-07-21T04:45:00.000000Z,1923.1300048828125,1924.449951171875,1922.1800537109375,1923.3599853515625,11509760,2026-07-21T05:00:00.000000Z
2026-07-21T05:00:00.000000Z,1923,1924.9200439453125,1921.5799560546875,1922.1099853515625,832512,2026-07-21T05:15:00.000000Z
2026-07-21T05:15:00.000000Z,1922.3199462890625,1925.030029296875,1920.72998046875,1923.75,0,2026-07-21T05:30:00.000000Z
2026-07-21T05:30:00.000000Z,1924.4000244140625,1925.97998046875,1922.1199951171875,1925.18994140625,118897664,2026-07-21T05:45:00.000000Z
2026-07-21T05:45:00.000000Z,1925.239990234375,1933.989990234375,1924.3299560546875,1929.260009765625,63437824,2026-07-21T06:00:00.000000Z
2026-07-21T06:00:00.000000Z,1929.0999755859375,1932.9599609375,1926.5,1930.4599609375,0,2026-07-21T06:15:00.000000Z
2026-07-21T06:15:00.000000Z,1930.4599609375,1932.5799560546875,1928.4100341796875,1931.4000244140625,79043584,2026-07-21T06:30:00.000000Z
2026-07-21T06:30:00.000000Z,1931.0799560546875,1938.3599853515625,1930.969970703125,1936.6800537109375,47663104,2026-07-21T06:45:00.000000Z
2026-07-21T06:45:00.000000Z,1936.699951171875,1936.9100341796875,1932.47998046875,1933.5899658203125,219048960,2026-07-21T07:00:00.000000Z
2026-07-21T07:00:00.000000Z,1933.4000244140625,1935.239990234375,1932.43994140625,1934.52001953125,89491456,2026-07-21T07:15:00.000000Z
2026-07-21T07:15:00.000000Z,1934.75,1937.1400146484375,1932.6800537109375,1934.02001953125,23527424,2026-07-21T07:30:00.000000Z
2026-07-21T07:30:00.000000Z,1933.97998046875,1937.8800048828125,1933.1600341796875,1933.43994140625,140937216,2026-07-21T07:45:00.000000Z
2026-07-21T07:45:00.000000Z,1933.22998046875,1935.8199462890625,1932.1600341796875,1932.8900146484375,74317824,2026-07-21T08:00:00.000000Z
2026-07-21T08:00:00.000000Z,1932.77001953125,1936.9300537109375,1930.3699951171875,1936.9300537109375,49870848,2026-07-21T08:15:00.000000Z
2026-07-21T08:15:00.000000Z,1936.6300048828125,1949.3699951171875,1936,1938.93994140625,172646400,2026-07-21T08:30:00.000000Z
2026-07-21T08:30:00.000000Z,1939.43994140625,1941.4300537109375,1937.0799560546875,1941.1800537109375,239421440,2026-07-21T08:45:00.000000Z
2026-07-21T08:45:00.000000Z,1941.239990234375,1941.7099609375,1937.6500244140625,1938.6199951171875,88507392,2026-07-21T09:00:00.000000Z
2026-07-21T09:00:00.000000Z,1938.25,1939.0699462890625,1935.68994140625,1938.8900146484375,98415616,2026-07-21T09:15:00.000000Z
2026-07-21T09:15:00.000000Z,1939.0400390625,1939.800048828125,1937.06005859375,1937.1600341796875,242467840,2026-07-21T09:30:00.000000Z
2026-07-21T09:30:00.000000Z,1938.02001953125,1940.4200439453125,1937.1600341796875,1938.6600341796875,104034304,2026-07-21T09:45:00.000000Z
2026-07-21T09:45:00.000000Z,1938.56005859375,1942.280029296875,1938.56005859375,1940.800048828125,84373504,2026-07-21T10:00:00.000000Z
2026-07-21T10:00:00.000000Z,1940.8499755859375,1945.81005859375,1940.3699951171875,1943.780029296875,115217408,2026-07-21T10:15:00.000000Z
2026-07-21T10:15:00.000000Z,1943.7099609375,1944.7099609375,1940.7099609375,1941.4000244140625,84852736,2026-07-21T10:30:00.000000Z
2026-07-21T10:30:00.000000Z,1941.300048828125,1942.5999755859375,1938.1199951171875,1938.47998046875,168929280,2026-07-21T10:45:00.000000Z
2026-07-21T10:45:00.000000Z,1938.56005859375,1939.8800048828125,1931.06005859375,1932.8499755859375,85859328,2026-07-21T11:00:00.000000Z
2026-07-21T11:00:00.000000Z,1932.9599609375,1933.31005859375,1927.93994140625,1928.6400146484375,211963904,2026-07-21T11:15:00.000000Z
2026-07-21T11:15:00.000000Z,1928.52001953125,1929.6800537109375,1926.239990234375,1928.52001953125,401215488,2026-07-21T11:30:00.000000Z
2026-07-21T11:30:00.000000Z,1928.6300048828125,1933.5999755859375,1928.5400390625,1933.5999755859375,61464576,2026-07-21T11:45:00.000000Z
2026-07-21T11:45:00.000000Z,1933.56005859375,1936.0699462890625,1933.449951171875,1934.6099853515625,151138304,2026-07-21T12:00:00.000000Z
2026-07-21T12:00:00.000000Z,1934.760009765625,1937.8599853515625,1931.6500244140625,1934.81005859375,0,2026-07-21T12:15:00.000000Z
2026-07-21T12:15:00.000000Z,1934.8199462890625,1942.0999755859375,1932.47998046875,1939.2099609375,210124800,2026-07-21T12:30:00.000000Z
2026-07-21T12:30:00.000000Z,1939.5400390625,1944.1400146484375,1938.0400390625,1940.6199951171875,117475328,2026-07-21T12:45:00.000000Z
2026-07-21T12:45:00.000000Z,1940.6400146484375,1942.56005859375,1938.6600341796875,1941.6099853515625,108821504,2026-07-21T13:00:00.000000Z
2026-07-21T13:00:00.000000Z,1941.300048828125,1942.550048828125,1939.3599853515625,1940.8900146484375,20269056,2026-07-21T13:15:00.000000Z
2026-07-21T13:15:00.000000Z,1940.8800048828125,1941.469970703125,1934.5999755859375,1935.530029296875,105907200,2026-07-21T13:30:00.000000Z
2026-07-21T13:30:00.000000Z,1935.6800537109375,1936.43994140625,1926.199951171875,1927.22998046875,138182656,2026-07-21T13:45:00.000000Z
2026-07-21T13:45:00.000000Z,1928.0400390625,1940.030029296875,1926.9599609375,1938.93994140625,20228096,2026-07-21T14:00:00.000000Z
2026-07-21T14:00:00.000000Z,1938.530029296875,1942.75,1935.3299560546875,1940.1199951171875,25248768,2026-07-21T14:15:00.000000Z
2026-07-21T14:15:00.000000Z,1940.47998046875,1940.5799560546875,1926.1199951171875,1931.1500244140625,194627584,2026-07-21T14:30:00.000000Z
2026-07-21T14:30:00.000000Z,1931.75,1935.9100341796875,1929.72998046875,1935.1600341796875,232800256,2026-07-21T14:45:00.000000Z
2026-07-21T14:45:00.000000Z,1935.719970703125,1937.3900146484375,1930.1400146484375,1930.1500244140625,37478400,2026-07-21T15:00:00.000000Z
2026-07-21T15:00:00.000000Z,1930.010009765625,1930.010009765625,1924.0999755859375,1927.0999755859375,103142400,2026-07-21T15:15:00.000000Z
2026-07-21T15:15:00.000000Z,1926.6600341796875,1929.75,1924.1400146484375,1925.1700439453125,249912320,2026-07-21T15:30:00.000000Z
2026-07-21T15:30:00.000000Z,1924.3900146484375,1928.5999755859375,1922.5,1926.050048828125,0,2026-07-21T15:45:00.000000Z
2026-07-21T15:45:00.000000Z,1926.31005859375,1931.449951171875,1925.1700439453125,1930.760009765625,2197504,2026-07-21T16:00:00.000000Z
2026-07-21T16:00:00.000000Z,1930.989990234375,1934.4300537109375,1928.300048828125,1929.260009765625,0,2026-07-21T16:15:00.000000Z
2026-07-21T16:15:00.000000Z,1929.1600341796875,1929.1600341796875,1923.030029296875,1923.5899658203125,341231616,2026-07-21T16:30:00.000000Z
2026-07-21T16:30:00.000000Z,1923.0699462890625,1926.7900390625,1922.02001953125,1923.510009765625,0,2026-07-21T16:45:00.000000Z
2026-07-21T16:45:00.000000Z,1923.68994140625,1927.2900390625,1920.719970703125,1925.300048828125,0,2026-07-21T17:00:00.000000Z
2026-07-21T17:00:00.000000Z,1925.0400390625,1927.1800537109375,1924.219970703125,1924.97998046875,129334272,2026-07-21T17:15:00.000000Z
2026-07-21T17:15:00.000000Z,1925.050048828125,1925.47998046875,1921.4599609375,1923.9599609375,145783808,2026-07-21T17:30:00.000000Z
2026-07-21T17:30:00.000000Z,1923.800048828125,1926.4100341796875,1922.4000244140625,1926.0999755859375,65857536,2026-07-21T17:45:00.000000Z
2026-07-21T17:45:00.000000Z,1926.1800537109375,1926.2900390625,1915.199951171875,1917.300048828125,0,2026-07-21T18:00:00.000000Z
2026-07-21T18:00:00.000000Z,1917.4599609375,1921.6800537109375,1914.25,1920.010009765625,43096064,2026-07-21T18:15:00.000000Z
2026-07-21T18:15:00.000000Z,1919.239990234375,1920.7099609375,1916.7099609375,1919.06005859375,0,2026-07-21T18:30:00.000000Z
2026-07-21T18:30:00.000000Z,1919.06005859375,1921.0799560546875,1914.31005859375,1920.5,36105216,2026-07-21T18:45:00.000000Z
2026-07-21T18:45:00.000000Z,1920.510009765625,1921.1500244140625,1917.77001953125,1918.949951171875,94834688,2026-07-21T19:00:00.000000Z
2026-07-21T19:00:00.000000Z,1918.8800048828125,1922.5799560546875,1917.3399658203125,1918.68994140625,21063680,2026-07-21T19:15:00.000000Z
2026-07-21T19:15:00.000000Z,1918.3199462890625,1923.780029296875,1918.0799560546875,1923.219970703125,42485760,2026-07-21T19:30:00.000000Z
2026-07-21T19:30:00.000000Z,1923.4300537109375,1925.4000244140625,1922.18994140625,1923.47998046875,108037120,2026-07-21T19:45:00.000000Z
2026-07-21T19:45:00.000000Z,1922.8900146484375,1925.22998046875,1921.800048828125,1922.6400146484375,45519872,2026-07-21T20:00:00.000000Z
2026-07-21T20:00:00.000000Z,1923.3800048828125,1923.3800048828125,1920.43994140625,1921.5999755859375,42589184,2026-07-21T20:15:00.000000Z
2026-07-21T20:15:00.000000Z,1921.47998046875,1922.1600341796875,1920.550048828125,1922.1400146484375,24131584,2026-07-21T20:30:00.000000Z
2026-07-21T20:30:00.000000Z,1922.1400146484375,1925.489990234375,1922.1400146484375,1924.06005859375,121048064,2026-07-21T20:45:00.000000Z
2026-07-21T20:45:00.000000Z,1924.030029296875,1924.1700439453125,1921.8499755859375,1922.1800537109375,7089152,2026-07-21T21:00:00.000000Z
2026-07-21T21:00:00.000000Z,1922.050048828125,1922.31005859375,1918.81005859375,1922.31005859375,0,2026-07-21T21:15:00.000000Z
2026-07-21T21:15:00.000000Z,1922.4100341796875,1924.0899658203125,1921.3199462890625,1923.0400390625,100456448,2026-07-21T21:30:00.000000Z
2026-07-21T21:30:00.000000Z,1923.02001953125,1925.719970703125,1922.9300537109375,1925.1500244140625,13240320,2026-07-21T21:45:00.000000Z
2026-07-21T21:45:00.000000Z,1925.050048828125,1925.050048828125,1922.4100341796875,1923.1700439453125,115228672,2026-07-21T22:00:00.000000Z
2026-07-21T22:00:00.000000Z,1922.300048828125,1922.93994140625,1920.1300048828125,1921.5699462890625,4798464,2026-07-21T22:15:00.000000Z
2026-07-21T22:15:00.000000Z,1921.56005859375,1921.699951171875,1918.800048828125,1920.5400390625,4805632,2026-07-21T22:30:00.000000Z
2026-07-21T22:30:00.000000Z,1920.199951171875,1922.510009765625,1919.300048828125,1920.1300048828125,20043776,2026-07-21T22:45:00.000000Z
2026-07-21T22:45:00.000000Z,1920.010009765625,1920.010009765625,1917.1300048828125,1919.5999755859375,21258240,2026-07-21T23:00:00.000000Z
2026-07-21T23:00:00.000000Z,1919.1600341796875,1919.199951171875,1915.699951171875,1916.56005859375,58506240,2026-07-21T23:15:00.000000Z
2026-07-21T23:15:00.000000Z,1916.5,1921.31005859375,1916.5,1921.31005859375,60506112,2026-07-21T23:30:00.000000Z
2026-07-21T23:30:00.000000Z,1920.9000244140625,1923.5699462890625,1919.9000244140625,1922.800048828125,95788032,2026-07-21T23:45:00.000000Z
2026-07-21T23:45:00.000000Z,1922.8900146484375,1929.699951171875,1921.0400390625,1928.6300048828125,13071360,2026-07-22T00:00:00.000000Z
2026-07-22T00:00:00.000000Z,1929.0999755859375,1937.31005859375,1927.800048828125,1936.989990234375,25371648,2026-07-22T00:15:00.000000Z
2026-07-22T00:15:00.000000Z,1936.93994140625,1942.8199462890625,1934.6300048828125,1935.7900390625,188419072,2026-07-22T00:30:00.000000Z
2026-07-22T00:30:00.000000Z,1935.8499755859375,1941.4599609375,1933.280029296875,1938.800048828125,48571392,2026-07-22T00:45:00.000000Z
2026-07-22T00:45:00.000000Z,1938.239990234375,1940.3699951171875,1935.1500244140625,1938.1300048828125,94159872,2026-07-22T01:00:00.000000Z
2026-07-22T01:00:00.000000Z,1938.47998046875,1939.199951171875,1933.2900390625,1933.3800048828125,11556864,2026-07-22T01:15:00.000000Z
2026-07-22T01:15:00.000000Z,1933.7900390625,1934.0400390625,1927.239990234375,1929.75,19844096,2026-07-22T01:30:00.000000Z
2026-07-22T01:30:00.000000Z,1929.3499755859375,1934.3299560546875,1927.52001953125,1931.989990234375,144312320,2026-07-22T01:45:00.000000Z
2026-07-22T01:45:00.000000Z,1931.6400146484375,1936.3199462890625,1930.52001953125,1932.4200439453125,2331648,2026-07-22T02:00:00.000000Z
2026-07-22T02:00:00.000000Z,1931.739990234375,1933.43994140625,1928.3599853515625,1932.3199462890625,212214784,2026-07-22T02:15:00.000000Z
2026-07-22T02:15:00.000000Z,1931.8900146484375,1935.239990234375,1930.719970703125,1931.06005859375,131948544,2026-07-22T02:30:00.000000Z
2026-07-22T02:30:00.000000Z,1930.449951171875,1930.68994140625,1925.5400390625,1929.199951171875,58632192,2026-07-22T02:45:00.000000Z
2026-07-22T02:45:00.000000Z,1928.93994140625,1930.219970703125,1927.0999755859375,1929.0699462890625,120509440,2026-07-22T03:00:00.000000Z
2026-07-22T03:00:00.000000Z,1928.72998046875,1932.4000244140625,1925.4000244140625,1925.4000244140625,0,2026-07-22T03:15:00.000000Z
2026-07-22T03:15:00.000000Z,1925.760009765625,1931.3800048828125,1925.760009765625,1930.8499755859375,7706624,2026-07-22T03:30:00.000000Z
2026-07-22T03:30:00.000000Z,1930.3199462890625,1931.81005859375,1927.489990234375,1930.5400390625,207750144,2026-07-22T03:45:00.000000Z
2026-07-22T03:45:00.000000Z,1930.6099853515625,1934.6300048828125,1925.9599609375,1927.5,31779840,2026-07-22T04:00:00.000000Z
2026-07-22T04:00:00.000000Z,1926.8399658203125,1932.9100341796875,1926.8399658203125,1932.5899658203125,113641472,2026-07-22T04:15:00.000000Z
2026-07-22T04:15:00.000000Z,1932.449951171875,1935.8399658203125,1932.449951171875,1934.0699462890625,205642752,2026-07-22T04:30:00.000000Z
2026-07-22T04:30:00.000000Z,1934.1099853515625,1937.989990234375,1932.6099853515625,1937.719970703125,24548352,2026-07-22T04:45:00.000000Z
2026-07-22T04:45:00.000000Z,1937.6600341796875,1937.8399658203125,1934.4599609375,1935.489990234375,135790592,2026-07-22T05:00:00.000000Z
2026-07-22T05:00:00.000000Z,1935.739990234375,1935.739990234375,1930.47998046875,1931.4300537109375,113487872,2026-07-22T05:15:00.000000Z
2026-07-22T05:15:00.000000Z,1931.510009765625,1931.510009765625,1921.1600341796875,1921.800048828125,76778496,2026-07-22T05:30:00.000000Z
2026-07-22T05:30:00.000000Z,1921.56005859375,1924.8699951171875,1918.1600341796875,1919.5,178026496,2026-07-22T05:45:00.000000Z
2026-07-22T05:45:00.000000Z,1919.27001953125,1920.93994140625,1916.9000244140625,1918.0799560546875,109087744,2026-07-22T06:00:00.000000Z
2026-07-22T06:00:00.000000Z,1918.8599853515625,1919.8499755859375,1915.6500244140625,1918.6300048828125,0,2026-07-22T06:15:00.000000Z
2026-07-22T06:15:00.000000Z,1918.0799560546875,1918.0799560546875,1912.469970703125,1913.530029296875,86587392,2026-07-22T06:30:00.000000Z
2026-07-22T06:30:00.000000Z,1913.4100341796875,1918.43994140625,1912.199951171875,1916.780029296875,62639104,2026-07-22T06:45:00.000000Z
2026-07-22T06:45:00.000000Z,1916.0400390625,1918.06005859375,1914.8800048828125,1916.27001953125,177372160,2026-07-22T07:00:00.000000Z
2026-07-22T07:00:00.000000Z,1916.8800048828125,1917.8299560546875,1914.7099609375,1915.1800537109375,0,2026-07-22T07:15:00.000000Z
2026-07-22T07:15:00.000000Z,1915.719970703125,1917.199951171875,1911.9100341796875,1917.1400146484375,30478336,2026-07-22T07:30:00.000000Z
2026-07-22T07:30:00.000000Z,1917.1400146484375,1917.77001953125,1909.68994140625,1911.5699462890625,18804736,2026-07-22T07:45:00.000000Z
2026-07-22T07:45:00.000000Z,1911.5999755859375,1913.4000244140625,1909.47998046875,1912.8800048828125,60535808,2026-07-22T08:00:00.000000Z
2026-07-22T08:00:00.000000Z,1912.68994140625,1922.0999755859375,1912.68994140625,1919.75,3547136,2026-07-22T08:15:00.000000Z
2026-07-22T08:15:00.000000Z,1919.8900146484375,1923.9000244140625,1918.5999755859375,1920.280029296875,99058688,2026-07-22T08:30:00.000000Z
2026-07-22T08:30:00.000000Z,1920.9000244140625,1922.27001953125,1917.4000244140625,1918.199951171875,0,2026-07-22T08:45:00.000000Z
2026-07-22T08:45:00.000000Z,1918.4200439453125,1920.3299560546875,1917.9000244140625,1919.800048828125,95681536,2026-07-22T09:00:00.000000Z
2026-07-22T09:00:00.000000Z,1919.6099853515625,1925.0799560546875,1919.2099609375,1923,0,2026-07-22T09:15:00.000000Z
2026-07-22T09:15:00.000000Z,1922.699951171875,1924.77001953125,1922.699951171875,1923.93994140625,77165568,2026-07-22T09:30:00.000000Z
2026-07-22T09:30:00.000000Z,1923.9100341796875,1923.9599609375,1918.199951171875,1920.0400390625,0,2026-07-22T09:45:00.000000Z
2026-07-22T09:45:00.000000Z,1920.1800537109375,1923.3800048828125,1918.4599609375,1923.199951171875,106500096,2026-07-22T10:00:00.000000Z
2026-07-22T10:00:00.000000Z,1923.5,1923.800048828125,1921.9100341796875,1923,79439872,2026-07-22T10:15:00.000000Z
2026-07-22T10:15:00.000000Z,1922.9000244140625,1927.3199462890625,1922.1500244140625,1926.6600341796875,29157376,2026-07-22T10:30:00.000000Z
2026-07-22T10:30:00.000000Z,1927.18994140625,1930.1199951171875,1925.699951171875,1929.47998046875,4298752,2026-07-22T10:45:00.000000Z
2026-07-22T10:45:00.000000Z,1929.56005859375,1932.3699951171875,1928.9000244140625,1929.4100341796875,36226048,2026-07-22T11:00:00.000000Z
2026-07-22T11:00:00.000000Z,1929.199951171875,1930.1600341796875,1927.300048828125,1927.8900146484375,0,2026-07-22T11:15:00.000000Z
2026-07-22T11:15:00.000000Z,1927.7099609375,1928.8800048828125,1925.7099609375,1927.030029296875,0,2026-07-22T11:30:00.000000Z
2026-07-22T11:30:00.000000Z,1927.199951171875,1927.9200439453125,1921.4000244140625,1921.6800537109375,0,2026-07-22T11:45:00.000000Z
2026-07-22T11:45:00.000000Z,1921.5,1926.800048828125,1921.2099609375,1926.1600341796875,48136192,2026-07-22T12:00:00.000000Z
2026-07-22T12:00:00.000000Z,1926.1600341796875,1926.1600341796875,1921.4100341796875,1924.8800048828125,38489088,2026-07-22T12:15:00.000000Z
2026-07-22T12:15:00.000000Z,1925.489990234375,1926.1199951171875,1921.3199462890625,1922.31005859375,73366528,2026-07-22T12:30:00.000000Z
2026-07-22T12:30:00.000000Z,1922.699951171875,1924,1919.780029296875,1919.949951171875,0,2026-07-22T12:45:00.000000Z
2026-07-22T12:45:00.000000Z,1919.550048828125,1921.75,1912.4100341796875,1915.5899658203125,108169216,2026-07-22T13:00:00.000000Z
2026-07-22T13:00:00.000000Z,1915.72998046875,1920.0899658203125,1915.4000244140625,1919.06005859375,99256320,2026-07-22T13:15:00.000000Z
2026-07-22T13:15:00.000000Z,1919.06005859375,1921,1917.47998046875,1919.9200439453125,0,2026-07-22T13:30:00.000000Z
2026-07-22T13:30:00.000000Z,1921.02001953125,1937.5999755859375,1921.02001953125,1936.25,142174208,2026-07-22T13:45:00.000000Z
2026-07-22T13:45:00.000000Z,1937.199951171875,1941.1400146484375,1934.219970703125,1938.81005859375,303417344,2026-07-22T14:00:00.000000Z
2026-07-22T14:00:00.000000Z,1938.5,1952.7900390625,1936.989990234375,1940.9100341796875,196487168,2026-07-22T14:15:00.000000Z
2026-07-22T14:15:00.000000Z,1939.8199462890625,1939.8199462890625,1921.6400146484375,1923.489990234375,209499136,2026-07-22T14:30:00.000000Z
2026-07-22T14:30:00.000000Z,1923.52001953125,1934.0999755859375,1922.5999755859375,1926.699951171875,153352192,2026-07-22T14:45:00.000000Z
2026-07-22T14:45:00.000000Z,1925.6800537109375,1932.1500244140625,1925.510009765625,1932.1199951171875,9307136,2026-07-22T15:00:00.000000Z
2026-07-22T15:00:00.000000Z,1932.699951171875,1942.6400146484375,1932.0999755859375,1941.9000244140625,118155264,2026-07-22T15:15:00.000000Z
2026-07-22T15:15:00.000000Z,1940.9000244140625,1951.300048828125,1940.0999755859375,1947.6700439453125,235515904,2026-07-22T15:30:00.000000Z
2026-07-22T15:30:00.000000Z,1949.5999755859375,1949.5999755859375,1940.199951171875,1943.5,141672448,2026-07-22T15:45:00.000000Z
2026-07-22T15:45:00.000000Z,1943.7099609375,1945.9000244140625,1940.5999755859375,1941.949951171875,74867712,2026-07-22T16:00:00.000000Z
2026-07-22T16:00:00.000000Z,1942.06005859375,1946.0899658203125,1939.0999755859375,1943.52001953125,6173696,2026-07-22T16:15:00.000000Z
2026-07-22T16:15:00.000000Z,1943.4599609375,1943.4599609375,1935.4200439453125,1939.010009765625,199855104,2026-07-22T16:30:00.000000Z
2026-07-22T16:30:00.000000Z,1938.8499755859375,1955.5999755859375,1938.8499755859375,1950.489990234375,210189312,2026-07-22T16:45:00.000000Z
2026-07-22T16:45:00.000000Z,1950.6099853515625,1951.43994140625,1946.1400146484375,1949.4200439453125,124964864,2026-07-22T17:00:00.000000Z
2026-07-22T17:00:00.000000Z,1949.0999755859375,1949.5999755859375,1944.5999755859375,1945.3299560546875,39052288,2026-07-22T17:15:00.000000Z
2026-07-22T17:15:00.000000Z,1945.030029296875,1945.469970703125,1934.1500244140625,1935.800048828125,11153408,2026-07-22T17:30:00.000000Z
2026-07-22T17:30:00.000000Z,1935.4000244140625,1943.9599609375,1935.4000244140625,1943.5,31861760,2026-07-22T17:45:00.000000Z
2026-07-22T17:45:00.000000Z,1943.1600341796875,1945.7099609375,1937.3299560546875,1937.6600341796875,75858944,2026-07-22T18:00:00.000000Z
2026-07-22T18:00:00.000000Z,1937.739990234375,1939.18994140625,1932.3399658203125,1934.800048828125,59829248,2026-07-22T18:15:00.000000Z
2026-07-22T18:15:00.000000Z,1934.7099609375,1938.5999755859375,1931.0799560546875,1932.22998046875,10189824,2026-07-22T18:30:00.000000Z
2026-07-22T18:30:00.000000Z,1931.260009765625,1931.52001953125,1922.699951171875,1925.1099853515625,51120128,2026-07-22T18:45:00.000000Z
2026-07-22T18:45:00.000000Z,1924.6800537109375,1931.5400390625,1923.9599609375,1929.9100341796875,226779136,2026-07-22T19:00:00.000000Z
2026-07-22T19:00:00.000000Z,1929.8800048828125,1931.0400390625,1920.0799560546875,1923.9599609375,37524480,2026-07-22T19:15:00.000000Z
2026-07-22T19:15:00.000000Z,1923.43994140625,1927.9000244140625,1923.43994140625,1926.27001953125,76286976,2026-07-22T19:30:00.000000Z
2026-07-22T19:30:00.000000Z,1926.1199951171875,1927.9100341796875,1923.5999755859375,1924.02001953125,0,2026-07-22T19:45:00.000000Z
2026-07-22T19:45:00.000000Z,1924.4300537109375,1925.699951171875,1922.81005859375,1924.300048828125,0,2026-07-22T20:00:00.000000Z
2026-07-22T20:00:00.000000Z,1923.5400390625,1928.3599853515625,1921.800048828125,1928.239990234375,129530880,2026-07-22T20:15:00.000000Z
2026-07-22T20:15:00.000000Z,1928.31005859375,1929.5,1926.1400146484375,1926.6800537109375,100444160,2026-07-22T20:30:00.000000Z
2026-07-22T20:30:00.000000Z,1926.6700439453125,1928.27001953125,1925.2900390625,1927.3599853515625,0,2026-07-22T20:45:00.000000Z
2026-07-22T20:45:00.000000Z,1927.27001953125,1927.7099609375,1925.4100341796875,1926.030029296875,12821504,2026-07-22T21:00:00.000000Z
2026-07-22T21:00:00.000000Z,1925.93994140625,1929.1099853515625,1925.93994140625,1926.6099853515625,4093952,2026-07-22T21:15:00.000000Z
2026-07-22T21:15:00.000000Z,1926.72998046875,1928.56005859375,1926.1800537109375,1927.050048828125,1857536,2026-07-22T21:30:00.000000Z
2026-07-22T21:30:00.000000Z,1926.9599609375,1935.050048828125,1926.780029296875,1934.6400146484375,0,2026-07-22T21:45:00.000000Z
2026-07-22T21:45:00.000000Z,1934.5799560546875,1938.6300048828125,1932.77001953125,1937.9300537109375,110542848,2026-07-22T22:00:00.000000Z
2026-07-22T22:00:00.000000Z,1936.2099609375,1937.800048828125,1933.43994140625,1935.3599853515625,171747328,2026-07-22T22:15:00.000000Z
2026-07-22T22:15:00.000000Z,1935.47998046875,1935.5899658203125,1932.260009765625,1935.3699951171875,316416,2026-07-22T22:30:00.000000Z
2026-07-22T22:30:00.000000Z,1935.3299560546875,1935.3299560546875,1930,1932.3599853515625,30813184,2026-07-22T22:45:00.000000Z
2026-07-22T22:45:00.000000Z,1932.3299560546875,1938.030029296875,1932.3299560546875,1937.4300537109375,66486272,2026-07-22T23:00:00.000000Z
2026-07-22T23:00:00.000000Z,1937.449951171875,1937.449951171875,1923.1300048828125,1924.8800048828125,0,2026-07-22T23:15:00.000000Z
2026-07-22T23:15:00.000000Z,1925.989990234375,1929.9000244140625,1922.8800048828125,1928.0999755859375,157991936,2026-07-22T23:30:00.000000Z
2026-07-22T23:30:00.000000Z,1928.0999755859375,1929.989990234375,1927.75,1929.1700439453125,94370816,2026-07-22T23:45:00.000000Z
2026-07-22T23:45:00.000000Z,1928.8900146484375,1933.9200439453125,1928.8800048828125,1933.5400390625,1713152,2026-07-23T00:00:00.000000Z
2026-07-23T00:00:00.000000Z,1933.8900146484375,1937.0899658203125,1932.530029296875,1934.280029296875,229622784,2026-07-23T00:15:00.000000Z
2026-07-23T00:15:00.000000Z,1934.3499755859375,1940.6500244140625,1931.5999755859375,1937.47998046875,67484672,2026-07-23T00:30:00.000000Z
2026-07-23T00:30:00.000000Z,1937.489990234375,1939.1300048828125,1934.7900390625,1934.81005859375,124583936,2026-07-23T00:45:00.000000Z
2026-07-23T00:45:00.000000Z,1934.780029296875,1936.43994140625,1931.4000244140625,1931.4000244140625,0,2026-07-23T01:00:00.000000Z
2026-07-23T01:00:00.000000Z,1931.52001953125,1935.8399658203125,1930.56005859375,1932.300048828125,275250176,2026-07-23T01:15:00.000000Z
2026-07-23T01:15:00.000000Z,1932.25,1934.2099609375,1927.5699462890625,1932.8399658203125,17367040,2026-07-23T01:30:00.000000Z
2026-07-23T01:30:00.000000Z,1933.3199462890625,1933.3199462890625,1925.9000244140625,1927.43994140625,23481344,2026-07-23T01:45:00.000000Z
2026-07-23T01:45:00.000000Z,1927.2099609375,1929.300048828125,1926.8499755859375,1927.6500244140625,87946240,2026-07-23T02:00:00.000000Z
2026-07-23T02:00:00.000000Z,1927.43994140625,1928.6400146484375,1924.56005859375,1924.81005859375,0,2026-07-23T02:15:00.000000Z
2026-07-23T02:15:00.000000Z,1924.6099853515625,1925.800048828125,1921.4200439453125,1923.56005859375,79328256,2026-07-23T02:30:00.000000Z
2026-07-23T02:30:00.000000Z,1923.56005859375,1927.1500244140625,1923.3399658203125,1925.1099853515625,5749760,2026-07-23T02:45:00.000000Z
2026-07-23T02:45:00.000000Z,1924.9100341796875,1927.3800048828125,1924.9000244140625,1926.3399658203125,5790720,2026-07-23T03:00:00.000000Z
2026-07-23T03:00:00.000000Z,1926.77001953125,1926.969970703125,1919.260009765625,1921.010009765625,0,2026-07-23T03:15:00.000000Z
2026-07-23T03:15:00.000000Z,1920.9000244140625,1923.8599853515625,1919.4300537109375,1921.6500244140625,112843776,2026-07-23T03:30:00.000000Z
2026-07-23T03:30:00.000000Z,1921.6500244140625,1924.1500244140625,1920.77001953125,1921.9200439453125,2865152,2026-07-23T03:45:00.000000Z
2026-07-23T03:45:00.000000Z,1921.9200439453125,1922.0400390625,1917.4599609375,1919.530029296875,35365888,2026-07-23T04:00:00.000000Z
2026-07-23T04:00:00.000000Z,1919.530029296875,1921.4100341796875,1917.6099853515625,1921.4100341796875,15132672,2026-07-23T04:15:00.000000Z
2026-07-23T04:15:00.000000Z,1921.6800537109375,1925.06005859375,1920.010009765625,1924.199951171875,65909760,2026-07-23T04:30:00.000000Z
2026-07-23T04:30:00.000000Z,1924.2099609375,1924.2099609375,1920.8199462890625,1921.4300537109375,72589312,2026-07-23T04:45:00.000000Z
2026-07-23T04:45:00.000000Z,1921.4000244140625,1922.489990234375,1917.72998046875,1918.4599609375,1469440,2026-07-23T05:00:00.000000Z
2026-07-23T05:00:00.000000Z,1918.760009765625,1919.93994140625,1917.0699462890625,1918.68994140625,0,2026-07-23T05:15:00.000000Z
2026-07-23T05:15:00.000000Z,1918.699951171875,1924.5699462890625,1917.489990234375,1924.5699462890625,79022080,2026-07-23T05:30:00.000000Z
2026-07-23T05:30:00.000000Z,1924.75,1927.6099853515625,1923.800048828125,1924.3299560546875,32719872,2026-07-23T05:45:00.000000Z
2026-07-23T05:45:00.000000Z,1924.3399658203125,1924.7900390625,1920.27001953125,1921.949951171875,0,2026-07-23T06:00:00.000000Z
2026-07-23T06:00:00.000000Z,1921.510009765625,1922.3199462890625,1920.0400390625,1921.9200439453125,78051328,2026-07-23T06:15:00.000000Z
2026-07-23T06:15:00.000000Z,1921.9000244140625,1925.280029296875,1920.6099853515625,1925.280029296875,0,2026-07-23T06:30:00.000000Z
2026-07-23T06:30:00.000000Z,1925,1925.6500244140625,1922.8900146484375,1924.81005859375,4170752,2026-07-23T06:45:00.000000Z
2026-07-23T06:45:00.000000Z,1924.81005859375,1925.9599609375,1923.719970703125,1924.4000244140625,84604928,2026-07-23T07:00:00.000000Z
2026-07-23T07:00:00.000000Z,1924.2099609375,1924.2099609375,1913,1916.6800537109375,0,2026-07-23T07:15:00.000000Z
2026-07-23T07:15:00.000000Z,1916.6199951171875,1916.6400146484375,1913.2900390625,1914.93994140625,173095936,2026-07-23T07:30:00.000000Z
2026-07-23T07:30:00.000000Z,1914.7099609375,1915.6099853515625,1912.219970703125,1912.280029296875,17970176,2026-07-23T07:45:00.000000Z
2026-07-23T07:45:00.000000Z,1912.199951171875,1914.739990234375,1911.1400146484375,1914.199951171875,30638080,2026-07-23T08:00:00.000000Z
2026-07-23T08:00:00.000000Z,1914.300048828125,1919.1700439453125,1913.0999755859375,1918.3399658203125,59222016,2026-07-23T08:15:00.000000Z
2026-07-23T08:15:00.000000Z,1918.0899658203125,1921.699951171875,1917,1920.989990234375,4456448,2026-07-23T08:30:00.000000Z
2026-07-23T08:30:00.000000Z,1921.0999755859375,1925.8199462890625,1921.0999755859375,1924.72998046875,2957312,2026-07-23T08:45:00.000000Z
2026-07-23T08:45:00.000000Z,1924.68994140625,1926.1199951171875,1923.47998046875,1925.550048828125,1548288,2026-07-23T09:00:00.000000Z
2026-07-23T09:00:00.000000Z,1925.7900390625,1929.5999755859375,1924.199951171875,1928.25,84209664,2026-07-23T09:15:00.000000Z
2026-07-23T09:15:00.000000Z,1928.27001953125,1930.3800048828125,1926.8599853515625,1928.52001953125,40771584,2026-07-23T09:30:00.000000Z
2026-07-23T09:30:00.000000Z,1928.510009765625,1928.9599609375,1926.6099853515625,1928.280029296875,3589120,2026-07-23T09:45:00.000000Z
2026-07-23T09:45:00.000000Z,1928.25,1928.8800048828125,1922.3699951171875,1923.1800537109375,6495232,2026-07-23T10:00:00.000000Z
2026-07-23T10:00:00.000000Z,1923.5,1925.6600341796875,1920.510009765625,1925.530029296875,59613184,2026-07-23T10:15:00.000000Z
2026-07-23T10:15:00.000000Z,1925.5400390625,1927.699951171875,1924.5999755859375,1927.2099609375,17975296,2026-07-23T10:30:00.000000Z
2026-07-23T10:30:00.000000Z,1927.0400390625,1929.030029296875,1927.02001953125,1929,5394432,2026-07-23T10:45:00.000000Z
2026-07-23T10:45:00.000000Z,1929.0999755859375,1929.5999755859375,1927,1927.300048828125,0,2026-07-23T11:00:00.000000Z
2026-07-23T11:00:00.000000Z,1927.31005859375,1927.739990234375,1925.300048828125,1927.739990234375,90405888,2026-07-23T11:15:00.000000Z
2026-07-23T11:15:00.000000Z,1927.739990234375,1928.4599609375,1924.9000244140625,1925.4000244140625,69047296,2026-07-23T11:30:00.000000Z
2026-07-23T11:30:00.000000Z,1925.4000244140625,1926.18994140625,1924,1925.239990234375,213265408,2026-07-23T11:45:00.000000Z
2026-07-23T11:45:00.000000Z,1925.300048828125,1926.5899658203125,1924.75,1925.260009765625,31819776,2026-07-23T12:00:00.000000Z
2026-07-23T12:00:00.000000Z,1925.0699462890625,1927.1199951171875,1921.31005859375,1923,34472960,2026-07-23T12:15:00.000000Z
2026-07-23T12:15:00.000000Z,1922.4100341796875,1923.43994140625,1917.56005859375,1918.050048828125,58165248,2026-07-23T12:30:00.000000Z
2026-07-23T12:30:00.000000Z,1917.06005859375,1917.5999755859375,1902.530029296875,1903.780029296875,250711040,2026-07-23T12:45:00.000000Z
2026-07-23T12:45:00.000000Z,1903.3399658203125,1904.6099853515625,1894.0799560546875,1903.0999755859375,400470016,2026-07-23T13:00:00.000000Z
2026-07-23T13:00:00.000000Z,1903.550048828125,1906.1199951171875,1896.300048828125,1897.4000244140625,67322880,2026-07-23T13:15:00.000000Z
2026-07-23T13:15:00.000000Z,1897.010009765625,1900.1300048828125,1894.5799560546875,1896.9200439453125,121041920,2026-07-23T13:30:00.000000Z
2026-07-23T13:30:00.000000Z,1897.5,1907.4200439453125,1897.1500244140625,1907.1600341796875,131032064,2026-07-23T13:45:00.000000Z
2026-07-23T13:45:00.000000Z,1907.2099609375,1908.1099853515625,1897.3499755859375,1897.3499755859375,25344000,2026-07-23T14:00:00.000000Z
2026-07-23T14:00:00.000000Z,1897.8299560546875,1903.3699951171875,1894.97998046875,1900.969970703125,0,2026-07-23T14:15:00.000000Z
2026-07-23T14:15:00.000000Z,1900.52001953125,1905.7099609375,1898.760009765625,1902.5999755859375,73205760,2026-07-23T14:30:00.000000Z
2026-07-23T14:30:00.000000Z,1902.7099609375,1905.6500244140625,1897.6099853515625,1898.2900390625,187129856,2026-07-23T14:45:00.000000Z
2026-07-23T14:45:00.000000Z,1897.9000244140625,1900.18994140625,1891.6600341796875,1895.6500244140625,77437952,2026-07-23T15:00:00.000000Z
2026-07-23T15:00:00.000000Z,1895.2900390625,1895.2900390625,1881.6099853515625,1882.9100341796875,8627200,2026-07-23T15:15:00.000000Z
2026-07-23T15:15:00.000000Z,1882.6400146484375,1895.1300048828125,1882.6400146484375,1891.3599853515625,331811840,2026-07-23T15:30:00.000000Z
2026-07-23T15:30:00.000000Z,1891.4000244140625,1892.6400146484375,1888.31005859375,1889.6199951171875,38660096,2026-07-23T15:45:00.000000Z
2026-07-23T15:45:00.000000Z,1889.4000244140625,1896.22998046875,1888.6800537109375,1893.800048828125,10029056,2026-07-23T16:00:00.000000Z
2026-07-23T16:00:00.000000Z,1893.699951171875,1893.699951171875,1884.3699951171875,1888.780029296875,145740800,2026-07-23T16:15:00.000000Z
2026-07-23T16:15:00.000000Z,1888.7900390625,1888.97998046875,1883.31005859375,1888.5,72111104,2026-07-23T16:30:00.000000Z
2026-07-23T16:30:00.000000Z,1888.760009765625,1888.760009765625,1884.800048828125,1886.6800537109375,19568640,2026-07-23T16:45:00.000000Z
2026-07-23T16:45:00.000000Z,1887.199951171875,1889.969970703125,1886,1886.31005859375,2467840,2026-07-23T17:00:00.000000Z
2026-07-23T17:00:00.000000Z,1886.0999755859375,1887.9200439453125,1884.4100341796875,1886.3900146484375,4395008,2026-07-23T17:15:00.000000Z
2026-07-23T17:15:00.000000Z,1886.3699951171875,1890.449951171875,1886.0400390625,1889.6500244140625,25764864,2026-07-23T17:30:00.000000Z
2026-07-23T17:30:00.000000Z,1889.260009765625,1890.2099609375,1886.1099853515625,1887,51105792,2026-07-23T17:45:00.000000Z
2026-07-23T17:45:00.000000Z,1886.0999755859375,1888.4000244140625,1875.949951171875,1877,110133248,2026-07-23T18:00:00.000000Z
2026-07-23T18:00:00.000000Z,1877.0999755859375,1879.0999755859375,1874.5899658203125,1877.43994140625,56281088,2026-07-23T18:15:00.000000Z
2026-07-23T18:15:00.000000Z,1877.300048828125,1879.3800048828125,1874.3299560546875,1878.8900146484375,91917312,2026-07-23T18:30:00.000000Z
2026-07-23T18:30:00.000000Z,1878.8900146484375,1882.760009765625,1875.5999755859375,1877.760009765625,31248384,2026-07-23T18:45:00.000000Z
2026-07-23T18:45:00.000000Z,1877.719970703125,1882.2900390625,1877.719970703125,1879.6400146484375,0,2026-07-23T19:00:00.000000Z
2026-07-23T19:00:00.000000Z,1879.68994140625,1882.0999755859375,1873.8199462890625,1874.969970703125,49220608,2026-07-23T19:15:00.000000Z
2026-07-23T19:15:00.000000Z,1874.949951171875,1880.0699462890625,1874.949951171875,1879.68994140625,0,2026-07-23T19:30:00.000000Z
2026-07-23T19:30:00.000000Z,1880.449951171875,1881.199951171875,1872.6099853515625,1874.0999755859375,64202752,2026-07-23T19:45:00.000000Z
2026-07-23T19:45:00.000000Z,1874,1874.489990234375,1868,1874.1400146484375,217153536,2026-07-23T20:00:00.000000Z
2026-07-23T20:00:00.000000Z,1873.8599853515625,1883.1199951171875,1872.9300537109375,1882.4100341796875,119195648,2026-07-23T20:15:00.000000Z
2026-07-23T20:15:00.000000Z,1882.4100341796875,1887.300048828125,1881.699951171875,1886.2900390625,34087936,2026-07-23T20:30:00.000000Z
2026-07-23T20:30:00.000000Z,1886.2900390625,1886.760009765625,1882.989990234375,1883.4599609375,143303680,2026-07-23T20:45:00.000000Z
2026-07-23T20:45:00.000000Z,1883.4599609375,1885.469970703125,1883.0400390625,1884.469970703125,0,2026-07-23T21:00:00.000000Z
2026-07-23T21:00:00.000000Z,1884.449951171875,1887.2900390625,1880.4200439453125,1881.4000244140625,35871744,2026-07-23T21:15:00.000000Z
2026-07-23T21:15:00.000000Z,1881.4000244140625,1882.699951171875,1879.300048828125,1881.300048828125,222790656,2026-07-23T21:30:00.000000Z
2026-07-23T21:30:00.000000Z,1881.2900390625,1882.9000244140625,1879.56005859375,1880.800048828125,2500608,2026-07-23T21:45:00.000000Z
2026-07-23T21:45:00.000000Z,1880.72998046875,1882.18994140625,1879.300048828125,1881.199951171875,0,2026-07-23T22:00:00.000000Z
2026-07-23T22:00:00.000000Z,1881.219970703125,1882.6199951171875,1876.3399658203125,1877.02001953125,12422144,2026-07-23T22:15:00.000000Z
2026-07-23T22:15:00.000000Z,1877.4100341796875,1880.8900146484375,1873.260009765625,1878.81005859375,48648192,2026-07-23T22:30:00.000000Z
2026-07-23T22:30:00.000000Z,1878.7900390625,1882.3900146484375,1878.7900390625,1881.9200439453125,98192384,2026-07-23T22:45:00.000000Z
2026-07-23T22:45:00.000000Z,1882.06005859375,1882.199951171875,1879.800048828125,1881.969970703125,0,2026-07-23T23:00:00.000000Z
2026-07-23T23:00:00.000000Z,1882.02001953125,1883.1400146484375,1880.9000244140625,1881.760009765625,1007616,2026-07-23T23:15:00.000000Z
2026-07-23T23:15:00.000000Z,1881.5,1883.0999755859375,1881,1881.5,4485120,2026-07-23T23:30:00.000000Z
2026-07-23T23:30:00.000000Z,1881.5999755859375,1882.510009765625,1879.5999755859375,1880.3800048828125,0,2026-07-23T23:45:00.000000Z
2026-07-23T23:45:00.000000Z,1879.699951171875,1881.1500244140625,1874.3199462890625,1876.9100341796875,9474048,2026-07-24T00:00:00.000000Z
2026-07-24T00:00:00.000000Z,1877.31005859375,1877.6099853515625,1870.97998046875,1872.9599609375,15568896,2026-07-24T00:15:00.000000Z
2026-07-24T00:15:00.000000Z,1873.030029296875,1875.9300537109375,1869.6099853515625,1869.9000244140625,49881088,2026-07-24T00:30:00.000000Z
2026-07-24T00:30:00.000000Z,1869.9000244140625,1870.5,1860.8699951171875,1864.449951171875,77925376,2026-07-24T00:45:00.000000Z
2026-07-24T00:45:00.000000Z,1864.5799560546875,1869.949951171875,1864.510009765625,1869.949951171875,62575616,2026-07-24T01:00:00.000000Z
2026-07-24T01:00:00.000000Z,1870.1500244140625,1874.6500244140625,1869.1800537109375,1872.4000244140625,194522112,2026-07-24T01:15:00.000000Z
2026-07-24T01:15:00.000000Z,1872.27001953125,1875.8699951171875,1870.4100341796875,1872.1500244140625,84911104,2026-07-24T01:30:00.000000Z
2026-07-24T01:30:00.000000Z,1871.6400146484375,1876.199951171875,1871.010009765625,1874.699951171875,56248320,2026-07-24T01:45:00.000000Z
2026-07-24T01:45:00.000000Z,1874.6099853515625,1875.219970703125,1871.219970703125,1871.219970703125,25846784,2026-07-24T02:00:00.000000Z
2026-07-24T02:00:00.000000Z,1871.5999755859375,1877.1500244140625,1870.760009765625,1875.780029296875,21451776,2026-07-24T02:15:00.000000Z
2026-07-24T02:15:00.000000Z,1875.77001953125,1875.9599609375,1870.800048828125,1874.25,124771328,2026-07-24T02:30:00.000000Z
2026-07-24T02:30:00.000000Z,1874.239990234375,1874.25,1865.8399658203125,1869.199951171875,0,2026-07-24T02:45:00.000000Z
2026-07-24T02:45:00.000000Z,1869.0999755859375,1869.68994140625,1863.1099853515625,1867.8199462890625,177893376,2026-07-24T03:00:00.000000Z
2026-07-24T03:00:00.000000Z,1867.8199462890625,1875.18994140625,1866.4000244140625,1874.4000244140625,28098560,2026-07-24T03:15:00.000000Z
2026-07-24T03:15:00.000000Z,1874.2900390625,1878.949951171875,1874.1099853515625,1877.199951171875,68205568,2026-07-24T03:30:00.000000Z
2026-07-24T03:30:00.000000Z,1877.260009765625,1879.5899658203125,1876.280029296875,1879.5899658203125,123721728,2026-07-24T03:45:00.000000Z
2026-07-24T03:45:00.000000Z,1879,1879.6400146484375,1877.9000244140625,1879.199951171875,8335360,2026-07-24T04:00:00.000000Z
2026-07-24T04:00:00.000000Z,1879.4300537109375,1879.4300537109375,1877.22998046875,1877.22998046875,14684160,2026-07-24T04:15:00.000000Z
2026-07-24T04:15:00.000000Z,1877.2099609375,1880.4000244140625,1876.010009765625,1878.6099853515625,21211136,2026-07-24T04:30:00.000000Z
2026-07-24T04:30:00.000000Z,1878.199951171875,1879.5899658203125,1873.3699951171875,1875.3499755859375,16712704,2026-07-24T04:45:00.000000Z
2026-07-24T04:45:00.000000Z,1874.800048828125,1875.9200439453125,1873.2099609375,1874.56005859375,35765248,2026-07-24T05:00:00.000000Z
2026-07-24T05:00:00.000000Z,1874.800048828125,1879.6700439453125,1872,1878.4000244140625,29057024,2026-07-24T05:15:00.000000Z
2026-07-24T05:15:00.000000Z,1878.4200439453125,1879.9000244140625,1878.0400390625,1878.6600341796875,84658176,2026-07-24T05:30:00.000000Z
2026-07-24T05:30:00.000000Z,1878.510009765625,1879.77001953125,1876.1800537109375,1879.5,121346048,2026-07-24T05:45:00.000000Z
2026-07-24T05:45:00.000000Z,1879.5400390625,1880.7900390625,1877.6099853515625,1879.280029296875,26007552,2026-07-24T06:00:00.000000Z
2026-07-24T06:00:00.000000Z,1879.280029296875,1880.8800048828125,1877.68994140625,1880.4000244140625,31198208,2026-07-24T06:15:00.000000Z
2026-07-24T06:15:00.000000Z,1880.3800048828125,1885.3599853515625,1879.52001953125,1882.81005859375,89737216,2026-07-24T06:30:00.000000Z
2026-07-24T06:30:00.000000Z,1882.4200439453125,1886.52001953125,1881.010009765625,1885.0899658203125,12542976,2026-07-24T06:45:00.000000Z
2026-07-24T06:45:00.000000Z,1885.0799560546875,1887.030029296875,1884.25,1886.72998046875,104670208,2026-07-24T07:00:00.000000Z
2026-07-24T07:00:00.000000Z,1887,1908.02001953125,1887,1907.5999755859375,90335232,2026-07-24T07:15:00.000000Z
2026-07-24T07:15:00.000000Z,1905.6099853515625,1905.8399658203125,1895.4100341796875,1896.6199951171875,103801856,2026-07-24T07:30:00.000000Z
2026-07-24T07:30:00.000000Z,1896.6199951171875,1900.5400390625,1887.5400390625,1889.6600341796875,137435136,2026-07-24T07:45:00.000000Z
2026-07-24T07:45:00.000000Z,1889.6800537109375,1895.3699951171875,1889.6800537109375,1894.6600341796875,22717440,2026-07-24T08:00:00.000000Z
2026-07-24T08:00:00.000000Z,1894.68994140625,1894.8699951171875,1890.699951171875,1892.6400146484375,88824832,2026-07-24T08:15:00.000000Z
2026-07-24T08:15:00.000000Z,1892.530029296875,1893.27001953125,1885.5,1888.7900390625,4483072,2026-07-24T08:30:00.000000Z
2026-07-24T08:30:00.000000Z,1888.989990234375,1891.47998046875,1888.800048828125,1891.3499755859375,9538560,2026-07-24T08:45:00.000000Z
2026-07-24T08:45:00.000000Z,1891.3199462890625,1891.3900146484375,1886.6600341796875,1886.6600341796875,0,2026-07-24T09:00:00.000000Z
2026-07-24T09:00:00.000000Z,1886.8199462890625,1887.8900146484375,1881,1881.4000244140625,19529728,2026-07-24T09:15:00.000000Z
2026-07-24T09:15:00.000000Z,1881.280029296875,1882.7900390625,1878.4000244140625,1881.0799560546875,11181056,2026-07-24T09:30:00.000000Z
2026-07-24T09:30:00.000000Z,1881.3800048828125,1885.3699951171875,1880.6400146484375,1884.3599853515625,85911552,2026-07-24T09:45:00.000000Z
2026-07-24T09:45:00.000000Z,1884.300048828125,1887.22998046875,1883.6500244140625,1886.6600341796875,5222400,2026-07-24T10:00:00.000000Z
2026-07-24T10:00:00.000000Z,1886.68994140625,1887.1199951171875,1881.4300537109375,1882.0799560546875,54850560,2026-07-24T10:15:00.000000Z
2026-07-24T10:15:00.000000Z,1881.8399658203125,1884.739990234375,1880.6500244140625,1883.81005859375,1505280,2026-07-24T10:30:00.000000Z
2026-07-24T10:30:00.000000Z,1883.8900146484375,1885.27001953125,1882.5799560546875,1882.81005859375,121018368,2026-07-24T10:45:00.000000Z
2026-07-24T10:45:00.000000Z,1882.56005859375,1883.7900390625,1878.8499755859375,1882.4000244140625,7309312,2026-07-24T11:00:00.000000Z
2026-07-24T11:00:00.000000Z,1882.260009765625,1882.800048828125,1878.6800537109375,1879.8499755859375,27817984,2026-07-24T11:15:00.000000Z
2026-07-24T11:15:00.000000Z,1879.75,1882.6600341796875,1879.7099609375,1880.0400390625,13957120,2026-07-24T11:30:00.000000Z
2026-07-24T11:30:00.000000Z,1880.22998046875,1880.75,1877.0400390625,1877.0400390625,14006272,2026-07-24T11:45:00.000000Z
2026-07-24T11:45:00.000000Z,1877.4000244140625,1883.2900390625,1875.1199951171875,1882.760009765625,366592,2026-07-24T12:00:00.000000Z
2026-07-24T12:00:00.000000Z,1882.0799560546875,1883.469970703125,1880.1600341796875,1882.1300048828125,0,2026-07-24T12:15:00.000000Z
2026-07-24T12:15:00.000000Z,1882.1600341796875,1884.3800048828125,1880.6199951171875,1881.4200439453125,63800320,2026-07-24T12:30:00.000000Z
2026-07-24T12:30:00.000000Z,1881.47998046875,1882.699951171875,1876.0699462890625,1876.199951171875,32691200,2026-07-24T12:45:00.000000Z
2026-07-24T12:45:00.000000Z,1876.1400146484375,1877.52001953125,1870.1600341796875,1870.72998046875,0,2026-07-24T13:00:00.000000Z
2026-07-24T13:00:00.000000Z,1872.5999755859375,1873.27001953125,1856.56005859375,1860.550048828125,214683648,2026-07-24T13:15:00.000000Z
2026-07-24T13:15:00.000000Z,1860.489990234375,1868.25,1860.4100341796875,1864.989990234375,134209536,2026-07-24T13:30:00.000000Z
2026-07-24T13:30:00.000000Z,1866.050048828125,1866.8900146484375,1856.9200439453125,1863.8900146484375,59956224,2026-07-24T13:45:00.000000Z
2026-07-24T13:45:00.000000Z,1864,1865.3599853515625,1846.6099853515625,1854.719970703125,40357888,2026-07-24T14:00:00.000000Z
2026-07-24T14:00:00.000000Z,1855.9100341796875,1860.9000244140625,1853.18994140625,1855.31005859375,65328128,2026-07-24T14:15:00.000000Z
2026-07-24T14:15:00.000000Z,1855,1856.6800537109375,1848.2900390625,1855.800048828125,134549504,2026-07-24T14:30:00.000000Z
2026-07-24T14:30:00.000000Z,1855.72998046875,1856.0899658203125,1849.68994140625,1849.9000244140625,34990080,2026-07-24T14:45:00.000000Z
2026-07-24T14:45:00.000000Z,1849.4100341796875,1861.0899658203125,1846.0899658203125,1861.030029296875,49144832,2026-07-24T15:00:00.000000Z
2026-07-24T15:00:00.000000Z,1860.050048828125,1863.260009765625,1852.300048828125,1863.260009765625,19438592,2026-07-24T15:15:00.000000Z
2026-07-24T15:15:00.000000Z,1862.5,1865.760009765625,1858.3199462890625,1863.4000244140625,14317568,2026-07-24T15:30:00.000000Z
2026-07-24T15:30:00.000000Z,1862.699951171875,1867.510009765625,1862.0400390625,1862.8900146484375,70369280,2026-07-24T15:45:00.000000Z
2026-07-24T15:45:00.000000Z,1862.8900146484375,1863.989990234375,1858.199951171875,1860,128010240,2026-07-24T16:00:00.000000Z
2026-07-24T16:00:00.000000Z,1860.0400390625,1864.5,1857,1860.5999755859375,99400704,2026-07-24T16:15:00.000000Z
2026-07-24T16:15:00.000000Z,1860.5999755859375,1862.3199462890625,1858.56005859375,1858.9300537109375,0,2026-07-24T16:30:00.000000Z
2026-07-24T16:30:00.000000Z,1858.56005859375,1858.760009765625,1854.1400146484375,1854.8699951171875,98726912,2026-07-24T16:45:00.000000Z
2026-07-24T16:45:00.000000Z,1855.1099853515625,1857.6199951171875,1851.699951171875,1855.5999755859375,89464832,2026-07-24T17:00:00.000000Z
2026-07-24T17:00:00.000000Z,1855.5400390625,1856.8599853515625,1853.0899658203125,1855.5799560546875,23740416,2026-07-24T17:15:00.000000Z
2026-07-24T17:15:00.000000Z,1855.6400146484375,1862.510009765625,1855.27001953125,1861.010009765625,103706624,2026-07-24T17:30:00.000000Z
2026-07-24T17:30:00.000000Z,1861.1099853515625,1864.0400390625,1860.5999755859375,1861.5,37221376,2026-07-24T17:45:00.000000Z
2026-07-24T17:45:00.000000Z,1861.199951171875,1865,1860.3800048828125,1864.9000244140625,107779072,2026-07-24T18:00:00.000000Z
2026-07-24T18:00:00.000000Z,1865.06005859375,1865.06005859375,1862.47998046875,1863.6099853515625,67391488,2026-07-24T18:15:00.000000Z
2026-07-24T18:15:00.000000Z,1863.43994140625,1863.43994140625,1859.1800537109375,1859.9599609375,84822016,2026-07-24T18:30:00.000000Z
2026-07-24T18:30:00.000000Z,1860.1800537109375,1860.8900146484375,1856.6500244140625,1858.1800537109375,14780416,2026-07-24T18:45:00.000000Z
2026-07-24T18:45:00.000000Z,1857.72998046875,1862.5699462890625,1857.72998046875,1860.800048828125,0,2026-07-24T19:00:00.000000Z
2026-07-24T19:00:00.000000Z,1861.3199462890625,1861.969970703125,1856.1500244140625,1856.47998046875,51841024,2026-07-24T19:15:00.000000Z
2026-07-24T19:15:00.000000Z,1856.489990234375,1860.0400390625,1856.2900390625,1860.0400390625,104551424,2026-07-24T19:30:00.000000Z
2026-07-24T19:30:00.000000Z,1859.4599609375,1862.699951171875,1859.4000244140625,1861.8499755859375,229376,2026-07-24T19:45:00.000000Z
2026-07-24T19:45:00.000000Z,1862.4599609375,1862.4599609375,1860.030029296875,1862,0,2026-07-24T20:00:00.000000Z
2026-07-24T20:00:00.000000Z,1861.9200439453125,1863.530029296875,1860.0799560546875,1861.530029296875,0,2026-07-24T20:15:00.000000Z
2026-07-24T20:15:00.000000Z,1861.5400390625,1863.6700439453125,1860.93994140625,1861.550048828125,87737344,2026-07-24T20:30:00.000000Z
2026-07-24T20:30:00.000000Z,1861.5,1861.5,1858.56005859375,1859.989990234375,85067776,2026-07-24T20:45:00.000000Z
2026-07-24T20:45:00.000000Z,1860,1860.550048828125,1856.6500244140625,1859.22998046875,103399424,2026-07-24T21:00:00.000000Z
2026-07-24T21:00:00.000000Z,1859.2099609375,1859.5899658203125,1857.02001953125,1857.7099609375,9806848,2026-07-24T21:15:00.000000Z
2026-07-24T21:15:00.000000Z,1857.72998046875,1859.1800537109375,1856.6500244140625,1858.25,15575040,2026-07-24T21:30:00.000000Z
2026-07-24T21:30:00.000000Z,1858.4000244140625,1859.469970703125,1856.9000244140625,1857.93994140625,7168000,2026-07-24T21:45:00.000000Z
2026-07-24T21:45:00.000000Z,1857.9599609375,1857.9599609375,1855.3499755859375,1855.6199951171875,2729984,2026-07-24T22:00:00.000000Z
2026-07-24T22:00:00.000000Z,1855.6199951171875,1858.2099609375,1855.010009765625,1857.6400146484375,9837568,2026-07-24T22:15:00.000000Z
2026-07-24T22:15:00.000000Z,1857.6300048828125,1858.22998046875,1856.800048828125,1857.449951171875,0,2026-07-24T22:30:00.000000Z
2026-07-24T22:30:00.000000Z,1857.449951171875,1860,1857.449951171875,1859.0899658203125,3234816,2026-07-24T22:45:00.000000Z
2026-07-24T22:45:00.000000Z,1859.06005859375,1859.0799560546875,1857.4000244140625,1857.6800537109375,0,2026-07-24T23:00:00.000000Z
2026-07-24T23:00:00.000000Z,1857.6700439453125,1859.1700439453125,1857.25,1858.219970703125,148470784,2026-07-24T23:15:00.000000Z
2026-07-24T23:15:00.000000Z,1858.280029296875,1859.81005859375,1857.56005859375,1859.3199462890625,7556096,2026-07-24T23:30:00.000000Z
2026-07-24T23:30:00.000000Z,1859.4300537109375,1860.050048828125,1857.780029296875,1859.510009765625,18245632,2026-07-24T23:45:00.000000Z
2026-07-24T23:45:00.000000Z,1859.0400390625,1860.3699951171875,1858.81005859375,1860.010009765625,77462528,2026-07-25T00:00:00.000000Z
2026-07-25T00:00:00.000000Z,1859.8900146484375,1861.969970703125,1859.2099609375,1861.1400146484375,2228224,2026-07-25T00:15:00.000000Z
2026-07-25T00:15:00.000000Z,1860.8599853515625,1862.6099853515625,1860.47998046875,1862.1800537109375,0,2026-07-25T00:30:00.000000Z
2026-07-25T00:30:00.000000Z,1862.1300048828125,1862.989990234375,1858.300048828125,1858.68994140625,59560960,2026-07-25T00:45:00.000000Z
2026-07-25T00:45:00.000000Z,1858.2900390625,1859.199951171875,1855.5699462890625,1858.510009765625,0,2026-07-25T01:00:00.000000Z
2026-07-25T01:00:00.000000Z,1858.7099609375,1862.0899658203125,1857.06005859375,1857.72998046875,126025216,2026-07-25T01:15:00.000000Z
2026-07-25T01:15:00.000000Z,1857.8399658203125,1858.8399658203125,1856.47998046875,1858.469970703125,81887744,2026-07-25T01:30:00.000000Z
2026-07-25T01:30:00.000000Z,1858.2900390625,1860.6199951171875,1857.4000244140625,1860,9419776,2026-07-25T01:45:00.000000Z
2026-07-25T01:45:00.000000Z,1860.300048828125,1860.739990234375,1858.030029296875,1858.5,85451264,2026-07-25T02:00:00.000000Z
2026-07-25T02:00:00.000000Z,1858.5999755859375,1860.0400390625,1857.989990234375,1858.3199462890625,83352576,2026-07-25T02:15:00.000000Z
2026-07-25T02:15:00.000000Z,1858.489990234375,1859.0999755859375,1856.550048828125,1859.0999755859375,0,2026-07-25T02:30:00.000000Z
2026-07-25T02:30:00.000000Z,1859.050048828125,1859.5,1857.1700439453125,1858.800048828125,92371968,2026-07-25T02:45:00.000000Z
2026-07-25T02:45:00.000000Z,1858.75,1859.1500244140625,1856.530029296875,1857.9300537109375,0,2026-07-25T03:00:00.000000Z
2026-07-25T03:00:00.000000Z,1857.8499755859375,1858.6700439453125,1856.1300048828125,1857.949951171875,0,2026-07-25T03:15:00.000000Z
2026-07-25T03:15:00.000000Z,1857.800048828125,1858.9599609375,1857.239990234375,1857.6300048828125,4780544,2026-07-25T03:30:00.000000Z
2026-07-25T03:30:00.000000Z,1857.2900390625,1858.6400146484375,1856.699951171875,1857.989990234375,0,2026-07-25T03:45:00.000000Z
2026-07-25T03:45:00.000000Z,1857.9100341796875,1857.989990234375,1854.3800048828125,1856.9200439453125,33029120,2026-07-25T04:00:00.000000Z
2026-07-25T04:00:00.000000Z,1856.969970703125,1859.260009765625,1856.969970703125,1859.1800537109375,77913600,2026-07-25T04:15:00.000000Z
2026-07-25T04:15:00.000000Z,1859.1700439453125,1859.8699951171875,1857.969970703125,1858.199951171875,82181632,2026-07-25T04:30:00.000000Z
2026-07-25T04:30:00.000000Z,1858.3199462890625,1860.1800537109375,1856.93994140625,1859.93994140625,5310976,2026-07-25T04:45:00.000000Z
2026-07-25T04:45:00.000000Z,1859.93994140625,1860.949951171875,1859.02001953125,1859.6400146484375,152765440,2026-07-25T05:00:00.000000Z
2026-07-25T05:00:00.000000Z,1859.6300048828125,1861.2099609375,1858.9000244140625,1859.050048828125,57366528,2026-07-25T05:15:00.000000Z
2026-07-25T05:15:00.000000Z,1859.050048828125,1859.6800537109375,1858.739990234375,1859.1600341796875,16443904,2026-07-25T05:30:00.000000Z
2026-07-25T05:30:00.000000Z,1859.22998046875,1859.22998046875,1855.800048828125,1856.5400390625,72328192,2026-07-25T05:45:00.000000Z
2026-07-25T05:45:00.000000Z,1856.280029296875,1857.2099609375,1855.1800537109375,1856.6400146484375,226998272,2026-07-25T06:00:00.000000Z
2026-07-25T06:00:00.000000Z,1856.5799560546875,1857.780029296875,1856.260009765625,1857.780029296875,0,2026-07-25T06:15:00.000000Z
2026-07-25T06:15:00.000000Z,1857.780029296875,1858.56005859375,1854.800048828125,1855.0899658203125,0,2026-07-25T06:30:00.000000Z
2026-07-25T06:30:00.000000Z,1855.06005859375,1855.4599609375,1853.68994140625,1853.760009765625,78019584,2026-07-25T06:45:00.000000Z
2026-07-25T06:45:00.000000Z,1853.8699951171875,1857.1800537109375,1853,1857.1800537109375,96091136,2026-07-25T07:00:00.000000Z
2026-07-25T07:00:00.000000Z,1856.9000244140625,1857.1199951171875,1855.81005859375,1855.97998046875,0,2026-07-25T07:15:00.000000Z
2026-07-25T07:15:00.000000Z,1855.7900390625,1856.77001953125,1855.1199951171875,1855.5899658203125,0,2026-07-25T07:30:00.000000Z
2026-07-25T07:30:00.000000Z,1855.4000244140625,1856.4000244140625,1854.52001953125,1855.280029296875,0,2026-07-25T07:45:00.000000Z
2026-07-25T07:45:00.000000Z,1855.4599609375,1856.199951171875,1854.489990234375,1854.489990234375,0,2026-07-25T08:00:00.000000Z
2026-07-25T08:00:00.000000Z,1853.449951171875,1854.260009765625,1850.760009765625,1852.6400146484375,93301248,2026-07-25T08:15:00.000000Z
2026-07-25T08:15:00.000000Z,1852.739990234375,1854.47998046875,1852.739990234375,1853.9200439453125,62485504,2026-07-25T08:30:00.000000Z
2026-07-25T08:30:00.000000Z,1853.93994140625,1854.27001953125,1852.510009765625,1853.3599853515625,5129728,2026-07-25T08:45:00.000000Z
2026-07-25T08:45:00.000000Z,1853.3299560546875,1853.489990234375,1849.260009765625,1852.0799560546875,74471424,2026-07-25T09:00:00.000000Z
2026-07-25T09:00:00.000000Z,1852.1099853515625,1853.0899658203125,1850.219970703125,1852.18994140625,0,2026-07-25T09:15:00.000000Z
2026-07-25T09:15:00.000000Z,1852.18994140625,1854.0999755859375,1851.5,1854.0999755859375,0,2026-07-25T09:30:00.000000Z
2026-07-25T09:30:00.000000Z,1854.0799560546875,1854.739990234375,1853.6800537109375,1854.5699462890625,52752896,2026-07-25T09:45:00.000000Z
2026-07-25T09:45:00.000000Z,1854.6199951171875,1857.1600341796875,1854.6199951171875,1856.5400390625,0,2026-07-25T10:00:00.000000Z
2026-07-25T10:00:00.000000Z,1856.75,1857.47998046875,1856.0699462890625,1856.9000244140625,27433472,2026-07-25T10:15:00.000000Z
2026-07-25T10:15:00.000000Z,1856.9000244140625,1857.489990234375,1855.550048828125,1856.1199951171875,0,2026-07-25T10:30:00.000000Z
2026-07-25T10:30:00.000000Z,1856.0999755859375,1856.5,1854.8499755859375,1855.1600341796875,27141632,2026-07-25T10:45:00.000000Z
2026-07-25T10:45:00.000000Z,1855.1400146484375,1856.8299560546875,1854.8900146484375,1856.77001953125,0,2026-07-25T11:00:00.000000Z
2026-07-25T11:00:00.000000Z,1856.77001953125,1858.199951171875,1856.27001953125,1857.4300537109375,0,2026-07-25T11:15:00.000000Z
2026-07-25T11:15:00.000000Z,1857.3299560546875,1857.800048828125,1856.5,1856.6500244140625,292352,2026-07-25T11:30:00.000000Z
2026-07-25T11:30:00.000000Z,1856.6700439453125,1857.9300537109375,1855.800048828125,1856.530029296875,927744,2026-07-25T11:45:00.000000Z
2026-07-25T11:45:00.000000Z,1856.43994140625,1857.280029296875,1855.8399658203125,1856.06005859375,0,2026-07-25T12:00:00.000000Z
2026-07-25T12:00:00.000000Z,1856.0899658203125,1856.6199951171875,1855.0999755859375,1856.6199951171875,0,2026-07-25T12:15:00.000000Z
2026-07-25T12:15:00.000000Z,1856.6500244140625,1856.800048828125,1855.1199951171875,1856.1199951171875,19000832,2026-07-25T12:30:00.000000Z
2026-07-25T12:30:00.000000Z,1856.1099853515625,1856.6400146484375,1855.1600341796875,1856.4599609375,545056256,2026-07-25T12:45:00.000000Z
2026-07-25T12:45:00.000000Z,1856,1858.4300537109375,1855.8900146484375,1858.3699951171875,0,2026-07-25T13:00:00.000000Z
2026-07-25T13:00:00.000000Z,1858.3599853515625,1861.739990234375,1857.8800048828125,1860.989990234375,0,2026-07-25T13:15:00.000000Z
2026-07-25T13:15:00.000000Z,1861,1863.68994140625,1860.4200439453125,1862.199951171875,0,2026-07-25T13:30:00.000000Z
2026-07-25T13:30:00.000000Z,1862.1800537109375,1866.3900146484375,1861.199951171875,1866.3900146484375,0,2026-07-25T13:45:00.000000Z
2026-07-25T13:45:00.000000Z,1866.300048828125,1869.2900390625,1863.489990234375,1865.260009765625,1659904,2026-07-25T14:00:00.000000Z
2026-07-25T14:00:00.000000Z,1865.530029296875,1865.530029296875,1863.8599853515625,1865.3900146484375,40128000,2026-07-25T14:15:00.000000Z
2026-07-25T14:15:00.000000Z,1865.489990234375,1866.3299560546875,1863.510009765625,1864.8299560546875,0,2026-07-25T14:30:00.000000Z
2026-07-25T14:30:00.000000Z,1864.8299560546875,1867.4300537109375,1864.8299560546875,1866.47998046875,0,2026-07-25T14:45:00.000000Z
2026-07-25T14:45:00.000000Z,1866.5899658203125,1867.3699951171875,1865.1300048828125,1867.050048828125,0,2026-07-25T15:00:00.000000Z
2026-07-25T15:00:00.000000Z,1866.8599853515625,1868.3800048828125,1865.4000244140625,1867.1300048828125,8151552,2026-07-25T15:15:00.000000Z
2026-07-25T15:15:00.000000Z,1867.31005859375,1869.6199951171875,1866.6099853515625,1866.72998046875,0,2026-07-25T15:30:00.000000Z
2026-07-25T15:30:00.000000Z,1866.699951171875,1869.239990234375,1865.43994140625,1868.300048828125,0,2026-07-25T15:45:00.000000Z
2026-07-25T15:45:00.000000Z,1868.280029296875,1868.9300537109375,1865.699951171875,1866.0999755859375,1170944,2026-07-25T16:00:00.000000Z
2026-07-25T16:00:00.000000Z,1866.47998046875,1867.43994140625,1863.7099609375,1866.800048828125,0,2026-07-25T16:15:00.000000Z
2026-07-25T16:15:00.000000Z,1866.800048828125,1866.9100341796875,1862.969970703125,1864.18994140625,0,2026-07-25T16:30:00.000000Z
2026-07-25T16:30:00.000000Z,1864.18994140625,1867.3199462890625,1863.8399658203125,1867.3199462890625,0,2026-07-25T16:45:00.000000Z
2026-07-25T16:45:00.000000Z,1867.3199462890625,1868.75,1864.9200439453125,1866.3299560546875,10777600,2026-07-25T17:00:00.000000Z
2026-07-25T17:00:00.000000Z,1866.5999755859375,1868,1866.25,1867.52001953125,0,2026-07-25T17:15:00.000000Z
2026-07-25T17:15:00.000000Z,1867.52001953125,1870.6700439453125,1866.9599609375,1869.760009765625,74223104,2026-07-25T17:30:00.000000Z
2026-07-25T17:30:00.000000Z,1869.719970703125,1872.6199951171875,1868.8900146484375,1871.81005859375,3303424,2026-07-25T17:45:00.000000Z
2026-07-25T17:45:00.000000Z,1871.8800048828125,1872.4599609375,1870.1600341796875,1871.3599853515625,20750336,2026-07-25T18:00:00.000000Z
2026-07-25T18:00:00.000000Z,1871.6300048828125,1874.530029296875,1870.530029296875,1871.780029296875,48522240,2026-07-25T18:15:00.000000Z
2026-07-25T18:15:00.000000Z,1871.77001953125,1873.699951171875,1871.199951171875,1873.550048828125,29826048,2026-07-25T18:30:00.000000Z
2026-07-25T18:30:00.000000Z,1873.4599609375,1874.5400390625,1871.739990234375,1872.25,14331392,2026-07-25T18:45:00.000000Z
2026-07-25T18:45:00.000000Z,1872.3399658203125,1874.300048828125,1872.0699462890625,1873.739990234375,235520,2026-07-25T19:00:00.000000Z
2026-07-25T19:00:00.000000Z,1873.699951171875,1874.800048828125,1872.81005859375,1874.3900146484375,49796608,2026-07-25T19:15:00.000000Z
2026-07-25T19:15:00.000000Z,1874.1700439453125,1874.1700439453125,1872.6099853515625,1873.75,0,2026-07-25T19:30:00.000000Z
2026-07-25T19:30:00.000000Z,1873.449951171875,1874.47998046875,1873.0899658203125,1873.969970703125,353792,2026-07-25T19:45:00.000000Z
2026-07-25T19:45:00.000000Z,1873.969970703125,1874.8499755859375,1872.6300048828125,1873.06005859375,6576128,2026-07-25T20:00:00.000000Z
2026-07-25T20:00:00.000000Z,1873.2900390625,1873.2900390625,1871.2900390625,1872.260009765625,32286208,2026-07-25T20:15:00.000000Z
2026-07-25T20:15:00.000000Z,1872.25,1872.449951171875,1869.0999755859375,1870.699951171875,9590784,2026-07-25T20:30:00.000000Z
2026-07-25T20:30:00.000000Z,1870.6600341796875,1870.719970703125,1868.8599853515625,1869.5899658203125,40982016,2026-07-25T20:45:00.000000Z
2026-07-25T20:45:00.000000Z,1869.7900390625,1870.5,1869.4000244140625,1870.5,9622528,2026-07-25T21:00:00.000000Z
2026-07-25T21:00:00.000000Z,1870.510009765625,1870.5999755859375,1866.4300537109375,1868.43994140625,13820416,2026-07-25T21:15:00.000000Z
2026-07-25T21:15:00.000000Z,1868.4300537109375,1868.989990234375,1867.4200439453125,1868.93994140625,4114944,2026-07-25T21:30:00.000000Z
2026-07-25T21:30:00.000000Z,1868.949951171875,1871.469970703125,1868.699951171875,1870.280029296875,15036928,2026-07-25T21:45:00.000000Z
2026-07-25T21:45:00.000000Z,1870.280029296875,1873.0799560546875,1869.6300048828125,1870.989990234375,6944768,2026-07-25T22:00:00.000000Z
2026-07-25T22:00:00.000000Z,1871.0699462890625,1873.1800537109375,1870.5,1872.300048828125,12686848,2026-07-25T22:15:00.000000Z
2026-07-25T22:15:00.000000Z,1872.43994140625,1873.8699951171875,1871.8900146484375,1873.300048828125,11198464,2026-07-25T22:30:00.000000Z
2026-07-25T22:30:00.000000Z,1873.31005859375,1874.280029296875,1872.1700439453125,1874.0999755859375,8753664,2026-07-25T22:45:00.000000Z
2026-07-25T22:45:00.000000Z,1874.030029296875,1875.31005859375,1872.8599853515625,1874.1500244140625,340992,2026-07-25T23:00:00.000000Z
2026-07-25T23:00:00.000000Z,1874.3599853515625,1874.6800537109375,1872.989990234375,1873.2099609375,47758336,2026-07-25T23:15:00.000000Z
2026-07-25T23:15:00.000000Z,1873.1099853515625,1873.43994140625,1871.6099853515625,1872.47998046875,5970944,2026-07-25T23:30:00.000000Z
2026-07-25T23:30:00.000000Z,1872.489990234375,1873.93994140625,1872.47998046875,1872.699951171875,4452864,2026-07-25T23:45:00.000000Z
2026-07-25T23:45:00.000000Z,1872.6800537109375,1873.93994140625,1872.3599853515625,1873.050048828125,134656,2026-07-26T00:00:00.000000Z
2026-07-26T00:00:00.000000Z,1873.010009765625,1876.3900146484375,1872.1600341796875,1875.8199462890625,0,2026-07-26T00:15:00.000000Z
2026-07-26T00:15:00.000000Z,1875.8199462890625,1878.68994140625,1875.18994140625,1877.6800537109375,84313856,2026-07-26T00:30:00.000000Z
2026-07-26T00:30:00.000000Z,1877.3599853515625,1877.75,1874.739990234375,1875.31005859375,0,2026-07-26T00:45:00.000000Z
2026-07-26T00:45:00.000000Z,1875.3599853515625,1879.5899658203125,1874.9200439453125,1879.5899658203125,0,2026-07-26T01:00:00.000000Z
2026-07-26T01:00:00.000000Z,1879.4599609375,1879.9599609375,1876.72998046875,1878.5,36917248,2026-07-26T01:15:00.000000Z
2026-07-26T01:15:00.000000Z,1878.510009765625,1879.0899658203125,1877.0799560546875,1877.6700439453125,62734336,2026-07-26T01:30:00.000000Z
2026-07-26T01:30:00.000000Z,1877.8599853515625,1878.6600341796875,1877.06005859375,1877.8800048828125,6899200,2026-07-26T01:45:00.000000Z
2026-07-26T01:45:00.000000Z,1877.5799560546875,1878.3399658203125,1876.0999755859375,1877.0400390625,7396352,2026-07-26T02:00:00.000000Z
2026-07-26T02:00:00.000000Z,1877.1300048828125,1877.7900390625,1875.5,1877.719970703125,0,2026-07-26T02:15:00.000000Z
2026-07-26T02:15:00.000000Z,1877.6800537109375,1878.760009765625,1876.280029296875,1877.489990234375,36824576,2026-07-26T02:30:00.000000Z
2026-07-26T02:30:00.000000Z,1877.489990234375,1878.050048828125,1875.47998046875,1876.4100341796875,11621376,2026-07-26T02:45:00.000000Z
2026-07-26T02:45:00.000000Z,1876.3800048828125,1879.8199462890625,1876.3800048828125,1879.1400146484375,22651904,2026-07-26T03:00:00.000000Z
2026-07-26T03:00:00.000000Z,1879.1500244140625,1882.0699462890625,1877.2900390625,1881.550048828125,25499136,2026-07-26T03:15:00.000000Z
2026-07-26T03:15:00.000000Z,1881.6300048828125,1881.6300048828125,1879.3399658203125,1879.81005859375,36456960,2026-07-26T03:30:00.000000Z
2026-07-26T03:30:00.000000Z,1879.530029296875,1882.4000244140625,1879.3399658203125,1880.9100341796875,16097280,2026-07-26T03:45:00.000000Z
2026-07-26T03:45:00.000000Z,1881.0999755859375,1881.3499755859375,1880.06005859375,1880.5899658203125,0,2026-07-26T04:00:00.000000Z
2026-07-26T04:00:00.000000Z,1880.81005859375,1881.3399658203125,1878.5899658203125,1879.43994140625,8908032,2026-07-26T04:15:00.000000Z
2026-07-26T04:15:00.000000Z,1879.280029296875,1882.81005859375,1878.6400146484375,1882.5699462890625,1691136,2026-07-26T04:30:00.000000Z
2026-07-26T04:30:00.000000Z,1882.469970703125,1885.699951171875,1881.8399658203125,1885.699951171875,56035584,2026-07-26T04:45:00.000000Z
2026-07-26T04:45:00.000000Z,1885.8499755859375,1887.4000244140625,1883.77001953125,1884.6800537109375,51398656,2026-07-26T05:00:00.000000Z
2026-07-26T05:00:00.000000Z,1884.969970703125,1885.739990234375,1883.199951171875,1885.6500244140625,33133824,2026-07-26T05:15:00.000000Z
2026-07-26T05:15:00.000000Z,1885.739990234375,1885.780029296875,1883.1800537109375,1883.25,47072000,2026-07-26T05:30:00.000000Z
2026-07-26T05:30:00.000000Z,1883.22998046875,1884.6400146484375,1881.7900390625,1884.4599609375,0,2026-07-26T05:45:00.000000Z
2026-07-26T05:45:00.000000Z,1884.550048828125,1884.7099609375,1881.739990234375,1881.739990234375,60293376,2026-07-26T06:00:00.000000Z
2026-07-26T06:00:00.000000Z,1881.5999755859375,1883.3199462890625,1879.3299560546875,1879.6700439453125,56787712,2026-07-26T06:15:00.000000Z
2026-07-26T06:15:00.000000Z,1879.489990234375,1880.449951171875,1876.8599853515625,1877,63139072,2026-07-26T06:30:00.000000Z
2026-07-26T06:30:00.000000Z,1877.2099609375,1881.0899658203125,1877.1700439453125,1880.5999755859375,17085184,2026-07-26T06:45:00.000000Z
2026-07-26T06:45:00.000000Z,1880.5699462890625,1883.6300048828125,1880.550048828125,1883.3800048828125,44827392,2026-07-26T07:00:00.000000Z
2026-07-26T07:00:00.000000Z,1883.6300048828125,1884.6199951171875,1881.9599609375,1883.1099853515625,55182848,2026-07-26T07:15:00.000000Z
2026-07-26T07:15:00.000000Z,1883.1600341796875,1883.3900146484375,1881.300048828125,1881.489990234375,3213568,2026-07-26T07:30:00.000000Z
2026-07-26T07:30:00.000000Z,1881.510009765625,1881.510009765625,1878.989990234375,1878.989990234375,48734720,2026-07-26T07:45:00.000000Z
2026-07-26T07:45:00.000000Z,1878.989990234375,1880,1878.989990234375,1879.8499755859375,27532032,2026-07-26T08:00:00.000000Z
2026-07-26T08:00:00.000000Z,1879.8699951171875,1879.8699951171875,1878.199951171875,1878.739990234375,10687232,2026-07-26T08:15:00.000000Z
2026-07-26T08:15:00.000000Z,1878.800048828125,1879.5799560546875,1877.68994140625,1879.0999755859375,0,2026-07-26T08:30:00.000000Z
2026-07-26T08:30:00.000000Z,1879.0699462890625,1880.2099609375,1878.3800048828125,1880.2099609375,10560768,2026-07-26T08:45:00.000000Z
2026-07-26T08:45:00.000000Z,1880.1099853515625,1880.8800048828125,1879.5699462890625,1879.8299560546875,51526912,2026-07-26T09:00:00.000000Z
2026-07-26T09:00:00.000000Z,1879.8399658203125,1881.949951171875,1879.5400390625,1880.300048828125,0,2026-07-26T09:15:00.000000Z
2026-07-26T09:15:00.000000Z,1880.3199462890625,1883.06005859375,1880.2900390625,1882.43994140625,134400,2026-07-26T09:30:00.000000Z
2026-07-26T09:30:00.000000Z,1882.5899658203125,1884,1881.489990234375,1882.9300537109375,33818112,2026-07-26T09:45:00.000000Z
2026-07-26T09:45:00.000000Z,1882.9200439453125,1883.47998046875,1881.449951171875,1882.0899658203125,29298944,2026-07-26T10:00:00.000000Z
2026-07-26T10:00:00.000000Z,1882.27001953125,1883.5999755859375,1880.699951171875,1883.280029296875,2022912,2026-07-26T10:15:00.000000Z
2026-07-26T10:15:00.000000Z,1883.1700439453125,1884.5999755859375,1882.0799560546875,1883.719970703125,7411200,2026-07-26T10:30:00.000000Z
2026-07-26T10:30:00.000000Z,1883.719970703125,1885.8599853515625,1883.4100341796875,1885.1800537109375,1421824,2026-07-26T10:45:00.000000Z
2026-07-26T10:45:00.000000Z,1885.2099609375,1885.800048828125,1883.3699951171875,1884.3199462890625,65646336,2026-07-26T11:00:00.000000Z
2026-07-26T11:00:00.000000Z,1884.2099609375,1886.0699462890625,1883.77001953125,1885,9743616,2026-07-26T11:15:00.000000Z
2026-07-26T11:15:00.000000Z,1884.93994140625,1886.06005859375,1884.6500244140625,1885.4100341796875,4812032,2026-07-26T11:30:00.000000Z
2026-07-26T11:30:00.000000Z,1885.3199462890625,1885.989990234375,1884.6500244140625,1884.72998046875,23218944,2026-07-26T11:45:00.000000Z
2026-07-26T11:45:00.000000Z,1884.72998046875,1885.3800048828125,1883.0400390625,1884.22998046875,10490112,2026-07-26T12:00:00.000000Z
2026-07-26T12:00:00.000000Z,1884.4100341796875,1890.800048828125,1883.81005859375,1889.0999755859375,48447232,2026-07-26T12:15:00.000000Z
2026-07-26T12:15:00.000000Z,1889.280029296875,1890.18994140625,1885.4100341796875,1888.4100341796875,51841536,2026-07-26T12:30:00.000000Z
2026-07-26T12:30:00.000000Z,1888.4000244140625,1888.800048828125,1885.9100341796875,1886.4200439453125,39048704,2026-07-26T12:45:00.000000Z
2026-07-26T12:45:00.000000Z,1886.3599853515625,1886.3599853515625,1884.43994140625,1884.780029296875,3485440,2026-07-26T13:00:00.000000Z
2026-07-26T13:00:00.000000Z,1884.8499755859375,1885.4200439453125,1880.5699462890625,1881.469970703125,0,2026-07-26T13:15:00.000000Z
2026-07-26T13:15:00.000000Z,1881.3599853515625,1886.5999755859375,1881.3599853515625,1884.25,33474560,2026-07-26T13:30:00.000000Z
2026-07-26T13:30:00.000000Z,1884.469970703125,1886.4000244140625,1883.6199951171875,1886.3699951171875,67680512,2026-07-26T13:45:00.000000Z
2026-07-26T13:45:00.000000Z,1886.739990234375,1887.219970703125,1884.3299560546875,1885.010009765625,0,2026-07-26T14:00:00.000000Z
2026-07-26T14:00:00.000000Z,1885.0699462890625,1895.8800048828125,1885.0699462890625,1894.010009765625,145961472,2026-07-26T14:15:00.000000Z
2026-07-26T14:15:00.000000Z,1893.449951171875,1893.47998046875,1890.22998046875,1890.72998046875,70633984,2026-07-26T14:30:00.000000Z
2026-07-26T14:30:00.000000Z,1891.0999755859375,1895.800048828125,1889.52001953125,1894.2099609375,38369536,2026-07-26T14:45:00.000000Z
2026-07-26T14:45:00.000000Z,1894.56005859375,1897.8399658203125,1894.56005859375,1896.93994140625,73656064,2026-07-26T15:00:00.000000Z
2026-07-26T15:00:00.000000Z,1897.0799560546875,1900.31005859375,1896.239990234375,1897.5899658203125,49767680,2026-07-26T15:15:00.000000Z
2026-07-26T15:15:00.000000Z,1897.699951171875,1907.1500244140625,1897.699951171875,1905.3499755859375,62870272,2026-07-26T15:30:00.000000Z
2026-07-26T15:30:00.000000Z,1905.719970703125,1914.77001953125,1904.719970703125,1913,108948992,2026-07-26T15:45:00.000000Z
2026-07-26T15:45:00.000000Z,1911.949951171875,1914.3199462890625,1909.719970703125,1913.2900390625,162271744,2026-07-26T16:00:00.000000Z
2026-07-26T16:00:00.000000Z,1914.27001953125,1914.3399658203125,1907.22998046875,1908.5,91747840,2026-07-26T16:15:00.000000Z
2026-07-26T16:15:00.000000Z,1908.5999755859375,1919.0799560546875,1908.5999755859375,1918.199951171875,70212096,2026-07-26T16:30:00.000000Z
2026-07-26T16:30:00.000000Z,1918,1926.0799560546875,1916.6199951171875,1917.719970703125,198715904,2026-07-26T16:45:00.000000Z
2026-07-26T16:45:00.000000Z,1917.4599609375,1920,1914.5,1914.52001953125,107951104,2026-07-26T17:00:00.000000Z
2026-07-26T17:00:00.000000Z,1914.5899658203125,1916.030029296875,1910.6400146484375,1915.3499755859375,113096192,2026-07-26T17:15:00.000000Z
2026-07-26T17:15:00.000000Z,1915.3399658203125,1915.8599853515625,1911.9300537109375,1912.5699462890625,73591296,2026-07-26T17:30:00.000000Z
2026-07-26T17:30:00.000000Z,1912.469970703125,1913.9200439453125,1909.5,1910.469970703125,0,2026-07-26T17:45:00.000000Z
2026-07-26T17:45:00.000000Z,1910.469970703125,1911.760009765625,1909.0999755859375,1909.550048828125,24281600,2026-07-26T18:00:00.000000Z
2026-07-26T18:00:00.000000Z,1909.550048828125,1911.510009765625,1909.280029296875,1910.6700439453125,0,2026-07-26T18:15:00.000000Z
2026-07-26T18:15:00.000000Z,1910.81005859375,1913.949951171875,1910.530029296875,1911.47998046875,5243904,2026-07-26T18:30:00.000000Z
2026-07-26T18:30:00.000000Z,1911.800048828125,1912.68994140625,1909.9300537109375,1912.280029296875,12795392,2026-07-26T18:45:00.000000Z
2026-07-26T18:45:00.000000Z,1912.1700439453125,1914.4300537109375,1911.4200439453125,1912.739990234375,28509184,2026-07-26T19:00:00.000000Z
2026-07-26T19:00:00.000000Z,1912.739990234375,1914.1600341796875,1910.2099609375,1910.2099609375,7605248,2026-07-26T19:15:00.000000Z
2026-07-26T19:15:00.000000Z,1910.5699462890625,1912.8499755859375,1910.43994140625,1912.25,15771648,2026-07-26T19:30:00.000000Z
2026-07-26T19:30:00.000000Z,1912.219970703125,1914.06005859375,1911.52001953125,1913.0400390625,40764416,2026-07-26T19:45:00.000000Z
2026-07-26T19:45:00.000000Z,1912.9100341796875,1913.1099853515625,1911.699951171875,1912.47998046875,12580352,2026-07-26T20:00:00.000000Z
2026-07-26T20:00:00.000000Z,1912.550048828125,1913,1910.760009765625,1911.25,6388736,2026-07-26T20:15:00.000000Z
2026-07-26T20:15:00.000000Z,1911.25,1911.7900390625,1909.9300537109375,1911.7099609375,3052032,2026-07-26T20:30:00.000000Z
2026-07-26T20:30:00.000000Z,1911.699951171875,1912.4100341796875,1910.8499755859375,1911.4599609375,13652480,2026-07-26T20:45:00.000000Z
2026-07-26T20:45:00.000000Z,1911.3800048828125,1912.25,1909.800048828125,1912.02001953125,18982400,2026-07-26T21:00:00.000000Z
2026-07-26T21:00:00.000000Z,1912.4000244140625,1914.949951171875,1912.0999755859375,1913.4200439453125,26562560,2026-07-26T21:15:00.000000Z
2026-07-26T21:15:00.000000Z,1913.4200439453125,1922.239990234375,1912.800048828125,1919.760009765625,6892544,2026-07-26T21:30:00.000000Z
2026-07-26T21:30:00.000000Z,1919.739990234375,1921.8399658203125,1918.699951171875,1919.8800048828125,122743808,2026-07-26T21:45:00.000000Z
2026-07-26T21:45:00.000000Z,1919.8199462890625,1927.6800537109375,1919.6700439453125,1924.1800537109375,83266560,2026-07-26T22:00:00.000000Z
2026-07-26T22:00:00.000000Z,1931.3499755859375,1937.52001953125,1931.3499755859375,1936.3800048828125,210180096,2026-07-26T22:15:00.000000Z
2026-07-26T22:15:00.000000Z,1936.4300537109375,1937.510009765625,1933.3299560546875,1936.6800537109375,103672320,2026-07-26T22:30:00.000000Z
2026-07-26T22:30:00.000000Z,1936.760009765625,1946.0699462890625,1936.6800537109375,1945.8199462890625,123036672,2026-07-26T22:45:00.000000Z
2026-07-26T22:45:00.000000Z,1946.5799560546875,1950.3900146484375,1943.52001953125,1947.9100341796875,290169856,2026-07-26T23:00:00.000000Z
2026-07-26T23:00:00.000000Z,1950.5999755859375,1963.9000244140625,1948.1500244140625,1955.0999755859375,228444160,2026-07-26T23:15:00.000000Z
2026-07-26T23:15:00.000000Z,1955.47998046875,1959.800048828125,1950.9599609375,1951.9100341796875,324205056,2026-07-26T23:30:00.000000Z
2026-07-26T23:30:00.000000Z,1951.9300537109375,1952.449951171875,1945.9300537109375,1951.9599609375,171598848,2026-07-26T23:45:00.000000Z
2026-07-26T23:45:00.000000Z,1952.0899658203125,1955.47998046875,1950.469970703125,1952.8900146484375,104197632,2026-07-27T00:00:00.000000Z
2026-07-27T00:00:00.000000Z,1953.3499755859375,1953.3499755859375,1946.5,1947.760009765625,77019648,2026-07-27T00:15:00.000000Z
2026-07-27T00:15:00.000000Z,1947.4200439453125,1947.47998046875,1940.72998046875,1943.1700439453125,157434880,2026-07-27T00:30:00.000000Z
2026-07-27T00:30:00.000000Z,1943.3599853515625,1943.530029296875,1939.010009765625,1939.9300537109375,19170816,2026-07-27T00:45:00.000000Z
2026-07-27T00:45:00.000000Z,1940.199951171875,1943.3699951171875,1937.9100341796875,1940.6800537109375,152902144,2026-07-27T01:00:00.000000Z
2026-07-27T01:00:00.000000Z,1940.760009765625,1946.3699951171875,1940.5,1941.199951171875,3856896,2026-07-27T01:15:00.000000Z
2026-07-27T01:15:00.000000Z,1940.4100341796875,1943.199951171875,1939.1600341796875,1939.5,113477120,2026-07-27T01:30:00.000000Z
2026-07-27T01:30:00.000000Z,1939.68994140625,1943.1600341796875,1934.780029296875,1940.2900390625,174441472,2026-07-27T01:45:00.000000Z
2026-07-27T01:45:00.000000Z,1940.2900390625,1946.6400146484375,1940.1700439453125,1946.300048828125,42171392,2026-07-27T02:00:00.000000Z
2026-07-27T02:00:00.000000Z,1946.52001953125,1947.5899658203125,1944.27001953125,1944.72998046875,178012672,2026-07-27T02:15:00.000000Z
2026-07-27T02:15:00.000000Z,1944.719970703125,1947.030029296875,1942.9200439453125,1944.010009765625,50332672,2026-07-27T02:30:00.000000Z
2026-07-27T02:30:00.000000Z,1944,1947.199951171875,1942.2099609375,1944.739990234375,55176192,2026-07-27T02:45:00.000000Z
2026-07-27T02:45:00.000000Z,1944.75,1946.06005859375,1939.949951171875,1941.25,88222720,2026-07-27T03:00:00.000000Z
2026-07-27T03:00:00.000000Z,1941.5699462890625,1944.989990234375,1940.6800537109375,1943.6300048828125,41132032,2026-07-27T03:15:00.000000Z
2026-07-27T03:15:00.000000Z,1943.8699951171875,1945.199951171875,1942.9300537109375,1944.4200439453125,43076608,2026-07-27T03:30:00.000000Z
2026-07-27T03:30:00.000000Z,1944.4200439453125,1945.7099609375,1942.5999755859375,1945.7099609375,88491520,2026-07-27T03:45:00.000000Z
2026-07-27T03:45:00.000000Z,1945.68994140625,1949.06005859375,1944.5999755859375,1948.02001953125,67654656,2026-07-27T04:00:00.000000Z
2026-07-27T04:00:00.000000Z,1948.06005859375,1955.3499755859375,1946.8900146484375,1951.510009765625,191250432,2026-07-27T04:15:00.000000Z
2026-07-27T04:15:00.000000Z,1951,1960.050048828125,1950.719970703125,1952.4000244140625,85431808,2026-07-27T04:30:00.000000Z
2026-07-27T04:30:00.000000Z,1952.5899658203125,1956.9599609375,1948.68994140625,1956.06005859375,135867904,2026-07-27T04:45:00.000000Z
2026-07-27T04:45:00.000000Z,1955.8900146484375,1955.9300537109375,1951.199951171875,1951.6400146484375,47867904,2026-07-27T05:00:00.000000Z
2026-07-27T05:00:00.000000Z,1951.780029296875,1955.6199951171875,1950.469970703125,1955.0899658203125,64805888,2026-07-27T05:15:00.000000Z
2026-07-27T05:15:00.000000Z,1954.739990234375,1958.8699951171875,1952.760009765625,1957.56005859375,159004672,2026-07-27T05:30:00.000000Z
2026-07-27T05:30:00.000000Z,1957.9200439453125,1959.27001953125,1956.3599853515625,1958.6400146484375,78872576,2026-07-27T05:45:00.000000Z
2026-07-27T05:45:00.000000Z,1958.5,1967.3699951171875,1956.9000244140625,1963.9200439453125,109341184,2026-07-27T06:00:00.000000Z
2026-07-27T06:00:00.000000Z,1963.6400146484375,1975.4300537109375,1962.02001953125,1968.699951171875,409281024,2026-07-27T06:15:00.000000Z
2026-07-27T06:15:00.000000Z,1968.4200439453125,1969.97998046875,1962.6099853515625,1964.56005859375,156491776,2026-07-27T06:30:00.000000Z
2026-07-27T06:30:00.000000Z,1963.81005859375,1971.0799560546875,1963.3199462890625,1970.969970703125,112273408,2026-07-27T06:45:00.000000Z
2026-07-27T06:45:00.000000Z,1970.760009765625,1971.6800537109375,1966.5,1966.5,106577920,2026-07-27T07:00:00.000000Z
2026-07-27T07:00:00.000000Z,1966.760009765625,1969.800048828125,1963.8499755859375,1969.800048828125,136932352,2026-07-27T07:15:00.000000Z
2026-07-27T07:15:00.000000Z,1969.8399658203125,1969.8399658203125,1967.6400146484375,1967.9000244140625,59638784,2026-07-27T07:30:00.000000Z
2026-07-27T07:30:00.000000Z,1967.8499755859375,1967.8499755859375,1959.989990234375,1964.8599853515625,118102016,2026-07-27T07:45:00.000000Z
2026-07-27T07:45:00.000000Z,1965.239990234375,1968.300048828125,1962.9300537109375,1963,197139456,2026-07-27T08:00:00.000000Z
2026-07-27T08:00:00.000000Z,1963.9200439453125,1965.5899658203125,1960.510009765625,1963.199951171875,175251456,2026-07-27T08:15:00.000000Z
2026-07-27T08:15:00.000000Z,1963.2900390625,1966.52001953125,1961.3900146484375,1966.52001953125,20720640,2026-07-27T08:30:00.000000Z
2026-07-27T08:30:00.000000Z,1966.8599853515625,1966.8599853515625,1963.199951171875,1963.6099853515625,155322368,2026-07-27T08:45:00.000000Z
2026-07-27T08:45:00.000000Z,1963.68994140625,1966.9000244140625,1963,1963.300048828125,96901120,2026-07-27T09:00:00.000000Z
2026-07-27T09:00:00.000000Z,1962.3199462890625,1962.3199462890625,1955.5999755859375,1956.010009765625,102616064,2026-07-27T09:15:00.000000Z
2026-07-27T09:15:00.000000Z,1956.010009765625,1959.22998046875,1955.5999755859375,1958.81005859375,63606784,2026-07-27T09:30:00.000000Z
2026-07-27T09:30:00.000000Z,1958.300048828125,1965.8699951171875,1957.6300048828125,1964.760009765625,156251136,2026-07-27T09:45:00.000000Z
2026-07-27T09:45:00.000000Z,1964.4100341796875,1966.5899658203125,1962.6400146484375,1963.31005859375,94393344,2026-07-27T10:00:00.000000Z
2026-07-27T10:00:00.000000Z,1963.18994140625,1964.5,1961.949951171875,1963.010009765625,27812864,2026-07-27T10:15:00.000000Z
2026-07-27T10:15:00.000000Z,1963,1967.199951171875,1961.9000244140625,1964.7900390625,39448576,2026-07-27T10:30:00.000000Z
2026-07-27T10:30:00.000000Z,1965.9100341796875,1969.489990234375,1965.1099853515625,1968.7099609375,98032640,2026-07-27T10:45:00.000000Z
2026-07-27T10:45:00.000000Z,1969.18994140625,1970.199951171875,1965.1099853515625,1965.9200439453125,56360960,2026-07-27T11:00:00.000000Z
2026-07-27T11:00:00.000000Z,1965.199951171875,1965.280029296875,1962.0999755859375,1963.5699462890625,44547072,2026-07-27T11:15:00.000000Z
2026-07-27T11:15:00.000000Z,1963.5,1964.4000244140625,1958.31005859375,1958.31005859375,60717056,2026-07-27T11:30:00.000000Z
2026-07-27T11:30:00.000000Z,1958.6600341796875,1959.8299560546875,1957.0999755859375,1958.43994140625,107742208,2026-07-27T11:45:00.000000Z
2026-07-27T11:45:00.000000Z,1958.3399658203125,1959.3900146484375,1956.43994140625,1957.8900146484375,74469376,2026-07-27T12:00:00.000000Z
2026-07-27T12:00:00.000000Z,1958.300048828125,1962.949951171875,1953.47998046875,1953.5899658203125,101891072,2026-07-27T12:15:00.000000Z
2026-07-27T12:15:00.000000Z,1953.760009765625,1955.5999755859375,1946.010009765625,1946.800048828125,122452992,2026-07-27T12:30:00.000000Z
2026-07-27T12:30:00.000000Z,1946.550048828125,1952.7099609375,1941.4000244140625,1951.56005859375,131389440,2026-07-27T12:45:00.000000Z
2026-07-27T12:45:00.000000Z,1951.449951171875,1956.5799560546875,1951.300048828125,1956.0899658203125,182731776,2026-07-27T13:00:00.000000Z
2026-07-27T13:00:00.000000Z,1956.22998046875,1958.6099853515625,1952.43994140625,1952.5699462890625,70177792,2026-07-27T13:15:00.000000Z
2026-07-27T13:15:00.000000Z,1952.4200439453125,1955.1700439453125,1949.9000244140625,1950.550048828125,43203584,2026-07-27T13:30:00.000000Z
2026-07-27T13:30:00.000000Z,1950.0899658203125,1975.4100341796875,1948.68994140625,1974.050048828125,104195072,2026-07-27T13:45:00.000000Z
2026-07-27T13:45:00.000000Z,1973.9100341796875,1974.800048828125,1955.989990234375,1958.989990234375,383771648,2026-07-27T14:00:00.000000Z
2026-07-27T14:00:00.000000Z,1958.9000244140625,1964.699951171875,1954.5999755859375,1962.199951171875,437079040,2026-07-27T14:15:00.000000Z
2026-07-27T14:15:00.000000Z,1961.6800537109375,1963.5,1935.300048828125,1936.4000244140625,121401344,2026-07-27T14:30:00.000000Z
2026-07-27T14:30:00.000000Z,1935.77001953125,1936.219970703125,1918.1500244140625,1918.8399658203125,559179776,2026-07-27T14:45:00.000000Z
2026-07-27T14:45:00.000000Z,1919.300048828125,1932.1700439453125,1919.300048828125,1930.1700439453125,219304960,2026-07-27T15:00:00.000000Z
2026-07-27T15:00:00.000000Z,1929.9000244140625,1934,1923.22998046875,1931.8299560546875,46024704,2026-07-27T15:15:00.000000Z
2026-07-27T15:15:00.000000Z,1932.4000244140625,1935.489990234375,1926.199951171875,1929.1099853515625,23190528,2026-07-27T15:30:00.000000Z
2026-07-27T15:30:00.000000Z,1928.3900146484375,1931.3199462890625,1923.8800048828125,1929.0999755859375,139435008,2026-07-27T15:45:00.000000Z
2026-07-27T15:45:00.000000Z,1928.6199951171875,1929.3499755859375,1925.510009765625,1925.510009765625,88671232,2026-07-27T16:00:00.000000Z
2026-07-27T16:00:00.000000Z,1925.8900146484375,1929.7900390625,1923.760009765625,1925.6400146484375,0,2026-07-27T16:15:00.000000Z
2026-07-27T16:15:00.000000Z,1925.5,1936.719970703125,1920.7900390625,1934.81005859375,211788800,2026-07-27T16:30:00.000000Z
2026-07-27T16:30:00.000000Z,1934.97998046875,1944.6600341796875,1934.97998046875,1940.5999755859375,0,2026-07-27T16:45:00.000000Z
2026-07-27T16:45:00.000000Z,1940.8499755859375,1942.2099609375,1934.81005859375,1938.5,95700992,2026-07-27T17:00:00.000000Z
2026-07-27T17:00:00.000000Z,1938.02001953125,1939.3299560546875,1932.9599609375,1937.4000244140625,146138112,2026-07-27T17:15:00.000000Z
2026-07-27T17:15:00.000000Z,1936.550048828125,1944.1700439453125,1936.4599609375,1940.3299560546875,41991168,2026-07-27T17:30:00.000000Z
2026-07-27T17:30:00.000000Z,1940.3299560546875,1944.06005859375,1940.0999755859375,1940.68994140625,127932416,2026-07-27T17:45:00.000000Z
2026-07-27T17:45:00.000000Z,1940.6600341796875,1942.5,1937.9100341796875,1941.9000244140625,48945152,2026-07-27T18:00:00.000000Z
2026-07-27T18:00:00.000000Z,1941.949951171875,1942.5899658203125,1939.5,1939.6300048828125,146423808,2026-07-27T18:15:00.000000Z
2026-07-27T18:15:00.000000Z,1939.199951171875,1939.3900146484375,1934.0999755859375,1936.9100341796875,47537152,2026-07-27T18:30:00.000000Z
2026-07-27T18:30:00.000000Z,1937.4000244140625,1937.4000244140625,1927.1700439453125,1933.3900146484375,47393792,2026-07-27T18:45:00.000000Z
2026-07-27T18:45:00.000000Z,1933.3199462890625,1937.5400390625,1929.52001953125,1937.199951171875,79141888,2026-07-27T19:00:00.000000Z
2026-07-27T19:00:00.000000Z,1937.22998046875,1949.0999755859375,1935.530029296875,1946.5999755859375,111489024,2026-07-27T19:15:00.000000Z
2026-07-27T19:15:00.000000Z,1946.9000244140625,1950.18994140625,1945.6400146484375,1948.5999755859375,159853568,2026-07-27T19:30:00.000000Z
2026-07-27T19:30:00.000000Z,1949.010009765625,1953.5899658203125,1946.9000244140625,1948.7900390625,72997888,2026-07-27T19:45:00.000000Z
2026-07-27T19:45:00.000000Z,1948.5,1948.949951171875,1945.6199951171875,1946.8199462890625,135507968,2026-07-27T20:00:00.000000Z
2026-07-27T20:00:00.000000Z,1948.25,1948.6700439453125,1943.43994140625,1943.949951171875,63697920,2026-07-27T20:15:00.000000Z
2026-07-27T20:15:00.000000Z,1943.8299560546875,1945.780029296875,1941.5,1945.780029296875,61586432,2026-07-27T20:30:00.000000Z
2026-07-27T20:30:00.000000Z,1945.72998046875,1946.5999755859375,1942.6500244140625,1943.5899658203125,121105408,2026-07-27T20:45:00.000000Z
2026-07-27T20:45:00.000000Z,1943.050048828125,1945.2099609375,1943.050048828125,1945.030029296875,26643456,2026-07-27T21:00:00.000000Z
2026-07-27T21:00:00.000000Z,1944.9300537109375,1948.06005859375,1944.199951171875,1946.3900146484375,126311424,2026-07-27T21:15:00.000000Z
2026-07-27T21:15:00.000000Z,1946.56005859375,1946.56005859375,1942.3499755859375,1942.3499755859375,62137344,2026-07-27T21:30:00.000000Z
2026-07-27T21:30:00.000000Z,1942.3399658203125,1943.550048828125,1939.8499755859375,1941.010009765625,91142144,2026-07-27T21:45:00.000000Z
2026-07-27T21:45:00.000000Z,1940.800048828125,1941.989990234375,1939.1099853515625,1940,19100672,2026-07-27T22:00:00.000000Z
2026-07-27T22:00:00.000000Z,1939.989990234375,1939.989990234375,1933.199951171875,1936.6500244140625,40264704,2026-07-27T22:15:00.000000Z
2026-07-27T22:15:00.000000Z,1936.6500244140625,1937.489990234375,1926.5,1927.8199462890625,37888,2026-07-27T22:30:00.000000Z
2026-07-27T22:30:00.000000Z,1927.8399658203125,1929.3900146484375,1910.2099609375,1912.699951171875,0,2026-07-27T22:45:00.000000Z
2026-07-27T22:45:00.000000Z,1912.1099853515625,1912.68994140625,1890.8800048828125,1892,150451200,2026-07-27T23:00:00.000000Z
2026-07-27T23:00:00.000000Z,1889.2099609375,1892.449951171875,1882.199951171875,1889.0999755859375,288045056,2026-07-27T23:15:00.000000Z
2026-07-27T23:15:00.000000Z,1888.6400146484375,1894.0999755859375,1884.8800048828125,1891.5999755859375,135923712,2026-07-27T23:30:00.000000Z
2026-07-27T23:30:00.000000Z,1891.469970703125,1894.199951171875,1884.97998046875,1885.68994140625,287744,2026-07-27T23:45:00.000000Z
2026-07-27T23:45:00.000000Z,1885.8499755859375,1891.3599853515625,1884.5,1890.6700439453125,137213952,2026-07-28T00:00:00.000000Z
2026-07-28T00:00:00.000000Z,1891.1099853515625,1892.780029296875,1880.3599853515625,1885,0,2026-07-28T00:15:00.000000Z
2026-07-28T00:15:00.000000Z,1885.1099853515625,1889.5400390625,1877.43994140625,1881.6400146484375,167292928,2026-07-28T00:30:00.000000Z
2026-07-28T00:30:00.000000Z,1881.6300048828125,1885.56005859375,1877.550048828125,1882.47998046875,20118528,2026-07-28T00:45:00.000000Z
2026-07-28T00:45:00.000000Z,1882.68994140625,1882.760009765625,1876.030029296875,1877.1099853515625,135501824,2026-07-28T01:00:00.000000Z
2026-07-28T01:00:00.000000Z,1877.0999755859375,1879,1865.5999755859375,1874.0400390625,158917632,2026-07-28T01:15:00.000000Z
2026-07-28T01:15:00.000000Z,1874.5,1877.5799560546875,1869.3900146484375,1877,135875584,2026-07-28T01:30:00.000000Z
2026-07-28T01:30:00.000000Z,1876.6099853515625,1880.9100341796875,1873.06005859375,1874.2900390625,68493312,2026-07-28T01:45:00.000000Z
2026-07-28T01:45:00.000000Z,1874.0699462890625,1877.3199462890625,1872.4599609375,1874.1500244140625,99552256,2026-07-28T02:00:00.000000Z
2026-07-28T02:00:00.000000Z,1873.800048828125,1876.6099853515625,1871,1875.800048828125,0,2026-07-28T02:15:00.000000Z
2026-07-28T02:15:00.000000Z,1875.6199951171875,1878.469970703125,1874.4000244140625,1876,126497792,2026-07-28T02:30:00.000000Z
2026-07-28T02:30:00.000000Z,1876.06005859375,1877.2900390625,1872.8800048828125,1873.3900146484375,73635840,2026-07-28T02:45:00.000000Z
2026-07-28T02:45:00.000000Z,1873.4200439453125,1875.4100341796875,1870.9000244140625,1874,101927936,2026-07-28T03:00:00.000000Z
2026-07-28T03:00:00.000000Z,1874.199951171875,1875.949951171875,1870.949951171875,1875.6099853515625,87096320,2026-07-28T03:15:00.000000Z
2026-07-28T03:15:00.000000Z,1875.010009765625,1879.56005859375,1874.260009765625,1876.199951171875,5056512,2026-07-28T03:30:00.000000Z
2026-07-28T03:30:00.000000Z,1876.2099609375,1880.5899658203125,1873.489990234375,1880.5899658203125,158329856,2026-07-28T03:45:00.000000Z
2026-07-28T03:45:00.000000Z,1880.800048828125,1881.449951171875,1877.6099853515625,1879.530029296875,42635264,2026-07-28T04:00:00.000000Z
2026-07-28T04:00:00.000000Z,1879.02001953125,1880.800048828125,1878.2099609375,1878.6199951171875,0,2026-07-28T04:15:00.000000Z
2026-07-28T04:15:00.000000Z,1878.0699462890625,1879.5999755859375,1876.989990234375,1877.47998046875,0,2026-07-28T04:30:00.000000Z
2026-07-28T04:30:00.000000Z,1877.4000244140625,1877.8599853515625,1874.6600341796875,1877.300048828125,0,2026-07-28T04:45:00.000000Z
2026-07-28T04:45:00.000000Z,1877.0799560546875,1879.4000244140625,1875.9000244140625,1877.3699951171875,0,2026-07-28T05:00:00.000000Z
2026-07-28T05:00:00.000000Z,1877.260009765625,1883.030029296875,1876.6300048828125,1880.81005859375,118044672,2026-07-28T05:15:00.000000Z
2026-07-28T05:15:00.000000Z,1880.6300048828125,1887.510009765625,1880.6300048828125,1884.18994140625,21965824,2026-07-28T05:30:00.000000Z
2026-07-28T05:30:00.000000Z,1884.199951171875,1886.260009765625,1880.260009765625,1885.97998046875,96610304,2026-07-28T05:45:00.000000Z
2026-07-28T05:45:00.000000Z,1886.2099609375,1886.8599853515625,1881.31005859375,1881.31005859375,58498048,2026-07-28T06:00:00.000000Z
2026-07-28T06:00:00.000000Z,1881,1881.3199462890625,1876.699951171875,1877.8599853515625,0,2026-07-28T06:15:00.000000Z
2026-07-28T06:15:00.000000Z,1878.2900390625,1881.5999755859375,1877.699951171875,1881.2900390625,0,2026-07-28T06:30:00.000000Z
2026-07-28T06:30:00.000000Z,1881.5799560546875,1884.5699462890625,1880.8499755859375,1884.0999755859375,142360576,2026-07-28T06:45:00.000000Z
2026-07-28T06:45:00.000000Z,1883.6600341796875,1886.5999755859375,1883.31005859375,1886.5999755859375,204038144,2026-07-28T07:00:00.000000Z
2026-07-28T07:00:00.000000Z,1886.510009765625,1886.8599853515625,1884,1885.0999755859375,0,2026-07-28T07:15:00.000000Z
2026-07-28T07:15:00.000000Z,1885.1400146484375,1886.1800537109375,1882.9200439453125,1883.300048828125,21645312,2026-07-28T07:30:00.000000Z
2026-07-28T07:30:00.000000Z,1883.300048828125,1884.1300048828125,1880.93994140625,1881.6400146484375,6643712,2026-07-28T07:45:00.000000Z
2026-07-28T07:45:00.000000Z,1881.6500244140625,1882.8499755859375,1878.0999755859375,1881.8800048828125,41091072,2026-07-28T08:00:00.000000Z
2026-07-28T08:00:00.000000Z,1881.2099609375,1882.760009765625,1878.3599853515625,1878.5999755859375,0,2026-07-28T08:15:00.000000Z
2026-07-28T08:15:00.000000Z,1878.9000244140625,1883.219970703125,1878.260009765625,1882.739990234375,113764352,2026-07-28T08:30:00.000000Z
2026-07-28T08:30:00.000000Z,1882.199951171875,1883.5,1878.989990234375,1882.9100341796875,11988992,2026-07-28T08:45:00.000000Z
2026-07-28T08:45:00.000000Z,1882.9100341796875,1883.6600341796875,1880.4000244140625,1882.489990234375,0,2026-07-28T09:00:00.000000Z
2026-07-28T09:00:00.000000Z,1882.1600341796875,1882.9300537109375,1878.6199951171875,1880.510009765625,69346304,2026-07-28T09:15:00.000000Z
2026-07-28T09:15:00.000000Z,1880.3800048828125,1882.6500244140625,1880.260009765625,1882.0699462890625,6402048,2026-07-28T09:30:00.000000Z
2026-07-28T09:30:00.000000Z,1882.050048828125,1882.9000244140625,1879.56005859375,1880.2099609375,0,2026-07-28T09:45:00.000000Z
2026-07-28T09:45:00.000000Z,1880.5400390625,1881.6099853515625,1872.510009765625,1874.260009765625,0,2026-07-28T10:00:00.000000Z
2026-07-28T10:00:00.000000Z,1873.699951171875,1876.5,1872.199951171875,1874.010009765625,93103104,2026-07-28T10:15:00.000000Z
2026-07-28T10:15:00.000000Z,1874.010009765625,1878.4300537109375,1872.010009765625,1875.4100341796875,0,2026-07-28T10:30:00.000000Z
2026-07-28T10:30:00.000000Z,1875.5699462890625,1877.8599853515625,1874.280029296875,1877.699951171875,145409024,2026-07-28T10:45:00.000000Z
2026-07-28T10:45:00.000000Z,1878.199951171875,1879.25,1876.75,1876.9200439453125,0,2026-07-28T11:00:00.000000Z
2026-07-28T11:00:00.000000Z,1877.25,1878.1500244140625,1870.5400390625,1871.1400146484375,0,2026-07-28T11:15:00.000000Z
2026-07-28T11:15:00.000000Z,1870.800048828125,1880.22998046875,1870.3399658203125,1872.5999755859375,51309568,2026-07-28T11:30:00.000000Z
2026-07-28T11:30:00.000000Z,1872.3399658203125,1876.81005859375,1869.719970703125,1872.3399658203125,141206528,2026-07-28T11:45:00.000000Z
2026-07-28T11:45:00.000000Z,1871.739990234375,1876.9000244140625,1871.719970703125,1874.7900390625,34598912,2026-07-28T12:00:00.000000Z
2026-07-28T12:00:00.000000Z,1874.8199462890625,1876.68994140625,1872.510009765625,1875.5,31052800,2026-07-28T12:15:00.000000Z
2026-07-28T12:15:00.000000Z,1875.9100341796875,1878.0899658203125,1874.780029296875,1876.9100341796875,58387456,2026-07-28T12:30:00.000000Z
2026-07-28T12:30:00.000000Z,1877.1800537109375,1881.3299560546875,1876.780029296875,1881.300048828125,0,2026-07-28T12:45:00.000000Z
2026-07-28T12:45:00.000000Z,1881.6099853515625,1891.280029296875,1879.77001953125,1890.4000244140625,137789440,2026-07-28T13:00:00.000000Z
2026-07-28T13:00:00.000000Z,1891,1894.0899658203125,1888.510009765625,1889.4000244140625,4958208,2026-07-28T13:15:00.000000Z
2026-07-28T13:15:00.000000Z,1889.4000244140625,1890.6800537109375,1881.6099853515625,1881.6099853515625,20197376,2026-07-28T13:30:00.000000Z
2026-07-28T13:30:00.000000Z,1881.739990234375,1884.780029296875,1860.1500244140625,1867.300048828125,46698496,2026-07-28T13:45:00.000000Z
2026-07-28T13:45:00.000000Z,1867.9599609375,1873.81005859375,1856.219970703125,1872.0999755859375,164340736,2026-07-28T14:00:00.000000Z
2026-07-28T14:00:00.000000Z,1872.3599853515625,1879.47998046875,1872.25,1872.9300537109375,101005312,2026-07-28T14:15:00.000000Z
2026-07-28T14:15:00.000000Z,1873.5999755859375,1876.949951171875,1865.6500244140625,1874.1400146484375,142521344,2026-07-28T14:30:00.000000Z
2026-07-28T14:30:00.000000Z,1874.75,1885.9000244140625,1874.75,1884.469970703125,16165888,2026-07-28T14:45:00.000000Z
2026-07-28T14:45:00.000000Z,1884.02001953125,1890.989990234375,1882.449951171875,1886.8900146484375,13816832,2026-07-28T15:00:00.000000Z
2026-07-28T15:00:00.000000Z,1886.5899658203125,1890.6400146484375,1882.77001953125,1889.510009765625,88647680,2026-07-28T15:15:00.000000Z
2026-07-28T15:15:00.000000Z,1888.969970703125,1922.0999755859375,1885.510009765625,1910.1199951171875,279662592,2026-07-28T15:30:00.000000Z
2026-07-28T15:30:00.000000Z,1910.800048828125,1916,1907.1400146484375,1914.1199951171875,210496512,2026-07-28T15:45:00.000000Z
2026-07-28T15:45:00.000000Z,1913.9100341796875,1920.5,1910.8499755859375,1918.300048828125,172100608,2026-07-28T16:00:00.000000Z
2026-07-28T16:00:00.000000Z,1917.9100341796875,1918.22998046875,1912.8900146484375,1913.300048828125,73374720,2026-07-28T16:15:00.000000Z
2026-07-28T16:15:00.000000Z,1914.5,1921.6800537109375,1913.510009765625,1916.199951171875,18533376,2026-07-28T16:30:00.000000Z
2026-07-28T16:30:00.000000Z,1915.4000244140625,1921.9599609375,1912.6600341796875,1920.5,71795712,2026-07-28T16:45:00.000000Z
2026-07-28T16:45:00.000000Z,1920.449951171875,1926.530029296875,1917.8599853515625,1924.010009765625,207429632,2026-07-28T17:00:00.000000Z
2026-07-28T17:00:00.000000Z,1923.699951171875,1923.699951171875,1910.199951171875,1910.300048828125,67728384,2026-07-28T17:15:00.000000Z
2026-07-28T17:15:00.000000Z,1910.3399658203125,1911.989990234375,1904.7099609375,1906.5,309141504,2026-07-28T17:30:00.000000Z
2026-07-28T17:30:00.000000Z,1906.6500244140625,1906.6500244140625,1892,1894.47998046875,217064448,2026-07-28T17:45:00.000000Z
2026-07-28T17:45:00.000000Z,1894.8399658203125,1900.6099853515625,1894.510009765625,1899.489990234375,134653952,2026-07-28T18:00:00.000000Z
2026-07-28T18:00:00.000000Z,1899.97998046875,1910.1500244140625,1899.97998046875,1906.3800048828125,48657408,2026-07-28T18:15:00.000000Z
2026-07-28T18:15:00.000000Z,1906.0999755859375,1908.8599853515625,1905.969970703125,1907.1099853515625,87742464,2026-07-28T18:30:00.000000Z
2026-07-28T18:30:00.000000Z,1907.699951171875,1911.6199951171875,1906.22998046875,1910.3599853515625,0,2026-07-28T18:45:00.000000Z
2026-07-28T18:45:00.000000Z,1910.3599853515625,1912.5999755859375,1907.3599853515625,1908.8199462890625,14547968,2026-07-28T19:00:00.000000Z
2026-07-28T19:00:00.000000Z,1909.47998046875,1913.300048828125,1909.280029296875,1912.0799560546875,57403392,2026-07-28T19:15:00.000000Z
2026-07-28T19:15:00.000000Z,1911.4100341796875,1914.02001953125,1910.3900146484375,1913.56005859375,0,2026-07-28T19:30:00.000000Z
2026-07-28T19:30:00.000000Z,1914.4300537109375,1918.989990234375,1913.3599853515625,1913.9000244140625,116430848,2026-07-28T19:45:00.000000Z
2026-07-28T19:45:00.000000Z,1914.1099853515625,1920.1600341796875,1913.7900390625,1919.510009765625,7495680,2026-07-28T20:00:00.000000Z
2026-07-28T20:00:00.000000Z,1920.1700439453125,1921.8299560546875,1916.7099609375,1919.699951171875,112467968,2026-07-28T20:15:00.000000Z
2026-07-28T20:15:00.000000Z,1919.1800537109375,1920.989990234375,1915.5999755859375,1916.18994140625,26800128,2026-07-28T20:30:00.000000Z
2026-07-28T20:30:00.000000Z,1916.18994140625,1917.9000244140625,1914.239990234375,1916.56005859375,3955712,2026-07-28T20:45:00.000000Z
2026-07-28T20:45:00.000000Z,1916.699951171875,1916.780029296875,1914.8900146484375,1916.1600341796875,215900160,2026-07-28T21:00:00.000000Z
2026-07-28T21:00:00.000000Z,1916.300048828125,1920.780029296875,1916.260009765625,1917.800048828125,0,2026-07-28T21:15:00.000000Z
2026-07-28T21:15:00.000000Z,1917.9000244140625,1918.6800537109375,1917.31005859375,1918.030029296875,80094208,2026-07-28T21:30:00.000000Z
2026-07-28T21:30:00.000000Z,1917.9000244140625,1921.0999755859375,1916.6300048828125,1921.0899658203125,0,2026-07-28T21:45:00.000000Z
2026-07-28T21:45:00.000000Z,1926.75,1926.75,1921.6099853515625,1921.8499755859375,105310208,2026-07-28T22:00:00.000000Z
2026-07-28T22:00:00.000000Z,1923.1199951171875,1924.6400146484375,1919.9599609375,1920.949951171875,0,2026-07-28T22:15:00.000000Z
2026-07-28T22:15:00.000000Z,1920.989990234375,1922,1917.52001953125,1917.52001953125,1010688,2026-07-28T22:30:00.000000Z
2026-07-28T22:30:00.000000Z,1917.199951171875,1917.449951171875,1914.1300048828125,1914.6099853515625,0,2026-07-28T22:45:00.000000Z
2026-07-28T22:45:00.000000Z,1914.5699462890625,1914.5699462890625,1907.8499755859375,1909.760009765625,0,2026-07-28T23:00:00.000000Z
2026-07-28T23:00:00.000000Z,1909.6400146484375,1910.280029296875,1902.25,1906.1400146484375,0,2026-07-28T23:15:00.000000Z
2026-07-28T23:15:00.000000Z,1905.9000244140625,1906.8399658203125,1902.010009765625,1904.4000244140625,144065536,2026-07-28T23:30:00.000000Z
