open_time,open,high,low,close,volume,close_time
2020-01-01T00:00:00.000000Z,0.96729999780654907,0.9692000150680542,0.96649998426437378,0.96719998121261597,0,2020-01-02T00:00:00.000000Z
2020-01-02T00:00:00.000000Z,0.96767997741699219,0.97228997945785522,0.96749997138977051,0.96749997138977051,0,2020-01-03T00:00:00.000000Z
2020-01-03T00:00:00.000000Z,0.97136998176574707,0.97434002161026001,0.96878999471664429,0.97119998931884766,0,2020-01-04T00:00:00.000000Z
2020-01-06T00:00:00.000000Z,0.97152000665664673,0.97157001495361328,0.96820002794265747,0.97148001194000244,0,2020-01-07T00:00:00.000000Z
2020-01-07T00:00:00.000000Z,0.96849000453948975,0.97280997037887573,0.9682999849319458,0.96850001811981201,0,2020-01-08T00:00:00.000000Z
2020-01-08T00:00:00.000000Z,0.96873998641967773,0.97321999073028564,0.96649998426437378,0.96882998943328857,0,2020-01-09T00:00:00.000000Z
2020-01-09T00:00:00.000000Z,0.97319000959396362,0.97465997934341431,0.97109997272491455,0.97320002317428589,0,2020-01-10T00:00:00.000000Z
2020-01-10T00:00:00.000000Z,0.97328001260757446,0.97614997625350952,0.97229999303817749,0.97311997413635254,0,2020-01-11T00:00:00.000000Z
2020-01-13T00:00:00.000000Z,0.97314000129699707,0.97356998920440674,0.96950000524520874,0.97314000129699707,0,2020-01-14T00:00:00.000000Z
2020-01-14T00:00:00.000000Z,0.97089999914169312,0.97126001119613647,0.96679997444152832,0.97070002555847168,0,2020-01-15T00:00:00.000000Z
2020-01-15T00:00:00.000000Z,0.96719998121261597,0.9679800271987915,0.96310001611709595,0.96706998348236084,0,2020-01-16T00:00:00.000000Z
2020-01-16T00:00:00.000000Z,0.9637799859046936,0.96508997678756714,0.96125000715255737,0.96369999647140503,0,2020-01-17T00:00:00.000000Z
2020-01-17T00:00:00.000000Z,0.96494001150131226,0.96956002712249756,0.96420001983642578,0.96487998962402344,0,2020-01-18T00:00:00.000000Z
2020-01-20T00:00:00.000000Z,0.96814000606536865,0.96978002786636353,0.96740001440048218,0.96820998191833496,0,2020-01-21T00:00:00.000000Z
2020-01-21T00:00:00.000000Z,0.96828997135162354,0.96885001659393311,0.96605998277664185,0.96837997436523438,0,2020-01-22T00:00:00.000000Z
2020-01-22T00:00:00.000000Z,0.96887999773025513,0.97259998321533203,0.96864998340606689,0.96880000829696655,0,2020-01-23T00:00:00.000000Z
2020-01-23T00:00:00.000000Z,0.96719998121261597,0.96988999843597412,0.96688002347946167,0.96740001440048218,0,2020-01-24T00:00:00.000000Z
2020-01-24T00:00:00.000000Z,0.96956002712249756,0.97175997495651245,0.9692000150680542,0.96950000524520874,0,2020-01-25T00:00:00.000000Z
2020-01-27T00:00:00.000000Z,0.97004002332687378,0.9718400239944458,0.96810001134872437,0.96994000673294067,0,2020-01-28T00:00:00.000000Z
2020-01-28T00:00:00.000000Z,0.96990001201629639,0.97399997711181641,0.96759998798370361,0.96985000371932983,0,2020-01-29T00:00:00.000000Z
2020-01-29T00:00:00.000000Z,0.97259998321533203,0.97663998603820801,0.9725000262260437,0.97298002243041992,0,2020-01-30T00:00:00.000000Z
2020-01-30T00:00:00.000000Z,0.97323000431060791,0.97323000431060791,0.96796000003814697,0.97317999601364136,0,2020-01-31T00:00:00.000000Z
2020-01-31T00:00:00.000000Z,0.96952998638153076,0.9711800217628479,0.9631199836730957,0.9694100022315979,0,2020-02-01T00:00:00.000000Z
2020-02-03T00:00:00.000000Z,0.96342998743057251,0.96657001972198486,0.9627000093460083,0.9633600115776062,0,2020-02-04T00:00:00.000000Z
2020-02-04T00:00:00.000000Z,0.96570998430252075,0.97035998106002808,0.96539998054504395,0.96569997072219849,0,2020-02-05T00:00:00.000000Z
2020-02-05T00:00:00.000000Z,0.96937000751495361,0.97465002536773682,0.96780997514724731,0.96926999092102051,0,2020-02-06T00:00:00.000000Z
2020-02-06T00:00:00.000000Z,0.9734799861907959,0.97551000118255615,0.97289997339248657,0.97329998016357422,0,2020-02-07T00:00:00.000000Z
2020-02-07T00:00:00.000000Z,0.97439998388290405,0.97795999050140381,0.97369998693466187,0.97450000047683716,0,2020-02-08T00:00:00.000000Z
2020-02-10T00:00:00.000000Z,0.97671997547149658,0.97829997539520264,0.97630000114440918,0.97666001319885254,0,2020-02-11T00:00:00.000000Z
2020-02-11T00:00:00.000000Z,0.97729998826980591,0.97877001762390137,0.9757000207901001,0.97710001468658447,0,2020-02-12T00:00:00.000000Z
2020-02-12T00:00:00.000000Z,0.9757000207901001,0.97715002298355103,0.97409999370574951,0.97560000419616699,0,2020-02-13T00:00:00.000000Z
2020-02-13T00:00:00.000000Z,0.97753000259399414,0.97935998439788818,0.97600001096725464,0.97755998373031616,0,2020-02-14T00:00:00.000000Z
2020-02-14T00:00:00.000000Z,0.9789699912071228,0.98211002349853516,0.97869998216629028,0.97887998819351196,0,2020-02-15T00:00:00.000000Z
2020-02-17T00:00:00.000000Z,0.981719970703125,0.98265999555587769,0.98089998960494995,0.98168998956680298,0,2020-02-18T00:00:00.000000Z
2020-02-18T00:00:00.000000Z,0.98071002960205078,0.98387998342514038,0.97949999570846558,0.98040002584457397,0,2020-02-19T00:00:00.000000Z
2020-02-19T00:00:00.000000Z,0.98329001665115356,0.98434001207351685,0.98229998350143433,0.98290002346038818,0,2020-02-20T00:00:00.000000Z
2020-02-20T00:00:00.000000Z,0.98373997211456299,0.98473000526428223,0.9812999963760376,0.98350000381469727,0,2020-02-21T00:00:00.000000Z
2020-02-21T00:00:00.000000Z,0.98375999927520752,0.98399001359939575,0.97709000110626221,0.98375999927520752,0,2020-02-22T00:00:00.000000Z
2020-02-24T00:00:00.000000Z,0.9789699912071228,0.98132997751235962,0.97649997472763062,0.97883999347686768,0,2020-02-25T00:00:00.000000Z
2020-02-25T00:00:00.000000Z,0.97975999116897583,0.98035001754760742,0.97500002384185791,0.97978001832962036,0,2020-02-26T00:00:00.000000Z
2020-02-26T00:00:00.000000Z,0.9761199951171875,0.97771000862121582,0.97299998998641968,0.97589999437332153,0,2020-02-27T00:00:00.000000Z
2020-02-27T00:00:00.000000Z,0.97639000415802002,0.97639000415802002,0.96755999326705933,0.97639000415802002,0,2020-02-28T00:00:00.000000Z
2020-02-28T00:00:00.000000Z,0.96890002489089966,0.96950000524520874,0.96097999811172485,0.96875,0,2020-02-29T00:00:00.000000Z
2020-03-02T00:00:00.000000Z,0.96406000852584839,0.96536999940872192,0.95455002784729004,0.96398001909255981,0,2020-03-03T00:00:00.000000Z
2020-03-03T00:00:00.000000Z,0.95827001333236694,0.95959997177124023,0.95209997892379761,0.95810002088546753,0,2020-03-04T00:00:00.000000Z
2020-03-04T00:00:00.000000Z,0.95578998327255249,0.95956999063491821,0.95331001281738281,0.9556499719619751,0,2020-03-05T00:00:00.000000Z
2020-03-05T00:00:00.000000Z,0.95636999607086182,0.9570000171661377,0.94840002059936523,0.95660001039505005,0,2020-03-06T00:00:00.000000Z
2020-03-06T00:00:00.000000Z,0.94578999280929565,0.94647002220153809,0.93187999725341797,0.94580000638961792,0,2020-03-07T00:00:00.000000Z
2020-03-09T00:00:00.000000Z,0.92751997709274292,0.93156999349594116,0.91821998357772827,0.92745000123977661,0,2020-03-10T00:00:00.000000Z
2020-03-10T00:00:00.000000Z,0.92868000268936157,0.9372900128364563,0.92671000957489014,0.9283599853515625,0,2020-03-11T00:00:00.000000Z
2020-03-11T00:00:00.000000Z,0.93690997362136841,0.93955999612808228,0.93250000476837158,0.93681001663208008,0,2020-03-12T00:00:00.000000Z
2020-03-12T00:00:00.000000Z,0.93907999992370605,0.95370000600814819,0.93226999044418335,0.93895000219345093,0,2020-03-13T00:00:00.000000Z
2020-03-13T00:00:00.000000Z,0.94429999589920044,0.9553300142288208,0.94221997261047363,0.94464999437332153,0,2020-03-14T00:00:00.000000Z
2020-03-16T00:00:00.000000Z,0.94621002674102783,0.95226001739501953,0.93919998407363892,0.94630002975463867,0,2020-03-17T00:00:00.000000Z
2020-03-17T00:00:00.000000Z,0.94748002290725708,0.96435999870300293,0.94720000028610229,0.94752997159957886,0,2020-03-18T00:00:00.000000Z
2020-03-18T00:00:00.000000Z,0.9596099853515625,0.9737200140953064,0.95664000511169434,0.95964998006820679,0,2020-03-19T00:00:00.000000Z
2020-03-19T00:00:00.000000Z,0.96816998720169067,0.98458999395370483,0.9650999903678894,0.96662998199462891,0,2020-03-20T00:00:00.000000Z
2020-03-23T00:00:00.000000Z,0.98562997579574585,0.98843002319335938,0.97913002967834473,0.98506999015808105,0,2020-03-24T00:00:00.000000Z
2020-03-24T00:00:00.000000Z,0.981719970703125,0.98308998346328735,0.9719499945640564,0.98170000314712524,0,2020-03-25T00:00:00.000000Z
2020-03-25T00:00:00.000000Z,0.98012000322341919,0.98272997140884399,0.9781000018119812,0.97996997833251953,0,2020-03-26T00:00:00.000000Z
2020-03-26T00:00:00.000000Z,0.97637999057769775,0.97705000638961792,0.96432000398635864,0.97623997926712036,0,2020-03-27T00:00:00.000000Z
2020-03-27T00:00:00.000000Z,0.9617999792098999,0.96539002656936646,0.95591002702713013,0.96166002750396729,0,2020-03-28T00:00:00.000000Z
2020-03-31T00:00:00.000000Z,0.95999002456665039,0.9683300256729126,0.95924001932144165,0.95999997854232788,0,2020-04-01T00:00:00.000000Z
2020-04-01T00:00:00.000000Z,0.96140998601913452,0.96869999170303345,0.96020001173019409,0.96151000261306763,0,2020-04-02T00:00:00.000000Z
2020-04-02T00:00:00.000000Z,0.96648997068405151,0.97319000959396362,0.96579998731613159,0.96618998050689697,0,2020-04-03T00:00:00.000000Z
2020-04-03T00:00:00.000000Z,0.97456002235412598,0.97939002513885498,0.97298997640609741,0.97421997785568237,0,2020-04-04T00:00:00.000000Z
2020-04-06T00:00:00.000000Z,0.97715002298355103,0.97965002059936523,0.97600001096725464,0.9771999716758728,0,2020-04-07T00:00:00.000000Z
2020-04-07T00:00:00.000000Z,0.97797000408172607,0.97864001989364624,0.96915000677108765,0.97795999050140381,0,2020-04-08T00:00:00.000000Z
2020-04-08T00:00:00.000000Z,0.96925002336502075,0.97407001256942749,0.9688599705696106,0.96919000148773193,0,2020-04-09T00:00:00.000000Z
2020-04-09T00:00:00.000000Z,0.971809983253479,0.97320997714996338,0.96512001752853394,0.97181999683380127,0,2020-04-10T00:00:00.000000Z
2020-04-10T00:00:00.000000Z,0.96683001518249512,0.96749997138977051,0.96439999341964722,0.96685999631881714,0,2020-04-11T00:00:00.000000Z
2020-04-13T00:00:00.000000Z,0.96569997072219849,0.96859997510910034,0.96289998292922974,0.96583998203277588,0,2020-04-14T00:00:00.000000Z
2020-04-14T00:00:00.000000Z,0.96675997972488403,0.96675997972488403,0.9595000147819519,0.96640002727508545,0,2020-04-15T00:00:00.000000Z
2020-04-15T00:00:00.000000Z,0.96017998456954956,0.97000002861022949,0.95974999666213989,0.95991998910903931,0,2020-04-16T00:00:00.000000Z
2020-04-16T00:00:00.000000Z,0.96526998281478882,0.97045999765396118,0.96486997604370117,0.9650999903678894,0,2020-04-17T00:00:00.000000Z
2020-04-17T00:00:00.000000Z,0.9689900279045105,0.97237002849578857,0.965690016746521,0.9692000150680542,0,2020-04-18T00:00:00.000000Z
2020-04-20T00:00:00.000000Z,0.96780002117156982,0.96988999843597412,0.96549999713897705,0.96783000230789185,0,2020-04-21T00:00:00.000000Z
2020-04-21T00:00:00.000000Z,0.9680899977684021,0.9726099967956543,0.96706998348236084,0.96789997816085815,0,2020-04-22T00:00:00.000000Z
2020-04-22T00:00:00.000000Z,0.96960002183914185,0.97166997194290161,0.96704000234603882,0.96977001428604126,0,2020-04-23T00:00:00.000000Z
2020-04-23T00:00:00.000000Z,0.97286999225616455,0.97693997621536255,0.97060000896453857,0.97269999980926514,0,2020-04-24T00:00:00.000000Z
2020-04-24T00:00:00.000000Z,0.97623002529144287,0.98013001680374146,0.97279000282287598,0.9763299822807312,0,2020-04-25T00:00:00.000000Z
2020-04-27T00:00:00.000000Z,0.97355997562408447,0.97662997245788574,0.97130000591278076,0.97350001335144043,0,2020-04-28T00:00:00.000000Z
2020-04-28T00:00:00.000000Z,0.97593998908996582,0.97982001304626465,0.97200000286102295,0.97583001852035522,0,2020-04-29T00:00:00.000000Z
2020-04-29T00:00:00.000000Z,0.97380000352859497,0.97508001327514648,0.97115999460220337,0.97373998165130615,0,2020-04-30T00:00:00.000000Z
2020-04-30T00:00:00.000000Z,0.97380000352859497,0.97583997249603271,0.96388000249862671,0.97390002012252808,0,2020-05-01T00:00:00.000000Z
2020-05-01T00:00:00.000000Z,0.96661001443862915,0.96689999103546143,0.95894002914428711,0.96647000312805176,0,2020-05-02T00:00:00.000000Z
2020-05-05T00:00:00.000000Z,0.96561998128890991,0.97307002544403076,0.96439999341964722,0.96539998054504395,0,2020-05-06T00:00:00.000000Z
2020-05-06T00:00:00.000000Z,0.97253000736236572,0.97582000494003296,0.97200000286102295,0.97259998321533203,0,2020-05-07T00:00:00.000000Z
2020-05-07T00:00:00.000000Z,0.97523999214172363,0.9781000018119812,0.97371000051498413,0.97519999742507935,0,2020-05-08T00:00:00.000000Z
2020-05-08T00:00:00.000000Z,0.97285002470016479,0.97315001487731934,0.96824997663497925,0.97294998168945312,0,2020-05-09T00:00:00.000000Z
2020-05-11T00:00:00.000000Z,0.970924973487854,0.97360998392105103,0.96979999542236328,0.97092199325561523,0,2020-05-12T00:00:00.000000Z
2020-05-12T00:00:00.000000Z,0.97283798456192017,0.97492998838424683,0.96679997444152832,0.97289001941680908,0,2020-05-13T00:00:00.000000Z
2020-05-13T00:00:00.000000Z,0.96960002183914185,0.97127002477645874,0.96670997142791748,0.96982002258300781,0,2020-05-14T00:00:00.000000Z
2020-05-14T00:00:00.000000Z,0.97193998098373413,0.97544997930526733,0.97119998931884766,0.97180002927780151,0,2020-05-15T00:00:00.000000Z
2020-05-15T00:00:00.000000Z,0.97324001789093018,0.97435998916625977,0.96995002031326294,0.97310000658035278,0,2020-05-16T00:00:00.000000Z
2020-05-18T00:00:00.000000Z,0.97193998098373413,0.97301000356674194,0.9678800106048584,0.97190999984741211,0,2020-05-19T00:00:00.000000Z
2020-05-19T00:00:00.000000Z,0.97172999382019043,0.97275000810623169,0.96969997882843018,0.97172999382019043,0,2020-05-20T00:00:00.000000Z
2020-05-22T00:00:00.000000Z,0.97055000066757202,0.97320002317428589,0.96990001201629639,0.97067999839782715,0,2020-05-23T00:00:00.000000Z
2020-05-25T00:00:00.000000Z,0.97118997573852539,0.9734799861907959,0.97042000293731689,0.97122001647949219,0,2020-05-26T00:00:00.000000Z
2020-05-26T00:00:00.000000Z,0.97136002779006958,0.97172999382019043,0.96526002883911133,0.97145998477935791,0,2020-05-27T00:00:00.000000Z
2020-05-27T00:00:00.000000Z,0.9654499888420105,0.97237998247146606,0.96530002355575562,0.96534699201583862,0,2020-05-28T00:00:00.000000Z
2020-05-28T00:00:00.000000Z,0.96811997890472412,0.97154998779296875,0.96399998664855957,0.96802997589111328,0,2020-05-29T00:00:00.000000Z
2020-05-29T00:00:00.000000Z,0.96420001983642578,0.9648900032043457,0.96020001173019409,0.96399998664855957,0,2020-05-30T00:00:00.000000Z
2020-06-01T00:00:00.000000Z,0.96094000339508057,0.96243000030517578,0.95801997184753418,0.96061998605728149,0,2020-06-02T00:00:00.000000Z
2020-06-02T00:00:00.000000Z,0.96112000942230225,0.96344000101089478,0.95730000734329224,0.96109998226165771,0,2020-06-03T00:00:00.000000Z
2020-06-03T00:00:00.000000Z,0.96165001392364502,0.96470999717712402,0.96060001850128174,0.96161001920700073,0,2020-06-04T00:00:00.000000Z
2020-06-04T00:00:00.000000Z,0.96139997243881226,0.96211999654769897,0.9558899998664856,0.96135997772216797,0,2020-06-05T00:00:00.000000Z
2020-06-05T00:00:00.000000Z,0.95542001724243164,0.96492999792098999,0.95410001277923584,0.95560997724533081,0,2020-06-06T00:00:00.000000Z
2020-06-08T00:00:00.000000Z,0.9615899920463562,0.96389001607894897,0.95569998025894165,0.96100002527236938,0,2020-06-09T00:00:00.000000Z
2020-06-09T00:00:00.000000Z,0.95767998695373535,0.95845997333526611,0.94819998741149902,0.9575200080871582,0,2020-06-10T00:00:00.000000Z
2020-06-10T00:00:00.000000Z,0.95108002424240112,0.95142000913619995,0.9442099928855896,0.95109999179840088,0,2020-06-11T00:00:00.000000Z
2020-06-11T00:00:00.000000Z,0.94370001554489136,0.9459499716758728,0.93800002336502075,0.94372999668121338,0,2020-06-12T00:00:00.000000Z
2020-06-12T00:00:00.000000Z,0.9440000057220459,0.95209997892379761,0.94349998235702515,0.94414001703262329,0,2020-06-13T00:00:00.000000Z
2020-06-15T00:00:00.000000Z,0.95131999254226685,0.95455998182296753,0.94800001382827759,0.95143002271652222,0,2020-06-16T00:00:00.000000Z
2020-06-16T00:00:00.000000Z,0.94906997680664062,0.95191001892089844,0.94620001316070557,0.94889998435974121,0,2020-06-17T00:00:00.000000Z
2020-06-17T00:00:00.000000Z,0.95109999179840088,0.95279997587203979,0.94808000326156616,0.9511299729347229,0,2020-06-18T00:00:00.000000Z
2020-06-18T00:00:00.000000Z,0.94879001379013062,0.95247000455856323,0.94809997081756592,0.94871002435684204,0,2020-06-19T00:00:00.000000Z
2020-06-19T00:00:00.000000Z,0.95186001062393188,0.95285999774932861,0.94892001152038574,0.95169997215270996,0,2020-06-20T00:00:00.000000Z
2020-06-22T00:00:00.000000Z,0.95209997892379761,0.95235002040863037,0.94652998447418213,0.95219999551773071,0,2020-06-23T00:00:00.000000Z
2020-06-23T00:00:00.000000Z,0.94660001993179321,0.94900000095367432,0.94216001033782959,0.94686001539230347,0,2020-06-24T00:00:00.000000Z
2020-06-24T00:00:00.000000Z,0.94438999891281128,0.94854998588562012,0.94322001934051514,0.94457000494003296,0,2020-06-25T00:00:00.000000Z
2020-06-25T00:00:00.000000Z,0.94813001155853271,0.95056998729705811,0.94749999046325684,0.94815999269485474,0,2020-06-26T00:00:00.000000Z
2020-06-26T00:00:00.000000Z,0.94835001230239868,0.94988000392913818,0.94683998823165894,0.94809997081756592,0,2020-06-27T00:00:00.000000Z
2020-06-29T00:00:00.000000Z,0.94788002967834473,0.95055001974105835,0.94389998912811279,0.94760000705718994,0,2020-06-30T00:00:00.000000Z
2020-06-30T00:00:00.000000Z,0.95090001821517944,0.95315998792648315,0.94621002674102783,0.95104998350143433,0,2020-07-01T00:00:00.000000Z
2020-07-01T00:00:00.000000Z,0.94712001085281372,0.94922000169754028,0.94429999589920044,0.94679999351501465,0,2020-07-02T00:00:00.000000Z
2020-07-02T00:00:00.000000Z,0.94559997320175171,0.94635999202728271,0.94264000654220581,0.9457700252532959,0,2020-07-03T00:00:00.000000Z
2020-07-03T00:00:00.000000Z,0.94556999206542969,0.94691997766494751,0.94440001249313354,0.94554001092910767,0,2020-07-04T00:00:00.000000Z
2020-07-07T00:00:00.000000Z,0.94198000431060791,0.94523000717163086,0.9406999945640564,0.94182002544403076,0,2020-07-08T00:00:00.000000Z
2020-07-08T00:00:00.000000Z,0.94256997108459473,0.9430999755859375,0.93757998943328857,0.94230002164840698,0,2020-07-09T00:00:00.000000Z
2020-07-09T00:00:00.000000Z,0.93822997808456421,0.94046002626419067,0.93610000610351562,0.93809998035430908,0,2020-07-10T00:00:00.000000Z
2020-07-10T00:00:00.000000Z,0.94029998779296875,0.94304001331329346,0.93860000371932983,0.94037002325057983,0,2020-07-11T00:00:00.000000Z
2020-07-13T00:00:00.000000Z,0.94040000438690186,0.94366997480392456,0.93900001049041748,0.94050997495651245,0,2020-07-14T00:00:00.000000Z
2020-07-14T00:00:00.000000Z,0.94173002243041992,0.94238001108169556,0.93800002336502075,0.94176000356674194,0,2020-07-15T00:00:00.000000Z
2020-07-15T00:00:00.000000Z,0.93944001197814941,0.94429999589920044,0.93690001964569092,0.93944001197814941,0,2020-07-16T00:00:00.000000Z
2020-07-16T00:00:00.000000Z,0.94398999214172363,0.9466099739074707,0.94278997182846069,0.94401001930236816,0,2020-07-17T00:00:00.000000Z
2020-07-17T00:00:00.000000Z,0.9454200267791748,0.94581997394561768,0.93875002861022949,0.94533997774124146,0,2020-07-18T00:00:00.000000Z
2020-07-20T00:00:00.000000Z,0.93830001354217529,0.94082999229431152,0.93720000982284546,0.93831998109817505,0,2020-07-21T00:00:00.000000Z
2020-07-21T00:00:00.000000Z,0.93849998712539673,0.93954002857208252,0.9338499903678894,0.93879997730255127,0,2020-07-22T00:00:00.000000Z
2020-07-22T00:00:00.000000Z,0.93229997158050537,0.93501001596450806,0.928600013256073,0.9325299859046936,0,2020-07-23T00:00:00.000000Z
2020-07-23T00:00:00.000000Z,0.92976999282836914,0.92976999282836914,0.92465001344680786,0.92940002679824829,0,2020-07-24T00:00:00.000000Z
2020-07-24T00:00:00.000000Z,0.92531001567840576,0.92597001791000366,0.92188000679016113,0.92528998851776123,0,2020-07-25T00:00:00.000000Z
2020-07-27T00:00:00.000000Z,0.92084997892379761,0.92294001579284668,0.91670000553131104,0.92089998722076416,0,2020-07-28T00:00:00.000000Z
2020-07-28T00:00:00.000000Z,0.91939997673034668,0.92271000146865845,0.91553002595901489,0.91948002576828003,0,2020-07-29T00:00:00.000000Z
2020-07-29T00:00:00.000000Z,0.91790997982025146,0.91860002279281616,0.91350001096725464,0.91780000925064087,0,2020-07-30T00:00:00.000000Z
2020-07-30T00:00:00.000000Z,0.91233998537063599,0.91503000259399414,0.91100001335144043,0.91241997480392456,0,2020-07-31T00:00:00.000000Z
2020-07-31T00:00:00.000000Z,0.90852999687194824,0.912850022315979,0.9055899977684021,0.90850001573562622,0,2020-08-01T00:00:00.000000Z
2020-08-04T00:00:00.000000Z,0.91772997379302979,0.91874998807907104,0.91420000791549683,0.91759997606277466,0,2020-08-05T00:00:00.000000Z
2020-08-05T00:00:00.000000Z,0.91254997253417969,0.9134100079536438,0.90499997138977051,0.91256999969482422,0,2020-08-06T00:00:00.000000Z
2020-08-06T00:00:00.000000Z,0.90803998708724976,0.91279000043869019,0.90649998188018799,0.90802997350692749,0,2020-08-07T00:00:00.000000Z
2020-08-07T00:00:00.000000Z,0.90979999303817749,0.9156000018119812,0.90950000286102295,0.90999001264572144,0,2020-08-08T00:00:00.000000Z
2020-08-10T00:00:00.000000Z,0.91259998083114624,0.91833001375198364,0.91200000047683716,0.9127349853515625,0,2020-08-11T00:00:00.000000Z
2020-08-11T00:00:00.000000Z,0.91552001237869263,0.9167100191116333,0.91060000658035278,0.9154999852180481,0,2020-08-12T00:00:00.000000Z
2020-08-12T00:00:00.000000Z,0.91724002361297607,0.919700026512146,0.90995001792907715,0.91720002889633179,0,2020-08-13T00:00:00.000000Z
2020-08-14T00:00:00.000000Z,0.90960001945495605,0.91206002235412598,0.90850001573562622,0.90965002775192261,0,2020-08-15T00:00:00.000000Z
2020-08-17T00:00:00.000000Z,0.90882998704910278,0.90960001945495605,0.90499001741409302,0.90850001573562622,0,2020-08-18T00:00:00.000000Z
2020-08-18T00:00:00.000000Z,0.90649998188018799,0.90653002262115479,0.90099000930786133,0.90619999170303345,0,2020-08-19T00:00:00.000000Z
2020-08-19T00:00:00.000000Z,0.90280002355575562,0.9115300178527832,0.90189999341964722,0.9027400016784668,0,2020-08-20T00:00:00.000000Z
2020-08-20T00:00:00.000000Z,0.91491001844406128,0.91606998443603516,0.90816599130630493,0.91469001770019531,0,2020-08-21T00:00:00.000000Z
2020-08-21T00:00:00.000000Z,0.90696001052856445,0.91370999813079834,0.90600001811981201,0.9067000150680542,0,2020-08-22T00:00:00.000000Z
2020-08-24T00:00:00.000000Z,0.91196000576019287,0.91272997856140137,0.90750002861022949,0.91180002689361572,0,2020-08-25T00:00:00.000000Z
2020-08-25T00:00:00.000000Z,0.91188997030258179,0.91245001554489136,0.90781998634338379,0.9118800163269043,0,2020-08-26T00:00:00.000000Z
2020-08-26T00:00:00.000000Z,0.90814000368118286,0.91192001104354858,0.90740001201629639,0.90797001123428345,0,2020-08-27T00:00:00.000000Z
2020-08-27T00:00:00.000000Z,0.90729999542236328,0.91224002838134766,0.90394997596740723,0.90737998485565186,0,2020-08-28T00:00:00.000000Z
2020-08-28T00:00:00.000000Z,0.90920001268386841,0.90991997718811035,0.90235000848770142,0.9089999794960022,0,2020-08-29T00:00:00.000000Z
2020-08-31T00:00:00.000000Z,0.90363001823425293,0.9050300121307373,0.89999997615814209,0.90359997749328613,0,2020-09-01T00:00:00.000000Z
2020-09-01T00:00:00.000000Z,0.90390002727508545,0.90987998247146606,0.89990001916885376,0.90390002727508545,0,2020-09-02T00:00:00.000000Z
2020-09-02T00:00:00.000000Z,0.90930002927780151,0.91337001323699951,0.9090999960899353,0.90937000513076782,0,2020-09-03T00:00:00.000000Z
2020-09-03T00:00:00.000000Z,0.91141998767852783,0.91403001546859741,0.90839999914169312,0.91118001937866211,0,2020-09-04T00:00:00.000000Z
2020-09-04T00:00:00.000000Z,0.90994000434875488,0.91627001762390137,0.9089999794960022,0.91004002094268799,0,2020-09-05T00:00:00.000000Z
2020-09-07T00:00:00.000000Z,0.91346997022628784,0.9158400297164917,0.91200000047683716,0.91356998682022095,0,2020-09-08T00:00:00.000000Z
2020-09-08T00:00:00.000000Z,0.91640001535415649,0.91992998123168945,0.91600000858306885,0.91639000177383423,0,2020-09-09T00:00:00.000000Z
2020-09-09T00:00:00.000000Z,0.91794002056121826,0.91895997524261475,0.9122999906539917,0.91780000925064087,0,2020-09-10T00:00:00.000000Z
2020-09-11T00:00:00.000000Z,0.9099699854850769,0.91061002016067505,0.90789997577667236,0.91026997566223145,0,2020-09-12T00:00:00.000000Z
2020-09-14T00:00:00.000000Z,0.90885001420974731,0.90979999303817749,0.9057999849319458,0.90891999006271362,0,2020-09-15T00:00:00.000000Z
2020-09-15T00:00:00.000000Z,0.90851002931594849,0.90881001949310303,0.90509998798370361,0.90832000970840454,0,2020-09-16T00:00:00.000000Z
2020-09-16T00:00:00.000000Z,0.9086800217628479,0.90934997797012329,0.90539997816085815,0.90852999687194824,0,2020-09-17T00:00:00.000000Z
2020-09-17T00:00:00.000000Z,0.91051000356674194,0.91364997625350952,0.9089999794960022,0.91057997941970825,0,2020-09-18T00:00:00.000000Z
2020-09-18T00:00:00.000000Z,0.90799999237060547,0.91109001636505127,0.90737998485565186,0.90829002857208252,0,2020-09-19T00:00:00.000000Z
2020-09-21T00:00:00.000000Z,0.91101998090744019,0.91702002286911011,0.90855002403259277,0.91111999750137329,0,2020-09-22T00:00:00.000000Z
2020-09-22T00:00:00.000000Z,0.91541999578475952,0.92014002799987793,0.91380000114440918,0.91506099700927734,0,2020-09-23T00:00:00.000000Z
2020-09-23T00:00:00.000000Z,0.91958397626876831,0.92413002252578735,0.91885000467300415,0.91990000009536743,0,2020-09-24T00:00:00.000000Z
2020-09-24T00:00:00.000000Z,0.92378997802734375,0.92782002687454224,0.92140001058578491,0.92395001649856567,0,2020-09-25T00:00:00.000000Z
2020-09-25T00:00:00.000000Z,0.92672997713088989,0.92953002452850342,0.92489999532699585,0.92673999071121216,0,2020-09-26T00:00:00.000000Z
2020-09-28T00:00:00.000000Z,0.92821997404098511,0.92943000793457031,0.92479997873306274,0.92811000347137451,0,2020-09-29T00:00:00.000000Z
2020-09-29T00:00:00.000000Z,0.92371898889541626,0.92453998327255249,0.91922998428344727,0.92374002933502197,0,2020-09-30T00:00:00.000000Z
2020-09-30T00:00:00.000000Z,0.91938000917434692,0.9242900013923645,0.91614997386932373,0.91943997144699097,0,2020-10-01T00:00:00.000000Z
2020-10-01T00:00:00.000000Z,0.92070001363754272,0.92137002944946289,0.91629999876022339,0.92070001363754272,0,2020-10-02T00:00:00.000000Z
2020-10-02T00:00:00.000000Z,0.91869997978210449,0.92171001434326172,0.9179999828338623,0.91898000240325928,0,2020-10-03T00:00:00.000000Z
2020-10-05T00:00:00.000000Z,0.91806000471115112,0.91855001449584961,0.91439998149871826,0.91790002584457397,0,2020-10-06T00:00:00.000000Z
2020-10-06T00:00:00.000000Z,0.91500002145767212,0.91531997919082642,0.91328001022338867,0.91505002975463867,0,2020-10-07T00:00:00.000000Z
2020-10-07T00:00:00.000000Z,0.91729998588562012,0.91839998960494995,0.91589999198913574,0.91763997077941895,0,2020-10-08T00:00:00.000000Z
2020-10-08T00:00:00.000000Z,0.91702002286911011,0.91961002349853516,0.91579002141952515,0.91677600145339966,0,2020-10-09T00:00:00.000000Z
2020-10-09T00:00:00.000000Z,0.91693997383117676,0.91720002889633179,0.91001999378204346,0.91670000553131104,0,2020-10-10T00:00:00.000000Z
2020-10-12T00:00:00.000000Z,0.91067999601364136,0.9121900200843811,0.90850001573562622,0.91044998168945312,0,2020-10-13T00:00:00.000000Z
2020-10-13T00:00:00.000000Z,0.90908998250961304,0.91490000486373901,0.90896302461624146,0.90900999307632446,0,2020-10-14T00:00:00.000000Z
2020-10-14T00:00:00.000000Z,0.91517001390457153,0.916159987449646,0.91133999824523926,0.9151800274848938,0,2020-10-15T00:00:00.000000Z
2020-10-15T00:00:00.000000Z,0.91310000419616699,0.91547000408172607,0.91250002384185791,0.91332000494003296,0,2020-10-16T00:00:00.000000Z
2020-10-16T00:00:00.000000Z,0.91449999809265137,0.91619002819061279,0.91222000122070312,0.91430002450942993,0,2020-10-17T00:00:00.000000Z
2020-10-19T00:00:00.000000Z,0.91510999202728271,0.91644001007080078,0.90904998779296875,0.91510999202728271,0,2020-10-20T00:00:00.000000Z
2020-10-20T00:00:00.000000Z,0.9106600284576416,0.9108700156211853,0.90539997816085815,0.91057002544403076,0,2020-10-21T00:00:00.000000Z
2020-10-21T00:00:00.000000Z,0.90683001279830933,0.90683001279830933,0.90299999713897705,0.9067000150680542,0,2020-10-22T00:00:00.000000Z
2020-10-22T00:00:00.000000Z,0.90597999095916748,0.90785002708435059,0.90539997816085815,0.90578997135162354,0,2020-10-23T00:00:00.000000Z
2020-10-23T00:00:00.000000Z,0.90762001276016235,0.90911000967025757,0.90343999862670898,0.90759998559951782,0,2020-10-24T00:00:00.000000Z
2020-10-26T00:00:00.000000Z,0.90456002950668335,0.90792000293731689,0.90410000085830688,0.90456002950668335,0,2020-10-27T00:00:00.000000Z
2020-10-27T00:00:00.000000Z,0.90789997577667236,0.90970999002456665,0.90600001811981201,0.90789997577667236,0,2020-10-28T00:00:00.000000Z
2020-10-28T00:00:00.000000Z,0.90891999006271362,0.91259998083114624,0.90839999914169312,0.9088749885559082,0,2020-10-29T00:00:00.000000Z
2020-10-29T00:00:00.000000Z,0.91060000658035278,0.91711002588272095,0.90880000591278076,0.91058999300003052,0,2020-10-30T00:00:00.000000Z
2020-10-30T00:00:00.000000Z,0.91544997692108154,0.91684997081756592,0.91360002756118774,0.91531002521514893,0,2020-10-31T00:00:00.000000Z
2020-11-02T00:00:00.000000Z,0.91716998815536499,0.92030000686645508,0.91649997234344482,0.91715997457504272,0,2020-11-03T00:00:00.000000Z
2020-11-03T00:00:00.000000Z,0.91882997751235962,0.91914999485015869,0.91159999370574951,0.91877299547195435,0,2020-11-04T00:00:00.000000Z
2020-11-04T00:00:00.000000Z,0.91026997566223145,0.91926002502441406,0.90920001268386841,0.91064000129699707,0,2020-11-05T00:00:00.000000Z
2020-11-05T00:00:00.000000Z,0.91168999671936035,0.91251999139785767,0.90456998348236084,0.91140002012252808,0,2020-11-06T00:00:00.000000Z
2020-11-06T00:00:00.000000Z,0.90442997217178345,0.90552002191543579,0.89845997095108032,0.90416997671127319,0,2020-11-07T00:00:00.000000Z
2020-11-09T00:00:00.000000Z,0.89925998449325562,0.91359001398086548,0.89841002225875854,0.89932000637054443,0,2020-11-10T00:00:00.000000Z
2020-11-10T00:00:00.000000Z,0.91276997327804565,0.91746997833251953,0.9115300178527832,0.91268998384475708,0,2020-11-11T00:00:00.000000Z
2020-11-11T00:00:00.000000Z,0.91499000787734985,0.91916000843048096,0.91369998455047607,0.91497999429702759,0,2020-11-12T00:00:00.000000Z
2020-11-12T00:00:00.000000Z,0.91668999195098877,0.91720002889633179,0.9132000207901001,0.91658699512481689,0,2020-11-13T00:00:00.000000Z
2020-11-13T00:00:00.000000Z,0.91460001468658447,0.91576999425888062,0.9127500057220459,0.91482001543045044,0,2020-11-14T00:00:00.000000Z
2020-11-16T00:00:00.000000Z,0.91206598281860352,0.91503000259399414,0.90960001945495605,0.91207998991012573,0,2020-11-17T00:00:00.000000Z
2020-11-17T00:00:00.000000Z,0.91224998235702515,0.91279000043869019,0.90872001647949219,0.91237002611160278,0,2020-11-18T00:00:00.000000Z
2020-11-18T00:00:00.000000Z,0.91124999523162842,0.91215002536773682,0.90916997194290161,0.91100001335144043,0,2020-11-19T00:00:00.000000Z
2020-11-19T00:00:00.000000Z,0.91200000047683716,0.91386997699737549,0.91039997339248657,0.91185998916625977,0,2020-11-20T00:00:00.000000Z
2020-11-20T00:00:00.000000Z,0.91088002920150757,0.91218000650405884,0.90913999080657959,0.91094297170639038,0,2020-11-21T00:00:00.000000Z
2020-11-23T00:00:00.000000Z,0.9106299877166748,0.91464000940322876,0.90750002861022949,0.9105299711227417,0,2020-11-24T00:00:00.000000Z
2020-11-24T00:00:00.000000Z,0.91244000196456909,0.91355997323989868,0.90974998474121094,0.91244000196456909,0,2020-11-25T00:00:00.000000Z
2020-11-25T00:00:00.000000Z,0.91092997789382935,0.91380000114440918,0.90799999237060547,0.91079998016357422,0,2020-11-26T00:00:00.000000Z
2020-11-26T00:00:00.000000Z,0.90814000368118286,0.90926998853683472,0.90609997510910034,0.90821999311447144,0,2020-11-27T00:00:00.000000Z
2020-11-27T00:00:00.000000Z,0.90663999319076538,0.90820002555847168,0.90403002500534058,0.90641999244689941,0,2020-11-28T00:00:00.000000Z
2020-11-30T00:00:00.000000Z,0.90428000688552856,0.90640997886657715,0.9018399715423584,0.90422999858856201,0,2020-12-01T00:00:00.000000Z
2020-12-01T00:00:00.000000Z,0.90834999084472656,0.90836000442504883,0.90030002593994141,0.90827000141143799,0,2020-12-02T00:00:00.000000Z
2020-12-02T00:00:00.000000Z,0.89963001012802124,0.90119999647140503,0.89424002170562744,0.89951002597808838,0,2020-12-03T00:00:00.000000Z
2020-12-03T00:00:00.000000Z,0.89468997716903687,0.89533001184463501,0.88920998573303223,0.89460998773574829,0,2020-12-04T00:00:00.000000Z
2020-12-04T00:00:00.000000Z,0.89083999395370483,0.89152997732162476,0.88854998350143433,0.89077001810073853,0,2020-12-05T00:00:00.000000Z
2020-12-07T00:00:00.000000Z,0.89190000295639038,0.89450997114181519,0.88760000467300415,0.89174002408981323,0,2020-12-08T00:00:00.000000Z
2020-12-08T00:00:00.000000Z,0.89079999923706055,0.89133000373840332,0.88814997673034668,0.89056897163391113,0,2020-12-09T00:00:00.000000Z
2020-12-09T00:00:00.000000Z,0.88867998123168945,0.89069002866744995,0.88700002431869507,0.88852798938751221,0,2020-12-10T00:00:00.000000Z
2020-12-10T00:00:00.000000Z,0.88928002119064331,0.89010000228881836,0.8852199912071228,0.88936001062393188,0,2020-12-11T00:00:00.000000Z
2020-12-11T00:00:00.000000Z,0.88593000173568726,0.89073002338409424,0.88489997386932373,0.88585799932479858,0,2020-12-12T00:00:00.000000Z
2020-12-14T00:00:00.000000Z,0.88850998878479004,0.88944000005722046,0.88503998517990112,0.88854002952575684,0,2020-12-15T00:00:00.000000Z
2020-12-15T00:00:00.000000Z,0.88669002056121826,0.88792997598648071,0.8848000168800354,0.88657999038696289,0,2020-12-16T00:00:00.000000Z
2020-12-16T00:00:00.000000Z,0.8855699896812439,0.88657999038696289,0.88255000114440918,0.88543999195098877,0,2020-12-17T00:00:00.000000Z
2020-12-17T00:00:00.000000Z,0.88520002365112305,0.88573998212814331,0.88220000267028809,0.88538998365402222,0,2020-12-18T00:00:00.000000Z
2020-12-18T00:00:00.000000Z,0.88475000858306885,0.88669002056121826,0.88249999284744263,0.88472002744674683,0,2020-12-19T00:00:00.000000Z
2020-12-21T00:00:00.000000Z,0.88580000400543213,0.89183002710342407,0.88416999578475952,0.88547998666763306,0,2020-12-22T00:00:00.000000Z
2020-12-22T00:00:00.000000Z,0.885670006275177,0.88937002420425415,0.88447999954223633,0.88547998666763306,0,2020-12-23T00:00:00.000000Z
2020-12-23T00:00:00.000000Z,0.88793998956680298,0.89090001583099365,0.88679999113082886,0.8878600001335144,0,2020-12-24T00:00:00.000000Z
2020-12-24T00:00:00.000000Z,0.88770002126693726,0.89168000221252441,0.88669997453689575,0.88789999485015869,0,2020-12-25T00:00:00.000000Z
2020-12-25T00:00:00.000000Z,0.89109998941421509,0.89109998941421509,0.88510000705718994,0.89090001583099365,0,2020-12-26T00:00:00.000000Z
2020-12-28T00:00:00.000000Z,0.88933002948760986,0.89187997579574585,0.88753002882003784,0.88942998647689819,0,2020-12-29T00:00:00.000000Z
2020-12-29T00:00:00.000000Z,0.88823002576828003,0.88833701610565186,0.88301002979278564,0.88830000162124634,0,2020-12-30T00:00:00.000000Z
2020-12-30T00:00:00.000000Z,0.8841099739074707,0.88534998893737793,0.8815000057220459,0.88410001993179321,0,2020-12-31T00:00:00.000000Z
2020-12-31T00:00:00.000000Z,0.88156002759933472,0.88502997159957886,0.87957000732421875,0.88157999515533447,0,2021-01-01T00:00:00.000000Z
2021-01-01T00:00:00.000000Z,0.89840000867843628,0.89899998903274536,0.88978302478790283,0.89810001850128174,0,2021-01-02T00:00:00.000000Z
2021-01-04T00:00:00.000000Z,0.88314002752304077,0.88447999954223633,0.87854999303817749,0.88309997320175171,0,2021-01-05T00:00:00.000000Z
2021-01-05T00:00:00.000000Z,0.88125002384185791,0.88156998157501221,0.87826997041702271,0.88124001026153564,0,2021-01-06T00:00:00.000000Z
2021-01-06T00:00:00.000000Z,0.87818002700805664,0.88198000192642212,0.87550002336502075,0.87818002700805664,0,2021-01-07T00:00:00.000000Z
2021-01-07T00:00:00.000000Z,0.87810999155044556,0.88603001832962036,0.87748998403549194,0.87806999683380127,0,2021-01-08T00:00:00.000000Z
2021-01-08T00:00:00.000000Z,0.88530999422073364,0.88836002349853516,0.88243001699447632,0.88515001535415649,0,2021-01-09T00:00:00.000000Z
2021-01-11T00:00:00.000000Z,0.88740998506546021,0.89200997352600098,0.88683998584747314,0.88763999938964844,0,2021-01-12T00:00:00.000000Z
2021-01-12T00:00:00.000000Z,0.88959997892379761,0.89156997203826904,0.88899999856948853,0.88962000608444214,0,2021-01-13T00:00:00.000000Z
2021-01-13T00:00:00.000000Z,0.88590002059936523,0.88889002799987793,0.88504999876022339,0.88590002059936523,0,2021-01-14T00:00:00.000000Z
2021-01-14T00:00:00.000000Z,0.88714998960494995,0.89156502485275269,0.88639998435974121,0.88690000772476196,0,2021-01-15T00:00:00.000000Z
2021-01-15T00:00:00.000000Z,0.88824999332427979,0.89038002490997314,0.88679999113082886,0.88824999332427979,0,2021-01-16T00:00:00.000000Z
2021-01-18T00:00:00.000000Z,0.89231997728347778,0.89239001274108887,0.88975000381469727,0.89218002557754517,0,2021-01-19T00:00:00.000000Z
2021-01-19T00:00:00.000000Z,0.89086002111434937,0.89149600267410278,0.88620001077651978,0.89090001583099365,0,2021-01-20T00:00:00.000000Z
2021-01-20T00:00:00.000000Z,0.88810998201370239,0.8919600248336792,0.88662999868392944,0.8880000114440918,0,2021-01-21T00:00:00.000000Z
2021-01-21T00:00:00.000000Z,0.88903999328613281,0.88990002870559692,0.8848000168800354,0.88928002119064331,0,2021-01-22T00:00:00.000000Z
2021-01-22T00:00:00.000000Z,0.88520997762680054,0.88659000396728516,0.88384997844696045,0.8853600025177002,0,2021-01-23T00:00:00.000000Z
2021-01-25T00:00:00.000000Z,0.88551998138427734,0.88919997215270996,0.88464999198913574,0.88532298803329468,0,2021-01-26T00:00:00.000000Z
2021-01-26T00:00:00.000000Z,0.88806998729705811,0.88954997062683105,0.88665997982025146,0.88801997900009155,0,2021-01-27T00:00:00.000000Z
2021-01-27T00:00:00.000000Z,0.88661998510360718,0.89146000146865845,0.88590002059936523,0.88669997453689575,0,2021-01-28T00:00:00.000000Z
2021-01-28T00:00:00.000000Z,0.88910001516342163,0.89174997806549072,0.88700002431869507,0.88889998197555542,0,2021-01-29T00:00:00.000000Z
2021-01-29T00:00:00.000000Z,0.88844001293182373,0.89069002866744995,0.88739997148513794,0.88860899209976196,0,2021-01-30T00:00:00.000000Z
2021-02-01T00:00:00.000000Z,0.89152997732162476,0.89666998386383057,0.89060002565383911,0.89135998487472534,0,2021-02-02T00:00:00.000000Z
2021-02-02T00:00:00.000000Z,0.89656001329421997,0.89946001768112183,0.89468997716903687,0.8964800238609314,0,2021-02-03T00:00:00.000000Z
2021-02-03T00:00:00.000000Z,0.89765000343322754,0.90021002292633057,0.8968999981880188,0.89749997854232788,0,2021-02-04T00:00:00.000000Z
2021-02-04T00:00:00.000000Z,0.89837998151779175,0.90394997596740723,0.89829999208450317,0.89833998680114746,0,2021-02-05T00:00:00.000000Z
2021-02-05T00:00:00.000000Z,0.90403002500534058,0.90448999404907227,0.89910000562667847,0.90403002500534058,0,2021-02-06T00:00:00.000000Z
2021-02-08T00:00:00.000000Z,0.89902001619338989,0.90188997983932495,0.89810001850128174,0.89898002147674561,0,2021-02-09T00:00:00.000000Z
2021-02-09T00:00:00.000000Z,0.89872997999191284,0.89872997999191284,0.892799973487854,0.89859902858734131,0,2021-02-10T00:00:00.000000Z
2021-02-10T00:00:00.000000Z,0.89252001047134399,0.89306002855300903,0.88902997970581055,0.89240002632141113,0,2021-02-11T00:00:00.000000Z
2021-02-11T00:00:00.000000Z,0.88990002870559692,0.89079999923706055,0.88910001516342163,0.89024597406387329,0,2021-02-12T00:00:00.000000Z
2021-02-12T00:00:00.000000Z,0.89012002944946289,0.8939099907875061,0.88969999551773071,0.89012002944946289,0,2021-02-13T00:00:00.000000Z
2021-02-15T00:00:00.000000Z,0.89187002182006836,0.89243000745773315,0.88950002193450928,0.89175897836685181,0,2021-02-16T00:00:00.000000Z
2021-02-16T00:00:00.000000Z,0.88959997892379761,0.89292001724243164,0.88700002431869507,0.88983398675918579,0,2021-02-17T00:00:00.000000Z
2021-02-17T00:00:00.000000Z,0.89357000589370728,0.89902001619338989,0.89263999462127686,0.89321798086166382,0,2021-02-18T00:00:00.000000Z
2021-02-18T00:00:00.000000Z,0.89857000112533569,0.89946997165679932,0.89565002918243408,0.8984299898147583,0,2021-02-19T00:00:00.000000Z
2021-02-19T00:00:00.000000Z,0.89587998390197754,0.89688998460769653,0.89329999685287476,0.89581000804901123,0,2021-02-20T00:00:00.000000Z
2021-02-22T00:00:00.000000Z,0.89684998989105225,0.902180016040802,0.89459997415542603,0.8966900110244751,0,2021-02-23T00:00:00.000000Z
2021-02-23T00:00:00.000000Z,0.89570099115371704,0.90210002660751343,0.89469999074935913,0.89569002389907837,0,2021-02-24T00:00:00.000000Z
2021-02-24T00:00:00.000000Z,0.90503501892089844,0.90942001342773438,0.90489000082015991,0.90509998798370361,0,2021-02-25T00:00:00.000000Z
2021-02-25T00:00:00.000000Z,0.9067310094833374,0.90797001123428345,0.9027400016784668,0.90659999847412109,0,2021-02-26T00:00:00.000000Z
2021-02-26T00:00:00.000000Z,0.90540999174118042,0.90929001569747925,0.9025999903678894,0.90556997060775757,0,2021-02-27T00:00:00.000000Z
2021-03-01T00:00:00.000000Z,0.90729999542236328,0.91548001766204834,0.90689998865127563,0.90740001201629639,0,2021-03-02T00:00:00.000000Z
2021-03-02T00:00:00.000000Z,0.91496998071670532,0.91918998956680298,0.91390001773834229,0.91490000486373901,0,2021-03-03T00:00:00.000000Z
2021-03-03T00:00:00.000000Z,0.91490000486373901,0.91878002882003784,0.91399997472763062,0.91500002145767212,0,2021-03-04T00:00:00.000000Z
2021-03-04T00:00:00.000000Z,0.91990000009536743,0.92580997943878174,0.91878998279571533,0.919700026512146,0,2021-03-05T00:00:00.000000Z
2021-03-05T00:00:00.000000Z,0.92917001247406006,0.93178999423980713,0.9260600209236145,0.92927998304367065,0,2021-03-06T00:00:00.000000Z
2021-03-08T00:00:00.000000Z,0.93018001317977905,0.93592000007629395,0.92960000038146973,0.93019998073577881,0,2021-03-09T00:00:00.000000Z
2021-03-09T00:00:00.000000Z,0.9360700249671936,0.9375,0.92855000495910645,0.93580001592636108,0,2021-03-10T00:00:00.000000Z
2021-03-10T00:00:00.000000Z,0.92812001705169678,0.93215000629425049,0.92799997329711914,0.92813998460769653,0,2021-03-11T00:00:00.000000Z
2021-03-11T00:00:00.000000Z,0.92982000112533569,0.93077999353408813,0.92430001497268677,0.92970001697540283,0,2021-03-12T00:00:00.000000Z
2021-03-12T00:00:00.000000Z,0.92479997873306274,0.93228000402450562,0.9244999885559082,0.92466002702713013,0,2021-03-13T00:00:00.000000Z
2021-03-15T00:00:00.000000Z,0.92932498455047607,0.93123000860214233,0.92750000953674316,0.92926502227783203,0,2021-03-16T00:00:00.000000Z
2021-03-16T00:00:00.000000Z,0.92754101753234863,0.92868000268936157,0.92426002025604248,0.92760002613067627,0,2021-03-17T00:00:00.000000Z
2021-03-17T00:00:00.000000Z,0.9249500036239624,0.92954999208450317,0.92470002174377441,0.92479997873306274,0,2021-03-18T00:00:00.000000Z
2021-03-18T00:00:00.000000Z,0.92237001657485962,0.93040001392364502,0.92180001735687256,0.92224001884460449,0,2021-03-19T00:00:00.000000Z
2021-03-19T00:00:00.000000Z,0.92742002010345459,0.93180000782012939,0.92500001192092896,0.92732000350952148,0,2021-03-20T00:00:00.000000Z
2021-03-22T00:00:00.000000Z,0.92997997999191284,0.93080997467041016,0.92225998640060425,0.93004000186920166,0,2021-03-23T00:00:00.000000Z
2021-03-23T00:00:00.000000Z,0.92329001426696777,0.93348002433776855,0.92320001125335693,0.92320001125335693,0,2021-03-24T00:00:00.000000Z
2021-03-24T00:00:00.000000Z,0.93440002202987671,0.93689000606536865,0.93349999189376831,0.93452000617980957,0,2021-03-25T00:00:00.000000Z
2021-03-25T00:00:00.000000Z,0.93593001365661621,0.93950998783111572,0.93489998579025269,0.93598997592926025,0,2021-03-26T00:00:00.000000Z
2021-03-26T00:00:00.000000Z,0.93955999612808228,0.94165998697280884,0.93897002935409546,0.93950998783111572,0,2021-03-27T00:00:00.000000Z
2021-03-29T00:00:00.000000Z,0.93949997425079346,0.94040000438690186,0.93699997663497925,0.93954998254776001,0,2021-03-30T00:00:00.000000Z
2021-03-30T00:00:00.000000Z,0.93889999389648438,0.94378000497817993,0.93860000371932983,0.93889999389648438,0,2021-03-31T00:00:00.000000Z
2021-03-31T00:00:00.000000Z,0.94160002470016479,0.94462001323699951,0.94041001796722412,0.94169002771377563,0,2021-04-01T00:00:00.000000Z
2021-04-01T00:00:00.000000Z,0.94379997253417969,0.94713002443313599,0.94067001342773438,0.94389998912811279,0,2021-04-02T00:00:00.000000Z
2021-04-02T00:00:00.000000Z,0.9420199990272522,0.94296002388000488,0.94029998779296875,0.94211000204086304,0,2021-04-03T00:00:00.000000Z
2021-04-05T00:00:00.000000Z,0.94213998317718506,0.94384998083114624,0.93536001443862915,0.94199997186660767,0,2021-04-06T00:00:00.000000Z
2021-04-06T00:00:00.000000Z,0.93592000007629395,0.93940997123718262,0.93199998140335083,0.93603998422622681,0,2021-04-07T00:00:00.000000Z
2021-04-07T00:00:00.000000Z,0.93081998825073242,0.93147599697113037,0.9267200231552124,0.93140000104904175,0,2021-04-08T00:00:00.000000Z
2021-04-08T00:00:00.000000Z,0.92945998907089233,0.93019998073577881,0.92391002178192139,0.92930001020431519,0,2021-04-09T00:00:00.000000Z
2021-04-09T00:00:00.000000Z,0.92400002479553223,0.92813998460769653,0.92339998483657837,0.92416000366210938,0,2021-04-10T00:00:00.000000Z
2021-04-12T00:00:00.000000Z,0.9254000186920166,0.92677998542785645,0.92131000757217407,0.92528998851776123,0,2021-04-13T00:00:00.000000Z
2021-04-13T00:00:00.000000Z,0.92237001657485962,0.92580002546310425,0.91990000009536743,0.9221000075340271,0,2021-04-14T00:00:00.000000Z
2021-04-14T00:00:00.000000Z,0.92019999027252197,0.92333000898361206,0.91860002279281616,0.92009997367858887,0,2021-04-15T00:00:00.000000Z
2021-04-15T00:00:00.000000Z,0.92287999391555786,0.92444002628326416,0.92062002420425415,0.92269998788833618,0,2021-04-16T00:00:00.000000Z
2021-04-16T00:00:00.000000Z,0.92185002565383911,0.92325997352600098,0.91809999942779541,0.92189300060272217,0,2021-04-17T00:00:00.000000Z
2021-04-19T00:00:00.000000Z,0.9205399751663208,0.92141002416610718,0.91284000873565674,0.92054998874664307,0,2021-04-20T00:00:00.000000Z
2021-04-20T00:00:00.000000Z,0.9146999716758728,0.91689997911453247,0.91332900524139404,0.9146999716758728,0,2021-04-21T00:00:00.000000Z
2021-04-21T00:00:00.000000Z,0.91600102186203003,0.91939997673034668,0.91519999504089355,0.91589999198913574,0,2021-04-22T00:00:00.000000Z
2021-04-22T00:00:00.000000Z,0.91662001609802246,0.9187999963760376,0.91420000791549683,0.91672998666763306,0,2021-04-23T00:00:00.000000Z
2021-04-23T00:00:00.000000Z,0.91684001684188843,0.91730999946594238,0.91409999132156372,0.91703999042510986,0,2021-04-24T00:00:00.000000Z
2021-04-26T00:00:00.000000Z,0.91392999887466431,0.91637998819351196,0.91189998388290405,0.91389000415802002,0,2021-04-27T00:00:00.000000Z
2021-04-27T00:00:00.000000Z,0.91460001468658447,0.91702002286911011,0.9124000072479248,0.91464000940322876,0,2021-04-28T00:00:00.000000Z
2021-04-28T00:00:00.000000Z,0.91390001773834229,0.91804999113082886,0.91183000802993774,0.91404002904891968,0,2021-04-29T00:00:00.000000Z
2021-04-29T00:00:00.000000Z,0.90899002552032471,0.91172999143600464,0.90807002782821655,0.90869998931884766,0,2021-04-30T00:00:00.000000Z
2021-04-30T00:00:00.000000Z,0.90880000591278076,0.91337001323699951,0.90799999237060547,0.9089999794960022,0,2021-05-01T00:00:00.000000Z
2021-05-03T00:00:00.000000Z,0.91303998231887817,0.9147300124168396,0.90928399562835693,0.91289997100830078,0,2021-05-04T00:00:00.000000Z
2021-05-04T00:00:00.000000Z,0.91128802299499512,0.91592997312545776,0.91119998693466187,0.91153997182846069,0,2021-05-05T00:00:00.000000Z
2021-05-05T00:00:00.000000Z,0.91339999437332153,0.91627997159957886,0.91215002536773682,0.91339999437332153,0,2021-05-06T00:00:00.000000Z
2021-05-06T00:00:00.000000Z,0.91307002305984497,0.91444998979568481,0.90729999542236328,0.91311001777648926,0,2021-05-07T00:00:00.000000Z
2021-05-07T00:00:00.000000Z,0.90753000974655151,0.90925997495651245,0.90060001611709595,0.90758997201919556,0,2021-05-08T00:00:00.000000Z
2021-05-10T00:00:00.000000Z,0.90068000555038452,0.90188002586364746,0.89840000867843628,0.90044999122619629,0,2021-05-11T00:00:00.000000Z
2021-05-11T00:00:00.000000Z,0.90044999122619629,0.90315002202987671,0.89999997615814209,0.90038001537322998,0,2021-05-12T00:00:00.000000Z
2021-05-12T00:00:00.000000Z,0.90359002351760864,0.90903002023696899,0.90323001146316528,0.90384000539779663,0,2021-05-13T00:00:00.000000Z
2021-05-13T00:00:00.000000Z,0.90902000665664673,0.90922999382019043,0.90509998798370361,0.90859997272491455,0,2021-05-14T00:00:00.000000Z
2021-05-14T00:00:00.000000Z,0.90596002340316772,0.90632998943328857,0.90119999647140503,0.90593999624252319,0,2021-05-15T00:00:00.000000Z
2021-05-17T00:00:00.000000Z,0.90130001306533813,0.90280997753143311,0.9000999927520752,0.90119999647140503,0,2021-05-18T00:00:00.000000Z
2021-05-18T00:00:00.000000Z,0.90319997072219849,0.9034000039100647,0.89620000123977661,0.90333002805709839,0,2021-05-19T00:00:00.000000Z
2021-05-19T00:00:00.000000Z,0.89739000797271729,0.90289998054504395,0.89679998159408569,0.89743000268936157,0,2021-05-20T00:00:00.000000Z
2021-05-20T00:00:00.000000Z,0.90380001068115234,0.90446001291275024,0.89819997549057007,0.90407997369766235,0,2021-05-21T00:00:00.000000Z
2021-05-21T00:00:00.000000Z,0.89737999439239502,0.89982002973556519,0.8953700065612793,0.89730000495910645,0,2021-05-22T00:00:00.000000Z
2021-05-24T00:00:00.000000Z,0.89749997854232788,0.90000998973846436,0.89560002088546753,0.89740002155303955,0,2021-05-25T00:00:00.000000Z
2021-05-25T00:00:00.000000Z,0.8968999981880188,0.89706999063491821,0.89300000667572021,0.8970000147819519,0,2021-05-26T00:00:00.000000Z
2021-05-26T00:00:00.000000Z,0.89552998542785645,0.89819997549057007,0.89399999380111694,0.89560002088546753,0,2021-05-27T00:00:00.000000Z
2021-05-27T00:00:00.000000Z,0.89788997173309326,0.90081000328063965,0.89605998992919922,0.89772999286651611,0,2021-05-28T00:00:00.000000Z
2021-05-28T00:00:00.000000Z,0.8968999981880188,0.90290999412536621,0.8968999981880188,0.89705002307891846,0,2021-05-29T00:00:00.000000Z
2021-05-31T00:00:00.000000Z,0.90013998746871948,0.90114200115203857,0.89810001850128174,0.90011000633239746,0,2021-06-01T00:00:00.000000Z
2021-06-01T00:00:00.000000Z,0.89827001094818115,0.89976000785827637,0.89459997415542603,0.89840000867843628,0,2021-06-02T00:00:00.000000Z
2021-06-02T00:00:00.000000Z,0.89705997705459595,0.90231001377105713,0.89649999141693115,0.89697998762130737,0,2021-06-03T00:00:00.000000Z
2021-06-03T00:00:00.000000Z,0.89819997549057007,0.90514802932739258,0.89759999513626099,0.89819997549057007,0,2021-06-04T00:00:00.000000Z
2021-06-04T00:00:00.000000Z,0.9034000039100647,0.90530997514724731,0.89829999208450317,0.9035000205039978,0,2021-06-05T00:00:00.000000Z
2021-06-07T00:00:00.000000Z,0.89941000938415527,0.90095001459121704,0.89660000801086426,0.89910000562667847,0,2021-06-08T00:00:00.000000Z
2021-06-08T00:00:00.000000Z,0.89772999286651611,0.89876997470855713,0.89509999752044678,0.89749997854232788,0,2021-06-09T00:00:00.000000Z
2021-06-09T00:00:00.000000Z,0.89670002460479736,0.89706999063491821,0.89259999990463257,0.89679998159408569,0,2021-06-10T00:00:00.000000Z
2021-06-10T00:00:00.000000Z,0.89600002765655518,0.89893001317977905,0.89399999380111694,0.89560002088546753,0,2021-06-11T00:00:00.000000Z
2021-06-11T00:00:00.000000Z,0.89454001188278198,0.8999599814414978,0.89310002326965332,0.89464998245239258,0,2021-06-12T00:00:00.000000Z
2021-06-15T00:00:00.000000Z,0.89899998903274536,0.90064001083374023,0.89639997482299805,0.89910000562667847,0,2021-06-16T00:00:00.000000Z
2021-06-16T00:00:00.000000Z,0.89829999208450317,0.89999997615814209,0.89759999513626099,0.89850002527236938,0,2021-06-17T00:00:00.000000Z
2021-06-17T00:00:00.000000Z,0.90867000818252563,0.91763997077941895,0.90740001201629639,0.90852999687194824,0,2021-06-18T00:00:00.000000Z
2021-06-18T00:00:00.000000Z,0.9175800085067749,0.92312002182006836,0.91659998893737793,0.91764998435974121,0,2021-06-19T00:00:00.000000Z
2021-06-21T00:00:00.000000Z,0.92254000902175903,0.92357999086380005,0.91765999794006348,0.92249000072479248,0,2021-06-22T00:00:00.000000Z
2021-06-22T00:00:00.000000Z,0.91865998506546021,0.92116999626159668,0.91820001602172852,0.91864997148513794,0,2021-06-23T00:00:00.000000Z
2021-06-23T00:00:00.000000Z,0.91865998506546021,0.9199100136756897,0.91540002822875977,0.9185900092124939,0,2021-06-24T00:00:00.000000Z
2021-06-24T00:00:00.000000Z,0.9179999828338623,0.91993999481201172,0.91736000776290894,0.91811001300811768,0,2021-06-25T00:00:00.000000Z
2021-06-25T00:00:00.000000Z,0.91817998886108398,0.91817998886108398,0.91426002979278564,0.91812998056411743,0,2021-06-26T00:00:00.000000Z
2021-06-28T00:00:00.000000Z,0.91668999195098877,0.92132997512817383,0.91668999195098877,0.91668999195098877,0,2021-06-29T00:00:00.000000Z
2021-06-29T00:00:00.000000Z,0.91949999332427979,0.92316001653671265,0.91886997222900391,0.91961002349853516,0,2021-06-30T00:00:00.000000Z
2021-06-30T00:00:00.000000Z,0.92097997665405273,0.92570000886917114,0.92040002346038818,0.92089998722076416,0,2021-07-01T00:00:00.000000Z
2021-07-01T00:00:00.000000Z,0.92508000135421753,0.92698997259140015,0.92365998029708862,0.9249500036239624,0,2021-07-02T00:00:00.000000Z
2021-07-02T00:00:00.000000Z,0.92587000131607056,0.92733001708984375,0.92226999998092651,0.92589998245239258,0,2021-07-03T00:00:00.000000Z
2021-07-05T00:00:00.000000Z,0.92189997434616089,0.92316001653671265,0.92030000686645508,0.92159998416900635,0,2021-07-06T00:00:00.000000Z
2021-07-06T00:00:00.000000Z,0.92216002941131592,0.92479997873306274,0.91930001974105835,0.9221000075340271,0,2021-07-07T00:00:00.000000Z
2021-07-07T00:00:00.000000Z,0.92476999759674072,0.92659997940063477,0.92239999771118164,0.92466998100280762,0,2021-07-08T00:00:00.000000Z
2021-07-08T00:00:00.000000Z,0.92553997039794922,0.9260600209236145,0.91333001852035522,0.9254000186920166,0,2021-07-09T00:00:00.000000Z
2021-07-09T00:00:00.000000Z,0.9146999716758728,0.91741001605987549,0.91409999132156372,0.91474002599716187,0,2021-07-10T00:00:00.000000Z
2021-07-12T00:00:00.000000Z,0.91402000188827515,0.91699999570846558,0.9132000207901001,0.91404002904891968,0,2021-07-13T00:00:00.000000Z
2021-07-13T00:00:00.000000Z,0.91479998826980591,0.91992002725601196,0.91399997472763062,0.91501998901367188,0,2021-07-14T00:00:00.000000Z
2021-07-14T00:00:00.000000Z,0.91887998580932617,0.91984999179840088,0.91519999504089355,0.9187999963760376,0,2021-07-15T00:00:00.000000Z
2021-07-15T00:00:00.000000Z,0.91459000110626221,0.91873002052307129,0.91177701950073242,0.91469001770019531,0,2021-07-16T00:00:00.000000Z
2021-07-16T00:00:00.000000Z,0.91759997606277466,0.92018002271652222,0.91720002889633179,0.91780000925064087,0,2021-07-17T00:00:00.000000Z
2021-07-19T00:00:00.000000Z,0.91870999336242676,0.92206001281738281,0.91636002063751221,0.91852998733520508,0,2021-07-20T00:00:00.000000Z
2021-07-20T00:00:00.000000Z,0.918690025806427,0.92308998107910156,0.91732001304626465,0.91850000619888306,0,2021-07-21T00:00:00.000000Z
2021-07-21T00:00:00.000000Z,0.92122000455856323,0.92299002408981323,0.91743302345275879,0.9212300181388855,0,2021-07-22T00:00:00.000000Z
2021-07-22T00:00:00.000000Z,0.91750001907348633,0.9199100136756897,0.91547000408172607,0.91756999492645264,0,2021-07-23T00:00:00.000000Z
2021-07-23T00:00:00.000000Z,0.91907000541687012,0.9221000075340271,0.91839998960494995,0.91912001371383667,0,2021-07-24T00:00:00.000000Z
2021-07-26T00:00:00.000000Z,0.91949999332427979,0.92017000913619995,0.91530001163482666,0.91952997446060181,0,2021-07-27T00:00:00.000000Z
2021-07-27T00:00:00.000000Z,0.91553002595901489,0.91856002807617188,0.91325998306274414,0.91545999050140381,0,2021-07-28T00:00:00.000000Z
2021-07-28T00:00:00.000000Z,0.91413998603820801,0.9166799783706665,0.9132000207901001,0.91439998149871826,0,2021-07-29T00:00:00.000000Z
2021-07-29T00:00:00.000000Z,0.90960001945495605,0.91001999378204346,0.90530002117156982,0.90950000286102295,0,2021-07-30T00:00:00.000000Z
2021-07-30T00:00:00.000000Z,0.90568000078201294,0.90750002861022949,0.9038199782371521,0.90571999549865723,0,2021-07-31T00:00:00.000000Z
2021-08-02T00:00:00.000000Z,0.90600001811981201,0.90662997961044312,0.90363001823425293,0.90591001510620117,0,2021-08-03T00:00:00.000000Z
2021-08-03T00:00:00.000000Z,0.90526002645492554,0.90570002794265747,0.90219998359680176,0.90526998043060303,0,2021-08-04T00:00:00.000000Z
2021-08-04T00:00:00.000000Z,0.90359997749328613,0.90753000974655151,0.9018700122833252,0.9038199782371521,0,2021-08-05T00:00:00.000000Z
2021-08-05T00:00:00.000000Z,0.90657997131347656,0.90763002634048462,0.90509998798370361,0.90640002489089966,0,2021-08-06T00:00:00.000000Z
2021-08-06T00:00:00.000000Z,0.9066699743270874,0.91486001014709473,0.90649998188018799,0.90649998188018799,0,2021-08-07T00:00:00.000000Z
2021-08-09T00:00:00.000000Z,0.9154999852180481,0.91961002349853516,0.91446000337600708,0.9156000018119812,0,2021-08-10T00:00:00.000000Z
2021-08-10T00:00:00.000000Z,0.92070001363754272,0.92324000597000122,0.91920000314712524,0.92059999704360962,0,2021-08-11T00:00:00.000000Z
2021-08-11T00:00:00.000000Z,0.92287999391555786,0.92414999008178711,0.92049998044967651,0.92295998334884644,0,2021-08-12T00:00:00.000000Z
2021-08-12T00:00:00.000000Z,0.92146998643875122,0.92365002632141113,0.92089998722076416,0.92145997285842896,0,2021-08-13T00:00:00.000000Z
2021-08-13T00:00:00.000000Z,0.92308998107910156,0.92385697364807129,0.91579997539520264,0.92305999994277954,0,2021-08-14T00:00:00.000000Z
2021-08-16T00:00:00.000000Z,0.91519999504089355,0.91632997989654541,0.91092997789382935,0.91540002822875977,0,2021-08-17T00:00:00.000000Z
2021-08-17T00:00:00.000000Z,0.91250002384185791,0.91478997468948364,0.90979999303817749,0.91250002384185791,0,2021-08-18T00:00:00.000000Z
2021-08-18T00:00:00.000000Z,0.91487997770309448,0.91948997974395752,0.91259998083114624,0.91474997997283936,0,2021-08-19T00:00:00.000000Z
2021-08-19T00:00:00.000000Z,0.91740000247955322,0.92049002647399902,0.91449999809265137,0.91755998134613037,0,2021-08-20T00:00:00.000000Z
2021-08-23T00:00:00.000000Z,0.91706001758575439,0.91772001981735229,0.91268998384475708,0.91711997985839844,0,2021-08-24T00:00:00.000000Z
2021-08-24T00:00:00.000000Z,0.91218000650405884,0.91343998908996582,0.91100001335144043,0.9122999906539917,0,2021-08-25T00:00:00.000000Z
2021-08-25T00:00:00.000000Z,0.91307002305984497,0.91569000482559204,0.91258001327514648,0.91310000419616699,0,2021-08-26T00:00:00.000000Z
2021-08-26T00:00:00.000000Z,0.91367000341415405,0.9191100001335144,0.91329997777938843,0.91364002227783203,0,2021-08-27T00:00:00.000000Z
2021-08-27T00:00:00.000000Z,0.91790997982025146,0.91992002725601196,0.91193002462387085,0.91794002056121826,0,2021-08-28T00:00:00.000000Z
2021-08-30T00:00:00.000000Z,0.91128998994827271,0.91847002506256104,0.9100000262260437,0.91119998693466187,0,2021-08-31T00:00:00.000000Z
2021-08-31T00:00:00.000000Z,0.91711002588272095,0.91723001003265381,0.91119998693466187,0.91718000173568726,0,2021-09-01T00:00:00.000000Z
2021-09-01T00:00:00.000000Z,0.91540002822875977,0.91881000995635986,0.91390001773834229,0.91530001163482666,0,2021-09-02T00:00:00.000000Z
2021-09-02T00:00:00.000000Z,0.91543000936508179,0.91658997535705566,0.91390001773834229,0.91551697254180908,0,2021-09-03T00:00:00.000000Z
2021-09-03T00:00:00.000000Z,0.91439998149871826,0.91553997993469238,0.91140002012252808,0.9144899845123291,0,2021-09-04T00:00:00.000000Z
2021-09-06T00:00:00.000000Z,0.913798987865448,0.91676002740859985,0.91360002756118774,0.91383999586105347,0,2021-09-07T00:00:00.000000Z
2021-09-07T00:00:00.000000Z,0.91479998826980591,0.91885000467300415,0.9132000207901001,0.91487997770309448,0,2021-09-08T00:00:00.000000Z
2021-09-08T00:00:00.000000Z,0.9194599986076355,0.92339998483657837,0.91825997829437256,0.91944998502731323,0,2021-09-09T00:00:00.000000Z
2021-09-09T00:00:00.000000Z,0.92170000076293945,0.92229998111724854,0.91670000553131104,0.92184001207351685,0,2021-09-10T00:00:00.000000Z
2021-09-10T00:00:00.000000Z,0.91649997234344482,0.91832000017166138,0.91490000486373901,0.91650998592376709,0,2021-09-11T00:00:00.000000Z
2021-09-13T00:00:00.000000Z,0.9181399941444397,0.92401999235153198,0.9179999828338623,0.9181399941444397,0,2021-09-14T00:00:00.000000Z
2021-09-14T00:00:00.000000Z,0.92223000526428223,0.92273998260498047,0.91828000545501709,0.92199999094009399,0,2021-09-15T00:00:00.000000Z
2021-09-15T00:00:00.000000Z,0.92009001970291138,0.92041999101638794,0.91619998216629028,0.92008000612258911,0,2021-09-16T00:00:00.000000Z
2021-09-16T00:00:00.000000Z,0.9197700023651123,0.92697000503540039,0.91920000314712524,0.91970998048782349,0,2021-09-17T00:00:00.000000Z
2021-09-17T00:00:00.000000Z,0.92739999294281006,0.93168997764587402,0.92580002546310425,0.92735999822616577,0,2021-09-18T00:00:00.000000Z
2021-09-20T00:00:00.000000Z,0.9319000244140625,0.93320000171661377,0.92720001935958862,0.93203997611999512,0,2021-09-21T00:00:00.000000Z
2021-09-21T00:00:00.000000Z,0.92760002613067627,0.9282500147819519,0.92239999771118164,0.92767000198364258,0,2021-09-22T00:00:00.000000Z
2021-09-22T00:00:00.000000Z,0.92350000143051147,0.9248499870300293,0.92150002717971802,0.92350000143051147,0,2021-09-23T00:00:00.000000Z
2021-09-23T00:00:00.000000Z,0.92610001564025879,0.92726999521255493,0.9218900203704834,0.92629998922348022,0,2021-09-24T00:00:00.000000Z
2021-09-24T00:00:00.000000Z,0.9243999719619751,0.92599999904632568,0.92199999094009399,0.9244999885559082,0,2021-09-25T00:00:00.000000Z
2021-09-27T00:00:00.000000Z,0.9243999719619751,0.92893999814987183,0.92435002326965332,0.92447000741958618,0,2021-09-28T00:00:00.000000Z
2021-09-28T00:00:00.000000Z,0.92570000886917114,0.93006002902984619,0.9254000186920166,0.92558902502059937,0,2021-09-29T00:00:00.000000Z
2021-09-29T00:00:00.000000Z,0.92908000946044922,0.93380999565124512,0.92779999971389771,0.92915999889373779,0,2021-09-30T00:00:00.000000Z
2021-09-30T00:00:00.000000Z,0.93427997827529907,0.93681997060775757,0.93208998441696167,0.93424999713897705,0,2021-10-01T00:00:00.000000Z
2021-10-01T00:00:00.000000Z,0.93229997158050537,0.9336400032043457,0.92824000120162964,0.93247997760772705,0,2021-10-02T00:00:00.000000Z
2021-10-04T00:00:00.000000Z,0.92949998378753662,0.93093997240066528,0.92305999994277954,0.92957001924514771,0,2021-10-05T00:00:00.000000Z
2021-10-05T00:00:00.000000Z,0.92483997344970703,0.92866998910903931,0.9244999885559082,0.92496001720428467,0,2021-10-06T00:00:00.000000Z
2021-10-06T00:00:00.000000Z,0.92858999967575073,0.93067002296447754,0.92729997634887695,0.92839998006820679,0,2021-10-07T00:00:00.000000Z
2021-10-07T00:00:00.000000Z,0.92773997783660889,0.92836999893188477,0.92510002851486206,0.9276999831199646,0,2021-10-08T00:00:00.000000Z
2021-10-08T00:00:00.000000Z,0.92855000495910645,0.93050998449325562,0.9259600043296814,0.92839998006820679,0,2021-10-09T00:00:00.000000Z
2021-10-11T00:00:00.000000Z,0.92782002687454224,0.92869001626968384,0.92479997873306274,0.92785000801086426,0,2021-10-12T00:00:00.000000Z
2021-10-12T00:00:00.000000Z,0.92768001556396484,0.93076997995376587,0.92559999227523804,0.92755001783370972,0,2021-10-13T00:00:00.000000Z
2021-10-13T00:00:00.000000Z,0.93057000637054443,0.93070000410079956,0.9253000020980835,0.93045997619628906,0,2021-10-14T00:00:00.000000Z
2021-10-14T00:00:00.000000Z,0.92381000518798828,0.92435997724533081,0.91939997673034668,0.92379999160766602,0,2021-10-15T00:00:00.000000Z
2021-10-15T00:00:00.000000Z,0.92434000968933105,0.92620998620986938,0.92239999771118164,0.92436999082565308,0,2021-10-16T00:00:00.000000Z
2021-10-18T00:00:00.000000Z,0.92361998558044434,0.92703002691268921,0.92259997129440308,0.9235299825668335,0,2021-10-19T00:00:00.000000Z
2021-10-19T00:00:00.000000Z,0.92351001501083374,0.92351001501083374,0.91829997301101685,0.92327797412872314,0,2021-10-20T00:00:00.000000Z
2021-10-20T00:00:00.000000Z,0.92269998788833618,0.92517000436782837,0.91933000087738037,0.92299997806549072,0,2021-10-21T00:00:00.000000Z
2021-10-21T00:00:00.000000Z,0.91887998580932617,0.9205399751663208,0.91699999570846558,0.9187999963760376,0,2021-10-22T00:00:00.000000Z
2021-10-22T00:00:00.000000Z,0.91806000471115112,0.91847002506256104,0.91513997316360474,0.91811001300811768,0,2021-10-23T00:00:00.000000Z
2021-10-25T00:00:00.000000Z,0.91645002365112305,0.91997998952865601,0.91474699974060059,0.91655302047729492,0,2021-10-26T00:00:00.000000Z
2021-10-26T00:00:00.000000Z,0.919700026512146,0.92236000299453735,0.9187999963760376,0.91988998651504517,0,2021-10-27T00:00:00.000000Z
2021-10-27T00:00:00.000000Z,0.91970998048782349,0.9203299880027771,0.91629999876022339,0.91960000991821289,0,2021-10-28T00:00:00.000000Z
2021-10-28T00:00:00.000000Z,0.91811001300811768,0.91940999031066895,0.91170001029968262,0.9179999828338623,0,2021-10-29T00:00:00.000000Z
2021-10-29T00:00:00.000000Z,0.91168999671936035,0.91756999492645264,0.91022002696990967,0.91153997182846069,0,2021-10-30T00:00:00.000000Z
2021-11-01T00:00:00.000000Z,0.91597998142242432,0.91711002588272095,0.91030001640319824,0.91614001989364624,0,2021-11-02T00:00:00.000000Z
2021-11-02T00:00:00.000000Z,0.9092400074005127,0.91490000486373901,0.90890002250671387,0.9093400239944458,0,2021-11-03T00:00:00.000000Z
2021-11-03T00:00:00.000000Z,0.91477000713348389,0.91505002975463867,0.91039997339248657,0.91460001468658447,0,2021-11-04T00:00:00.000000Z
2021-11-04T00:00:00.000000Z,0.9112200140953064,0.91439998149871826,0.91100001335144043,0.91131001710891724,0,2021-11-05T00:00:00.000000Z
2021-11-05T00:00:00.000000Z,0.9124000072479248,0.91720002889633179,0.91200000047683716,0.91267997026443481,0,2021-11-06T00:00:00.000000Z
2021-11-08T00:00:00.000000Z,0.91197001934051514,0.91548001766204834,0.91191500425338745,0.91197001934051514,0,2021-11-09T00:00:00.000000Z
2021-11-09T00:00:00.000000Z,0.91333001852035522,0.91526997089385986,0.91140002012252808,0.91328001022338867,0,2021-11-10T00:00:00.000000Z
2021-11-10T00:00:00.000000Z,0.91100001335144043,0.91680002212524414,0.91062301397323608,0.91070002317428589,0,2021-11-11T00:00:00.000000Z
2021-11-11T00:00:00.000000Z,0.9180300235748291,0.92233002185821533,0.91780000925064087,0.91781997680664062,0,2021-11-12T00:00:00.000000Z
2021-11-12T00:00:00.000000Z,0.92129999399185181,0.92360997200012207,0.92000001668930054,0.92120999097824097,0,2021-11-13T00:00:00.000000Z
2021-11-15T00:00:00.000000Z,0.92110997438430786,0.92242002487182617,0.91850000619888306,0.92110002040863037,0,2021-11-16T00:00:00.000000Z
2021-11-16T00:00:00.000000Z,0.92528998851776123,0.92979997396469116,0.92350000143051147,0.92535001039505005,0,2021-11-17T00:00:00.000000Z
2021-11-17T00:00:00.000000Z,0.93049997091293335,0.93286001682281494,0.92830002307891846,0.93031001091003418,0,2021-11-18T00:00:00.000000Z
2021-11-18T00:00:00.000000Z,0.92862999439239502,0.92910999059677124,0.92545998096466064,0.92852997779846191,0,2021-11-19T00:00:00.000000Z
2021-11-19T00:00:00.000000Z,0.92559999227523804,0.92877000570297241,0.92502999305725098,0.92559999227523804,0,2021-11-20T00:00:00.000000Z
2021-11-22T00:00:00.000000Z,0.92930001020431519,0.93169999122619629,0.92659997940063477,0.92930001020431519,0,2021-11-23T00:00:00.000000Z
2021-11-23T00:00:00.000000Z,0.93250000476837158,0.93417000770568848,0.93014997243881226,0.93229997158050537,0,2021-11-24T00:00:00.000000Z
2021-11-24T00:00:00.000000Z,0.93344998359680176,0.93717002868652344,0.93279999494552612,0.93339002132415771,0,2021-11-25T00:00:00.000000Z
2021-11-25T00:00:00.000000Z,0.93405002355575562,0.93586999177932739,0.93229997158050537,0.93379998207092285,0,2021-11-26T00:00:00.000000Z
2021-11-26T00:00:00.000000Z,0.93539702892303467,0.93540000915527344,0.92169797420501709,0.93528002500534058,0,2021-11-27T00:00:00.000000Z
2021-11-29T00:00:00.000000Z,0.92447000741958618,0.92710000276565552,0.92344999313354492,0.92431998252868652,0,2021-11-30T00:00:00.000000Z
2021-11-30T00:00:00.000000Z,0.92281997203826904,0.92593997716903687,0.91575002670288086,0.9228699803352356,0,2021-12-01T00:00:00.000000Z
2021-12-01T00:00:00.000000Z,0.91948997974395752,0.92167997360229492,0.91689997911453247,0.91949999332427979,0,2021-12-02T00:00:00.000000Z
2021-12-02T00:00:00.000000Z,0.92030000686645508,0.92203998565673828,0.91769999265670776,0.92059999704360962,0,2021-12-03T00:00:00.000000Z
2021-12-03T00:00:00.000000Z,0.91988998651504517,0.92167997360229492,0.91705000400543213,0.91979998350143433,0,2021-12-04T00:00:00.000000Z
2021-12-07T00:00:00.000000Z,0.9254000186920166,0.9272800087928772,0.92308002710342407,0.92549997568130493,0,2021-12-08T00:00:00.000000Z
2021-12-08T00:00:00.000000Z,0.92445999383926392,0.92523002624511719,0.92141997814178467,0.9243999719619751,0,2021-12-09T00:00:00.000000Z
2021-12-09T00:00:00.000000Z,0.92023998498916626,0.92634999752044678,0.91979998350143433,0.92000001668930054,0,2021-12-10T00:00:00.000000Z
2021-12-10T00:00:00.000000Z,0.92372000217437744,0.92531001567840576,0.91983997821807861,0.92378997802734375,0,2021-12-11T00:00:00.000000Z
2021-12-13T00:00:00.000000Z,0.92123997211456299,0.9256100058555603,0.92100000381469727,0.92106997966766357,0,2021-12-14T00:00:00.000000Z
2021-12-14T00:00:00.000000Z,0.92241001129150391,0.92426997423171997,0.91860002279281616,0.92237997055053711,0,2021-12-15T00:00:00.000000Z
2021-12-15T00:00:00.000000Z,0.92414999008178711,0.92697000503540039,0.92320001125335693,0.92400002479553223,0,2021-12-16T00:00:00.000000Z
2021-12-16T00:00:00.000000Z,0.92447000741958618,0.92557001113891602,0.91986000537872314,0.92444002628326416,0,2021-12-17T00:00:00.000000Z
2021-12-17T00:00:00.000000Z,0.91899001598358154,0.92302000522613525,0.91729998588562012,0.91883999109268188,0,2021-12-18T00:00:00.000000Z
2021-12-20T00:00:00.000000Z,0.9233899712562561,0.92500001192092896,0.91920000314712524,0.92329001426696777,0,2021-12-21T00:00:00.000000Z
2021-12-21T00:00:00.000000Z,0.92170000076293945,0.92510998249053955,0.91939997673034668,0.92172002792358398,0,2021-12-22T00:00:00.000000Z
2021-12-22T00:00:00.000000Z,0.92312002182006836,0.92520999908447266,0.91960000991821289,0.92302000522613525,0,2021-12-23T00:00:00.000000Z
2021-12-23T00:00:00.000000Z,0.91939997673034668,0.92181998491287231,0.9179999828338623,0.91943997144699097,0,2021-12-24T00:00:00.000000Z
2021-12-24T00:00:00.000000Z,0.91869997978210449,0.91960000991821289,0.91679000854492188,0.91860002279281616,0,2021-12-25T00:00:00.000000Z
2021-12-27T00:00:00.000000Z,0.91877400875091553,0.91992998123168945,0.91710001230239868,0.91878098249435425,0,2021-12-28T00:00:00.000000Z
2021-12-28T00:00:00.000000Z,0.91698998212814331,0.91887998580932617,0.91579997539520264,0.91715997457504272,0,2021-12-29T00:00:00.000000Z
2021-12-29T00:00:00.000000Z,0.91689997911453247,0.91992002725601196,0.91264998912811279,0.91689997911453247,0,2021-12-30T00:00:00.000000Z
2021-12-30T00:00:00.000000Z,0.91390001773834229,0.91803997755050659,0.91299998760223389,0.91360002756118774,0,2021-12-31T00:00:00.000000Z
2021-12-31T00:00:00.000000Z,0.91390001773834229,0.91474002599716187,0.91047000885009766,0.91369998455047607,0,2022-01-01T00:00:00.000000Z
2022-01-03T00:00:00.000000Z,0.91202998161315918,0.9199100136756897,0.91149997711181641,0.91197502613067627,0,2022-01-04T00:00:00.000000Z
2022-01-04T00:00:00.000000Z,0.91829997301101685,0.91918998956680298,0.91364997625350952,0.91833001375198364,0,2022-01-05T00:00:00.000000Z
2022-01-05T00:00:00.000000Z,0.91600000858306885,0.91676998138427734,0.91409999132156372,0.91620999574661255,0,2022-01-06T00:00:00.000000Z
2022-01-06T00:00:00.000000Z,0.9174799919128418,0.92000001668930054,0.91670000553131104,0.91738998889923096,0,2022-01-07T00:00:00.000000Z
2022-01-07T00:00:00.000000Z,0.92137002944946289,0.92309999465942383,0.91899001598358154,0.92140001058578491,0,2022-01-08T00:00:00.000000Z
2022-01-10T00:00:00.000000Z,0.91888999938964844,0.92660999298095703,0.91850000619888306,0.91883999109268188,0,2022-01-11T00:00:00.000000Z
2022-01-11T00:00:00.000000Z,0.92711997032165527,0.92773997783660889,0.92330002784729004,0.92720001935958862,0,2022-01-12T00:00:00.000000Z
2022-01-12T00:00:00.000000Z,0.92320001125335693,0.92439001798629761,0.9132000207901001,0.92350000143051147,0,2022-01-13T00:00:00.000000Z
2022-01-13T00:00:00.000000Z,0.91414999961853027,0.91475999355316162,0.90920001268386841,0.91413998603820801,0,2022-01-14T00:00:00.000000Z
2022-01-14T00:00:00.000000Z,0.91089999675750732,0.91355997323989868,0.90938001871109009,0.91104000806808472,0,2022-01-15T00:00:00.000000Z
2022-01-17T00:00:00.000000Z,0.91444998979568481,0.91576999425888062,0.91219997406005859,0.91449201107025146,0,2022-01-18T00:00:00.000000Z
2022-01-18T00:00:00.000000Z,0.91398000717163086,0.91706001758575439,0.91289997100830078,0.91390997171401978,0,2022-01-19T00:00:00.000000Z
2022-01-19T00:00:00.000000Z,0.91708999872207642,0.91762000322341919,0.91447001695632935,0.91706997156143188,0,2022-01-20T00:00:00.000000Z
2022-01-20T00:00:00.000000Z,0.91540002822875977,0.91602998971939087,0.91380000114440918,0.9156000018119812,0,2022-01-21T00:00:00.000000Z
2022-01-21T00:00:00.000000Z,0.91659998893737793,0.91714000701904297,0.91083997488021851,0.91684001684188843,0,2022-01-22T00:00:00.000000Z
2022-01-24T00:00:00.000000Z,0.91246002912521362,0.9158099889755249,0.91079998016357422,0.91263997554779053,0,2022-01-25T00:00:00.000000Z
2022-01-25T00:00:00.000000Z,0.91402000188827515,0.92027997970581055,0.91402000188827515,0.91408997774124146,0,2022-01-26T00:00:00.000000Z
2022-01-26T00:00:00.000000Z,0.91776001453399658,0.9215400218963623,0.91689997911453247,0.91774600744247437,0,2022-01-27T00:00:00.000000Z
2022-01-27T00:00:00.000000Z,0.92400002479553223,0.93375998735427856,0.92369997501373291,0.92394900321960449,0,2022-01-28T00:00:00.000000Z
2022-01-28T00:00:00.000000Z,0.93084001541137695,0.9328799843788147,0.92919999361038208,0.93086999654769897,0,2022-01-29T00:00:00.000000Z
2022-01-31T00:00:00.000000Z,0.93130999803543091,0.93423002958297729,0.92940002679824829,0.93112999200820923,0,2022-02-01T00:00:00.000000Z
2022-02-01T00:00:00.000000Z,0.92721998691558838,0.92769002914428711,0.92040002346038818,0.92707997560501099,0,2022-02-02T00:00:00.000000Z
2022-02-02T00:00:00.000000Z,0.92093002796173096,0.92216998338699341,0.91795998811721802,0.92093998193740845,0,2022-02-03T00:00:00.000000Z
2022-02-03T00:00:00.000000Z,0.9190099835395813,0.92334002256393433,0.91781002283096313,0.91895997524261475,0,2022-02-04T00:00:00.000000Z
2022-02-04T00:00:00.000000Z,0.92040002346038818,0.92583000659942627,0.91909998655319214,0.92036998271942139,0,2022-02-05T00:00:00.000000Z
2022-02-07T00:00:00.000000Z,0.92527997493743896,0.92619997262954712,0.92199999094009399,0.92511999607086182,0,2022-02-08T00:00:00.000000Z
2022-02-08T00:00:00.000000Z,0.9231799840927124,0.92619997262954712,0.92259001731872559,0.92304998636245728,0,2022-02-09T00:00:00.000000Z
2022-02-09T00:00:00.000000Z,0.92497998476028442,0.9254000186920166,0.92220002412796021,0.92500001192092896,0,2022-02-10T00:00:00.000000Z
2022-02-10T00:00:00.000000Z,0.92427998781204224,0.92956000566482544,0.92259997129440308,0.92422002553939819,0,2022-02-11T00:00:00.000000Z
2022-02-11T00:00:00.000000Z,0.92584002017974854,0.92856001853942871,0.92470002174377441,0.92565000057220459,0,2022-02-12T00:00:00.000000Z
2022-02-14T00:00:00.000000Z,0.92474997043609619,0.92699998617172241,0.92382001876831055,0.92471998929977417,0,2022-02-15T00:00:00.000000Z
2022-02-15T00:00:00.000000Z,0.92451000213623047,0.92719000577926636,0.92268997430801392,0.92451000213623047,0,2022-02-16T00:00:00.000000Z
2022-02-16T00:00:00.000000Z,0.92549002170562744,0.9260600209236145,0.92180001735687256,0.92544001340866089,0,2022-02-17T00:00:00.000000Z
2022-02-17T00:00:00.000000Z,0.92170000076293945,0.92277002334594727,0.9189000129699707,0.92159998416900635,0,2022-02-18T00:00:00.000000Z
2022-02-18T00:00:00.000000Z,0.91979998350143433,0.92167997360229492,0.9192500114440918,0.91960000991821289,0,2022-02-19T00:00:00.000000Z
2022-02-21T00:00:00.000000Z,0.92084598541259766,0.92154997587203979,0.91490000486373901,0.92089998722076416,0,2022-02-22T00:00:00.000000Z
2022-02-22T00:00:00.000000Z,0.91576999425888062,0.92277002334594727,0.91517001390457153,0.9157099723815918,0,2022-02-23T00:00:00.000000Z
2022-02-23T00:00:00.000000Z,0.92146998643875122,0.92181998491287231,0.91680002212524414,0.92155998945236206,0,2022-02-24T00:00:00.000000Z
2022-02-24T00:00:00.000000Z,0.91753000020980835,0.92871999740600586,0.91720002889633179,0.91742002964019775,0,2022-02-25T00:00:00.000000Z
2022-02-25T00:00:00.000000Z,0.92570000886917114,0.92818999290466309,0.92269998788833618,0.92584002017974854,0,2022-02-26T00:00:00.000000Z
2022-02-28T00:00:00.000000Z,0.92681998014450073,0.92761999368667603,0.91725999116897583,0.926596999168396,0,2022-03-01T00:00:00.000000Z
2022-03-01T00:00:00.000000Z,0.91755998134613037,0.92021000385284424,0.91500002145767212,0.91750001907348633,0,2022-03-02T00:00:00.000000Z
2022-03-02T00:00:00.000000Z,0.91839998960494995,0.92392998933792114,0.91664999723434448,0.91856002807617188,0,2022-03-03T00:00:00.000000Z
2022-03-03T00:00:00.000000Z,0.92058998346328735,0.92154997587203979,0.91802000999450684,0.92052000761032104,0,2022-03-04T00:00:00.000000Z
2022-03-04T00:00:00.000000Z,0.91769999265670776,0.92094999551773071,0.91667002439498901,0.91790002584457397,0,2022-03-05T00:00:00.000000Z
2022-03-07T00:00:00.000000Z,0.92024999856948853,0.92707997560501099,0.91939997673034668,0.92015999555587769,0,2022-03-08T00:00:00.000000Z
2022-03-08T00:00:00.000000Z,0.9253000020980835,0.93048000335693359,0.92488998174667358,0.92545002698898315,0,2022-03-09T00:00:00.000000Z
2022-03-09T00:00:00.000000Z,0.92949998378753662,0.92979997396469116,0.92514997720718384,0.92956000566482544,0,2022-03-10T00:00:00.000000Z
2022-03-10T00:00:00.000000Z,0.92650997638702393,0.93076997995376587,0.92542999982833862,0.92649000883102417,0,2022-03-11T00:00:00.000000Z
2022-03-11T00:00:00.000000Z,0.92935001850128174,0.93356001377105713,0.92897200584411621,0.92937999963760376,0,2022-03-12T00:00:00.000000Z
2022-03-14T00:00:00.000000Z,0.93476998805999756,0.93624997138977051,0.93229001760482788,0.93476998805999756,0,2022-03-15T00:00:00.000000Z
2022-03-15T00:00:00.000000Z,0.9382699728012085,0.94172000885009766,0.93725001811981201,0.93830001354217529,0,2022-03-16T00:00:00.000000Z
2022-03-16T00:00:00.000000Z,0.94081997871398926,0.94249999523162842,0.93900001049041748,0.94077998399734497,0,2022-03-17T00:00:00.000000Z
2022-03-17T00:00:00.000000Z,0.94151997566223145,0.94172000885009766,0.93500000238418579,0.94155997037887573,0,2022-03-18T00:00:00.000000Z
2022-03-18T00:00:00.000000Z,0.93599998950958252,0.93805998563766479,0.93336999416351318,0.93602001667022705,0,2022-03-19T00:00:00.000000Z
2022-03-21T00:00:00.000000Z,0.93295997381210327,0.9350699782371521,0.92939001321792603,0.93292999267578125,0,2022-03-22T00:00:00.000000Z
2022-03-22T00:00:00.000000Z,0.93397998809814453,0.93748998641967773,0.93140000104904175,0.93387997150421143,0,2022-03-23T00:00:00.000000Z
2022-03-23T00:00:00.000000Z,0.93329000473022461,0.93563002347946167,0.93129998445510864,0.93340998888015747,0,2022-03-24T00:00:00.000000Z
2022-03-24T00:00:00.000000Z,0.93073999881744385,0.9341999888420105,0.93016999959945679,0.93071997165679932,0,2022-03-25T00:00:00.000000Z
2022-03-25T00:00:00.000000Z,0.92945998907089233,0.93083000183105469,0.92606997489929199,0.92948997020721436,0,2022-03-26T00:00:00.000000Z
2022-03-28T00:00:00.000000Z,0.93127000331878662,0.93800997734069824,0.93080002069473267,0.93127000331878662,0,2022-03-29T00:00:00.000000Z
2022-03-29T00:00:00.000000Z,0.93366998434066772,0.93737000226974487,0.92979997396469116,0.93366998434066772,0,2022-03-30T00:00:00.000000Z
2022-03-30T00:00:00.000000Z,0.93115001916885376,0.93120002746582031,0.92203998565673828,0.93115001916885376,0,2022-03-31T00:00:00.000000Z
2022-03-31T00:00:00.000000Z,0.9229699969291687,0.92580997943878174,0.91960000991821289,0.9229699969291687,0,2022-04-01T00:00:00.000000Z
2022-04-01T00:00:00.000000Z,0.92318999767303467,0.92782998085021973,0.92206001281738281,0.92318999767303467,0,2022-04-02T00:00:00.000000Z
2022-04-04T00:00:00.000000Z,0.92589998245239258,0.92803001403808594,0.92448002099990845,0.92589998245239258,0,2022-04-05T00:00:00.000000Z
2022-04-05T00:00:00.000000Z,0.92619997262954712,0.92939001321792603,0.92396998405456543,0.92619997262954712,0,2022-04-06T00:00:00.000000Z
2022-04-06T00:00:00.000000Z,0.92960000038146973,0.93493998050689697,0.92950999736785889,0.92960000038146973,0,2022-04-07T00:00:00.000000Z
2022-04-07T00:00:00.000000Z,0.93304997682571411,0.93466001749038696,0.93159997463226318,0.93304997682571411,0,2022-04-08T00:00:00.000000Z
2022-04-08T00:00:00.000000Z,0.93448001146316528,0.9372900128364563,0.93320000171661377,0.93448001146316528,0,2022-04-09T00:00:00.000000Z
2022-04-11T00:00:00.000000Z,0.93423998355865479,0.93712002038955688,0.93040001392364502,0.93423998355865479,0,2022-04-12T00:00:00.000000Z
2022-04-12T00:00:00.000000Z,0.93129998445510864,0.93440002202987671,0.92871999740600586,0.93129998445510864,0,2022-04-13T00:00:00.000000Z
2022-04-13T00:00:00.000000Z,0.93264001607894897,0.93553000688552856,0.93120002746582031,0.93264001607894897,0,2022-04-14T00:00:00.000000Z
2022-04-14T00:00:00.000000Z,0.9338499903678894,0.94327998161315918,0.93239998817443848,0.9338499903678894,0,2022-04-15T00:00:00.000000Z
2022-04-15T00:00:00.000000Z,0.94291001558303833,0.94416999816894531,0.94116002321243286,0.94291001558303833,0,2022-04-16T00:00:00.000000Z
2022-04-18T00:00:00.000000Z,0.94234001636505127,0.94481998682022095,0.94199997186660767,0.94234001636505127,0,2022-04-19T00:00:00.000000Z
2022-04-19T00:00:00.000000Z,0.94459998607635498,0.94968998432159424,0.9435499906539917,0.94459998607635498,0,2022-04-20T00:00:00.000000Z
2022-04-20T00:00:00.000000Z,0.95205998420715332,0.95354998111724854,0.94572997093200684,0.95205998420715332,0,2022-04-21T00:00:00.000000Z
2022-04-21T00:00:00.000000Z,0.94900000095367432,0.95384001731872559,0.94603997468948364,0.94900000095367432,0,2022-04-22T00:00:00.000000Z
2022-04-22T00:00:00.000000Z,0.95370000600814819,0.9589499831199646,0.95277601480484009,0.95370000600814819,0,2022-04-23T00:00:00.000000Z
2022-04-25T00:00:00.000000Z,0.95560002326965332,0.95965999364852905,0.95469999313354492,0.95560002326965332,0,2022-04-26T00:00:00.000000Z
2022-04-26T00:00:00.000000Z,0.9582899808883667,0.96116000413894653,0.95639997720718384,0.9582899808883667,0,2022-04-27T00:00:00.000000Z
2022-04-27T00:00:00.000000Z,0.96223002672195435,0.97004002332687378,0.96149998903274536,0.96223002672195435,0,2022-04-28T00:00:00.000000Z
2022-04-28T00:00:00.000000Z,0.96867001056671143,0.97580999135971069,0.96828001737594604,0.96867001056671143,0,2022-04-29T00:00:00.000000Z
2022-04-29T00:00:00.000000Z,0.97170001268386841,0.97338998317718506,0.96723997592926025,0.97170001268386841,0,2022-04-30T00:00:00.000000Z
2022-05-02T00:00:00.000000Z,0.9741700291633606,0.97839999198913574,0.97148001194000244,0.9741700291633606,0,2022-05-03T00:00:00.000000Z
2022-05-03T00:00:00.000000Z,0.97784000635147095,0.97929000854492188,0.97201997041702271,0.97784000635147095,0,2022-05-04T00:00:00.000000Z
2022-05-04T00:00:00.000000Z,0.9787600040435791,0.98387998342514038,0.97820001840591431,0.9787600040435791,0,2022-05-05T00:00:00.000000Z
2022-05-05T00:00:00.000000Z,0.97319000959396362,0.98777997493743896,0.97100001573562622,0.97319000959396362,0,2022-05-06T00:00:00.000000Z
2022-05-06T00:00:00.000000Z,0.98519998788833618,0.98859000205993652,0.98272997140884399,0.98519998788833618,0,2022-05-07T00:00:00.000000Z
2022-05-09T00:00:00.000000Z,0.989329993724823,0.99643999338150024,0.98901998996734619,0.989329993724823,0,2022-05-10T00:00:00.000000Z
2022-05-10T00:00:00.000000Z,0.99269998073577881,0.99743002653121948,0.99067002534866333,0.99269998073577881,0,2022-05-11T00:00:00.000000Z
2022-05-11T00:00:00.000000Z,0.99570000171661377,0.9962800145149231,0.98721998929977417,0.99570000171661377,0,2022-05-12T00:00:00.000000Z
2022-05-12T00:00:00.000000Z,0.99445998668670654,1.0004199743270874,0.99325001239776611,0.99445998668670654,0,2022-05-13T00:00:00.000000Z
2022-05-13T00:00:00.000000Z,1.0030499696731567,1.0044900178909302,0.99919998645782471,1.0030499696731567,0,2022-05-14T00:00:00.000000Z
2022-05-16T00:00:00.000000Z,1.0022300481796265,1.0063300132751465,1.0002599954605103,1.0022300481796265,0,2022-05-17T00:00:00.000000Z
2022-05-17T00:00:00.000000Z,1.0017199516296387,1.002310037612915,0.99169999361038208,1.0017199516296387,0,2022-05-18T00:00:00.000000Z
2022-05-18T00:00:00.000000Z,0.99379998445510864,0.99832999706268311,0.98773002624511719,0.99379998445510864,0,2022-05-19T00:00:00.000000Z
2022-05-19T00:00:00.000000Z,0.9871399998664856,0.98742997646331787,0.97102999687194824,0.9871399998664856,0,2022-05-20T00:00:00.000000Z
2022-05-20T00:00:00.000000Z,0.97218000888824463,0.97573000192642212,0.96946001052856445,0.97218000888824463,0,2022-05-21T00:00:00.000000Z
2022-05-24T00:00:00.000000Z,0.96595001220703125,0.96693998575210571,0.95746999979019165,0.96595001220703125,0,2022-05-25T00:00:00.000000Z
2022-05-25T00:00:00.000000Z,0.96020001173019409,0.96417999267578125,0.9601600170135498,0.96020001173019409,0,2022-05-26T00:00:00.000000Z
2022-05-26T00:00:00.000000Z,0.96153002977371216,0.96322000026702881,0.95827001333236694,0.96153002977371216,0,2022-05-27T00:00:00.000000Z
2022-05-27T00:00:00.000000Z,0.95855998992919922,0.9601600170135498,0.95440000295639038,0.95855998992919922,0,2022-05-28T00:00:00.000000Z
2022-05-30T00:00:00.000000Z,0.95784997940063477,0.96052002906799316,0.95535999536514282,0.95784997940063477,0,2022-05-31T00:00:00.000000Z
2022-05-31T00:00:00.000000Z,0.95823001861572266,0.96180999279022217,0.95683002471923828,0.95823001861572266,0,2022-06-01T00:00:00.000000Z
2022-06-01T00:00:00.000000Z,0.95951998233795166,0.96564000844955444,0.95897001028060913,0.95951998233795166,0,2022-06-02T00:00:00.000000Z
2022-06-02T00:00:00.000000Z,0.96310001611709595,0.96354997158050537,0.95770001411437988,0.96310001611709595,0,2022-06-03T00:00:00.000000Z
2022-06-03T00:00:00.000000Z,0.95744001865386963,0.96401000022888184,0.95560002326965332,0.95744001865386963,0,2022-06-04T00:00:00.000000Z
2022-06-06T00:00:00.000000Z,0.96226000785827637,0.96929997205734253,0.9603000283241272,0.96226000785827637,0,2022-06-07T00:00:00.000000Z
2022-06-07T00:00:00.000000Z,0.97130000591278076,0.97781997919082642,0.97055000066757202,0.97130000591278076,0,2022-06-08T00:00:00.000000Z
2022-06-08T00:00:00.000000Z,0.97348999977111816,0.97885000705718994,0.97314000129699707,0.97348999977111816,0,2022-06-09T00:00:00.000000Z
2022-06-09T00:00:00.000000Z,0.97883999347686768,0.98006999492645264,0.9725000262260437,0.97883999347686768,0,2022-06-10T00:00:00.000000Z
2022-06-10T00:00:00.000000Z,0.98040002584457397,0.98975998163223267,0.97658997774124146,0.98040002584457397,0,2022-06-11T00:00:00.000000Z
2022-06-13T00:00:00.000000Z,0.98944997787475586,0.99765998125076294,0.98809999227523804,0.98944997787475586,0,2022-06-14T00:00:00.000000Z
2022-06-14T00:00:00.000000Z,0.99666500091552734,1.0026899576187134,0.98750001192092896,0.99666500091552734,0,2022-06-15T00:00:00.000000Z
2022-06-15T00:00:00.000000Z,0.99949997663497925,1.0023000240325928,0.99617999792098999,0.99949997663497925,0,2022-06-16T00:00:00.000000Z
2022-06-16T00:00:00.000000Z,0.99462002515792847,0.99875998497009277,0.96622997522354126,0.99462002515792847,0,2022-06-17T00:00:00.000000Z
2022-06-17T00:00:00.000000Z,0.96674001216888428,0.97299998998641968,0.96198999881744385,0.96674001216888428,0,2022-06-18T00:00:00.000000Z
2022-06-20T00:00:00.000000Z,0.96956002712249756,0.97030001878738403,0.96230000257492065,0.96956002712249756,0,2022-06-21T00:00:00.000000Z
2022-06-21T00:00:00.000000Z,0.96710002422332764,0.96818000078201294,0.9632599949836731,0.96710002422332764,0,2022-06-22T00:00:00.000000Z
2022-06-22T00:00:00.000000Z,0.96601998805999756,0.96891999244689941,0.9583200216293335,0.96601998805999756,0,2022-06-23T00:00:00.000000Z
2022-06-23T00:00:00.000000Z,0.96174997091293335,0.96779000759124756,0.95719999074935913,0.96174997091293335,0,2022-06-24T00:00:00.000000Z
2022-06-24T00:00:00.000000Z,0.96135997772216797,0.96305000782012939,0.95217001438140869,0.96135997772216797,0,2022-06-25T00:00:00.000000Z
2022-06-27T00:00:00.000000Z,0.95728999376296997,0.96188002824783325,0.95428997278213501,0.95728999376296997,0,2022-06-28T00:00:00.000000Z
2022-06-28T00:00:00.000000Z,0.95616000890731812,0.95854002237319946,0.95366001129150391,0.95616000890731812,0,2022-06-29T00:00:00.000000Z
2022-06-29T00:00:00.000000Z,0.95669001340866089,0.95770001411437988,0.94975000619888306,0.95669001340866089,0,2022-06-30T00:00:00.000000Z
2022-06-30T00:00:00.000000Z,0.95418000221252441,0.96037000417709351,0.95310002565383911,0.95418000221252441,0,2022-07-01T00:00:00.000000Z
2022-07-01T00:00:00.000000Z,0.9550899863243103,0.96408998966217041,0.95459997653961182,0.9550899863243103,0,2022-07-02T00:00:00.000000Z
2022-07-04T00:00:00.000000Z,0.95840001106262207,0.96167999505996704,0.95727998018264771,0.95840001106262207,0,2022-07-05T00:00:00.000000Z
2022-07-05T00:00:00.000000Z,0.9608299732208252,0.97026002407073975,0.9592900276184082,0.9608299732208252,0,2022-07-06T00:00:00.000000Z
2022-07-06T00:00:00.000000Z,0.96849799156188965,0.97408002614974976,0.96710002422332764,0.96849799156188965,0,2022-07-07T00:00:00.000000Z
2022-07-07T00:00:00.000000Z,0.97020000219345093,0.97396999597549438,0.96818000078201294,0.97020000219345093,0,2022-07-08T00:00:00.000000Z
2022-07-08T00:00:00.000000Z,0.97380000352859497,0.97964000701904297,0.97200000286102295,0.97380000352859497,0,2022-07-09T00:00:00.000000Z
2022-07-11T00:00:00.000000Z,0.97772997617721558,0.98421001434326172,0.97763001918792725,0.97772997617721558,0,2022-07-12T00:00:00.000000Z
2022-07-12T00:00:00.000000Z,0.98273998498916626,0.98578000068664551,0.98040002584457397,0.98273998498916626,0,2022-07-13T00:00:00.000000Z
2022-07-13T00:00:00.000000Z,0.98186999559402466,0.98291999101638794,0.97588998079299927,0.98186999559402466,0,2022-07-14T00:00:00.000000Z
2022-07-14T00:00:00.000000Z,0.98079997301101685,0.98833000659942627,0.98062998056411743,0.98079997301101685,0,2022-07-15T00:00:00.000000Z
2022-07-15T00:00:00.000000Z,0.98299998044967651,0.98387002944946289,0.97707998752593994,0.98299998044967651,0,2022-07-16T00:00:00.000000Z
2022-07-18T00:00:00.000000Z,0.97560000419616699,0.97877001762390137,0.97311002016067505,0.97560000419616699,0,2022-07-19T00:00:00.000000Z
2022-07-19T00:00:00.000000Z,0.97750002145767212,0.97857999801635742,0.96549999713897705,0.97750002145767212,0,2022-07-20T00:00:00.000000Z
2022-07-20T00:00:00.000000Z,0.96880000829696655,0.972819983959198,0.96759998798370361,0.96880000829696655,0,2022-07-21T00:00:00.000000Z
2022-07-21T00:00:00.000000Z,0.97146999835968018,0.97381001710891724,0.96698999404907227,0.97146999835968018,0,2022-07-22T00:00:00.000000Z
2022-07-22T00:00:00.000000Z,0.96619999408721924,0.97016000747680664,0.95995998382568359,0.96619999408721924,0,2022-07-23T00:00:00.000000Z
2022-07-25T00:00:00.000000Z,0.96299999952316284,0.96592998504638672,0.96189999580383301,0.96299999952316284,0,2022-07-26T00:00:00.000000Z
2022-07-26T00:00:00.000000Z,0.96429002285003662,0.96663999557495117,0.9615899920463562,0.96429002285003662,0,2022-07-27T00:00:00.000000Z
2022-07-27T00:00:00.000000Z,0.96223998069763184,0.96553999185562134,0.9603000283241272,0.96223998069763184,0,2022-07-28T00:00:00.000000Z
2022-07-28T00:00:00.000000Z,0.95819002389907837,0.96297001838684082,0.95581001043319702,0.95819002389907837,0,2022-07-29T00:00:00.000000Z
2022-07-29T00:00:00.000000Z,0.95441997051239014,0.95920002460479736,0.95029997825622559,0.95441997051239014,0,2022-07-30T00:00:00.000000Z
2022-08-02T00:00:00.000000Z,0.95010000467300415,0.95590001344680786,0.94704002141952515,0.95010000467300415,0,2022-08-03T00:00:00.000000Z
2022-08-03T00:00:00.000000Z,0.95848000049591064,0.96496999263763428,0.95420998334884644,0.95848000049591064,0,2022-08-04T00:00:00.000000Z
2022-08-04T00:00:00.000000Z,0.96118998527526855,0.96223002672195435,0.95639997720718384,0.96118998527526855,0,2022-08-05T00:00:00.000000Z
2022-08-05T00:00:00.000000Z,0.95407998561859131,0.9648900032043457,0.95370000600814819,0.95407998561859131,0,2022-08-06T00:00:00.000000Z
2022-08-08T00:00:00.000000Z,0.96223998069763184,0.96341001987457275,0.95227998495101929,0.96223998069763184,0,2022-08-09T00:00:00.000000Z
2022-08-09T00:00:00.000000Z,0.9548799991607666,0.95550000667572021,0.95126998424530029,0.9548799991607666,0,2022-08-10T00:00:00.000000Z
2022-08-10T00:00:00.000000Z,0.95416998863220215,0.95441001653671265,0.93940001726150513,0.95416998863220215,0,2022-08-11T00:00:00.000000Z
2022-08-11T00:00:00.000000Z,0.94230002164840698,0.94453001022338867,0.93718999624252319,0.94230002164840698,0,2022-08-12T00:00:00.000000Z
2022-08-12T00:00:00.000000Z,0.94132000207901001,0.94481998682022095,0.94077998399734497,0.94132000207901001,0,2022-08-13T00:00:00.000000Z
2022-08-15T00:00:00.000000Z,0.94179999828338623,0.94657999277114868,0.9408000111579895,0.94179999828338623,0,2022-08-16T00:00:00.000000Z
2022-08-16T00:00:00.000000Z,0.94595998525619507,0.95133000612258911,0.94529998302459717,0.94595998525619507,0,2022-08-17T00:00:00.000000Z
2022-08-17T00:00:00.000000Z,0.94966000318527222,0.95420998334884644,0.9482799768447876,0.94966000318527222,0,2022-08-18T00:00:00.000000Z
2022-08-18T00:00:00.000000Z,0.95134001970291138,0.95482999086380005,0.94979000091552734,0.95134001970291138,0,2022-08-19T00:00:00.000000Z
2022-08-19T00:00:00.000000Z,0.95658999681472778,0.95964998006820679,0.955299973487854,0.95658999681472778,0,2022-08-20T00:00:00.000000Z
2022-08-22T00:00:00.000000Z,0.95880001783370972,0.96548998355865479,0.95739001035690308,0.95880001783370972,0,2022-08-23T00:00:00.000000Z
2022-08-23T00:00:00.000000Z,0.96439999341964722,0.9692000150680542,0.96048998832702637,0.96439999341964722,0,2022-08-24T00:00:00.000000Z
2022-08-24T00:00:00.000000Z,0.96438002586364746,0.96867001056671143,0.96077001094818115,0.96438002586364746,0,2022-08-25T00:00:00.000000Z
2022-08-25T00:00:00.000000Z,0.96645998954772949,0.96705001592636108,0.96109998226165771,0.96645998954772949,0,2022-08-26T00:00:00.000000Z
2022-08-26T00:00:00.000000Z,0.96364998817443848,0.96591997146606445,0.95814001560211182,0.96364998817443848,0,2022-08-27T00:00:00.000000Z
2022-08-29T00:00:00.000000Z,0.96850001811981201,0.97060000896453857,0.96606999635696411,0.96850001811981201,0,2022-08-30T00:00:00.000000Z
2022-08-30T00:00:00.000000Z,0.96711999177932739,0.97610998153686523,0.96649998426437378,0.96711999177932739,0,2022-08-31T00:00:00.000000Z
2022-08-31T00:00:00.000000Z,0.97391998767852783,0.98058998584747314,0.9724000096321106,0.97391998767852783,0,2022-09-01T00:00:00.000000Z
2022-09-01T00:00:00.000000Z,0.97907000780105591,0.98549002408981323,0.97447997331619263,0.97907000780105591,0,2022-09-02T00:00:00.000000Z
2022-09-02T00:00:00.000000Z,0.98128998279571533,0.9856799840927124,0.97852998971939087,0.98128998279571533,0,2022-09-03T00:00:00.000000Z
2022-09-05T00:00:00.000000Z,0.98334997892379761,0.98365002870559692,0.97965997457504272,0.98334997892379761,0,2022-09-06T00:00:00.000000Z
2022-09-06T00:00:00.000000Z,0.97839999198913574,0.98593997955322266,0.97640001773834229,0.97839999198913574,0,2022-09-07T00:00:00.000000Z
2022-09-07T00:00:00.000000Z,0.98452001810073853,0.98685997724533081,0.98009002208709717,0.98452001810073853,0,2022-09-08T00:00:00.000000Z
2022-09-08T00:00:00.000000Z,0.97696000337600708,0.97812002897262573,0.97096997499465942,0.97696000337600708,0,2022-09-09T00:00:00.000000Z
2022-09-09T00:00:00.000000Z,0.96864998340606689,0.96873998641967773,0.95478999614715576,0.96864998340606689,0,2022-09-10T00:00:00.000000Z
2022-09-12T00:00:00.000000Z,0.95991998910903931,0.96073997020721436,0.95099002122879028,0.95991998910903931,0,2022-09-13T00:00:00.000000Z
2022-09-13T00:00:00.000000Z,0.95279997587203979,0.96309000253677368,0.94800001382827759,0.95279997587203979,0,2022-09-14T00:00:00.000000Z
2022-09-14T00:00:00.000000Z,0.96033000946044922,0.96274000406265259,0.95890998840332031,0.96033000946044922,0,2022-09-15T00:00:00.000000Z
2022-09-15T00:00:00.000000Z,0.96189397573471069,0.96407997608184814,0.95550000667572021,0.96189397573471069,0,2022-09-16T00:00:00.000000Z
2022-09-16T00:00:00.000000Z,0.9617999792098999,0.96530002355575562,0.96008998155593872,0.9617999792098999,0,2022-09-17T00:00:00.000000Z
2022-09-19T00:00:00.000000Z,0.96320998668670654,0.96948999166488647,0.96271002292633057,0.96320998668670654,0,2022-09-20T00:00:00.000000Z
2022-09-20T00:00:00.000000Z,0.96408998966217041,0.96811002492904663,0.96263998746871948,0.96408998966217041,0,2022-09-21T00:00:00.000000Z
2022-09-21T00:00:00.000000Z,0.96369999647140503,0.96796000003814697,0.96249997615814209,0.96369999647140503,0,2022-09-22T00:00:00.000000Z
2022-09-22T00:00:00.000000Z,0.96793997287750244,0.98452001810073853,0.96257001161575317,0.96793997287750244,0,2022-09-23T00:00:00.000000Z
2022-09-23T00:00:00.000000Z,0.9757000207901001,0.98311001062393188,0.97548002004623413,0.9757000207901001,0,2022-09-24T00:00:00.000000Z
2022-09-26T00:00:00.000000Z,0.9824100136756897,0.99295002222061157,0.98044997453689575,0.9824100136756897,0,2022-09-27T00:00:00.000000Z
2022-09-27T00:00:00.000000Z,0.99212998151779175,0.9927399754524231,0.98506999015808105,0.99212998151779175,0,2022-09-28T00:00:00.000000Z
2022-09-28T00:00:00.000000Z,0.9915199875831604,0.99559998512268066,0.97544997930526733,0.9915199875831604,0,2022-09-29T00:00:00.000000Z
2022-09-29T00:00:00.000000Z,0.97762000560760498,0.98553997278213501,0.97710001468658447,0.97762000560760498,0,2022-09-30T00:00:00.000000Z
2022-09-30T00:00:00.000000Z,0.97492998838424683,0.98514002561569214,0.97395002841949463,0.97492998838424683,0,2022-10-01T00:00:00.000000Z
2022-10-03T00:00:00.000000Z,0.98565000295639038,0.99313998222351074,0.98351001739501953,0.98565000295639038,0,2022-10-04T00:00:00.000000Z
2022-10-04T00:00:00.000000Z,0.99256002902984619,0.99408000707626343,0.97948002815246582,0.99256002902984619,0,2022-10-05T00:00:00.000000Z
2022-10-05T00:00:00.000000Z,0.97869002819061279,0.98882997035980225,0.97843998670578003,0.97869002819061279,0,2022-10-06T00:00:00.000000Z
2022-10-06T00:00:00.000000Z,0.98132002353668213,0.99133002758026123,0.97790002822875977,0.98132002353668213,0,2022-10-07T00:00:00.000000Z
2022-10-07T00:00:00.000000Z,0.98997002840042114,0.99492001533508301,0.9879000186920166,0.98997002840042114,0,2022-10-08T00:00:00.000000Z
2022-10-10T00:00:00.000000Z,0.99456000328063965,1.0008200407028198,0.99320000410079956,0.99456000328063965,0,2022-10-11T00:00:00.000000Z
2022-10-11T00:00:00.000000Z,0.99950999021530151,1.0019899606704712,0.99404001235961914,0.99950999021530151,0,2022-10-12T00:00:00.000000Z
2022-10-12T00:00:00.000000Z,0.9976000189781189,1.0002900362014771,0.99326997995376587,0.9976000189781189,0,2022-10-13T00:00:00.000000Z
2022-10-13T00:00:00.000000Z,0.99738997220993042,1.0068900585174561,0.99629998207092285,0.99738997220993042,0,2022-10-14T00:00:00.000000Z
2022-10-14T00:00:00.000000Z,1.0014100074768066,1.0057200193405151,0.99650001525878906,1.0014100074768066,0,2022-10-15T00:00:00.000000Z
2022-10-17T00:00:00.000000Z,1.0036699771881104,1.0043599605560303,0.9944000244140625,1.0036699771881104,0,2022-10-18T00:00:00.000000Z
2022-10-18T00:00:00.000000Z,0.99550002813339233,0.99786001443862915,0.99199998378753662,0.99550002813339233,0,2022-10-19T00:00:00.000000Z
2022-10-19T00:00:00.000000Z,0.99368000030517578,1.0046099424362183,0.99330002069473267,0.99368000030517578,0,2022-10-20T00:00:00.000000Z
2022-10-20T00:00:00.000000Z,1.0048099756240845,1.0068000555038452,0.99953001737594604,1.0048099756240845,0,2022-10-21T00:00:00.000000Z
2022-10-21T00:00:00.000000Z,1.0038100481033325,1.0147299766540527,0.99790000915527344,1.0038100481033325,0,2022-10-22T00:00:00.000000Z
2022-10-24T00:00:00.000000Z,0.99787998199462891,1.0030200481414795,0.99651002883911133,0.99787998199462891,0,2022-10-25T00:00:00.000000Z
2022-10-25T00:00:00.000000Z,0.99940001964569092,1.0030499696731567,0.99413001537322998,0.99940001964569092,0,2022-10-26T00:00:00.000000Z
2022-10-26T00:00:00.000000Z,0.99466997385025024,0.99601000547409058,0.98540002107620239,0.99466997385025024,0,2022-10-27T00:00:00.000000Z
2022-10-27T00:00:00.000000Z,0.98501002788543701,0.99229997396469116,0.98413997888565063,0.98501002788543701,0,2022-10-28T00:00:00.000000Z
2022-10-28T00:00:00.000000Z,0.9904400110244751,0.99785000085830688,0.98818999528884888,0.9904400110244751,0,2022-10-29T00:00:00.000000Z
2022-10-31T00:00:00.000000Z,0.99641001224517822,1.0032199621200562,0.99598997831344604,0.99641001224517822,0,2022-11-01T00:00:00.000000Z
2022-11-01T00:00:00.000000Z,1.0014100074768066,1.0016599893569946,0.99150002002716064,1.0014100074768066,0,2022-11-02T00:00:00.000000Z
2022-11-02T00:00:00.000000Z,0.99970000982284546,1.0000900030136108,0.99434000253677368,0.99970000982284546,0,2022-11-03T00:00:00.000000Z
2022-11-03T00:00:00.000000Z,1.0032800436019897,1.0145699977874756,1.0005899667739868,1.0032800436019897,0,2022-11-04T00:00:00.000000Z
2022-11-04T00:00:00.000000Z,1.0134199857711792,1.0134799480438232,0.99434000253677368,1.0134199857711792,0,2022-11-05T00:00:00.000000Z
2022-11-07T00:00:00.000000Z,0.99673998355865479,0.99759000539779663,0.9876599907875061,0.99673998355865479,0,2022-11-08T00:00:00.000000Z
2022-11-08T00:00:00.000000Z,0.9888799786567688,0.99250000715255737,0.98368000984191895,0.9888799786567688,0,2022-11-09T00:00:00.000000Z
2022-11-09T00:00:00.000000Z,0.98444998264312744,0.98730999231338501,0.98048001527786255,0.98444998264312744,0,2022-11-10T00:00:00.000000Z
2022-11-10T00:00:00.000000Z,0.98350000381469727,0.98973000049591064,0.96632999181747437,0.98350000381469727,0,2022-11-11T00:00:00.000000Z
2022-11-11T00:00:00.000000Z,0.96490997076034546,0.96806001663208008,0.94463002681732178,0.96490997076034546,0,2022-11-12T00:00:00.000000Z
2022-11-14T00:00:00.000000Z,0.94405001401901245,0.94870001077651978,0.94199997186660767,0.94405001401901245,0,2022-11-15T00:00:00.000000Z
2022-11-15T00:00:00.000000Z,0.94319999217987061,0.94567000865936279,0.93645000457763672,0.94319999217987061,0,2022-11-16T00:00:00.000000Z
2022-11-16T00:00:00.000000Z,0.94291001558303833,0.94660001993179321,0.93863999843597412,0.94291001558303833,0,2022-11-17T00:00:00.000000Z
2022-11-17T00:00:00.000000Z,0.94437998533248901,0.95566999912261963,0.94335001707077026,0.94437998533248901,0,2022-11-18T00:00:00.000000Z
2022-11-18T00:00:00.000000Z,0.95267999172210693,0.9546700119972229,0.94988000392913818,0.95267999172210693,0,2022-11-19T00:00:00.000000Z
2022-11-21T00:00:00.000000Z,0.95332998037338257,0.9596400260925293,0.95331001281738281,0.95332998037338257,0,2022-11-22T00:00:00.000000Z
2022-11-22T00:00:00.000000Z,0.95842999219894409,0.95866000652313232,0.95095998048782349,0.95842999219894409,0,2022-11-23T00:00:00.000000Z
2022-11-23T00:00:00.000000Z,0.95108997821807861,0.95329999923706055,0.94208997488021851,0.95108997821807861,0,2022-11-24T00:00:00.000000Z
2022-11-24T00:00:00.000000Z,0.9406999945640564,0.94450998306274414,0.93860000371932983,0.9406999945640564,0,2022-11-25T00:00:00.000000Z
2022-11-25T00:00:00.000000Z,0.94336998462677002,0.94999998807907104,0.94223999977111816,0.94336998462677002,0,2022-11-26T00:00:00.000000Z
2022-11-29T00:00:00.000000Z,0.94879001379013062,0.95434999465942383,0.94603997468948364,0.94879001379013062,0,2022-11-30T00:00:00.000000Z
2022-11-30T00:00:00.000000Z,0.95430999994277954,0.95454001426696777,0.94779002666473389,0.95430999994277954,0,2022-12-01T00:00:00.000000Z
2022-12-01T00:00:00.000000Z,0.94388002157211304,0.9459800124168396,0.93695998191833496,0.94388002157211304,0,2022-12-02T00:00:00.000000Z
2022-12-02T00:00:00.000000Z,0.9363899827003479,0.94356000423431396,0.93274998664855957,0.9363899827003479,0,2022-12-03T00:00:00.000000Z
2022-12-05T00:00:00.000000Z,0.93645000457763672,0.94231998920440674,0.93304002285003662,0.93645000457763672,0,2022-12-06T00:00:00.000000Z
2022-12-06T00:00:00.000000Z,0.94230002164840698,0.94533997774124146,0.93812000751495361,0.94230002164840698,0,2022-12-07T00:00:00.000000Z
2022-12-07T00:00:00.000000Z,0.94203001260757446,0.94361001253128052,0.93643999099731445,0.94203001260757446,0,2022-12-08T00:00:00.000000Z
2022-12-08T00:00:00.000000Z,0.94027000665664673,0.9424399733543396,0.93443000316619873,0.94027000665664673,0,2022-12-09T00:00:00.000000Z
2022-12-09T00:00:00.000000Z,0.93585997819900513,0.93747001886367798,0.93110001087188721,0.93585997819900513,0,2022-12-10T00:00:00.000000Z
2022-12-12T00:00:00.000000Z,0.93498998880386353,0.93677002191543579,0.93120002746582031,0.93498998880386353,0,2022-12-13T00:00:00.000000Z
2022-12-13T00:00:00.000000Z,0.93573999404907227,0.9373900294303894,0.92335999011993408,0.93573999404907227,0,2022-12-14T00:00:00.000000Z
2022-12-14T00:00:00.000000Z,0.92897999286651611,0.92958998680114746,0.92259997129440308,0.92897999286651611,0,2022-12-15T00:00:00.000000Z
2022-12-15T00:00:00.000000Z,0.92435002326965332,0.93026000261306763,0.92359000444412231,0.92435002326965332,0,2022-12-16T00:00:00.000000Z
2022-12-16T00:00:00.000000Z,0.92764002084732056,0.93348997831344604,0.92522001266479492,0.92764002084732056,0,2022-12-17T00:00:00.000000Z
2022-12-20T00:00:00.000000Z,0.92873001098632812,0.93059998750686646,0.9242900013923645,0.92873001098632812,0,2022-12-21T00:00:00.000000Z
2022-12-21T00:00:00.000000Z,0.92619001865386963,0.92874997854232788,0.92399001121520996,0.92619001865386963,0,2022-12-22T00:00:00.000000Z
2022-12-22T00:00:00.000000Z,0.92629998922348022,0.93130999803543091,0.92273002862930298,0.92629998922348022,0,2022-12-23T00:00:00.000000Z
2022-12-23T00:00:00.000000Z,0.9309999942779541,0.93408000469207764,0.92866998910903931,0.9309999942779541,0,2022-12-24T00:00:00.000000Z
2022-12-26T00:00:00.000000Z,0.9328799843788147,0.93389999866485596,0.930899977684021,0.9328799843788147,0,2022-12-27T00:00:00.000000Z
2022-12-27T00:00:00.000000Z,0.9320099949836731,0.93208998441696167,0.92690002918243408,0.9320099949836731,0,2022-12-28T00:00:00.000000Z
2022-12-28T00:00:00.000000Z,0.92919999361038208,0.93059998750686646,0.9246399998664856,0.92919999361038208,0,2022-12-29T00:00:00.000000Z
2022-12-29T00:00:00.000000Z,0.92770999670028687,0.92871999740600586,0.92119002342224121,0.92770999670028687,0,2022-12-30T00:00:00.000000Z
2022-12-30T00:00:00.000000Z,0.92285001277923584,0.92611002922058105,0.92031997442245483,0.92285001277923584,0,2022-12-31T00:00:00.000000Z
2023-01-02T00:00:00.000000Z,0.92379999160766602,0.92575997114181519,0.9221000075340271,0.92379999160766602,0,2023-01-03T00:00:00.000000Z
2023-01-03T00:00:00.000000Z,0.92400002479553223,0.93980002403259277,0.92300999164581299,0.92400002479553223,0,2023-01-04T00:00:00.000000Z
2023-01-04T00:00:00.000000Z,0.93580001592636108,0.93629997968673706,0.92559999227523804,0.93580001592636108,0,2023-01-05T00:00:00.000000Z
2023-01-05T00:00:00.000000Z,0.92958998680114746,0.9376099705696106,0.92599999904632568,0.92958998680114746,0,2023-01-06T00:00:00.000000Z
2023-01-06T00:00:00.000000Z,0.93582999706268311,0.94067001342773438,0.92909002304077148,0.93582999706268311,0,2023-01-07T00:00:00.000000Z
2023-01-09T00:00:00.000000Z,0.92686998844146729,0.92791998386383057,0.91670000553131104,0.92686998844146729,0,2023-01-10T00:00:00.000000Z
2023-01-10T00:00:00.000000Z,0.92093002796173096,0.92514997720718384,0.91948997974395752,0.92093002796173096,0,2023-01-11T00:00:00.000000Z
2023-01-11T00:00:00.000000Z,0.92224001884460449,0.93149000406265259,0.92046999931335449,0.92224001884460449,0,2023-01-12T00:00:00.000000Z
2023-01-12T00:00:00.000000Z,0.93092000484466553,0.93502002954483032,0.92660999298095703,0.93092000484466553,0,2023-01-13T00:00:00.000000Z
2023-01-13T00:00:00.000000Z,0.92720001935958862,0.93162000179290771,0.92558997869491577,0.92720001935958862,0,2023-01-14T00:00:00.000000Z
2023-01-16T00:00:00.000000Z,0.9267200231552124,0.92878001928329468,0.92166799306869507,0.9267200231552124,0,2023-01-17T00:00:00.000000Z
2023-01-17T00:00:00.000000Z,0.92539000511169434,0.92750000953674316,0.91882002353668213,0.92539000511169434,0,2023-01-18T00:00:00.000000Z
2023-01-18T00:00:00.000000Z,0.92192000150680542,0.92431998252868652,0.90871000289916992,0.92192000150680542,0,2023-01-19T00:00:00.000000Z
2023-01-19T00:00:00.000000Z,0.91593998670578003,0.91883999109268188,0.91490000486373901,0.91593998670578003,0,2023-01-20T00:00:00.000000Z
2023-01-20T00:00:00.000000Z,0.9154999852180481,0.92337000370025635,0.91414999961853027,0.9154999852180481,0,2023-01-21T00:00:00.000000Z
2023-01-23T00:00:00.000000Z,0.91993999481201172,0.9238700270652771,0.91600000858306885,0.91988998651504517,0,2023-01-24T00:00:00.000000Z
2023-01-24T00:00:00.000000Z,0.92167001962661743,0.92783999443054199,0.9192500114440918,0.92167001962661743,0,2023-01-25T00:00:00.000000Z
2023-01-25T00:00:00.000000Z,0.92229998111724854,0.92435997724533081,0.91753000020980835,0.92229998111724854,0,2023-01-26T00:00:00.000000Z
2023-01-26T00:00:00.000000Z,0.91697001457214355,0.92245000600814819,0.91600000858306885,0.91697001457214355,0,2023-01-27T00:00:00.000000Z
2023-01-27T00:00:00.000000Z,0.92019999027252197,0.92392998933792114,0.91909998655319214,0.92019999027252197,0,2023-01-28T00:00:00.000000Z
2023-01-30T00:00:00.000000Z,0.92085999250411987,0.9238399863243103,0.91809999942779541,0.92085999250411987,0,2023-01-31T00:00:00.000000Z
2023-01-31T00:00:00.000000Z,0.92527997493743896,0.92869997024536133,0.91654998064041138,0.92527997493743896,0,2023-02-01T00:00:00.000000Z
2023-02-01T00:00:00.000000Z,0.91624999046325684,0.91719001531600952,0.91360002756118774,0.91624999046325684,0,2023-02-02T00:00:00.000000Z
2023-02-02T00:00:00.000000Z,0.90726000070571899,0.91339999437332153,0.90605002641677856,0.90726000070571899,0,2023-02-03T00:00:00.000000Z
2023-02-03T00:00:00.000000Z,0.9132000207901001,0.92669999599456787,0.91264998912811279,0.9132000207901001,0,2023-02-04T00:00:00.000000Z
2023-02-06T00:00:00.000000Z,0.92632997035980225,0.92896997928619385,0.92277997732162476,0.92632997035980225,0,2023-02-07T00:00:00.000000Z
2023-02-07T00:00:00.000000Z,0.92786997556686401,0.9289100170135498,0.92269998788833618,0.92786997556686401,0,2023-02-08T00:00:00.000000Z
2023-02-08T00:00:00.000000Z,0.9216499924659729,0.92229002714157104,0.91769999265670776,0.9216499924659729,0,2023-02-09T00:00:00.000000Z
2023-02-09T00:00:00.000000Z,0.92091000080108643,0.92180997133255005,0.91605997085571289,0.92091000080108643,0,2023-02-10T00:00:00.000000Z
2023-02-10T00:00:00.000000Z,0.92197400331497192,0.92482000589370728,0.91992998123168945,0.92197400331497192,0,2023-02-11T00:00:00.000000Z
2023-02-13T00:00:00.000000Z,0.92378997802734375,0.92584002017974854,0.92002999782562256,0.92378997802734375,0,2023-02-14T00:00:00.000000Z
2023-02-14T00:00:00.000000Z,0.91861999034881592,0.92325001955032349,0.91404998302459717,0.91861999034881592,0,2023-02-15T00:00:00.000000Z
2023-02-15T00:00:00.000000Z,0.92153000831604004,0.92620998620986938,0.92129999399185181,0.92153000831604004,0,2023-02-16T00:00:00.000000Z
2023-02-16T00:00:00.000000Z,0.92335999011993408,0.92707997560501099,0.92129999399185181,0.92335999011993408,0,2023-02-17T00:00:00.000000Z
2023-02-17T00:00:00.000000Z,0.92646002769470215,0.93310999870300293,0.9255099892616272,0.92646002769470215,0,2023-02-18T00:00:00.000000Z
2023-02-20T00:00:00.000000Z,0.92535001039505005,0.9259600043296814,0.92199999094009399,0.92535001039505005,0,2023-02-21T00:00:00.000000Z
2023-02-21T00:00:00.000000Z,0.9231799840927124,0.92812001705169678,0.92299997806549072,0.9231799840927124,0,2023-02-22T00:00:00.000000Z
2023-02-22T00:00:00.000000Z,0.92750000953674316,0.93010002374649048,0.9253000020980835,0.92750000953674316,0,2023-02-23T00:00:00.000000Z
2023-02-23T00:00:00.000000Z,0.9312400221824646,0.9345099925994873,0.92879998683929443,0.9312400221824646,0,2023-02-24T00:00:00.000000Z
2023-02-24T00:00:00.000000Z,0.93369001150131226,0.94012999534606934,0.93260002136230469,0.93369001150131226,0,2023-02-25T00:00:00.000000Z
2023-02-27T00:00:00.000000Z,0.94002997875213623,0.94286000728607178,0.93441998958587646,0.94002997875213623,0,2023-02-28T00:00:00.000000Z
2023-02-28T00:00:00.000000Z,0.93559998273849487,0.93889999389648438,0.93400001525878906,0.93559998273849487,0,2023-03-01T00:00:00.000000Z
2023-03-01T00:00:00.000000Z,0.94186800718307495,0.94282001256942749,0.9351000189781189,0.94186800718307495,0,2023-03-02T00:00:00.000000Z
2023-03-02T00:00:00.000000Z,0.93946999311447144,0.94396001100540161,0.9392399787902832,0.93946999311447144,0,2023-03-03T00:00:00.000000Z
2023-03-03T00:00:00.000000Z,0.94186997413635254,0.94205999374389648,0.93690001964569092,0.94186997413635254,0,2023-03-04T00:00:00.000000Z
2023-03-06T00:00:00.000000Z,0.93680000305175781,0.93722999095916748,0.93070000410079956,0.93680000305175781,0,2023-03-07T00:00:00.000000Z
2023-03-07T00:00:00.000000Z,0.93068999052047729,0.94134002923965454,0.92856001853942871,0.93068999052047729,0,2023-03-08T00:00:00.000000Z
2023-03-08T00:00:00.000000Z,0.9422299861907959,0.94379997253417969,0.93893998861312866,0.9422299861907959,0,2023-03-09T00:00:00.000000Z
2023-03-09T00:00:00.000000Z,0.94086998701095581,0.94151997566223145,0.93529999256134033,0.94086998701095581,0,2023-03-10T00:00:00.000000Z
2023-03-10T00:00:00.000000Z,0.93285000324249268,0.93286001682281494,0.91771000623703003,0.93285000324249268,0,2023-03-11T00:00:00.000000Z
2023-03-13T00:00:00.000000Z,0.91839998960494995,0.92005997896194458,0.90714001655578613,0.91839998960494995,0,2023-03-14T00:00:00.000000Z
2023-03-14T00:00:00.000000Z,0.91249102354049683,0.91632997989654541,0.90973997116088867,0.91249102354049683,0,2023-03-15T00:00:00.000000Z
2023-03-15T00:00:00.000000Z,0.91449999809265137,0.92558002471923828,0.91228997707366943,0.91449999809265137,0,2023-03-16T00:00:00.000000Z
2023-03-16T00:00:00.000000Z,0.93102997541427612,0.93194001913070679,0.92315000295639038,0.93102997541427612,0,2023-03-17T00:00:00.000000Z
2023-03-17T00:00:00.000000Z,0.92917001247406006,0.92950999736785889,0.92414999008178711,0.92917001247406006,0,2023-03-18T00:00:00.000000Z
2023-03-20T00:00:00.000000Z,0.92673999071121216,0.93102002143859863,0.92417997121810913,0.92673999071121216,0,2023-03-21T00:00:00.000000Z
2023-03-21T00:00:00.000000Z,0.92919999361038208,0.93163001537322998,0.92246997356414795,0.92919999361038208,0,2023-03-22T00:00:00.000000Z
2023-03-22T00:00:00.000000Z,0.92146998643875122,0.9244999885559082,0.92070001363754272,0.92146998643875122,0,2023-03-23T00:00:00.000000Z
2023-03-23T00:00:00.000000Z,0.91651999950408936,0.91755002737045288,0.91223001480102539,0.91651999950408936,0,2023-03-24T00:00:00.000000Z
2023-03-24T00:00:00.000000Z,0.91640001535415649,0.92153000831604004,0.9154999852180481,0.91640001535415649,0,2023-03-25T00:00:00.000000Z
2023-03-27T00:00:00.000000Z,0.91699999570846558,0.91990000009536743,0.91566002368927002,0.91990000009536743,0,2023-03-28T00:00:00.000000Z
2023-03-28T00:00:00.000000Z,0.91501998901367188,0.92211997509002686,0.91360002756118774,0.91501998901367188,0,2023-03-29T00:00:00.000000Z
2023-03-29T00:00:00.000000Z,0.92040002346038818,0.9221000075340271,0.91663998365402222,0.92040002346038818,0,2023-03-30T00:00:00.000000Z
2023-03-30T00:00:00.000000Z,0.91809999942779541,0.91996002197265625,0.91267001628875732,0.91809999942779541,0,2023-03-31T00:00:00.000000Z
2023-03-31T00:00:00.000000Z,0.91338002681732178,0.91769999265670776,0.91172999143600464,0.91338002681732178,0,2023-04-01T00:00:00.000000Z
2023-04-03T00:00:00.000000Z,0.91750997304916382,0.91955000162124634,0.91175001859664917,0.91750997304916382,0,2023-04-04T00:00:00.000000Z
2023-04-04T00:00:00.000000Z,0.91271001100540161,0.91422998905181885,0.90676999092102051,0.91271001100540161,0,2023-04-05T00:00:00.000000Z
2023-04-05T00:00:00.000000Z,0.90539997816085815,0.90600001811981201,0.90169000625610352,0.90539997816085815,0,2023-04-06T00:00:00.000000Z
2023-04-06T00:00:00.000000Z,0.9063599705696106,0.90745997428894043,0.90359997749328613,0.9063599705696106,0,2023-04-07T00:00:00.000000Z
2023-04-07T00:00:00.000000Z,0.90439999103546143,0.90805000066757202,0.90329998731613159,0.90439999103546143,0,2023-04-08T00:00:00.000000Z
2023-04-11T00:00:00.000000Z,0.90881001949310303,0.90886002779006958,0.90323001146316528,0.90881001949310303,0,2023-04-12T00:00:00.000000Z
2023-04-12T00:00:00.000000Z,0.90289998054504395,0.90336000919342041,0.89438998699188232,0.90289998054504395,0,2023-04-13T00:00:00.000000Z
2023-04-13T00:00:00.000000Z,0.89577299356460571,0.89740002155303955,0.88599997758865356,0.89577299356460571,0,2023-04-14T00:00:00.000000Z
2023-04-14T00:00:00.000000Z,0.88899999856948853,0.89569002389907837,0.88679999113082886,0.88899999856948853,0,2023-04-15T00:00:00.000000Z
2023-04-17T00:00:00.000000Z,0.89480000734329224,0.89956998825073242,0.89222997426986694,0.89480000734329224,0,2023-04-18T00:00:00.000000Z
2023-04-18T00:00:00.000000Z,0.89850997924804688,0.89862000942230225,0.89539998769760132,0.89850997924804688,0,2023-04-19T00:00:00.000000Z
2023-04-19T00:00:00.000000Z,0.89590001106262207,0.90021997690200806,0.89570999145507812,0.89590001106262207,0,2023-04-20T00:00:00.000000Z
2023-04-20T00:00:00.000000Z,0.89770001173019409,0.8982200026512146,0.89205002784729004,0.89770001173019409,0,2023-04-21T00:00:00.000000Z
2023-04-21T00:00:00.000000Z,0.89231997728347778,0.89525997638702393,0.89077001810073853,0.89231997728347778,0,2023-04-22T00:00:00.000000Z
2023-04-24T00:00:00.000000Z,0.89170002937316895,0.89269000291824341,0.8881000280380249,0.89170002937316895,0,2023-04-25T00:00:00.000000Z
2023-04-25T00:00:00.000000Z,0.88709002733230591,0.89253997802734375,0.88590002059936523,0.88709002733230591,0,2023-04-26T00:00:00.000000Z
2023-04-26T00:00:00.000000Z,0.89182001352310181,0.89249998331069946,0.88541001081466675,0.89182001352310181,0,2023-04-27T00:00:00.000000Z
2023-04-27T00:00:00.000000Z,0.89081001281738281,0.89749997854232788,0.89020001888275146,0.89081001281738281,0,2023-04-28T00:00:00.000000Z
2023-04-28T00:00:00.000000Z,0.89388000965118408,0.89740997552871704,0.88950002193450928,0.89388000965118408,0,2023-04-29T00:00:00.000000Z
2023-05-01T00:00:00.000000Z,0.89480000734329224,0.89657998085021973,0.89149999618530273,0.89480000734329224,0,2023-05-02T00:00:00.000000Z
2023-05-02T00:00:00.000000Z,0.89586997032165527,0.89943999052047729,0.89289999008178711,0.89586997032165527,0,2023-05-03T00:00:00.000000Z
2023-05-03T00:00:00.000000Z,0.89225000143051147,0.89263999462127686,0.88630002737045288,0.89225000143051147,0,2023-05-04T00:00:00.000000Z
2023-05-04T00:00:00.000000Z,0.88341999053955078,0.88898998498916626,0.88200002908706665,0.88341999053955078,0,2023-05-05T00:00:00.000000Z
2023-05-05T00:00:00.000000Z,0.88520002365112305,0.89657002687454224,0.88330000638961792,0.88520002365112305,0,2023-05-06T00:00:00.000000Z
2023-05-09T00:00:00.000000Z,0.88990998268127441,0.8941500186920166,0.88880002498626709,0.88990998268127441,0,2023-05-10T00:00:00.000000Z
2023-05-10T00:00:00.000000Z,0.89016002416610718,0.89266002178192139,0.88679999113082886,0.89016002416610718,0,2023-05-11T00:00:00.000000Z
2023-05-11T00:00:00.000000Z,0.8892899751663208,0.89570999145507812,0.88849997520446777,0.8892899751663208,0,2023-05-12T00:00:00.000000Z
2023-05-12T00:00:00.000000Z,0.89399999380111694,0.89743000268936157,0.88980001211166382,0.89399999380111694,0,2023-05-13T00:00:00.000000Z
2023-05-15T00:00:00.000000Z,0.89837998151779175,0.898639976978302,0.89459997415542603,0.89837998151779175,0,2023-05-16T00:00:00.000000Z
2023-05-16T00:00:00.000000Z,0.89546000957489014,0.89693999290466309,0.89200001955032349,0.89546000957489014,0,2023-05-17T00:00:00.000000Z
2023-05-17T00:00:00.000000Z,0.89635002613067627,0.90233999490737915,0.89487999677658081,0.89635002613067627,0,2023-05-18T00:00:00.000000Z
2023-05-18T00:00:00.000000Z,0.89874202013015747,0.90623998641967773,0.8978000283241272,0.89874202013015747,0,2023-05-19T00:00:00.000000Z
2023-05-19T00:00:00.000000Z,0.90486997365951538,0.90580999851226807,0.89762997627258301,0.90486997365951538,0,2023-05-20T00:00:00.000000Z
2023-05-22T00:00:00.000000Z,0.89819002151489258,0.89960998296737671,0.89406001567840576,0.89819002151489258,0,2023-05-23T00:00:00.000000Z
2023-05-23T00:00:00.000000Z,0.89829999208450317,0.90281999111175537,0.89748001098632812,0.89829999208450317,0,2023-05-24T00:00:00.000000Z
2023-05-24T00:00:00.000000Z,0.9013100266456604,0.90592002868652344,0.90030002593994141,0.9013100266456604,0,2023-05-25T00:00:00.000000Z
2023-05-25T00:00:00.000000Z,0.90399998426437378,0.90683001279830933,0.90373998880386353,0.90399998426437378,0,2023-05-26T00:00:00.000000Z
2023-05-26T00:00:00.000000Z,0.90504997968673706,0.90742999315261841,0.90188997983932495,0.90504997968673706,0,2023-05-27T00:00:00.000000Z
2023-05-29T00:00:00.000000Z,0.90569001436233521,0.90609002113342285,0.90276002883911133,0.90569001436233521,0,2023-05-30T00:00:00.000000Z
2023-05-30T00:00:00.000000Z,0.90446001291275024,0.90836000442504883,0.90139001607894897,0.90446001291275024,0,2023-05-31T00:00:00.000000Z
2023-05-31T00:00:00.000000Z,0.9057999849319458,0.91449999809265137,0.90555000305175781,0.9057999849319458,0,2023-06-01T00:00:00.000000Z
2023-06-01T00:00:00.000000Z,0.90988999605178833,0.91133999824523926,0.90689998865127563,0.90988999605178833,0,2023-06-02T00:00:00.000000Z
2023-06-02T00:00:00.000000Z,0.9055899977684021,0.90877002477645874,0.90329998731613159,0.9055899977684021,0,2023-06-03T00:00:00.000000Z
2023-06-05T00:00:00.000000Z,0.90972000360488892,0.91180002689361572,0.90533000230789185,0.90972000360488892,0,2023-06-06T00:00:00.000000Z
2023-06-06T00:00:00.000000Z,0.90590000152587891,0.90969002246856689,0.90346002578735352,0.90590000152587891,0,2023-06-07T00:00:00.000000Z
2023-06-07T00:00:00.000000Z,0.90713000297546387,0.90930002927780151,0.9043700098991394,0.90713000297546387,0,2023-06-08T00:00:00.000000Z
2023-06-08T00:00:00.000000Z,0.90953999757766724,0.91058999300003052,0.89978998899459839,0.90953999757766724,0,2023-06-09T00:00:00.000000Z
2023-06-09T00:00:00.000000Z,0.89869999885559082,0.90272998809814453,0.89840000867843628,0.89869999885559082,0,2023-06-10T00:00:00.000000Z
2023-06-12T00:00:00.000000Z,0.90319997072219849,0.91008001565933228,0.90157997608184814,0.90319997072219849,0,2023-06-13T00:00:00.000000Z
2023-06-13T00:00:00.000000Z,0.90829998254776001,0.90890997648239136,0.90343999862670898,0.90829998254776001,0,2023-06-14T00:00:00.000000Z
2023-06-14T00:00:00.000000Z,0.90526002645492554,0.90591001510620117,0.89670002460479736,0.90526002645492554,0,2023-06-15T00:00:00.000000Z
2023-06-15T00:00:00.000000Z,0.90008002519607544,0.90552002191543579,0.89249998331069946,0.90008002519607544,0,2023-06-16T00:00:00.000000Z
2023-06-16T00:00:00.000000Z,0.89164000749588013,0.89459002017974854,0.89010000228881836,0.89164000749588013,0,2023-06-17T00:00:00.000000Z
2023-06-19T00:00:00.000000Z,0.89420002698898315,0.89740002155303955,0.89319998025894165,0.89420002698898315,0,2023-06-20T00:00:00.000000Z
2023-06-20T00:00:00.000000Z,0.89578002691268921,0.90003001689910889,0.8954700231552124,0.89578002691268921,0,2023-06-21T00:00:00.000000Z
2023-06-21T00:00:00.000000Z,0.89766997098922729,0.89963001012802124,0.89380002021789551,0.89766997098922729,0,2023-06-22T00:00:00.000000Z
2023-06-22T00:00:00.000000Z,0.89230000972747803,0.89692997932434082,0.89073002338409424,0.89230000972747803,0,2023-06-23T00:00:00.000000Z
2023-06-23T00:00:00.000000Z,0.89487999677658081,0.90116000175476074,0.89459997415542603,0.89487999677658081,0,2023-06-24T00:00:00.000000Z
2023-06-26T00:00:00.000000Z,0.89578002691268921,0.89671999216079712,0.89140999317169189,0.89578002691268921,0,2023-06-27T00:00:00.000000Z
2023-06-27T00:00:00.000000Z,0.89560997486114502,0.89698398113250732,0.89240002632141113,0.89560997486114502,0,2023-06-28T00:00:00.000000Z
2023-06-28T00:00:00.000000Z,0.89375001192092896,0.89864999055862427,0.89300000667572021,0.89375001192092896,0,2023-06-29T00:00:00.000000Z
2023-06-29T00:00:00.000000Z,0.8966599702835083,0.89996999502182007,0.89429998397827148,0.8966599702835083,0,2023-06-30T00:00:00.000000Z
2023-06-30T00:00:00.000000Z,0.89914000034332275,0.90160000324249268,0.89357000589370728,0.89914000034332275,0,2023-07-01T00:00:00.000000Z
2023-07-03T00:00:00.000000Z,0.89499998092651367,0.90029001235961914,0.89389997720718384,0.89499998092651367,0,2023-07-04T00:00:00.000000Z
2023-07-04T00:00:00.000000Z,0.89579999446868896,0.89724999666213989,0.89459002017974854,0.89579999446868896,0,2023-07-05T00:00:00.000000Z
2023-07-05T00:00:00.000000Z,0.89664000272750854,0.89934998750686646,0.89600002765655518,0.89664000272750854,0,2023-07-06T00:00:00.000000Z
2023-07-06T00:00:00.000000Z,0.89851999282836914,0.899649977684021,0.89490002393722534,0.89851999282836914,0,2023-07-07T00:00:00.000000Z
2023-07-07T00:00:00.000000Z,0.89528000354766846,0.89697998762130737,0.88849997520446777,0.89528000354766846,0,2023-07-08T00:00:00.000000Z
2023-07-10T00:00:00.000000Z,0.88889998197555542,0.89169001579284668,0.88665002584457397,0.88889998197555542,0,2023-07-11T00:00:00.000000Z
2023-07-11T00:00:00.000000Z,0.88512998819351196,0.88517999649047852,0.88050001859664917,0.88512998819351196,0,2023-07-12T00:00:00.000000Z
2023-07-12T00:00:00.000000Z,0.87875998020172119,0.87919998168945312,0.86616998910903931,0.87875998020172119,0,2023-07-13T00:00:00.000000Z
2023-07-13T00:00:00.000000Z,0.86660999059677124,0.8669700026512146,0.8587300181388855,0.86660999059677124,0,2023-07-14T00:00:00.000000Z
2023-07-14T00:00:00.000000Z,0.85912001132965088,0.86277002096176147,0.85659998655319214,0.85912001132965088,0,2023-07-15T00:00:00.000000Z
2023-07-17T00:00:00.000000Z,0.8618999719619751,0.86292999982833862,0.85784000158309937,0.8618999719619751,0,2023-07-18T00:00:00.000000Z
2023-07-18T00:00:00.000000Z,0.86035001277923584,0.86063998937606812,0.85627001523971558,0.86035001277923584,0,2023-07-19T00:00:00.000000Z
2023-07-19T00:00:00.000000Z,0.85764998197555542,0.86122000217437744,0.85671001672744751,0.85764998197555542,0,2023-07-20T00:00:00.000000Z
2023-07-20T00:00:00.000000Z,0.85794997215270996,0.86725002527236938,0.85598999261856079,0.85794997215270996,0,2023-07-21T00:00:00.000000Z
2023-07-21T00:00:00.000000Z,0.86625999212265015,0.86715000867843628,0.86413002014160156,0.86625999212265015,0,2023-07-22T00:00:00.000000Z
2023-07-24T00:00:00.000000Z,0.86624002456665039,0.86827999353408813,0.86369997262954712,0.86624002456665039,0,2023-07-25T00:00:00.000000Z
2023-07-26T00:00:00.000000Z,0.86453002691268921,0.86555999517440796,0.86100000143051147,0.86453002691268921,0,2023-07-27T00:00:00.000000Z
2023-07-27T00:00:00.000000Z,0.86154001951217651,0.86927002668380737,0.85530000925064087,0.86154001951217651,0,2023-07-28T00:00:00.000000Z
2023-07-28T00:00:00.000000Z,0.8688499927520752,0.87339997291564941,0.86612999439239502,0.8688499927520752,0,2023-07-29T00:00:00.000000Z
2023-07-31T00:00:00.000000Z,0.8698199987411499,0.87288999557495117,0.86656999588012695,0.8698199987411499,0,2023-08-01T00:00:00.000000Z
2023-08-01T00:00:00.000000Z,0.87164998054504395,0.87774002552032471,0.87110000848770142,0.87164998054504395,0,2023-08-02T00:00:00.000000Z
2023-08-03T00:00:00.000000Z,0.87730997800827026,0.87980002164840698,0.87352001667022705,0.87730997800827026,0,2023-08-04T00:00:00.000000Z
2023-08-04T00:00:00.000000Z,0.87422001361846924,0.87814998626708984,0.87001001834869385,0.87422001361846924,0,2023-08-05T00:00:00.000000Z
2023-08-07T00:00:00.000000Z,0.87414997816085815,0.87722998857498169,0.87330001592636108,0.87414997816085815,0,2023-08-08T00:00:00.000000Z
2023-08-08T00:00:00.000000Z,0.87269997596740723,0.8781999945640564,0.8718000054359436,0.87269997596740723,0,2023-08-09T00:00:00.000000Z
2023-08-09T00:00:00.000000Z,0.87559998035430908,0.87821000814437866,0.87319999933242798,0.87559998035430908,0,2023-08-10T00:00:00.000000Z
2023-08-10T00:00:00.000000Z,0.87669998407363892,0.87756997346878052,0.86937999725341797,0.87669998407363892,0,2023-08-11T00:00:00.000000Z
2023-08-11T00:00:00.000000Z,0.87678998708724976,0.87791997194290161,0.87339001893997192,0.87678998708724976,0,2023-08-12T00:00:00.000000Z
2023-08-14T00:00:00.000000Z,0.87661999464035034,0.88261997699737549,0.87550002336502075,0.87661999464035034,0,2023-08-15T00:00:00.000000Z
2023-08-15T00:00:00.000000Z,0.87797999382019043,0.8792799711227417,0.87453997135162354,0.87797999382019043,0,2023-08-16T00:00:00.000000Z
2023-08-16T00:00:00.000000Z,0.87862002849578857,0.88109999895095825,0.87748998403549194,0.87862002849578857,0,2023-08-17T00:00:00.000000Z
2023-08-17T00:00:00.000000Z,0.88014000654220581,0.88089001178741455,0.87610000371932983,0.88014000654220581,0,2023-08-18T00:00:00.000000Z
2023-08-18T00:00:00.000000Z,0.87823998928070068,0.88235998153686523,0.87720000743865967,0.87823998928070068,0,2023-08-19T00:00:00.000000Z
2023-08-21T00:00:00.000000Z,0.88226997852325439,0.88270002603530884,0.87869000434875488,0.88226997852325439,0,2023-08-22T00:00:00.000000Z
2023-08-22T00:00:00.000000Z,0.87846201658248901,0.88086998462677002,0.87629997730255127,0.87846201658248901,0,2023-08-23T00:00:00.000000Z
2023-08-23T00:00:00.000000Z,0.87980002164840698,0.88159000873565674,0.87759000062942505,0.87980002164840698,0,2023-08-24T00:00:00.000000Z
2023-08-24T00:00:00.000000Z,0.87740999460220337,0.88372999429702759,0.87580001354217529,0.87740999460220337,0,2023-08-25T00:00:00.000000Z
2023-08-25T00:00:00.000000Z,0.88510000705718994,0.88744997978210449,0.88240998983383179,0.88510000705718994,0,2023-08-26T00:00:00.000000Z
2023-08-28T00:00:00.000000Z,0.88472998142242432,0.88530999422073364,0.88187998533248901,0.88472998142242432,0,2023-08-29T00:00:00.000000Z
2023-08-29T00:00:00.000000Z,0.88349997997283936,0.88586002588272095,0.87914001941680908,0.88349997997283936,0,2023-08-30T00:00:00.000000Z
2023-08-30T00:00:00.000000Z,0.8789600133895874,0.88027000427246094,0.87457001209259033,0.8789600133895874,0,2023-08-31T00:00:00.000000Z
2023-08-31T00:00:00.000000Z,0.87810999155044556,0.88454002141952515,0.8770899772644043,0.87810999155044556,0,2023-09-01T00:00:00.000000Z
2023-09-01T00:00:00.000000Z,0.88319998979568481,0.88585001230239868,0.87967997789382935,0.88319998979568481,0,2023-09-02T00:00:00.000000Z
2023-09-04T00:00:00.000000Z,0.88529002666473389,0.88549000024795532,0.8832399845123291,0.88529002666473389,0,2023-09-05T00:00:00.000000Z
2023-09-05T00:00:00.000000Z,0.8847699761390686,0.89021998643875122,0.88429999351501465,0.8847699761390686,0,2023-09-06T00:00:00.000000Z
2023-09-06T00:00:00.000000Z,0.88938999176025391,0.89424002170562744,0.88808000087738037,0.88938999176025391,0,2023-09-07T00:00:00.000000Z
2023-09-07T00:00:00.000000Z,0.89135998487472534,0.8939099907875061,0.89069998264312744,0.89135998487472534,0,2023-09-08T00:00:00.000000Z
2023-09-08T00:00:00.000000Z,0.89266997575759888,0.89311999082565308,0.88958001136779785,0.89266997575759888,0,2023-09-09T00:00:00.000000Z
2023-09-11T00:00:00.000000Z,0.89200001955032349,0.8921700119972229,0.88969999551773071,0.89200001955032349,0,2023-09-12T00:00:00.000000Z
2023-09-12T00:00:00.000000Z,0.89121001958847046,0.89341002702713013,0.89010000228881836,0.89121001958847046,0,2023-09-13T00:00:00.000000Z
2023-09-13T00:00:00.000000Z,0.89139002561569214,0.89473998546600342,0.89060002565383911,0.89139002561569214,0,2023-09-14T00:00:00.000000Z
2023-09-14T00:00:00.000000Z,0.89319998025894165,0.89674997329711914,0.8913000226020813,0.89319998025894165,0,2023-09-15T00:00:00.000000Z
2023-09-15T00:00:00.000000Z,0.89639997482299805,0.89771997928619385,0.8945000171661377,0.89639997482299805,0,2023-09-16T00:00:00.000000Z
2023-09-18T00:00:00.000000Z,0.89687997102737427,0.89818000793457031,0.89520001411437988,0.89687997102737427,0,2023-09-19T00:00:00.000000Z
2023-09-19T00:00:00.000000Z,0.89724999666213989,0.89824998378753662,0.89490002393722534,0.89724999666213989,0,2023-09-20T00:00:00.000000Z
2023-09-20T00:00:00.000000Z,0.89731001853942871,0.89833998680114746,0.89393997192382812,0.89731001853942871,0,2023-09-21T00:00:00.000000Z
2023-09-21T00:00:00.000000Z,0.89920002222061157,0.90776002407073975,0.89853000640869141,0.89920002222061157,0,2023-09-22T00:00:00.000000Z
2023-09-22T00:00:00.000000Z,0.90447002649307251,0.90697002410888672,0.90420001745223999,0.90447002649307251,0,2023-09-23T00:00:00.000000Z
2023-09-25T00:00:00.000000Z,0.90710002183914185,0.91338998079299927,0.90679997205734253,0.90710002183914185,0,2023-09-26T00:00:00.000000Z
2023-09-26T00:00:00.000000Z,0.91207998991012573,0.91487997770309448,0.91159999370574951,0.91207998991012573,0,2023-09-27T00:00:00.000000Z
2023-09-27T00:00:00.000000Z,0.91575998067855835,0.91993999481201172,0.91540002822875977,0.91575998067855835,0,2023-09-28T00:00:00.000000Z
2023-09-28T00:00:00.000000Z,0.92081999778747559,0.92155998945236206,0.91471999883651733,0.92081999778747559,0,2023-09-29T00:00:00.000000Z
2023-09-29T00:00:00.000000Z,0.91475999355316162,0.91619002819061279,0.90916001796722412,0.91475999355316162,0,2023-09-30T00:00:00.000000Z
2023-10-02T00:00:00.000000Z,0.91548001766204834,0.91936999559402466,0.91105002164840698,0.91548001766204834,0,2023-10-03T00:00:00.000000Z
2023-10-04T00:00:00.000000Z,0.92097002267837524,0.92315000295639038,0.91443002223968506,0.92097002267837524,0,2023-10-05T00:00:00.000000Z
2023-10-05T00:00:00.000000Z,0.9166100025177002,0.91816002130508423,0.91320997476577759,0.9166100025177002,0,2023-10-06T00:00:00.000000Z
2023-10-06T00:00:00.000000Z,0.91259002685546875,0.91746997833251953,0.90729999542236328,0.91259002685546875,0,2023-10-07T00:00:00.000000Z
2023-10-09T00:00:00.000000Z,0.90869998931884766,0.91219997406005859,0.90609997510910034,0.90869998931884766,0,2023-10-10T00:00:00.000000Z
2023-10-10T00:00:00.000000Z,0.90483999252319336,0.90828001499176025,0.90319997072219849,0.90483999252319336,0,2023-10-11T00:00:00.000000Z
2023-10-11T00:00:00.000000Z,0.90455001592636108,0.90530002117156982,0.90039002895355225,0.90455001592636108,0,2023-10-12T00:00:00.000000Z
2023-10-12T00:00:00.000000Z,0.90099000930786133,0.90696001052856445,0.89876002073287964,0.90099000930786133,0,2023-10-13T00:00:00.000000Z
2023-10-13T00:00:00.000000Z,0.90781998634338379,0.90841001272201538,0.90144002437591553,0.90781998634338379,0,2023-10-14T00:00:00.000000Z
2023-10-16T00:00:00.000000Z,0.90249001979827881,0.90420001745223999,0.90060001611709595,0.90249001979827881,0,2023-10-17T00:00:00.000000Z
2023-10-17T00:00:00.000000Z,0.90047001838684082,0.90319997072219849,0.89869999885559082,0.90047001838684082,0,2023-10-18T00:00:00.000000Z
2023-10-18T00:00:00.000000Z,0.90011000633239746,0.90079998970031738,0.89547997713088989,0.90011000633239746,0,2023-10-19T00:00:00.000000Z
2023-10-19T00:00:00.000000Z,0.89857000112533569,0.90017002820968628,0.89455002546310425,0.89857000112533569,0,2023-10-20T00:00:00.000000Z
2023-10-20T00:00:00.000000Z,0.89178997278213501,0.89337998628616333,0.89035999774932861,0.89178997278213501,0,2023-10-21T00:00:00.000000Z
2023-10-23T00:00:00.000000Z,0.89319998025894165,0.89547997713088989,0.89109998941421509,0.89319998025894165,0,2023-10-24T00:00:00.000000Z
2023-10-24T00:00:00.000000Z,0.89060002565383911,0.89480000734329224,0.88883000612258911,0.89060002565383911,0,2023-10-25T00:00:00.000000Z
2023-10-25T00:00:00.000000Z,0.89306002855300903,0.89639997482299805,0.89190000295639038,0.89306002855300903,0,2023-10-26T00:00:00.000000Z
2023-10-26T00:00:00.000000Z,0.89670002460479736,0.89993000030517578,0.89639997482299805,0.89670002460479736,0,2023-10-27T00:00:00.000000Z
2023-10-27T00:00:00.000000Z,0.89882999658584595,0.9034000039100647,0.89800000190734863,0.89882999658584595,0,2023-10-28T00:00:00.000000Z
2023-10-30T00:00:00.000000Z,0.90240001678466797,0.90474998950958252,0.90049999952316284,0.90240001678466797,0,2023-10-31T00:00:00.000000Z
2023-10-31T00:00:00.000000Z,0.90205997228622437,0.9100000262260437,0.90090000629425049,0.90205997228622437,0,2023-11-01T00:00:00.000000Z
2023-11-01T00:00:00.000000Z,0.90979999303817749,0.9106600284576416,0.9071199893951416,0.90979999303817749,0,2023-11-02T00:00:00.000000Z
2023-11-02T00:00:00.000000Z,0.90555000305175781,0.90643000602722168,0.90149998664855957,0.90555000305175781,0,2023-11-03T00:00:00.000000Z
2023-11-03T00:00:00.000000Z,0.90609997510910034,0.90729999542236328,0.89770001173019409,0.90609997510910034,0,2023-11-04T00:00:00.000000Z
2023-11-06T00:00:00.000000Z,0.89920997619628906,0.89951002597808838,0.89529997110366821,0.89920997619628906,0,2023-11-07T00:00:00.000000Z
2023-11-07T00:00:00.000000Z,0.89920002222061157,0.90160000324249268,0.89850002527236938,0.89920002222061157,0,2023-11-08T00:00:00.000000Z
2023-11-08T00:00:00.000000Z,0.89996999502182007,0.90236997604370117,0.89749997854232788,0.89996999502182007,0,2023-11-09T00:00:00.000000Z
2023-11-09T00:00:00.000000Z,0.89907997846603394,0.90145999193191528,0.89859998226165771,0.89907997846603394,0,2023-11-10T00:00:00.000000Z
2023-11-10T00:00:00.000000Z,0.90315002202987671,0.90447998046875,0.9000999927520752,0.90315002202987671,0,2023-11-11T00:00:00.000000Z
2023-11-13T00:00:00.000000Z,0.90197998285293579,0.90516000986099243,0.90069997310638428,0.90197998285293579,0,2023-11-14T00:00:00.000000Z
2023-11-14T00:00:00.000000Z,0.90119999647140503,0.90261000394821167,0.89020001888275146,0.90119999647140503,0,2023-11-15T00:00:00.000000Z
2023-11-15T00:00:00.000000Z,0.88910001516342163,0.89025002717971802,0.88599997758865356,0.88910001516342163,0,2023-11-16T00:00:00.000000Z
2023-11-16T00:00:00.000000Z,0.88708001375198364,0.88991999626159668,0.88529998064041138,0.88708001375198364,0,2023-11-17T00:00:00.000000Z
2023-11-17T00:00:00.000000Z,0.88848000764846802,0.88936001062393188,0.88599997758865356,0.88848000764846802,0,2023-11-18T00:00:00.000000Z
2023-11-20T00:00:00.000000Z,0.88593000173568726,0.88647902011871338,0.88230001926422119,0.88593000173568726,0,2023-11-21T00:00:00.000000Z
2023-11-21T00:00:00.000000Z,0.88436001539230347,0.88450998067855835,0.88190001249313354,0.88436001539230347,0,2023-11-22T00:00:00.000000Z
2023-11-22T00:00:00.000000Z,0.88318002223968506,0.88741999864578247,0.88200002908706665,0.88318002223968506,0,2023-11-23T00:00:00.000000Z
2023-11-23T00:00:00.000000Z,0.88402998447418213,0.88482999801635742,0.88169997930526733,0.88402998447418213,0,2023-11-24T00:00:00.000000Z
2023-11-24T00:00:00.000000Z,0.88446998596191406,0.88480997085571289,0.88113999366760254,0.88446998596191406,0,2023-11-25T00:00:00.000000Z
2023-11-27T00:00:00.000000Z,0.88225001096725464,0.88278102874755859,0.87929999828338623,0.88225001096725464,0,2023-11-28T00:00:00.000000Z
2023-11-28T00:00:00.000000Z,0.87999999523162842,0.88182002305984497,0.87610000371932983,0.87999999523162842,0,2023-11-29T00:00:00.000000Z
2023-11-29T00:00:00.000000Z,0.87690001726150513,0.87826001644134521,0.87319999933242798,0.87690001726150513,0,2023-11-30T00:00:00.000000Z
2023-11-30T00:00:00.000000Z,0.87331998348236084,0.87702000141143799,0.86893999576568604,0.87331998348236084,0,2023-12-01T00:00:00.000000Z
2023-12-01T00:00:00.000000Z,0.87466001510620117,0.8767399787902832,0.86959999799728394,0.87466001510620117,0,2023-12-02T00:00:00.000000Z
2023-12-04T00:00:00.000000Z,0.86785000562667847,0.87537997961044312,0.86750298738479614,0.86785000562667847,0,2023-12-05T00:00:00.000000Z
2023-12-05T00:00:00.000000Z,0.87251001596450806,0.87650001049041748,0.87120002508163452,0.87251001596450806,0,2023-12-06T00:00:00.000000Z
2023-12-06T00:00:00.000000Z,0.87493598461151123,0.87578999996185303,0.87279999256134033,0.87493598461151123,0,2023-12-07T00:00:00.000000Z
2023-12-07T00:00:00.000000Z,0.87463998794555664,0.87805002927780151,0.87269997596740723,0.87463998794555664,0,2023-12-08T00:00:00.000000Z
2023-12-08T00:00:00.000000Z,0.87544000148773193,0.88116997480392456,0.87409001588821411,0.87544000148773193,0,2023-12-09T00:00:00.000000Z
2023-12-11T00:00:00.000000Z,0.8796200156211853,0.88143998384475708,0.87847000360488892,0.8796200156211853,0,2023-12-12T00:00:00.000000Z
2023-12-12T00:00:00.000000Z,0.87809997797012329,0.87839001417160034,0.87282001972198486,0.87809997797012329,0,2023-12-13T00:00:00.000000Z
2023-12-13T00:00:00.000000Z,0.87512999773025513,0.87777000665664673,0.87480002641677856,0.87512999773025513,0,2023-12-14T00:00:00.000000Z
2023-12-14T00:00:00.000000Z,0.87097001075744629,0.87290000915527344,0.8629000186920166,0.87097001075744629,0,2023-12-15T00:00:00.000000Z
2023-12-15T00:00:00.000000Z,0.86712998151779175,0.86978000402450562,0.86489999294281006,0.86712998151779175,0,2023-12-16T00:00:00.000000Z
2023-12-18T00:00:00.000000Z,0.87061202526092529,0.87099999189376831,0.86667001247406006,0.87061202526092529,0,2023-12-19T00:00:00.000000Z
2023-12-19T00:00:00.000000Z,0.86711001396179199,0.86754000186920166,0.85930001735687256,0.86711001396179199,0,2023-12-20T00:00:00.000000Z
2023-12-20T00:00:00.000000Z,0.86030000448226929,0.86493998765945435,0.86009997129440308,0.86030000448226929,0,2023-12-21T00:00:00.000000Z
2023-12-21T00:00:00.000000Z,0.86246001720428467,0.86318999528884888,0.8562999963760376,0.86246001720428467,0,2023-12-22T00:00:00.000000Z
2023-12-22T00:00:00.000000Z,0.85627001523971558,0.85730999708175659,0.85154002904891968,0.85627001523971558,0,2023-12-23T00:00:00.000000Z
2023-12-25T00:00:00.000000Z,0.85506999492645264,0.85809999704360962,0.85452699661254883,0.85506999492645264,0,2023-12-26T00:00:00.000000Z
2023-12-26T00:00:00.000000Z,0.8557400107383728,0.85794001817703247,0.85404002666473389,0.8557400107383728,0,2023-12-27T00:00:00.000000Z
2023-12-27T00:00:00.000000Z,0.85357999801635742,0.85470002889633179,0.84118002653121948,0.85357999801635742,0,2023-12-28T00:00:00.000000Z
2023-12-28T00:00:00.000000Z,0.84232997894287109,0.84249997138977051,0.83300000429153442,0.84232997894287109,0,2023-12-29T00:00:00.000000Z
2023-12-29T00:00:00.000000Z,0.84336000680923462,0.84352999925613403,0.83590000867843628,0.84336000680923462,0,2023-12-30T00:00:00.000000Z
2024-01-01T00:00:00.000000Z,0.84075897932052612,0.84189999103546143,0.84075897932052612,0.84075897932052612,0,2024-01-02T00:00:00.000000Z
2024-01-02T00:00:00.000000Z,0.84188997745513916,0.85016000270843506,0.84169000387191772,0.84188997745513916,0,2024-01-03T00:00:00.000000Z
2024-01-03T00:00:00.000000Z,0.85012000799179077,0.85540002584457397,0.84869998693466187,0.85012000799179077,0,2024-01-04T00:00:00.000000Z
2024-01-04T00:00:00.000000Z,0.84890002012252808,0.85285001993179321,0.8477100133895874,0.84890002012252808,0,2024-01-05T00:00:00.000000Z
2024-01-05T00:00:00.000000Z,0.85000002384185791,0.85688000917434692,0.84560000896453857,0.85000002384185791,0,2024-01-06T00:00:00.000000Z
2024-01-08T00:00:00.000000Z,0.85073000192642212,0.85210001468658447,0.84579998254776001,0.85073000192642212,0,2024-01-09T00:00:00.000000Z
2024-01-09T00:00:00.000000Z,0.84789997339248657,0.85297000408172607,0.84646999835968018,0.84789997339248657,0,2024-01-10T00:00:00.000000Z
2024-01-10T00:00:00.000000Z,0.85237002372741699,0.85343998670578003,0.8507000207901001,0.85237002372741699,0,2024-01-11T00:00:00.000000Z
2024-01-11T00:00:00.000000Z,0.85049998760223389,0.85628998279571533,0.84880000352859497,0.85049998760223389,0,2024-01-12T00:00:00.000000Z
2024-01-12T00:00:00.000000Z,0.8510100245475769,0.85491001605987549,0.84894001483917236,0.8510100245475769,0,2024-01-13T00:00:00.000000Z
2024-01-15T00:00:00.000000Z,0.85332000255584717,0.85554999113082886,0.85320001840591431,0.85332000255584717,0,2024-01-16T00:00:00.000000Z
2024-01-16T00:00:00.000000Z,0.85597997903823853,0.86142998933792114,0.85587000846862793,0.85597997903823853,0,2024-01-17T00:00:00.000000Z
2024-01-17T00:00:00.000000Z,0.86129999160766602,0.86845999956130981,0.86059999465942383,0.86129999160766602,0,2024-01-18T00:00:00.000000Z
2024-01-18T00:00:00.000000Z,0.8643220067024231,0.8689500093460083,0.86309999227523804,0.8643220067024231,0,2024-01-19T00:00:00.000000Z
2024-01-19T00:00:00.000000Z,0.8680800199508667,0.8702399730682373,0.86750000715255737,0.8680800199508667,0,2024-01-20T00:00:00.000000Z
2024-01-22T00:00:00.000000Z,0.86848002672195435,0.86993998289108276,0.86650002002716064,0.86848002672195435,0,2024-01-23T00:00:00.000000Z
2024-01-23T00:00:00.000000Z,0.86912000179290771,0.87269997596740723,0.86500000953674316,0.86912000179290771,0,2024-01-24T00:00:00.000000Z
2024-01-24T00:00:00.000000Z,0.86959999799728394,0.86987000703811646,0.86070001125335693,0.86959999799728394,0,2024-01-25T00:00:00.000000Z
2024-01-25T00:00:00.000000Z,0.86302000284194946,0.86835998296737671,0.86269998550415039,0.86302000284194946,0,2024-01-26T00:00:00.000000Z
2024-01-26T00:00:00.000000Z,0.86690002679824829,0.86843997240066528,0.86159998178482056,0.86690002679824829,0,2024-01-27T00:00:00.000000Z
2024-01-29T00:00:00.000000Z,0.86413997411727905,0.86487001180648804,0.86049997806549072,0.86413997411727905,0,2024-01-30T00:00:00.000000Z
2024-01-30T00:00:00.000000Z,0.86132001876831055,0.86425000429153442,0.86084997653961182,0.86132001876831055,0,2024-01-31T00:00:00.000000Z
2024-01-31T00:00:00.000000Z,0.86185997724533081,0.86421000957489014,0.85539001226425171,0.86185997724533081,0,2024-02-01T00:00:00.000000Z
2024-02-01T00:00:00.000000Z,0.86233997344970703,0.86492002010345459,0.85734999179840088,0.86233997344970703,0,2024-02-02T00:00:00.000000Z
2024-02-02T00:00:00.000000Z,0.8576200008392334,0.86776000261306763,0.85509997606277466,0.8576200008392334,0,2024-02-03T00:00:00.000000Z
2024-02-05T00:00:00.000000Z,0.86698001623153687,0.87177002429962158,0.86685997247695923,0.86698001623153687,0,2024-02-06T00:00:00.000000Z
2024-02-06T00:00:00.000000Z,0.87070000171661377,0.87391000986099243,0.86890000104904175,0.87070000171661377,0,2024-02-07T00:00:00.000000Z
2024-02-07T00:00:00.000000Z,0.86949998140335083,0.87344002723693848,0.86879998445510864,0.86949998140335083,0,2024-02-08T00:00:00.000000Z
2024-02-08T00:00:00.000000Z,0.87391000986099243,0.87598997354507446,0.87220001220703125,0.87391000986099243,0,2024-02-09T00:00:00.000000Z
2024-02-09T00:00:00.000000Z,0.87344998121261597,0.87617999315261841,0.87300002574920654,0.87344998121261597,0,2024-02-10T00:00:00.000000Z
2024-02-12T00:00:00.000000Z,0.87415999174118042,0.87721997499465942,0.87265998125076294,0.87415999174118042,0,2024-02-13T00:00:00.000000Z
2024-02-13T00:00:00.000000Z,0.87580001354217529,0.88753002882003784,0.87536001205444336,0.87580001354217529,0,2024-02-14T00:00:00.000000Z
2024-02-14T00:00:00.000000Z,0.88740998506546021,0.88848000764846802,0.88489997386932373,0.88740998506546021,0,2024-02-15T00:00:00.000000Z
2024-02-15T00:00:00.000000Z,0.88510000705718994,0.88573002815246582,0.87809997797012329,0.88510000705718994,0,2024-02-16T00:00:00.000000Z
2024-02-16T00:00:00.000000Z,0.87980002164840698,0.88374000787734985,0.87959998846054077,0.87980002164840698,0,2024-02-17T00:00:00.000000Z
2024-02-19T00:00:00.000000Z,0.88069999217987061,0.88208001852035522,0.87949997186660767,0.88064998388290405,0,2024-02-20T00:00:00.000000Z
2024-02-20T00:00:00.000000Z,0.88274699449539185,0.88375997543334961,0.87849998474121094,0.88274699449539185,0,2024-02-21T00:00:00.000000Z
2024-02-21T00:00:00.000000Z,0.88181000947952271,0.88198000192642212,0.87919998168945312,0.88181000947952271,0,2024-02-22T00:00:00.000000Z
2024-02-22T00:00:00.000000Z,0.87924998998641968,0.88204997777938843,0.87440001964569092,0.87924998998641968,0,2024-02-23T00:00:00.000000Z
2024-02-23T00:00:00.000000Z,0.87994998693466187,0.88186001777648926,0.87800002098083496,0.87994998693466187,0,2024-02-24T00:00:00.000000Z
2024-02-26T00:00:00.000000Z,0.88125002384185791,0.88214999437332153,0.87860000133514404,0.88125002384185791,0,2024-02-27T00:00:00.000000Z
2024-02-27T00:00:00.000000Z,0.87989997863769531,0.88094997406005859,0.87847000360488892,0.87989997863769531,0,2024-02-28T00:00:00.000000Z
2024-02-28T00:00:00.000000Z,0.87879997491836548,0.88155001401901245,0.87840002775192261,0.87879997491836548,0,2024-02-29T00:00:00.000000Z
2024-02-29T00:00:00.000000Z,0.87870997190475464,0.88349002599716187,0.87779998779296875,0.87870997190475464,0,2024-03-01T00:00:00.000000Z
2024-03-01T00:00:00.000000Z,0.88440001010894775,0.88919001817703247,0.88380002975463867,0.88440001010894775,0,2024-03-02T00:00:00.000000Z
2024-03-04T00:00:00.000000Z,0.88334000110626221,0.88631999492645264,0.88050001859664917,0.88334000110626221,0,2024-03-05T00:00:00.000000Z
2024-03-05T00:00:00.000000Z,0.88520002365112305,0.88656997680664062,0.88239997625350952,0.88520002365112305,0,2024-03-06T00:00:00.000000Z
2024-03-06T00:00:00.000000Z,0.88358002901077271,0.88551002740859985,0.8805999755859375,0.88358002901077271,0,2024-03-07T00:00:00.000000Z
2024-03-07T00:00:00.000000Z,0.88209998607635498,0.88226997852325439,0.87730002403259277,0.88209998607635498,0,2024-03-08T00:00:00.000000Z
2024-03-08T00:00:00.000000Z,0.87709999084472656,0.87769001722335815,0.87308001518249512,0.87709999084472656,0,2024-03-09T00:00:00.000000Z
2024-03-11T00:00:00.000000Z,0.87751001119613647,0.87940001487731934,0.87529999017715454,0.87751001119613647,0,2024-03-12T00:00:00.000000Z
2024-03-12T00:00:00.000000Z,0.87725001573562622,0.8794100284576416,0.87494999170303345,0.87725001573562622,0,2024-03-13T00:00:00.000000Z
2024-03-13T00:00:00.000000Z,0.87739002704620361,0.87882000207901001,0.87650001049041748,0.87739002704620361,0,2024-03-14T00:00:00.000000Z
2024-03-14T00:00:00.000000Z,0.87838000059127808,0.88366001844406128,0.87809997797012329,0.87838000059127808,0,2024-03-15T00:00:00.000000Z
2024-03-15T00:00:00.000000Z,0.88427001237869263,0.88520002365112305,0.88169997930526733,0.88427001237869263,0,2024-03-16T00:00:00.000000Z
2024-03-18T00:00:00.000000Z,0.8835899829864502,0.88639998435974121,0.88209998607635498,0.8835899829864502,0,2024-03-19T00:00:00.000000Z
2024-03-19T00:00:00.000000Z,0.88751000165939331,0.88981002569198608,0.88660001754760742,0.88751000165939331,0,2024-03-20T00:00:00.000000Z
2024-03-20T00:00:00.000000Z,0.88854002952575684,0.89178997278213501,0.88830000162124634,0.88854002952575684,0,2024-03-21T00:00:00.000000Z
2024-03-21T00:00:00.000000Z,0.88555002212524414,0.89924001693725586,0.883899986743927,0.88555002212524414,0,2024-03-22T00:00:00.000000Z
2024-03-22T00:00:00.000000Z,0.89767998456954956,0.90189999341964722,0.8968999981880188,0.89767998456954956,0,2024-03-23T00:00:00.000000Z
2024-03-25T00:00:00.000000Z,0.89762002229690552,0.89859998226165771,0.89679998159408569,0.89762002229690552,0,2024-03-26T00:00:00.000000Z
2024-03-26T00:00:00.000000Z,0.89946997165679932,0.90430998802185059,0.89880001544952393,0.89946997165679932,0,2024-03-27T00:00:00.000000Z
2024-03-27T00:00:00.000000Z,0.90364998579025269,0.9071199893951416,0.90319997072219849,0.90364998579025269,0,2024-03-28T00:00:00.000000Z
2024-03-28T00:00:00.000000Z,0.90549999475479126,0.90644001960754395,0.90053999423980713,0.90549999475479126,0,2024-03-29T00:00:00.000000Z
2024-03-29T00:00:00.000000Z,0.9010699987411499,0.9027400016784668,0.90026998519897461,0.9010699987411499,0,2024-03-30T00:00:00.000000Z
2024-04-01T00:00:00.000000Z,0.90200001001358032,0.90557998418807983,0.90039998292922974,0.90200001001358032,0,2024-04-02T00:00:00.000000Z
2024-04-02T00:00:00.000000Z,0.90507000684738159,0.90894001722335815,0.90490001440048218,0.90507000684738159,0,2024-04-03T00:00:00.000000Z
2024-04-03T00:00:00.000000Z,0.90781998634338379,0.90947002172470093,0.90319997072219849,0.90781998634338379,0,2024-04-04T00:00:00.000000Z
2024-04-04T00:00:00.000000Z,0.90289002656936646,0.90745002031326294,0.9024999737739563,0.90289002656936646,0,2024-04-05T00:00:00.000000Z
2024-04-05T00:00:00.000000Z,0.90151000022888184,0.90676999092102051,0.89969998598098755,0.90151000022888184,0,2024-04-06T00:00:00.000000Z
2024-04-08T00:00:00.000000Z,0.90316998958587646,0.90635001659393311,0.90230000019073486,0.90316998958587646,0,2024-04-09T00:00:00.000000Z
2024-04-09T00:00:00.000000Z,0.90500998497009277,0.90557998418807983,0.90119999647140503,0.90500998497009277,0,2024-04-10T00:00:00.000000Z
2024-04-10T00:00:00.000000Z,0.90298002958297729,0.91307997703552246,0.90270000696182251,0.90298002958297729,0,2024-04-11T00:00:00.000000Z
2024-04-11T00:00:00.000000Z,0.91303998231887817,0.91457998752593994,0.90755999088287354,0.91303998231887817,0,2024-04-12T00:00:00.000000Z
2024-04-12T00:00:00.000000Z,0.90982997417449951,0.9136199951171875,0.90937000513076782,0.90982997417449951,0,2024-04-13T00:00:00.000000Z
2024-04-15T00:00:00.000000Z,0.91377002000808716,0.91512000560760498,0.91210001707077026,0.91377002000808716,0,2024-04-16T00:00:00.000000Z
2024-04-16T00:00:00.000000Z,0.91159999370574951,0.91408997774124146,0.91123002767562866,0.91159999370574951,0,2024-04-17T00:00:00.000000Z
2024-04-17T00:00:00.000000Z,0.91255998611450195,0.9131699800491333,0.90939998626708984,0.91255998611450195,0,2024-04-18T00:00:00.000000Z
2024-04-18T00:00:00.000000Z,0.91039997339248657,0.91212999820709229,0.90789997577667236,0.91039997339248657,0,2024-04-19T00:00:00.000000Z
2024-04-19T00:00:00.000000Z,0.91210001707077026,0.91264998912811279,0.90183001756668091,0.91210001707077026,0,2024-04-20T00:00:00.000000Z
2024-04-22T00:00:00.000000Z,0.91119998693466187,0.91231000423431396,0.90979999303817749,0.91098302602767944,0,2024-04-23T00:00:00.000000Z
2024-04-23T00:00:00.000000Z,0.91188997030258179,0.91294002532958984,0.90839999914169312,0.91188997030258179,0,2024-04-24T00:00:00.000000Z
2024-04-24T00:00:00.000000Z,0.91140002012252808,0.91517001390457153,0.91109997034072876,0.91140002012252808,0,2024-04-25T00:00:00.000000Z
2024-04-25T00:00:00.000000Z,0.91443997621536255,0.91562998294830322,0.91210001707077026,0.91443997621536255,0,2024-04-26T00:00:00.000000Z
2024-04-26T00:00:00.000000Z,0.91251999139785767,0.91492998600006104,0.90969997644424438,0.91251999139785767,0,2024-04-27T00:00:00.000000Z
2024-04-29T00:00:00.000000Z,0.91368800401687622,0.91434001922607422,0.90950000286102295,0.91368800401687622,0,2024-04-30T00:00:00.000000Z
2024-04-30T00:00:00.000000Z,0.91071999073028564,0.91777002811431885,0.91039997339248657,0.91071999073028564,0,2024-05-01T00:00:00.000000Z
2024-05-01T00:00:00.000000Z,0.91948997974395752,0.92224997282028198,0.91869997978210449,0.91948997974395752,0,2024-05-02T00:00:00.000000Z
2024-05-02T00:00:00.000000Z,0.91636002063751221,0.91728001832962036,0.91060000658035278,0.91636002063751221,0,2024-05-03T00:00:00.000000Z
2024-05-03T00:00:00.000000Z,0.90977001190185547,0.91043001413345337,0.90074998140335083,0.90977001190185547,0,2024-05-04T00:00:00.000000Z
2024-05-06T00:00:00.000000Z,0.90593999624252319,0.90626001358032227,0.9034000039100647,0.90593999624252319,0,2024-05-07T00:00:00.000000Z
2024-05-07T00:00:00.000000Z,0.9067000150680542,0.90856999158859253,0.90560001134872437,0.9067000150680542,0,2024-05-08T00:00:00.000000Z
2024-05-08T00:00:00.000000Z,0.90847998857498169,0.90950000286102295,0.90719997882843018,0.90847998857498169,0,2024-05-09T00:00:00.000000Z
2024-05-09T00:00:00.000000Z,0.9079899787902832,0.90981000661849976,0.9060099720954895,0.9079899787902832,0,2024-05-10T00:00:00.000000Z
2024-05-10T00:00:00.000000Z,0.90584999322891235,0.90839999914169312,0.90549999475479126,0.90584999322891235,0,2024-05-11T00:00:00.000000Z
2024-05-13T00:00:00.000000Z,0.90644997358322144,0.90762001276016235,0.90450000762939453,0.90644997358322144,0,2024-05-14T00:00:00.000000Z
2024-05-14T00:00:00.000000Z,0.90789997577667236,0.90935999155044556,0.90549999475479126,0.90789997577667236,0,2024-05-15T00:00:00.000000Z
2024-05-15T00:00:00.000000Z,0.9067000150680542,0.90697002410888672,0.9018399715423584,0.9067000150680542,0,2024-05-16T00:00:00.000000Z
2024-05-16T00:00:00.000000Z,0.90052998065948486,0.90565997362136841,0.89882999658584595,0.90052998065948486,0,2024-05-17T00:00:00.000000Z
2024-05-20T00:00:00.000000Z,0.90869998931884766,0.91080999374389648,0.90780001878738403,0.90869998931884766,0,2024-05-21T00:00:00.000000Z
2024-05-21T00:00:00.000000Z,0.91012001037597656,0.91153997182846069,0.90850001573562622,0.91012001037597656,0,2024-05-22T00:00:00.000000Z
2024-05-22T00:00:00.000000Z,0.91115999221801758,0.91571998596191406,0.91060000658035278,0.91115999221801758,0,2024-05-23T00:00:00.000000Z
2024-05-23T00:00:00.000000Z,0.91500002145767212,0.91528999805450439,0.91250002384185791,0.91500002145767212,0,2024-05-24T00:00:00.000000Z
2024-05-24T00:00:00.000000Z,0.91433000564575195,0.91566002368927002,0.91360002756118774,0.91433000564575195,0,2024-05-25T00:00:00.000000Z
2024-05-27T00:00:00.000000Z,0.91439998149871826,0.91527998447418213,0.91299998760223389,0.91439998149871826,0,2024-05-28T00:00:00.000000Z
2024-05-28T00:00:00.000000Z,0.9132000207901001,0.9132000207901001,0.90839999914169312,0.9132000207901001,0,2024-05-29T00:00:00.000000Z
2024-05-29T00:00:00.000000Z,0.91228997707366943,0.91418999433517456,0.91100001335144043,0.91228997707366943,0,2024-05-30T00:00:00.000000Z
2024-05-30T00:00:00.000000Z,0.91280001401901245,0.9140700101852417,0.90319997072219849,0.91280001401901245,0,2024-05-31T00:00:00.000000Z
2024-05-31T00:00:00.000000Z,0.90331000089645386,0.90679001808166504,0.9002000093460083,0.90331000089645386,0,2024-06-01T00:00:00.000000Z
2024-06-03T00:00:00.000000Z,0.90131998062133789,0.9035000205039978,0.89480000734329224,0.90131998062133789,0,2024-06-04T00:00:00.000000Z
2024-06-04T00:00:00.000000Z,0.8950200080871582,0.89692997932434082,0.88940000534057617,0.8950200080871582,0,2024-06-05T00:00:00.000000Z
2024-06-05T00:00:00.000000Z,0.8899499773979187,0.89481997489929199,0.88993000984191895,0.8899499773979187,0,2024-06-06T00:00:00.000000Z
2024-06-06T00:00:00.000000Z,0.89249998331069946,0.89305001497268677,0.89010000228881836,0.89249998331069946,0,2024-06-07T00:00:00.000000Z
2024-06-07T00:00:00.000000Z,0.88972002267837524,0.89719998836517334,0.8881000280380249,0.88972002267837524,0,2024-06-08T00:00:00.000000Z
2024-06-10T00:00:00.000000Z,0.89609998464584351,0.89824998378753662,0.89529997110366821,0.89609998464584351,0,2024-06-11T00:00:00.000000Z
2024-06-11T00:00:00.000000Z,0.89657998085021973,0.89921998977661133,0.89569997787475586,0.89657998085021973,0,2024-06-12T00:00:00.000000Z
2024-06-12T00:00:00.000000Z,0.89778000116348267,0.89829999208450317,0.88959002494812012,0.89778000116348267,0,2024-06-13T00:00:00.000000Z
2024-06-13T00:00:00.000000Z,0.8942599892616272,0.8966599702835083,0.89319998025894165,0.8942599892616272,0,2024-06-14T00:00:00.000000Z
2024-06-14T00:00:00.000000Z,0.89393001794815063,0.89473998546600342,0.88981997966766357,0.89393001794815063,0,2024-06-15T00:00:00.000000Z
2024-06-17T00:00:00.000000Z,0.89073002338409424,0.89319998025894165,0.89010000228881836,0.89073002338409424,0,2024-06-18T00:00:00.000000Z
2024-06-18T00:00:00.000000Z,0.88830000162124634,0.88990998268127441,0.88270002603530884,0.88830000162124634,0,2024-06-19T00:00:00.000000Z
2024-06-19T00:00:00.000000Z,0.88418000936508179,0.88538998365402222,0.88330000638961792,0.88418000936508179,0,2024-06-20T00:00:00.000000Z
2024-06-20T00:00:00.000000Z,0.88429999351501465,0.89254999160766602,0.88309997320175171,0.88429999351501465,0,2024-06-21T00:00:00.000000Z
2024-06-21T00:00:00.000000Z,0.89148998260498047,0.89437001943588257,0.89029997587203979,0.89148998260498047,0,2024-06-22T00:00:00.000000Z
2024-06-24T00:00:00.000000Z,0.89410001039505005,0.89437997341156006,0.89219999313354492,0.89410001039505005,0,2024-06-25T00:00:00.000000Z
2024-06-25T00:00:00.000000Z,0.89319002628326416,0.89469999074935913,0.89099997282028198,0.89319002628326416,0,2024-06-26T00:00:00.000000Z
2024-06-26T00:00:00.000000Z,0.89520001411437988,0.89827001094818115,0.89453798532485962,0.89520001411437988,0,2024-06-27T00:00:00.000000Z
2024-06-27T00:00:00.000000Z,0.89670002460479736,0.89809000492095947,0.89560002088546753,0.89670002460479736,0,2024-06-28T00:00:00.000000Z
2024-06-28T00:00:00.000000Z,0.89851999282836914,0.90091997385025024,0.89793002605438232,0.89851999282836914,0,2024-06-29T00:00:00.000000Z
2024-07-01T00:00:00.000000Z,0.9002000093460083,0.90438997745513916,0.89840000867843628,0.9002000093460083,0,2024-07-02T00:00:00.000000Z
2024-07-02T00:00:00.000000Z,0.9031599760055542,0.90490001440048218,0.90280002355575562,0.9031599760055542,0,2024-07-03T00:00:00.000000Z
2024-07-03T00:00:00.000000Z,0.90368998050689697,0.90501999855041504,0.89840000867843628,0.90368998050689697,0,2024-07-04T00:00:00.000000Z
2024-07-04T00:00:00.000000Z,0.9007599949836731,0.90385997295379639,0.89910000562667847,0.9007599949836731,0,2024-07-05T00:00:00.000000Z
2024-07-05T00:00:00.000000Z,0.90025001764297485,0.90033000707626343,0.89679998159408569,0.90025001764297485,0,2024-07-06T00:00:00.000000Z
2024-07-08T00:00:00.000000Z,0.8952299952507019,0.89724999666213989,0.89420002698898315,0.8952299952507019,0,2024-07-09T00:00:00.000000Z
2024-07-09T00:00:00.000000Z,0.89780998229980469,0.89899998903274536,0.89670002460479736,0.89780998229980469,0,2024-07-10T00:00:00.000000Z
2024-07-10T00:00:00.000000Z,0.89740002155303955,0.89964002370834351,0.89630001783370972,0.89740002155303955,0,2024-07-11T00:00:00.000000Z
2024-07-11T00:00:00.000000Z,0.89920002222061157,0.89969998598098755,0.89160001277923584,0.89920002222061157,0,2024-07-12T00:00:00.000000Z
2024-07-12T00:00:00.000000Z,0.8960300087928772,0.89692997932434082,0.89332002401351929,0.8960300087928772,0,2024-07-13T00:00:00.000000Z
2024-07-15T00:00:00.000000Z,0.89688998460769653,0.89709997177124023,0.89310002326965332,0.89688998460769653,0,2024-07-16T00:00:00.000000Z
2024-07-16T00:00:00.000000Z,0.8954700231552124,0.89768999814987183,0.89429998397827148,0.8954700231552124,0,2024-07-17T00:00:00.000000Z
2024-07-17T00:00:00.000000Z,0.89322000741958618,0.89442998170852661,0.88349997997283936,0.89322000741958618,0,2024-07-18T00:00:00.000000Z
2024-07-18T00:00:00.000000Z,0.88235002756118774,0.8857799768447876,0.88204002380371094,0.88235002756118774,0,2024-07-19T00:00:00.000000Z
2024-07-22T00:00:00.000000Z,0.88801002502441406,0.89017999172210693,0.88700002431869507,0.88801002502441406,0,2024-07-23T00:00:00.000000Z
2024-07-23T00:00:00.000000Z,0.88950002193450928,0.89236998558044434,0.88870000839233398,0.88950002193450928,0,2024-07-24T00:00:00.000000Z
2024-07-24T00:00:00.000000Z,0.89152002334594727,0.89210999011993408,0.88300001621246338,0.89152002334594727,0,2024-07-25T00:00:00.000000Z
2024-07-25T00:00:00.000000Z,0.88502001762390137,0.88538002967834473,0.87749999761581421,0.88502001762390137,0,2024-07-26T00:00:00.000000Z
2024-07-26T00:00:00.000000Z,0.88063997030258179,0.88398998975753784,0.88010001182556152,0.88063997030258179,0,2024-07-27T00:00:00.000000Z
2024-07-29T00:00:00.000000Z,0.88429999351501465,0.88710999488830566,0.88179999589920044,0.88429999351501465,0,2024-07-30T00:00:00.000000Z
2024-07-30T00:00:00.000000Z,0.88609999418258667,0.88748002052307129,0.88470000028610229,0.88609999418258667,0,2024-07-31T00:00:00.000000Z
2024-07-31T00:00:00.000000Z,0.88203001022338867,0.88270002603530884,0.87705999612808228,0.88203001022338867,0,2024-08-01T00:00:00.000000Z
2024-08-01T00:00:00.000000Z,0.87813997268676758,0.87821000814437866,0.87322998046875,0.87813997268676758,0,2024-08-02T00:00:00.000000Z
2024-08-02T00:00:00.000000Z,0.87290000915527344,0.87331998348236084,0.85780000686645508,0.87290000915527344,0,2024-08-03T00:00:00.000000Z
2024-08-05T00:00:00.000000Z,0.85610002279281616,0.85710000991821289,0.84324997663497925,0.85610002279281616,0,2024-08-06T00:00:00.000000Z
2024-08-06T00:00:00.000000Z,0.85483002662658691,0.85697001218795776,0.85013997554779053,0.85483002662658691,0,2024-08-07T00:00:00.000000Z
2024-08-07T00:00:00.000000Z,0.85255002975463867,0.86593997478485107,0.85229998826980591,0.85255002975463867,0,2024-08-08T00:00:00.000000Z
2024-08-08T00:00:00.000000Z,0.85926997661590576,0.86728000640869141,0.85598999261856079,0.85926997661590576,0,2024-08-09T00:00:00.000000Z
2024-08-09T00:00:00.000000Z,0.86685001850128174,0.86711001396179199,0.86309999227523804,0.86685001850128174,0,2024-08-10T00:00:00.000000Z
2024-08-12T00:00:00.000000Z,0.86504000425338745,0.87115001678466797,0.86449998617172241,0.86504000425338745,0,2024-08-13T00:00:00.000000Z
2024-08-13T00:00:00.000000Z,0.86473000049591064,0.86791002750396729,0.86460000276565552,0.86473000049591064,0,2024-08-14T00:00:00.000000Z
2024-08-14T00:00:00.000000Z,0.86489999294281006,0.86581999063491821,0.8618999719619751,0.86505001783370972,0,2024-08-15T00:00:00.000000Z
2024-08-15T00:00:00.000000Z,0.86480599641799927,0.87470000982284546,0.86460000276565552,0.86480599641799927,0,2024-08-16T00:00:00.000000Z
2024-08-19T00:00:00.000000Z,0.86757999658584595,0.86760997772216797,0.86140000820159912,0.86757999658584595,0,2024-08-20T00:00:00.000000Z
2024-08-20T00:00:00.000000Z,0.86237001419067383,0.86251997947692871,0.85664999485015869,0.86237001419067383,0,2024-08-21T00:00:00.000000Z
2024-08-21T00:00:00.000000Z,0.85355997085571289,0.85604000091552734,0.85105001926422119,0.85355997085571289,0,2024-08-22T00:00:00.000000Z
2024-08-22T00:00:00.000000Z,0.85110002756118774,0.85333001613616943,0.84895002841949463,0.85110002756118774,0,2024-08-23T00:00:00.000000Z
2024-08-23T00:00:00.000000Z,0.85170000791549683,0.85404998064041138,0.84700000286102295,0.85170000791549683,0,2024-08-24T00:00:00.000000Z
2024-08-26T00:00:00.000000Z,0.84732002019882202,0.84838998317718506,0.84560000896453857,0.84732002019882202,0,2024-08-27T00:00:00.000000Z
2024-08-27T00:00:00.000000Z,0.84710001945495605,0.84838998317718506,0.84226000308990479,0.84710001945495605,0,2024-08-28T00:00:00.000000Z
2024-08-28T00:00:00.000000Z,0.84171998500823975,0.84504997730255127,0.8409000039100647,0.84171998500823975,0,2024-08-29T00:00:00.000000Z
2024-08-29T00:00:00.000000Z,0.84182000160217285,0.84925997257232666,0.83980000019073486,0.84182000160217285,0,2024-08-30T00:00:00.000000Z
2024-08-30T00:00:00.000000Z,0.84693998098373413,0.85092002153396606,0.84670001268386841,0.84693998098373413,0,2024-08-31T00:00:00.000000Z
2024-09-02T00:00:00.000000Z,0.85049998760223389,0.85343998670578003,0.84829998016357422,0.85049998760223389,0,2024-09-03T00:00:00.000000Z
2024-09-03T00:00:00.000000Z,0.85136997699737549,0.85363000631332397,0.84820002317428589,0.85136997699737549,0,2024-09-04T00:00:00.000000Z
2024-09-04T00:00:00.000000Z,0.84992998838424683,0.85167998075485229,0.84718000888824463,0.84992998838424683,0,2024-09-05T00:00:00.000000Z
2024-09-05T00:00:00.000000Z,0.84604001045227051,0.84895998239517212,0.84350001811981201,0.84604001045227051,0,2024-09-06T00:00:00.000000Z
2024-09-06T00:00:00.000000Z,0.84381002187728882,0.84741997718811035,0.83834999799728394,0.84381002187728882,0,2024-09-07T00:00:00.000000Z
2024-09-09T00:00:00.000000Z,0.84394001960754395,0.8493800163269043,0.84359997510910034,0.84394001960754395,0,2024-09-10T00:00:00.000000Z
2024-09-10T00:00:00.000000Z,0.84944999217987061,0.84983998537063599,0.84570002555847168,0.84944999217987061,0,2024-09-11T00:00:00.000000Z
2024-09-11T00:00:00.000000Z,0.84662002325057983,0.85140001773834229,0.84210002422332764,0.84662002325057983,0,2024-09-12T00:00:00.000000Z
2024-09-12T00:00:00.000000Z,0.85259997844696045,0.85490000247955322,0.85159999132156372,0.85259997844696045,0,2024-09-13T00:00:00.000000Z
2024-09-13T00:00:00.000000Z,0.84987998008728027,0.8500099778175354,0.84429997205734253,0.84987998008728027,0,2024-09-14T00:00:00.000000Z
2024-09-16T00:00:00.000000Z,0.84769999980926514,0.84807997941970825,0.84340000152587891,0.84769999980926514,0,2024-09-17T00:00:00.000000Z
2024-09-17T00:00:00.000000Z,0.84457999467849731,0.84763997793197632,0.84280002117156982,0.84457999467849731,0,2024-09-18T00:00:00.000000Z
2024-09-18T00:00:00.000000Z,0.84632998704910278,0.84635001420974731,0.84229999780654907,0.84632998704910278,0,2024-09-19T00:00:00.000000Z
2024-09-19T00:00:00.000000Z,0.84729999303817749,0.85145998001098633,0.84479999542236328,0.84729999303817749,0,2024-09-20T00:00:00.000000Z
2024-09-20T00:00:00.000000Z,0.84777998924255371,0.85164999961853027,0.84520000219345093,0.84777998924255371,0,2024-09-21T00:00:00.000000Z
2024-09-23T00:00:00.000000Z,0.85089999437332153,0.85174000263214111,0.84729999303817749,0.85089999437332153,0,2024-09-24T00:00:00.000000Z
2024-09-24T00:00:00.000000Z,0.84732002019882202,0.84895002841949463,0.84479999542236328,0.84732002019882202,0,2024-09-25T00:00:00.000000Z
2024-09-25T00:00:00.000000Z,0.84150999784469604,0.84965997934341431,0.84130001068115234,0.84150999784469604,0,2024-09-26T00:00:00.000000Z
2024-09-26T00:00:00.000000Z,0.85057002305984497,0.85128998756408691,0.84600001573562622,0.85057002305984497,0,2024-09-27T00:00:00.000000Z
2024-09-27T00:00:00.000000Z,0.84623998403549194,0.84926998615264893,0.84069997072219849,0.84623998403549194,0,2024-09-28T00:00:00.000000Z
2024-09-30T00:00:00.000000Z,0.84109997749328613,0.84565001726150513,0.84039998054504395,0.84049999713897705,0,2024-10-01T00:00:00.000000Z
2024-10-01T00:00:00.000000Z,0.84530997276306152,0.84817999601364136,0.84323000907897949,0.84530997276306152,0,2024-10-02T00:00:00.000000Z
2024-10-02T00:00:00.000000Z,0.84634000062942505,0.85074001550674438,0.84479999542236328,0.84634000062942505,0,2024-10-03T00:00:00.000000Z
2024-10-03T00:00:00.000000Z,0.84991002082824707,0.85414999723434448,0.84920001029968262,0.84991002082824707,0,2024-10-04T00:00:00.000000Z
2024-10-04T00:00:00.000000Z,0.85180997848510742,0.86058002710342407,0.8499000072479248,0.85180997848510742,0,2024-10-05T00:00:00.000000Z
2024-10-07T00:00:00.000000Z,0.85869002342224121,0.8587300181388855,0.85345000028610229,0.85869002342224121,0,2024-10-08T00:00:00.000000Z
2024-10-08T00:00:00.000000Z,0.85457998514175415,0.85835999250411987,0.85290002822875977,0.85457998514175415,0,2024-10-09T00:00:00.000000Z
2024-10-09T00:00:00.000000Z,0.85740000009536743,0.85982000827789307,0.8564000129699707,0.85740000009536743,0,2024-10-10T00:00:00.000000Z
2024-10-10T00:00:00.000000Z,0.8604699969291687,0.86116999387741089,0.85579997301101685,0.8604699969291687,0,2024-10-11T00:00:00.000000Z
2024-10-11T00:00:00.000000Z,0.85654997825622559,0.8583800196647644,0.85570001602172852,0.85654997825622559,0,2024-10-12T00:00:00.000000Z
2024-10-14T00:00:00.000000Z,0.85829997062683105,0.86400002241134644,0.85780000686645508,0.85829997062683105,0,2024-10-15T00:00:00.000000Z
2024-10-15T00:00:00.000000Z,0.86210000514984131,0.86364001035690308,0.86040002107620239,0.86210000514984131,0,2024-10-16T00:00:00.000000Z
2024-10-16T00:00:00.000000Z,0.86254000663757324,0.86562997102737427,0.86119997501373291,0.86254000663757324,0,2024-10-17T00:00:00.000000Z
2024-10-17T00:00:00.000000Z,0.86529999971389771,0.86694002151489258,0.8628000020980835,0.86529999971389771,0,2024-10-18T00:00:00.000000Z
2024-10-18T00:00:00.000000Z,0.86593002080917358,0.86690002679824829,0.86489999294281006,0.86593002080917358,0,2024-10-19T00:00:00.000000Z
2024-10-21T00:00:00.000000Z,0.86492997407913208,0.86593002080917358,0.86299997568130493,0.86492997407913208,0,2024-10-22T00:00:00.000000Z
2024-10-22T00:00:00.000000Z,0.8654099702835083,0.86619997024536133,0.86430001258850098,0.8654099702835083,0,2024-10-23T00:00:00.000000Z
2024-10-23T00:00:00.000000Z,0.86553001403808594,0.86856001615524292,0.86529999971389771,0.86553001403808594,0,2024-10-24T00:00:00.000000Z
2024-10-24T00:00:00.000000Z,0.86673998832702637,0.86712998151779175,0.86489999294281006,0.86673998832702637,0,2024-10-25T00:00:00.000000Z
2024-10-25T00:00:00.000000Z,0.86586999893188477,0.86739999055862427,0.86489999294281006,0.86586999893188477,0,2024-10-26T00:00:00.000000Z
2024-10-28T00:00:00.000000Z,0.86845999956130981,0.86994999647140503,0.86460000276565552,0.86845999956130981,0,2024-10-29T00:00:00.000000Z
2024-10-29T00:00:00.000000Z,0.86485999822616577,0.86970001459121704,0.86436998844146729,0.86485999822616577,0,2024-10-30T00:00:00.000000Z
2024-10-30T00:00:00.000000Z,0.86721998453140259,0.86924999952316284,0.86580002307891846,0.86721998453140259,0,2024-10-31T00:00:00.000000Z
2024-10-31T00:00:00.000000Z,0.86629998683929443,0.86646002531051636,0.86369997262954712,0.86629998683929443,0,2024-11-01T00:00:00.000000Z
2024-11-01T00:00:00.000000Z,0.86353999376296997,0.87050998210906982,0.86322999000549316,0.86353999376296997,0,2024-11-02T00:00:00.000000Z
2024-11-04T00:00:00.000000Z,0.86760002374649048,0.86761999130249023,0.86151999235153198,0.86760002374649048,0,2024-11-05T00:00:00.000000Z
2024-11-05T00:00:00.000000Z,0.86417001485824585,0.86450999975204468,0.86140000820159912,0.86417001485824585,0,2024-11-06T00:00:00.000000Z
2024-11-06T00:00:00.000000Z,0.86241000890731812,0.87721002101898193,0.86190998554229736,0.86241000890731812,0,2024-11-07T00:00:00.000000Z
2024-11-07T00:00:00.000000Z,0.87569999694824219,0.87742000818252563,0.87094002962112427,0.87569999694824219,0,2024-11-08T00:00:00.000000Z
2024-11-08T00:00:00.000000Z,0.87278002500534058,0.87554997205734253,0.87000000476837158,0.87278002500534058,0,2024-11-09T00:00:00.000000Z
2024-11-11T00:00:00.000000Z,0.87599998712539673,0.88073998689651489,0.87559998035430908,0.87599998712539673,0,2024-11-12T00:00:00.000000Z
2024-11-12T00:00:00.000000Z,0.88027000427246094,0.88296002149581909,0.88020002841949463,0.88027000427246094,0,2024-11-13T00:00:00.000000Z
2024-11-13T00:00:00.000000Z,0.8821600079536438,0.88495999574661255,0.88020002841949463,0.8821600079536438,0,2024-11-14T00:00:00.000000Z
2024-11-14T00:00:00.000000Z,0.88577002286911011,0.89081001281738281,0.88539999723434448,0.88577002286911011,0,2024-11-15T00:00:00.000000Z
2024-11-15T00:00:00.000000Z,0.89043998718261719,0.8906400203704834,0.88661998510360718,0.89043998718261719,0,2024-11-16T00:00:00.000000Z
2024-11-19T00:00:00.000000Z,0.88319998979568481,0.88416999578475952,0.88024997711181641,0.88319998979568481,0,2024-11-20T00:00:00.000000Z
2024-11-20T00:00:00.000000Z,0.88207000494003296,0.88618999719619751,0.88173997402191162,0.88207000494003296,0,2024-11-21T00:00:00.000000Z
2024-11-21T00:00:00.000000Z,0.88365000486373901,0.88687998056411743,0.88190001249313354,0.88365000486373901,0,2024-11-22T00:00:00.000000Z
2024-11-22T00:00:00.000000Z,0.88690000772476196,0.89549398422241211,0.88520002365112305,0.88690000772476196,0,2024-11-23T00:00:00.000000Z
2024-11-25T00:00:00.000000Z,0.89047002792358398,0.89162999391555786,0.88494998216629028,0.89047002792358398,0,2024-11-26T00:00:00.000000Z
2024-11-26T00:00:00.000000Z,0.88880002498626709,0.8892899751663208,0.88400000333786011,0.88880002498626709,0,2024-11-27T00:00:00.000000Z
2024-11-29T00:00:00.000000Z,0.88234001398086548,0.88269001245498657,0.87959998846054077,0.88234001398086548,0,2024-11-30T00:00:00.000000Z
2024-12-02T00:00:00.000000Z,0.88200998306274414,0.88883602619171143,0.88200998306274414,0.88202697038650513,0,2024-12-03T00:00:00.000000Z
2024-12-03T00:00:00.000000Z,0.88628000020980835,0.88880002498626709,0.88300001621246338,0.88628000020980835,0,2024-12-04T00:00:00.000000Z
2024-12-04T00:00:00.000000Z,0.88639998435974121,0.88788002729415894,0.88260000944137573,0.88639998435974121,0,2024-12-05T00:00:00.000000Z
2024-12-05T00:00:00.000000Z,0.88375002145767212,0.88515001535415649,0.87879997491836548,0.88375002145767212,0,2024-12-06T00:00:00.000000Z
2024-12-06T00:00:00.000000Z,0.87841999530792236,0.87963002920150757,0.87401998043060303,0.87841999530792236,0,2024-12-07T00:00:00.000000Z
2024-12-09T00:00:00.000000Z,0.87866997718811035,0.88029998540878296,0.87569999694824219,0.87866997718811035,0,2024-12-10T00:00:00.000000Z
2024-12-10T00:00:00.000000Z,0.87858998775482178,0.88278001546859741,0.87680000066757202,0.87858998775482178,0,2024-12-11T00:00:00.000000Z
2024-12-11T00:00:00.000000Z,0.88249999284744263,0.88537001609802246,0.8812900185585022,0.88249999284744263,0,2024-12-12T00:00:00.000000Z
2024-12-12T00:00:00.000000Z,0.88321000337600708,0.89011001586914062,0.8815000057220459,0.88321000337600708,0,2024-12-13T00:00:00.000000Z
2024-12-13T00:00:00.000000Z,0.89200997352600098,0.89445000886917114,0.89139997959136963,0.89200997352600098,0,2024-12-14T00:00:00.000000Z
2024-12-16T00:00:00.000000Z,0.89174401760101318,0.89486002922058105,0.88980001211166382,0.89174401760101318,0,2024-12-17T00:00:00.000000Z
2024-12-17T00:00:00.000000Z,0.89403998851776123,0.89744997024536133,0.892799973487854,0.89403998851776123,0,2024-12-18T00:00:00.000000Z
2024-12-18T00:00:00.000000Z,0.89248001575469971,0.8945000171661377,0.89160001277923584,0.89248001575469971,0,2024-12-19T00:00:00.000000Z
2024-12-23T00:00:00.000000Z,0.89305001497268677,0.90008997917175293,0.89259999990463257,0.89305001497268677,0,2024-12-24T00:00:00.000000Z
2024-12-24T00:00:00.000000Z,0.89846998453140259,0.90104997158050537,0.89819997549057007,0.89846998453140259,0,2024-12-25T00:00:00.000000Z
2024-12-25T00:00:00.000000Z,0.90030002593994141,0.91060000658035278,0.88340002298355103,0.90030002593994141,0,2024-12-26T00:00:00.000000Z
2024-12-26T00:00:00.000000Z,0.89942002296447754,0.90095001459121704,0.8990899920463562,0.89942002296447754,0,2024-12-27T00:00:00.000000Z
2024-12-27T00:00:00.000000Z,0.89889997243881226,0.90192002058029175,0.89880001544952393,0.89889997243881226,0,2024-12-28T00:00:00.000000Z
2024-12-30T00:00:00.000000Z,0.9018399715423584,0.90723001956939697,0.90090000629425049,0.9018399715423584,0,2024-12-31T00:00:00.000000Z
2024-12-31T00:00:00.000000Z,0.90324002504348755,0.90693998336791992,0.9023360013961792,0.90324002504348755,0,2025-01-01T00:00:00.000000Z
2025-01-02T00:00:00.000000Z,0.90775001049041748,0.91364997625350952,0.90394997596740723,0.90775001049041748,0,2025-01-03T00:00:00.000000Z
2025-01-03T00:00:00.000000Z,0.91201001405715942,0.91242998838424683,0.90810000896453857,0.91201001405715942,0,2025-01-04T00:00:00.000000Z
2025-01-06T00:00:00.000000Z,0.909309983253479,0.91044002771377563,0.90100002288818359,0.909309983253479,0,2025-01-07T00:00:00.000000Z
2025-01-07T00:00:00.000000Z,0.90504002571105957,0.9095500111579895,0.90227001905441284,0.90504002571105957,0,2025-01-08T00:00:00.000000Z
2025-01-08T00:00:00.000000Z,0.9094499945640564,0.91280001401901245,0.90869998931884766,0.9094499945640564,0,2025-01-09T00:00:00.000000Z
2025-01-09T00:00:00.000000Z,0.91095000505447388,0.91298002004623413,0.90960001945495605,0.91095000505447388,0,2025-01-10T00:00:00.000000Z
2025-01-10T00:00:00.000000Z,0.91206997632980347,0.91872000694274902,0.91148000955581665,0.91206997632980347,0,2025-01-11T00:00:00.000000Z
2025-01-13T00:00:00.000000Z,0.91676998138427734,0.91993999481201172,0.91540002822875977,0.91676998138427734,0,2025-01-14T00:00:00.000000Z
2025-01-14T00:00:00.000000Z,0.91578000783920288,0.91719001531600952,0.91306000947952271,0.91578000783920288,0,2025-01-15T00:00:00.000000Z
2025-01-15T00:00:00.000000Z,0.91246002912521362,0.91399997472763062,0.9081299901008606,0.91246002912521362,0,2025-01-16T00:00:00.000000Z
2025-01-16T00:00:00.000000Z,0.91211998462677002,0.91358000040054321,0.91044998168945312,0.91211998462677002,0,2025-01-17T00:00:00.000000Z
2025-01-17T00:00:00.000000Z,0.91117000579833984,0.91483002901077271,0.90965002775192261,0.91117000579833984,0,2025-01-18T00:00:00.000000Z
2025-01-20T00:00:00.000000Z,0.91460001468658447,0.91460001468658447,0.90689998865127563,0.91460001468658447,0,2025-01-21T00:00:00.000000Z
2025-01-21T00:00:00.000000Z,0.90605998039245605,0.91140002012252808,0.90516000986099243,0.90605998039245605,0,2025-01-22T00:00:00.000000Z
2025-01-22T00:00:00.000000Z,0.90671002864837646,0.9074699878692627,0.90310001373291016,0.90671002864837646,0,2025-01-23T00:00:00.000000Z
2025-01-23T00:00:00.000000Z,0.90631002187728882,0.91057997941970825,0.90569001436233521,0.90631002187728882,0,2025-01-24T00:00:00.000000Z
2025-01-24T00:00:00.000000Z,0.90749001502990723,0.90758997201919556,0.9025999903678894,0.90749001502990723,0,2025-01-25T00:00:00.000000Z
2025-01-27T00:00:00.000000Z,0.90684002637863159,0.90727001428604126,0.89639997482299805,0.90684002637863159,0,2025-01-28T00:00:00.000000Z
2025-01-28T00:00:00.000000Z,0.90400999784469604,0.9069100022315979,0.90369999408721924,0.90400999784469604,0,2025-01-29T00:00:00.000000Z
2025-01-29T00:00:00.000000Z,0.90412998199462891,0.9081299901008606,0.90289998054504395,0.90412998199462891,0,2025-01-30T00:00:00.000000Z
2025-01-30T00:00:00.000000Z,0.90627002716064453,0.90884000062942505,0.9057999849319458,0.90627002716064453,0,2025-01-31T00:00:00.000000Z
2025-01-31T00:00:00.000000Z,0.90936899185180664,0.91149997711181641,0.90741997957229614,0.90936899185180664,0,2025-02-01T00:00:00.000000Z
2025-02-03T00:00:00.000000Z,0.91522997617721558,0.91949999332427979,0.91061002016067505,0.91522997617721558,0,2025-02-04T00:00:00.000000Z
2025-02-04T00:00:00.000000Z,0.91161000728607178,0.91294002532958984,0.90499997138977051,0.91161000728607178,0,2025-02-05T00:00:00.000000Z
2025-02-05T00:00:00.000000Z,0.90523999929428101,0.90587997436523438,0.90030002593994141,0.90523999929428101,0,2025-02-06T00:00:00.000000Z
2025-02-06T00:00:00.000000Z,0.90132999420166016,0.90609997510910034,0.90079998970031738,0.90132999420166016,0,2025-02-07T00:00:00.000000Z
2025-02-07T00:00:00.000000Z,0.90509998798370361,0.91023999452590942,0.90467000007629395,0.90509998798370361,0,2025-02-08T00:00:00.000000Z
2025-02-10T00:00:00.000000Z,0.91074001789093018,0.9121900200843811,0.90930002927780151,0.91074001789093018,0,2025-02-11T00:00:00.000000Z
2025-02-11T00:00:00.000000Z,0.91132998466491699,0.91390997171401978,0.91089999675750732,0.91132998466491699,0,2025-02-12T00:00:00.000000Z
2025-02-12T00:00:00.000000Z,0.91298997402191162,0.91540002822875977,0.91019999980926514,0.91298997402191162,0,2025-02-13T00:00:00.000000Z
2025-02-13T00:00:00.000000Z,0.91339999437332153,0.91387999057769775,0.90438997745513916,0.91339999437332153,0,2025-02-14T00:00:00.000000Z
2025-02-14T00:00:00.000000Z,0.90324997901916504,0.90487998723983765,0.89719998836517334,0.90324997901916504,0,2025-02-15T00:00:00.000000Z
2025-02-17T00:00:00.000000Z,0.89982998371124268,0.9017300009727478,0.89910000562667847,0.89982998371124268,0,2025-02-18T00:00:00.000000Z
2025-02-18T00:00:00.000000Z,0.90072000026702881,0.90337002277374268,0.89960002899169922,0.90072000026702881,0,2025-02-19T00:00:00.000000Z
2025-02-19T00:00:00.000000Z,0.90359997749328613,0.90539002418518066,0.90219998359680176,0.90359997749328613,0,2025-02-20T00:00:00.000000Z
2025-02-20T00:00:00.000000Z,0.90456002950668335,0.90456002950668335,0.89904999732971191,0.90456002950668335,0,2025-02-21T00:00:00.000000Z
2025-02-21T00:00:00.000000Z,0.89806002378463745,0.90031999349594116,0.89718002080917358,0.89806002378463745,0,2025-02-22T00:00:00.000000Z
2025-02-24T00:00:00.000000Z,0.89845001697540283,0.89970999956130981,0.89534002542495728,0.89845001697540283,0,2025-02-25T00:00:00.000000Z
2025-02-25T00:00:00.000000Z,0.89730000495910645,0.89771997928619385,0.89120000600814819,0.89730000495910645,0,2025-02-26T00:00:00.000000Z
2025-02-26T00:00:00.000000Z,0.89240002632141113,0.89639997482299805,0.89149999618530273,0.89240002632141113,0,2025-02-27T00:00:00.000000Z
2025-02-28T00:00:00.000000Z,0.89991998672485352,0.9031599760055542,0.89820998907089233,0.89991998672485352,0,2025-03-01T00:00:00.000000Z
2025-03-03T00:00:00.000000Z,0.90257000923156738,0.90303999185562134,0.89696997404098511,0.90257000923156738,0,2025-03-04T00:00:00.000000Z
2025-03-04T00:00:00.000000Z,0.89660000801086426,0.89708000421524048,0.88725000619888306,0.89660000801086426,0,2025-03-05T00:00:00.000000Z
2025-03-05T00:00:00.000000Z,0.88963997364044189,0.89122998714447021,0.88550001382827759,0.88963997364044189,0,2025-03-06T00:00:00.000000Z
2025-03-06T00:00:00.000000Z,0.89069002866744995,0.89253002405166626,0.88286000490188599,0.89069002866744995,0,2025-03-07T00:00:00.000000Z
2025-03-10T00:00:00.000000Z,0.87734001874923706,0.88159000873565674,0.87585002183914185,0.87734001874923706,0,2025-03-11T00:00:00.000000Z
2025-03-11T00:00:00.000000Z,0.87998002767562866,0.88244998455047607,0.87730002403259277,0.87998002767562866,0,2025-03-12T00:00:00.000000Z
2025-03-12T00:00:00.000000Z,0.88344001770019531,0.88519001007080078,0.88003998994827271,0.88344001770019531,0,2025-03-13T00:00:00.000000Z
2025-03-13T00:00:00.000000Z,0.88177001476287842,0.88534998893737793,0.88034999370574951,0.88177001476287842,0,2025-03-14T00:00:00.000000Z
2025-03-14T00:00:00.000000Z,0.88261997699737549,0.88626998662948608,0.88208997249603271,0.88261997699737549,0,2025-03-15T00:00:00.000000Z
2025-03-17T00:00:00.000000Z,0.88409000635147095,0.88471001386642456,0.879830002784729,0.88409000635147095,0,2025-03-18T00:00:00.000000Z
2025-03-18T00:00:00.000000Z,0.88120198249816895,0.88182997703552246,0.87680000066757202,0.88120198249816895,0,2025-03-19T00:00:00.000000Z
2025-03-19T00:00:00.000000Z,0.87674498558044434,0.88089001178741455,0.87650001049041748,0.87674498558044434,0,2025-03-20T00:00:00.000000Z
2025-03-20T00:00:00.000000Z,0.87639999389648438,0.8841400146484375,0.87559998035430908,0.87639999389648438,0,2025-03-21T00:00:00.000000Z
2025-03-21T00:00:00.000000Z,0.88137698173522949,0.88394999504089355,0.87971001863479614,0.88137698173522949,0,2025-03-22T00:00:00.000000Z
2025-03-24T00:00:00.000000Z,0.8829200267791748,0.88454002141952515,0.8799700140953064,0.8829200267791748,0,2025-03-25T00:00:00.000000Z
2025-03-25T00:00:00.000000Z,0.88269001245498657,0.88480997085571289,0.88006997108459473,0.88269001245498657,0,2025-03-26T00:00:00.000000Z
2025-03-26T00:00:00.000000Z,0.88265001773834229,0.8845900297164917,0.88239997625350952,0.88265001773834229,0,2025-03-27T00:00:00.000000Z
2025-03-27T00:00:00.000000Z,0.88415998220443726,0.88467001914978027,0.88051998615264893,0.88415998220443726,0,2025-03-28T00:00:00.000000Z
2025-03-28T00:00:00.000000Z,0.88139998912811279,0.88339000940322876,0.88006001710891724,0.88139998912811279,0,2025-03-29T00:00:00.000000Z
2025-03-31T00:00:00.000000Z,0.88085001707077026,0.88529998064041138,0.87814998626708984,0.88085001707077026,0,2025-04-01T00:00:00.000000Z
2025-04-01T00:00:00.000000Z,0.88381999731063843,0.88429999351501465,0.881600022315979,0.88381999731063843,0,2025-04-02T00:00:00.000000Z
2025-04-02T00:00:00.000000Z,0.88340002298355103,0.8848000168800354,0.88139998912811279,0.88340002298355103,0,2025-04-03T00:00:00.000000Z
2025-04-03T00:00:00.000000Z,0.87678998708724976,0.87884002923965454,0.8548700213432312,0.87678998708724976,0,2025-04-04T00:00:00.000000Z
2025-04-04T00:00:00.000000Z,0.85921001434326172,0.85952001810073853,0.84759998321533203,0.85921001434326172,0,2025-04-05T00:00:00.000000Z
2025-04-07T00:00:00.000000Z,0.85161000490188599,0.86624002456665039,0.84529000520706177,0.85161000490188599,0,2025-04-08T00:00:00.000000Z
2025-04-08T00:00:00.000000Z,0.8597099781036377,0.86005997657775879,0.85199999809265137,0.8597099781036377,0,2025-04-09T00:00:00.000000Z
2025-04-09T00:00:00.000000Z,0.84565997123718262,0.84640997648239136,0.83616000413894653,0.84565997123718262,0,2025-04-10T00:00:00.000000Z
2025-04-10T00:00:00.000000Z,0.85544997453689575,0.85724002122879028,0.82503002882003784,0.85544997453689575,0,2025-04-11T00:00:00.000000Z
2025-04-11T00:00:00.000000Z,0.82076001167297363,0.82563000917434692,0.81009000539779663,0.82076001167297363,0,2025-04-12T00:00:00.000000Z
2025-04-14T00:00:00.000000Z,0.81805998086929321,0.82674998044967651,0.81211000680923462,0.81805998086929321,0,2025-04-15T00:00:00.000000Z
2025-04-15T00:00:00.000000Z,0.81595999002456665,0.82099997997283936,0.81317001581192017,0.81595999002456665,0,2025-04-16T00:00:00.000000Z
2025-04-17T00:00:00.000000Z,0.81375002861022949,0.82099002599716187,0.81370997428894043,0.81375002861022949,0,2025-04-18T00:00:00.000000Z
2025-04-22T00:00:00.000000Z,0.80905002355575562,0.81598997116088867,0.80672001838684082,0.80905002355575562,0,2025-04-23T00:00:00.000000Z
2025-04-23T00:00:00.000000Z,0.82607001066207886,0.82817000150680542,0.81979000568389893,0.82607001066207886,0,2025-04-24T00:00:00.000000Z
2025-04-24T00:00:00.000000Z,0.82980000972747803,0.8300899863243103,0.8239399790763855,0.82980000972747803,0,2025-04-25T00:00:00.000000Z
2025-04-25T00:00:00.000000Z,0.82874000072479248,0.83344000577926636,0.82819998264312744,0.82874000072479248,0,2025-04-26T00:00:00.000000Z
2025-04-28T00:00:00.000000Z,0.82840001583099365,0.8317599892616272,0.82457000017166138,0.82840001583099365,0,2025-04-29T00:00:00.000000Z
2025-04-29T00:00:00.000000Z,0.8211899995803833,0.82624000310897827,0.82078999280929565,0.8211899995803833,0,2025-04-30T00:00:00.000000Z
2025-04-30T00:00:00.000000Z,0.82341998815536499,0.82620000839233398,0.82151997089385986,0.82341998815536499,0,2025-05-01T00:00:00.000000Z
2025-05-01T00:00:00.000000Z,0.82595998048782349,0.83323001861572266,0.82538998126983643,0.82595998048782349,0,2025-05-02T00:00:00.000000Z
2025-05-02T00:00:00.000000Z,0.82898002862930298,0.83174997568130493,0.82104998826980591,0.82898002862930298,0,2025-05-03T00:00:00.000000Z
2025-05-05T00:00:00.000000Z,0.82410001754760742,0.82730001211166382,0.82141000032424927,0.82410001754760742,0,2025-05-06T00:00:00.000000Z
2025-05-07T00:00:00.000000Z,0.82563000917434692,0.82701998949050903,0.81940001249313354,0.82563000917434692,0,2025-05-08T00:00:00.000000Z
2025-05-08T00:00:00.000000Z,0.82394999265670776,0.8296700119972229,0.82232999801635742,0.82394999265670776,0,2025-05-09T00:00:00.000000Z
2025-05-09T00:00:00.000000Z,0.83179998397827148,0.83393001556396484,0.82700002193450928,0.83179998397827148,0,2025-05-10T00:00:00.000000Z
2025-05-12T00:00:00.000000Z,0.83372998237609863,0.84732997417449951,0.83303999900817871,0.83372998237609863,0,2025-05-13T00:00:00.000000Z
2025-05-14T00:00:00.000000Z,0.83942997455596924,0.84051001071929932,0.83240002393722534,0.83942997455596924,0,2025-05-15T00:00:00.000000Z
2025-05-15T00:00:00.000000Z,0.84123200178146362,0.84166997671127319,0.83461999893188477,0.84123200178146362,0,2025-05-16T00:00:00.000000Z
2025-05-16T00:00:00.000000Z,0.83459997177124023,0.83985000848770142,0.83275002241134644,0.83459997177124023,0,2025-05-17T00:00:00.000000Z
2025-05-19T00:00:00.000000Z,0.83544999361038208,0.83649998903274536,0.83179998397827148,0.83544999361038208,0,2025-05-20T00:00:00.000000Z
2025-05-20T00:00:00.000000Z,0.83499002456665039,0.83609002828598022,0.83079999685287476,0.83499002456665039,0,2025-05-21T00:00:00.000000Z
2025-05-21T00:00:00.000000Z,0.82671201229095459,0.82671999931335449,0.82090002298355103,0.82671201229095459,0,2025-05-22T00:00:00.000000Z
2025-05-22T00:00:00.000000Z,0.82507002353668213,0.82995998859405518,0.82340002059936523,0.82507002353668213,0,2025-05-23T00:00:00.000000Z
2025-05-23T00:00:00.000000Z,0.82837998867034912,0.82884001731872559,0.82104998826980591,0.82837998867034912,0,2025-05-24T00:00:00.000000Z
2025-05-26T00:00:00.000000Z,0.822409987449646,0.82321000099182129,0.81922000646591187,0.822409987449646,0,2025-05-27T00:00:00.000000Z
2025-05-27T00:00:00.000000Z,0.8204200267791748,0.82792001962661743,0.81870001554489136,0.8204200267791748,0,2025-05-28T00:00:00.000000Z
2025-05-28T00:00:00.000000Z,0.82726001739501953,0.82884001731872559,0.8245999813079834,0.82726001739501953,0,2025-05-29T00:00:00.000000Z
2025-05-29T00:00:00.000000Z,0.83254998922348022,0.83459997177124023,0.82270002365112305,0.83254998922348022,0,2025-05-30T00:00:00.000000Z
2025-05-30T00:00:00.000000Z,0.82196998596191406,0.8248400092124939,0.81998002529144287,0.82196998596191406,0,2025-05-31T00:00:00.000000Z
2025-06-02T00:00:00.000000Z,0.8222699761390686,0.82282000780105591,0.81559997797012329,0.8222699761390686,0,2025-06-03T00:00:00.000000Z
2025-06-03T00:00:00.000000Z,0.81594002246856689,0.8246300220489502,0.81585997343063354,0.81594002246856689,0,2025-06-04T00:00:00.000000Z
2025-06-04T00:00:00.000000Z,0.82288998365402222,0.82481998205184937,0.81770002841949463,0.82288998365402222,0,2025-06-05T00:00:00.000000Z
2025-06-05T00:00:00.000000Z,0.81796997785568237,0.82128000259399414,0.81725001335144043,0.81796997785568237,0,2025-06-06T00:00:00.000000Z
2025-06-06T00:00:00.000000Z,0.81924998760223389,0.82471001148223877,0.81919997930526733,0.81924998760223389,0,2025-06-07T00:00:00.000000Z
2025-06-09T00:00:00.000000Z,0.82125997543334961,0.82242000102996826,0.819100022315979,0.82125997543334961,0,2025-06-10T00:00:00.000000Z
2025-06-10T00:00:00.000000Z,0.82120001316070557,0.82406997680664062,0.82050001621246338,0.82120001316070557,0,2025-06-11T00:00:00.000000Z
2025-06-11T00:00:00.000000Z,0.82191997766494751,0.82340002059936523,0.81870001554489136,0.82191997766494751,0,2025-06-12T00:00:00.000000Z
2025-06-12T00:00:00.000000Z,0.81840002536773682,0.8187599778175354,0.81040000915527344,0.81840002536773682,0,2025-06-13T00:00:00.000000Z
2025-06-13T00:00:00.000000Z,0.80900001525878906,0.8145899772644043,0.80564999580383301,0.80900001525878906,0,2025-06-14T00:00:00.000000Z
2025-06-16T00:00:00.000000Z,0.81221598386764526,0.81338000297546387,0.80879998207092285,0.81221598386764526,0,2025-06-17T00:00:00.000000Z
2025-06-17T00:00:00.000000Z,0.81370997428894043,0.81638002395629883,0.81180000305175781,0.81370997428894043,0,2025-06-18T00:00:00.000000Z
2025-06-18T00:00:00.000000Z,0.81686997413635254,0.81814998388290405,0.81519997119903564,0.81686997413635254,0,2025-06-19T00:00:00.000000Z
2025-06-19T00:00:00.000000Z,0.81906002759933472,0.82143998146057129,0.81559997797012329,0.81906002759933472,0,2025-06-20T00:00:00.000000Z
2025-06-20T00:00:00.000000Z,0.81638997793197632,0.81826001405715942,0.81510001420974731,0.81638997793197632,0,2025-06-21T00:00:00.000000Z
2025-06-23T00:00:00.000000Z,0.81774997711181641,0.81936001777648926,0.81209999322891235,0.81774997711181641,0,2025-06-24T00:00:00.000000Z
2025-06-24T00:00:00.000000Z,0.81257998943328857,0.81296998262405396,0.80379998683929443,0.81257998943328857,0,2025-06-25T00:00:00.000000Z
2025-06-25T00:00:00.000000Z,0.80514997243881226,0.80790001153945923,0.80390000343322754,0.80514997243881226,0,2025-06-26T00:00:00.000000Z
2025-06-26T00:00:00.000000Z,0.80373001098632812,0.80418998003005981,0.79812997579574585,0.80373001098632812,0,2025-06-27T00:00:00.000000Z
2025-06-27T00:00:00.000000Z,0.80089002847671509,0.80171000957489014,0.79601001739501953,0.80089002847671509,0,2025-06-28T00:00:00.000000Z
2025-06-30T00:00:00.000000Z,0.79825001955032349,0.79932999610900879,0.7937999963760376,0.79825001955032349,0,2025-07-01T00:00:00.000000Z
2025-07-01T00:00:00.000000Z,0.79272001981735229,0.79347002506256104,0.7874000072479248,0.79272001981735229,0,2025-07-02T00:00:00.000000Z
2025-07-02T00:00:00.000000Z,0.79069000482559204,0.79404997825622559,0.79031997919082642,0.79069000482559204,0,2025-07-03T00:00:00.000000Z
2025-07-03T00:00:00.000000Z,0.79149997234344482,0.79857999086380005,0.79000002145767212,0.79149997234344482,0,2025-07-04T00:00:00.000000Z
2025-07-04T00:00:00.000000Z,0.79409998655319214,0.79487001895904541,0.79220002889633179,0.79409998655319214,0,2025-07-05T00:00:00.000000Z
2025-07-07T00:00:00.000000Z,0.7940400242805481,0.79833000898361206,0.79355001449584961,0.7940400242805481,0,2025-07-08T00:00:00.000000Z
2025-07-08T00:00:00.000000Z,0.79716002941131592,0.79935002326965332,0.79549998044967651,0.79716002941131592,0,2025-07-09T00:00:00.000000Z
2025-07-09T00:00:00.000000Z,0.79587000608444214,0.79778999090194702,0.7939000129699707,0.79587000608444214,0,2025-07-10T00:00:00.000000Z
2025-07-10T00:00:00.000000Z,0.792930006980896,0.79865998029708862,0.79180002212524414,0.792930006980896,0,2025-07-11T00:00:00.000000Z
2025-07-11T00:00:00.000000Z,0.79672002792358398,0.79800999164581299,0.79519999027252197,0.79672002792358398,0,2025-07-12T00:00:00.000000Z
2025-07-14T00:00:00.000000Z,0.79679000377655029,0.79828000068664551,0.79556000232696533,0.79679000377655029,0,2025-07-15T00:00:00.000000Z
2025-07-15T00:00:00.000000Z,0.7978699803352356,0.80171000957489014,0.79519999027252197,0.7978699803352356,0,2025-07-16T00:00:00.000000Z
2025-07-16T00:00:00.000000Z,0.80141997337341309,0.80602997541427612,0.79514998197555542,0.80141997337341309,0,2025-07-17T00:00:00.000000Z
2025-07-17T00:00:00.000000Z,0.80092000961303711,0.80588001012802124,0.80080002546310425,0.80092000961303711,0,2025-07-18T00:00:00.000000Z
2025-07-18T00:00:00.000000Z,0.80287998914718628,0.80361998081207275,0.79860001802444458,0.80287998914718628,0,2025-07-19T00:00:00.000000Z
2025-07-21T00:00:00.000000Z,0.80118000507354736,0.80216002464294434,0.79640001058578491,0.80118000507354736,0,2025-07-22T00:00:00.000000Z
2025-07-22T00:00:00.000000Z,0.79808402061462402,0.79907000064849854,0.79250001907348633,0.79808402061462402,0,2025-07-23T00:00:00.000000Z
2025-07-23T00:00:00.000000Z,0.79363000392913818,0.79487001895904541,0.79100000858306885,0.79363000392913818,0,2025-07-24T00:00:00.000000Z
2025-07-24T00:00:00.000000Z,0.79204702377319336,0.79597997665405273,0.79149001836776733,0.79204702377319336,0,2025-07-25T00:00:00.000000Z
2025-07-25T00:00:00.000000Z,0.79487001895904541,0.79783999919891357,0.79449999332427979,0.79487001895904541,0,2025-07-26T00:00:00.000000Z
2025-07-28T00:00:00.000000Z,0.79536998271942139,0.80274999141693115,0.79447001218795776,0.79536998271942139,0,2025-07-29T00:00:00.000000Z
2025-07-29T00:00:00.000000Z,0.80309998989105225,0.80776000022888184,0.80220001935958862,0.80309998989105225,0,2025-07-30T00:00:00.000000Z
2025-07-30T00:00:00.000000Z,0.80546998977661133,0.81235998868942261,0.80378997325897217,0.80546998977661133,0,2025-07-31T00:00:00.000000Z
2025-07-31T00:00:00.000000Z,0.81321001052856445,0.81441998481750488,0.81110000610351562,0.81321001052856445,0,2025-08-01T00:00:00.000000Z
2025-08-01T00:00:00.000000Z,0.81389999389648438,0.81703001260757446,0.80289000272750854,0.81389999389648438,0,2025-08-02T00:00:00.000000Z
2025-08-04T00:00:00.000000Z,0.80400997400283813,0.80953001976013184,0.80387002229690552,0.80400997400283813,0,2025-08-05T00:00:00.000000Z
2025-08-05T00:00:00.000000Z,0.80708998441696167,0.81169998645782471,0.80650001764297485,0.80708998441696167,0,2025-08-06T00:00:00.000000Z
2025-08-06T00:00:00.000000Z,0.80691999197006226,0.80923998355865479,0.80528998374938965,0.80691999197006226,0,2025-08-07T00:00:00.000000Z
2025-08-07T00:00:00.000000Z,0.80605000257492065,0.80883002281188965,0.80419999361038208,0.80605000257492065,0,2025-08-08T00:00:00.000000Z
2025-08-08T00:00:00.000000Z,0.80568999052047729,0.80879002809524536,0.80529999732971191,0.80568999052047729,0,2025-08-09T00:00:00.000000Z
2025-08-11T00:00:00.000000Z,0.80747002363204956,0.8131600022315979,0.80580002069473267,0.80747002363204956,0,2025-08-12T00:00:00.000000Z
2025-08-12T00:00:00.000000Z,0.81180000305175781,0.81208997964859009,0.80674999952316284,0.81180000305175781,0,2025-08-13T00:00:00.000000Z
2025-08-13T00:00:00.000000Z,0.80614000558853149,0.80703002214431763,0.80210000276565552,0.80614000558853149,0,2025-08-14T00:00:00.000000Z
2025-08-14T00:00:00.000000Z,0.80471998453140259,0.80870002508163452,0.80440002679824829,0.80471998453140259,0,2025-08-15T00:00:00.000000Z
2025-08-15T00:00:00.000000Z,0.80751997232437134,0.80786001682281494,0.80458998680114746,0.80751997232437134,0,2025-08-16T00:00:00.000000Z
2025-08-18T00:00:00.000000Z,0.80659997463226318,0.80809998512268066,0.80554002523422241,0.80659997463226318,0,2025-08-19T00:00:00.000000Z
2025-08-19T00:00:00.000000Z,0.80741000175476074,0.808430016040802,0.80460000038146973,0.80741000175476074,0,2025-08-20T00:00:00.000000Z
2025-08-20T00:00:00.000000Z,0.8077700138092041,0.80921000242233276,0.80334997177124023,0.8077700138092041,0,2025-08-21T00:00:00.000000Z
2025-08-21T00:00:00.000000Z,0.80413997173309326,0.80874001979827881,0.80403000116348267,0.80413997173309326,0,2025-08-22T00:00:00.000000Z
2025-08-22T00:00:00.000000Z,0.80866998434066772,0.81037002801895142,0.80032998323440552,0.80866998434066772,0,2025-08-23T00:00:00.000000Z
2025-08-25T00:00:00.000000Z,0.80225998163223267,0.80365997552871704,0.80150002241134644,0.80225998163223267,0,2025-08-26T00:00:00.000000Z
2025-08-26T00:00:00.000000Z,0.80616998672485352,0.80722999572753906,0.80276000499725342,0.80616998672485352,0,2025-08-27T00:00:00.000000Z
2025-08-27T00:00:00.000000Z,0.80375999212265015,0.80742001533508301,0.80302000045776367,0.80375999212265015,0,2025-08-28T00:00:00.000000Z
2025-08-28T00:00:00.000000Z,0.80150002241134644,0.80292999744415283,0.79930001497268677,0.80150002241134644,0,2025-08-29T00:00:00.000000Z
2025-08-29T00:00:00.000000Z,0.80159002542495728,0.80334997177124023,0.79860001802444458,0.80159002542495728,0,2025-08-30T00:00:00.000000Z
2025-09-01T00:00:00.000000Z,0.80063998699188232,0.80167001485824585,0.79850000143051147,0.80063998699188232,0,2025-09-02T00:00:00.000000Z
2025-09-03T00:00:00.000000Z,0.80528998374938965,0.80669999122619629,0.80260002613067627,0.80528998374938965,0,2025-09-04T00:00:00.000000Z
2025-09-04T00:00:00.000000Z,0.80379998683929443,0.80680000782012939,0.80351001024246216,0.80379998683929443,0,2025-09-05T00:00:00.000000Z
2025-09-05T00:00:00.000000Z,0.8051300048828125,0.80536997318267822,0.79570001363754272,0.8051300048828125,0,2025-09-06T00:00:00.000000Z
2025-09-08T00:00:00.000000Z,0.79917997121810913,0.79931998252868652,0.79290002584457397,0.79917997121810913,0,2025-09-09T00:00:00.000000Z
2025-09-09T00:00:00.000000Z,0.79281002283096313,0.79629999399185181,0.79140001535415649,0.79281002283096313,0,2025-09-10T00:00:00.000000Z
2025-09-10T00:00:00.000000Z,0.79729998111724854,0.79899001121520996,0.79589998722076416,0.79729998111724854,0,2025-09-11T00:00:00.000000Z
2025-09-11T00:00:00.000000Z,0.79866999387741089,0.80032002925872803,0.79490000009536743,0.79866999387741089,0,2025-09-12T00:00:00.000000Z
2025-09-12T00:00:00.000000Z,0.79594999551773071,0.79861998558044434,0.79540002346038818,0.79594999551773071,0,2025-09-13T00:00:00.000000Z
2025-09-15T00:00:00.000000Z,0.79670000076293945,0.79723000526428223,0.79369997978210449,0.79670000076293945,0,2025-09-16T00:00:00.000000Z
2025-09-16T00:00:00.000000Z,0.79465997219085693,0.79474997520446777,0.7872999906539917,0.79465997219085693,0,2025-09-17T00:00:00.000000Z
2025-09-17T00:00:00.000000Z,0.78591001033782959,0.78780001401901245,0.78570002317428589,0.78591001033782959,0,2025-09-18T00:00:00.000000Z
2025-09-18T00:00:00.000000Z,0.78833997249603271,0.79373997449874878,0.78700000047683716,0.78833997249603271,0,2025-09-19T00:00:00.000000Z
2025-09-19T00:00:00.000000Z,0.79250997304916382,0.79645001888275146,0.79189997911453247,0.79250997304916382,0,2025-09-20T00:00:00.000000Z
2025-09-22T00:00:00.000000Z,0.7962300181388855,0.79725998640060425,0.79269999265670776,0.7962300181388855,0,2025-09-23T00:00:00.000000Z
2025-09-23T00:00:00.000000Z,0.79238998889923096,0.79329997301101685,0.79100000858306885,0.79238998889923096,0,2025-09-24T00:00:00.000000Z
2025-09-24T00:00:00.000000Z,0.79142999649047852,0.79524999856948853,0.79132997989654541,0.79142999649047852,0,2025-09-25T00:00:00.000000Z
2025-09-25T00:00:00.000000Z,0.79465997219085693,0.80074000358581543,0.79429000616073608,0.79465997219085693,0,2025-09-26T00:00:00.000000Z
2025-09-26T00:00:00.000000Z,0.80004000663757324,0.80063998699188232,0.7975199818611145,0.80004000663757324,0,2025-09-27T00:00:00.000000Z
2025-09-29T00:00:00.000000Z,0.79747998714447021,0.79864001274108887,0.79500001668930054,0.79747998714447021,0,2025-09-30T00:00:00.000000Z
2025-09-30T00:00:00.000000Z,0.79720002412796021,0.79850000143051147,0.79495000839233398,0.79720002412796021,0,2025-10-01T00:00:00.000000Z
2025-10-01T00:00:00.000000Z,0.7961999773979187,0.79873001575469971,0.79280000925064087,0.7961999773979187,0,2025-10-02T00:00:00.000000Z
2025-10-02T00:00:00.000000Z,0.79690998792648315,0.79992002248764038,0.79490000009536743,0.79690998792648315,0,2025-10-03T00:00:00.000000Z
2025-10-03T00:00:00.000000Z,0.79702001810073853,0.79798001050949097,0.794700026512146,0.79702001810073853,0,2025-10-04T00:00:00.000000Z
2025-10-06T00:00:00.000000Z,0.79719001054763794,0.79931002855300903,0.79488301277160645,0.79719001054763794,0,2025-10-07T00:00:00.000000Z
2025-10-07T00:00:00.000000Z,0.7949100136756897,0.79905998706817627,0.79479998350143433,0.7949100136756897,0,2025-10-08T00:00:00.000000Z
2025-10-08T00:00:00.000000Z,0.79859000444412231,0.80232000350952148,0.79856997728347778,0.79859000444412231,0,2025-10-09T00:00:00.000000Z
2025-10-09T00:00:00.000000Z,0.80150002241134644,0.80658000707626343,0.80010002851486206,0.80150002241134644,0,2025-10-10T00:00:00.000000Z
2025-10-10T00:00:00.000000Z,0.80616998672485352,0.80667001008987427,0.80011999607086182,0.80616998672485352,0,2025-10-11T00:00:00.000000Z
2025-10-13T00:00:00.000000Z,0.80232000350952148,0.80566000938415527,0.79989999532699585,0.80232000350952148,0,2025-10-14T00:00:00.000000Z
2025-10-14T00:00:00.000000Z,0.80428999662399292,0.80494999885559082,0.80103999376296997,0.80428999662399292,0,2025-10-15T00:00:00.000000Z
2025-10-16T00:00:00.000000Z,0.79654997587203979,0.79830998182296753,0.79337000846862793,0.79654997587203979,0,2025-10-17T00:00:00.000000Z
2025-10-17T00:00:00.000000Z,0.79183000326156616,0.79320001602172852,0.78725999593734741,0.79183000326156616,0,2025-10-18T00:00:00.000000Z
2025-10-20T00:00:00.000000Z,0.7935900092124939,0.79427999258041382,0.79070001840591431,0.7935900092124939,0,2025-10-21T00:00:00.000000Z
2025-10-21T00:00:00.000000Z,0.79240000247955322,0.79584997892379761,0.79140001535415649,0.79240000247955322,0,2025-10-22T00:00:00.000000Z
2025-10-22T00:00:00.000000Z,0.79670000076293945,0.79733002185821533,0.79490000009536743,0.79670000076293945,0,2025-10-23T00:00:00.000000Z
2025-10-23T00:00:00.000000Z,0.79609000682830811,0.79864001274108887,0.79519999027252197,0.79609000682830811,0,2025-10-24T00:00:00.000000Z
2025-10-24T00:00:00.000000Z,0.79508000612258911,0.79682999849319458,0.79355001449584961,0.79508000612258911,0,2025-10-25T00:00:00.000000Z
2025-10-27T00:00:00.000000Z,0.79605001211166382,0.79724001884460449,0.79439997673034668,0.79605001211166382,0,2025-10-28T00:00:00.000000Z
2025-10-28T00:00:00.000000Z,0.79461002349853516,0.7966499924659729,0.79229998588562012,0.79461002349853516,0,2025-10-29T00:00:00.000000Z
2025-10-29T00:00:00.000000Z,0.79282999038696289,0.79785001277923584,0.79250001907348633,0.79282999038696289,0,2025-10-30T00:00:00.000000Z
2025-10-30T00:00:00.000000Z,0.79979997873306274,0.80366998910903931,0.7975500226020813,0.79979997873306274,0,2025-10-31T00:00:00.000000Z
2025-10-31T00:00:00.000000Z,0.80159002542495728,0.80484998226165771,0.80080002546310425,0.80159002542495728,0,2025-11-01T00:00:00.000000Z
2025-11-03T00:00:00.000000Z,0.80489999055862427,0.80914002656936646,0.80369997024536133,0.80489999055862427,0,2025-11-04T00:00:00.000000Z
2025-11-04T00:00:00.000000Z,0.80813002586364746,0.81029999256134033,0.80669999122619629,0.80813002586364746,0,2025-11-05T00:00:00.000000Z
2025-11-05T00:00:00.000000Z,0.81032997369766235,0.81234997510910034,0.80779999494552612,0.81032997369766235,0,2025-11-06T00:00:00.000000Z
2025-11-06T00:00:00.000000Z,0.80972999334335327,0.81006002426147461,0.80659997463226318,0.80972999334335327,0,2025-11-07T00:00:00.000000Z
2025-11-07T00:00:00.000000Z,0.805899977684021,0.80839997529983521,0.80320000648498535,0.805899977684021,0,2025-11-08T00:00:00.000000Z
2025-11-11T00:00:00.000000Z,0.80514997243881226,0.80611997842788696,0.79860001802444458,0.80515998601913452,0,2025-11-12T00:00:00.000000Z
2025-11-12T00:00:00.000000Z,0.80024999380111694,0.80110001564025879,0.79659998416900635,0.80032998323440552,0,2025-11-13T00:00:00.000000Z
2025-11-13T00:00:00.000000Z,0.79781001806259155,0.79934000968933105,0.79149997234344482,0.79781997203826904,0,2025-11-14T00:00:00.000000Z
2025-11-14T00:00:00.000000Z,0.79321002960205078,0.79385000467300415,0.78788000345230103,0.79326999187469482,0,2025-11-15T00:00:00.000000Z
2025-11-17T00:00:00.000000Z,0.79436999559402466,0.79610002040863037,0.7929999828338623,0.79427999258041382,0,2025-11-18T00:00:00.000000Z
2025-11-18T00:00:00.000000Z,0.7962300181388855,0.79992997646331787,0.79360002279281616,0.79623997211456299,0,2025-11-19T00:00:00.000000Z
2025-11-19T00:00:00.000000Z,0.80014997720718384,0.80531001091003418,0.79879999160766602,0.80019998550415039,0,2025-11-20T00:00:00.000000Z
2025-11-20T00:00:00.000000Z,0.80541002750396729,0.80760002136230469,0.80505001544952393,0.80541998147964478,0,2025-11-21T00:00:00.000000Z
2025-11-21T00:00:00.000000Z,0.80540001392364502,0.80981999635696411,0.80339998006820679,0.80548000335693359,0,2025-11-22T00:00:00.000000Z
2025-11-24T00:00:00.000000Z,0.80866998434066772,0.80998998880386353,0.805899977684021,0.80866998434066772,0,2025-11-25T00:00:00.000000Z
2025-11-25T00:00:00.000000Z,0.80849999189376831,0.81019997596740723,0.80592000484466553,0.80861002206802368,0,2025-11-26T00:00:00.000000Z
2025-11-26T00:00:00.000000Z,0.8078799843788147,0.80829000473022461,0.80409997701644897,0.8079800009727478,0,2025-11-27T00:00:00.000000Z
2025-11-27T00:00:00.000000Z,0.80339998006820679,0.80620002746582031,0.80250000953674316,0.80348998308181763,0,2025-11-28T00:00:00.000000Z
2025-11-28T00:00:00.000000Z,0.80457001924514771,0.80702000856399536,0.80272001028060913,0.80460000038146973,0,2025-11-29T00:00:00.000000Z
2025-12-01T00:00:00.000000Z,0.80333000421524048,0.80462998151779175,0.79969000816345215,0.80334001779556274,0,2025-12-02T00:00:00.000000Z
2025-12-02T00:00:00.000000Z,0.80472999811172485,0.80507999658584595,0.80308997631072998,0.80460000038146973,0,2025-12-03T00:00:00.000000Z
2025-12-04T00:00:00.000000Z,0.79976999759674072,0.80225002765655518,0.7993999719619751,0.79975998401641846,0,2025-12-05T00:00:00.000000Z
2025-12-05T00:00:00.000000Z,0.80361002683639526,0.80532002449035645,0.80169999599456787,0.80378001928329468,0,2025-12-06T00:00:00.000000Z
2025-12-08T00:00:00.000000Z,0.80479001998901367,0.80839002132415771,0.80260002613067627,0.80484998226165771,0,2025-12-09T00:00:00.000000Z
2025-12-09T00:00:00.000000Z,0.80664998292922974,0.80816000699996948,0.80489999055862427,0.80663800239562988,0,2025-12-10T00:00:00.000000Z
2025-12-10T00:00:00.000000Z,0.80601000785827637,0.80643999576568604,0.80250000953674316,0.805899977684021,0,2025-12-11T00:00:00.000000Z
2025-12-11T00:00:00.000000Z,0.79931002855300903,0.80009001493453979,0.79290002584457397,0.79938000440597534,0,2025-12-12T00:00:00.000000Z
2025-12-12T00:00:00.000000Z,0.79461002349853516,0.79640001058578491,0.79417997598648071,0.79479002952575684,0,2025-12-13T00:00:00.000000Z
2025-12-15T00:00:00.000000Z,0.79614001512527466,0.79733997583389282,0.79398000240325928,0.79614001512527466,0,2025-12-16T00:00:00.000000Z
2025-12-16T00:00:00.000000Z,0.7961999773979187,0.79698002338409424,0.79297000169754028,0.79601001739501953,0,2025-12-17T00:00:00.000000Z
2025-12-17T00:00:00.000000Z,0.79522997140884399,0.79869002103805542,0.79350000619888306,0.79519999027252197,0,2025-12-18T00:00:00.000000Z
2025-12-18T00:00:00.000000Z,0.79517000913619995,0.79657000303268433,0.79290002584457397,0.79519999027252197,0,2025-12-19T00:00:00.000000Z
2025-12-19T00:00:00.000000Z,0.79405999183654785,0.79619002342224121,0.7939000129699707,0.7940099835395813,0,2025-12-20T00:00:00.000000Z
2025-12-23T00:00:00.000000Z,0.79149001836776733,0.79149001836776733,0.78672999143600464,0.79142999649047852,0,2025-12-24T00:00:00.000000Z
2025-12-24T00:00:00.000000Z,0.78750002384185791,0.78961998224258423,0.78600001335144043,0.78745001554489136,0,2025-12-25T00:00:00.000000Z
2025-12-26T00:00:00.000000Z,0.78833997249603271,0.79022002220153809,0.7874000072479248,0.78804999589920044,0,2025-12-27T00:00:00.000000Z
2025-12-29T00:00:00.000000Z,0.78905999660491943,0.79154998064041138,0.78750002384185791,0.78924000263214111,0,2025-12-30T00:00:00.000000Z
2025-12-30T00:00:00.000000Z,0.78880000114440918,0.79163998365402222,0.78750002384185791,0.78869998455047607,0,2025-12-31T00:00:00.000000Z
2025-12-31T00:00:00.000000Z,0.79184997081756592,0.79417997598648071,0.79140001535415649,0.79170000553131104,0,2026-01-01T00:00:00.000000Z
2026-01-02T00:00:00.000000Z,0.79196000099182129,0.79405999183654785,0.79013997316360474,0.7920299768447876,0,2026-01-03T00:00:00.000000Z
2026-01-05T00:00:00.000000Z,0.79321002960205078,0.79673999547958374,0.79210001230239868,0.79339998960494995,0,2026-01-06T00:00:00.000000Z
2026-01-06T00:00:00.000000Z,0.79206997156143188,0.79579001665115356,0.79040002822875977,0.79210001230239868,0,2026-01-07T00:00:00.000000Z
2026-01-07T00:00:00.000000Z,0.79569000005722046,0.7972099781036377,0.79430001974105835,0.79549998044967651,0,2026-01-08T00:00:00.000000Z
2026-01-08T00:00:00.000000Z,0.79759001731872559,0.7994999885559082,0.79659998416900635,0.79764997959136963,0,2026-01-09T00:00:00.000000Z
2026-01-09T00:00:00.000000Z,0.79901999235153198,0.80172997713088989,0.79870998859405518,0.79900997877120972,0,2026-01-10T00:00:00.000000Z
2026-01-12T00:00:00.000000Z,0.8016200065612793,0.80166000127792358,0.79540002346038818,0.80152601003646851,0,2026-01-13T00:00:00.000000Z
2026-01-13T00:00:00.000000Z,0.79729002714157104,0.8014799952507019,0.79650002717971802,0.79736000299453735,0,2026-01-14T00:00:00.000000Z
2026-01-14T00:00:00.000000Z,0.80102998018264771,0.80268001556396484,0.79820001125335693,0.80101001262664795,0,2026-01-15T00:00:00.000000Z
2026-01-15T00:00:00.000000Z,0.7993999719619751,0.80396002531051636,0.79930001497268677,0.79971998929977417,0,2026-01-16T00:00:00.000000Z
2026-01-16T00:00:00.000000Z,0.80309998989105225,0.8039100170135498,0.80059999227523804,0.80342000722885132,0,2026-01-17T00:00:00.000000Z
2026-01-19T00:00:00.000000Z,0.79875999689102173,0.80020999908447266,0.79629999399185181,0.79872000217437744,0,2026-01-20T00:00:00.000000Z
2026-01-20T00:00:00.000000Z,0.79795002937316895,0.79838001728057861,0.78839999437332153,0.79789000749588013,0,2026-01-21T00:00:00.000000Z
2026-01-21T00:00:00.000000Z,0.78974002599716187,0.794219970703125,0.78880000114440918,0.78949999809265137,0,2026-01-22T00:00:00.000000Z
2026-01-23T00:00:00.000000Z,0.78899997472763062,0.7913699746131897,0.7874000072479248,0.78899997472763062,0,2026-01-24T00:00:00.000000Z
2026-01-26T00:00:00.000000Z,0.77809000015258789,0.77930998802185059,0.77318000793457031,0.77786999940872192,0,2026-01-27T00:00:00.000000Z
2026-01-27T00:00:00.000000Z,0.77733999490737915,0.7784000039100647,0.76579999923706055,0.77723997831344604,0,2026-01-28T00:00:00.000000Z
2026-01-28T00:00:00.000000Z,0.76292002201080322,0.77157002687454224,0.76289999485015869,0.76319998502731323,0,2026-01-29T00:00:00.000000Z
2026-01-29T00:00:00.000000Z,0.76567000150680542,0.77031999826431274,0.76468002796173096,0.76573997735977173,0,2026-01-30T00:00:00.000000Z
2026-01-30T00:00:00.000000Z,0.76436001062393188,0.77153998613357544,0.76380002498626709,0.76441001892089844,0,2026-01-31T00:00:00.000000Z
2026-02-02T00:00:00.000000Z,0.77346998453140259,0.78158998489379883,0.77157002687454224,0.77355998754501343,0,2026-02-03T00:00:00.000000Z
2026-02-03T00:00:00.000000Z,0.77899998426437378,0.77908998727798462,0.77432000637054443,0.77900999784469604,0,2026-02-04T00:00:00.000000Z
2026-02-04T00:00:00.000000Z,0.77567899227142334,0.77742999792098999,0.77439999580383301,0.7757599949836731,0,2026-02-05T00:00:00.000000Z
2026-02-05T00:00:00.000000Z,0.7772899866104126,0.77859598398208618,0.77434998750686646,0.77731001377105713,0,2026-02-06T00:00:00.000000Z
2026-02-06T00:00:00.000000Z,0.77763998508453369,0.77853000164031982,0.77499997615814209,0.77770000696182251,0,2026-02-07T00:00:00.000000Z
2026-02-09T00:00:00.000000Z,0.77582001686096191,0.77644997835159302,0.7660599946975708,0.7758299708366394,0,2026-02-10T00:00:00.000000Z
2026-02-10T00:00:00.000000Z,0.76705002784729004,0.76765000820159912,0.76289999485015869,0.76712000370025635,0,2026-02-11T00:00:00.000000Z
2026-02-11T00:00:00.000000Z,0.76863998174667358,0.77292001247406006,0.76459997892379761,0.76857000589370728,0,2026-02-12T00:00:00.000000Z
2026-02-12T00:00:00.000000Z,0.77117002010345459,0.77241998910903931,0.76649999618530273,0.77113997936248779,0,2026-02-13T00:00:00.000000Z
2026-02-13T00:00:00.000000Z,0.76942002773284912,0.77151000499725342,0.76756000518798828,0.76955002546310425,0,2026-02-14T00:00:00.000000Z
2026-02-16T00:00:00.000000Z,0.76818001270294189,0.77031999826431274,0.767799973487854,0.76820999383926392,0,2026-02-17T00:00:00.000000Z
2026-02-17T00:00:00.000000Z,0.76960998773574829,0.77384001016616821,0.76849997043609619,0.76959997415542603,0,2026-02-18T00:00:00.000000Z
2026-02-18T00:00:00.000000Z,0.77019000053405762,0.77223002910614014,0.76980000734329224,0.77020001411437988,0,2026-02-19T00:00:00.000000Z
2026-02-19T00:00:00.000000Z,0.77245998382568359,0.77622002363204956,0.7718999981880188,0.77219998836517334,0,2026-02-20T00:00:00.000000Z
2026-02-20T00:00:00.000000Z,0.77538001537322998,0.77710998058319092,0.77319002151489258,0.77534002065658569,0,2026-02-21T00:00:00.000000Z
2026-02-23T00:00:00.000000Z,0.77188998460769653,0.77669000625610352,0.7710300087928772,0.77170002460479736,0,2026-02-24T00:00:00.000000Z
2026-02-24T00:00:00.000000Z,0.77424001693725586,0.77649998664855957,0.77300000190734863,0.77423000335693359,0,2026-02-25T00:00:00.000000Z
2026-02-25T00:00:00.000000Z,0.77380001544952393,0.77566999197006226,0.77179998159408569,0.77372997999191284,0,2026-02-26T00:00:00.000000Z
2026-02-26T00:00:00.000000Z,0.77207297086715698,0.77531999349594116,0.77100002765655518,0.7721400260925293,0,2026-02-27T00:00:00.000000Z
2026-02-27T00:00:00.000000Z,0.77323997020721436,0.77382999658584595,0.76709997653961182,0.77323001623153687,0,2026-02-28T00:00:00.000000Z
2026-03-02T00:00:00.000000Z,0.7695000171661377,0.78127002716064453,0.76780998706817627,0.76952999830245972,0,2026-03-03T00:00:00.000000Z
2026-03-03T00:00:00.000000Z,0.77877002954483032,0.78780001401901245,0.77851998805999756,0.7787100076675415,0,2026-03-04T00:00:00.000000Z
2026-03-04T00:00:00.000000Z,0.7820199728012085,0.78339999914169312,0.77890002727508545,0.78192001581192017,0,2026-03-05T00:00:00.000000Z
2026-03-05T00:00:00.000000Z,0.7791600227355957,0.78320002555847168,0.77799999713897705,0.77915000915527344,0,2026-03-06T00:00:00.000000Z
2026-03-06T00:00:00.000000Z,0.78074997663497925,0.78254002332687378,0.77719998359680176,0.78065997362136841,0,2026-03-07T00:00:00.000000Z
2026-03-09T00:00:00.000000Z,0.78112000226974487,0.78245997428894043,0.77770000696182251,0.78122001886367798,0,2026-03-10T00:00:00.000000Z
2026-03-10T00:00:00.000000Z,0.77796000242233276,0.77821999788284302,0.77460002899169922,0.77788001298904419,0,2026-03-11T00:00:00.000000Z
2026-03-11T00:00:00.000000Z,0.77849000692367554,0.78052997589111328,0.77649998664855957,0.77857798337936401,0,2026-03-12T00:00:00.000000Z
2026-03-12T00:00:00.000000Z,0.78185999393463135,0.78503000736236572,0.78009998798370361,0.78174000978469849,0,2026-03-13T00:00:00.000000Z
2026-03-13T00:00:00.000000Z,0.78532999753952026,0.78987002372741699,0.78450000286102295,0.78534001111984253,0,2026-03-14T00:00:00.000000Z
2026-03-16T00:00:00.000000Z,0.7898399829864502,0.79220002889633179,0.78680002689361572,0.78991997241973877,0,2026-03-17T00:00:00.000000Z
2026-03-17T00:00:00.000000Z,0.7881699800491333,0.78997999429702759,0.78530001640319824,0.78804999589920044,0,2026-03-18T00:00:00.000000Z
2026-03-18T00:00:00.000000Z,0.78478997945785522,0.78926002979278564,0.78446000814437866,0.78477001190185547,0,2026-03-19T00:00:00.000000Z
2026-03-19T00:00:00.000000Z,0.79273998737335205,0.79571998119354248,0.79038000106811523,0.79263001680374146,0,2026-03-20T00:00:00.000000Z
2026-03-20T00:00:00.000000Z,0.78898000717163086,0.79032999277114868,0.78560000658035278,0.78869998455047607,0,2026-03-21T00:00:00.000000Z
2026-03-23T00:00:00.000000Z,0.78763997554779053,0.79388999938964844,0.78377002477645874,0.78781998157501221,0,2026-03-24T00:00:00.000000Z
2026-03-24T00:00:00.000000Z,0.7866399884223938,0.79158997535705566,0.78613001108169556,0.78640002012252808,0,2026-03-25T00:00:00.000000Z
2026-03-25T00:00:00.000000Z,0.78803002834320068,0.79215002059936523,0.78700000047683716,0.78799998760223389,0,2026-03-26T00:00:00.000000Z
2026-03-26T00:00:00.000000Z,0.79149997234344482,0.79417997598648071,0.79110002517700195,0.79154998064041138,0,2026-03-27T00:00:00.000000Z
2026-03-27T00:00:00.000000Z,0.79449999332427979,0.79795998334884644,0.79430001974105835,0.79467999935150146,0,2026-03-28T00:00:00.000000Z
2026-03-30T00:00:00.000000Z,0.79983997344970703,0.80125999450683594,0.79780000448226929,0.79979997873306274,0,2026-03-31T00:00:00.000000Z
2026-03-31T00:00:00.000000Z,0.79980999231338501,0.80409997701644897,0.79780000448226929,0.79988002777099609,0,2026-04-01T00:00:00.000000Z
2026-04-01T00:00:00.000000Z,0.79786002635955811,0.79837000370025635,0.79093998670578003,0.79763001203536987,0,2026-04-02T00:00:00.000000Z
2026-04-02T00:00:00.000000Z,0.79399001598358154,0.80080002546310425,0.7929999828338623,0.79395002126693726,0,2026-04-03T00:00:00.000000Z
2026-04-03T00:00:00.000000Z,0.79851001501083374,0.80022001266479492,0.79759997129440308,0.7986299991607666,0,2026-04-04T00:00:00.000000Z
2026-04-06T00:00:00.000000Z,0.80107998847961426,0.80176001787185669,0.79625999927520752,0.80115002393722534,0,2026-04-07T00:00:00.000000Z
2026-04-07T00:00:00.000000Z,0.7982100248336792,0.80105000734329224,0.79769998788833618,0.79809999465942383,0,2026-04-08T00:00:00.000000Z
2026-04-08T00:00:00.000000Z,0.79021000862121582,0.79164999723434448,0.78689998388290405,0.79040002822875977,0,2026-04-09T00:00:00.000000Z
2026-04-09T00:00:00.000000Z,0.79141998291015625,0.79211997985839844,0.78880000114440918,0.79140001535415649,0,2026-04-10T00:00:00.000000Z
2026-04-10T00:00:00.000000Z,0.79085999727249146,0.7913699746131897,0.78547000885009766,0.79087001085281372,0,2026-04-11T00:00:00.000000Z
2026-04-13T00:00:00.000000Z,0.79287999868392944,0.79290002584457397,0.78700000047683716,0.79260998964309692,0,2026-04-14T00:00:00.000000Z
2026-04-14T00:00:00.000000Z,0.7834399938583374,0.78376001119613647,0.77899998426437378,0.78320002555847168,0,2026-04-15T00:00:00.000000Z
2026-04-15T00:00:00.000000Z,0.78100001811981201,0.78307998180389404,0.77969998121261597,0.78091001510620117,0,2026-04-16T00:00:00.000000Z
2026-04-16T00:00:00.000000Z,0.78127998113632202,0.78426998853683472,0.77990001440048218,0.78131002187728882,0,2026-04-17T00:00:00.000000Z
2026-04-17T00:00:00.000000Z,0.78330999612808228,0.78399002552032471,0.77754002809524536,0.78320002555847168,0,2026-04-18T00:00:00.000000Z
2026-04-20T00:00:00.000000Z,0.7836800217628479,0.7836800217628479,0.77740001678466797,0.78365999460220337,0,2026-04-21T00:00:00.000000Z
2026-04-21T00:00:00.000000Z,0.7785000205039978,0.78062999248504639,0.77829998731613159,0.77850997447967529,0,2026-04-22T00:00:00.000000Z
2026-04-22T00:00:00.000000Z,0.78043001890182495,0.78347998857498169,0.77920001745223999,0.78055000305175781,0,2026-04-23T00:00:00.000000Z
2026-04-23T00:00:00.000000Z,0.78487998247146606,0.78595000505447388,0.78310000896453857,0.78482002019882202,0,2026-04-24T00:00:00.000000Z
2026-04-24T00:00:00.000000Z,0.78621000051498413,0.78755998611450195,0.78450000286102295,0.78623998165130615,0,2026-04-25T00:00:00.000000Z
2026-04-27T00:00:00.000000Z,0.78645002841949463,0.78645002841949463,0.78299999237060547,0.78630000352859497,0,2026-04-28T00:00:00.000000Z
2026-04-28T00:00:00.000000Z,0.78529000282287598,0.79110002517700195,0.78488999605178833,0.78529000282287598,0,2026-04-29T00:00:00.000000Z
2026-04-29T00:00:00.000000Z,0.78885000944137573,0.79154998064041138,0.78830999135971069,0.78899002075195312,0,2026-04-30T00:00:00.000000Z
2026-04-30T00:00:00.000000Z,0.79040002822875977,0.79224002361297607,0.78105002641677856,0.79056000709533691,0,2026-05-01T00:00:00.000000Z
2026-05-01T00:00:00.000000Z,0.78166002035140991,0.78294998407363892,0.77789998054504395,0.78140002489089966,0,2026-05-02T00:00:00.000000Z
2026-05-04T00:00:00.000000Z,0.78122997283935547,0.78465002775192261,0.78005999326705933,0.78113001585006714,0,2026-05-05T00:00:00.000000Z
2026-05-05T00:00:00.000000Z,0.78399002552032471,0.78474998474121094,0.78130000829696655,0.78396999835968018,0,2026-05-06T00:00:00.000000Z
2026-05-06T00:00:00.000000Z,0.78140997886657715,0.78196001052856445,0.77719998359680176,0.78137999773025513,0,2026-05-07T00:00:00.000000Z
2026-05-07T00:00:00.000000Z,0.7788500189781189,0.77925997972488403,0.77660000324249268,0.77885997295379639,0,2026-05-08T00:00:00.000000Z
2026-05-08T00:00:00.000000Z,0.78043997287750244,0.7807999849319458,0.77660000324249268,0.78020000457763672,0,2026-05-09T00:00:00.000000Z
2026-05-11T00:00:00.000000Z,0.77779000997543335,0.77947002649307251,0.77660000324249268,0.77776998281478882,0,2026-05-12T00:00:00.000000Z
2026-05-12T00:00:00.000000Z,0.77841001749038696,0.78219002485275269,0.77799999713897705,0.7781599760055542,0,2026-05-13T00:00:00.000000Z
2026-05-13T00:00:00.000000Z,0.78039002418518066,0.78298002481460571,0.77998000383377075,0.78040999174118042,0,2026-05-14T00:00:00.000000Z
2026-05-14T00:00:00.000000Z,0.78163999319076538,0.78346002101898193,0.78078997135162354,0.78149998188018799,0,2026-05-15T00:00:00.000000Z
2026-05-15T00:00:00.000000Z,0.78425997495651245,0.78724998235702515,0.78382998704910278,0.78417998552322388,0,2026-05-16T00:00:00.000000Z
2026-05-18T00:00:00.000000Z,0.7872999906539917,0.78764998912811279,0.78439998626708984,0.78728997707366943,0,2026-05-19T00:00:00.000000Z
2026-05-19T00:00:00.000000Z,0.7845500111579895,0.79053002595901489,0.78439998626708984,0.78447002172470093,0,2026-05-20T00:00:00.000000Z
2026-05-20T00:00:00.000000Z,0.78904002904891968,0.79062998294830322,0.78588998317718506,0.78880000114440918,0,2026-05-21T00:00:00.000000Z
2026-05-21T00:00:00.000000Z,0.78710997104644775,0.7903599739074707,0.78579998016357422,0.78692001104354858,0,2026-05-22T00:00:00.000000Z
2026-05-22T00:00:00.000000Z,0.78670001029968262,0.78753000497817993,0.7846599817276001,0.78649997711181641,0,2026-05-23T00:00:00.000000Z
2026-05-25T00:00:00.000000Z,0.78223997354507446,0.7834399938583374,0.7807999849319458,0.78228998184204102,0,2026-05-26T00:00:00.000000Z
2026-05-26T00:00:00.000000Z,0.78302997350692749,0.78637999296188354,0.78270000219345093,0.78302001953125,0,2026-05-27T00:00:00.000000Z
2026-05-27T00:00:00.000000Z,0.78499001264572144,0.78715997934341431,0.78433001041412354,0.7851099967956543,0,2026-05-28T00:00:00.000000Z
2026-05-28T00:00:00.000000Z,0.78794997930526733,0.78988999128341675,0.78406000137329102,0.78785997629165649,0,2026-05-29T00:00:00.000000Z
2026-05-29T00:00:00.000000Z,0.78369998931884766,0.78465002775192261,0.77986997365951538,0.78365999460220337,0,2026-05-30T00:00:00.000000Z
2026-06-01T00:00:00.000000Z,0.78210002183914185,0.78832000494003296,0.7817000150680542,0.78185999393463135,0,2026-06-02T00:00:00.000000Z
2026-06-02T00:00:00.000000Z,0.78609997034072876,0.78711998462677002,0.78430002927780151,0.78614002466201782,0,2026-06-03T00:00:00.000000Z
2026-06-03T00:00:00.000000Z,0.78834998607635498,0.79122000932693481,0.78719997406005859,0.78825002908706665,0,2026-06-04T00:00:00.000000Z
2026-06-04T00:00:00.000000Z,0.79105997085571289,0.79220002889633179,0.78680002689361572,0.79102998971939087,0,2026-06-05T00:00:00.000000Z
2026-06-05T00:00:00.000000Z,0.78896999359130859,0.79562997817993164,0.78710001707077026,0.78890001773834229,0,2026-06-06T00:00:00.000000Z
2026-06-08T00:00:00.000000Z,0.79648000001907349,0.79861998558044434,0.79474002122879028,0.79641997814178467,0,2026-06-09T00:00:00.000000Z
2026-06-09T00:00:00.000000Z,0.79830998182296753,0.79837000370025635,0.79490000009536743,0.79816997051239014,0,2026-06-10T00:00:00.000000Z
2026-06-10T00:00:00.000000Z,0.79921001195907593,0.79945999383926392,0.79629999399185181,0.79926002025604248,0,2026-06-11T00:00:00.000000Z
2026-06-11T00:00:00.000000Z,0.79973000288009644,0.80070000886917114,0.79790002107620239,0.7999500036239624,0,2026-06-12T00:00:00.000000Z
2026-06-12T00:00:00.000000Z,0.79519999027252197,0.79752999544143677,0.79479002952575684,0.79505002498626709,0,2026-06-13T00:00:00.000000Z
2026-06-15T00:00:00.000000Z,0.79360997676849365,0.79470998048782349,0.79199999570846558,0.7939000129699707,0,2026-06-16T00:00:00.000000Z
2026-06-16T00:00:00.000000Z,0.79448002576828003,0.79589998722076416,0.79240000247955322,0.79443001747131348,0,2026-06-17T00:00:00.000000Z
2026-06-17T00:00:00.000000Z,0.79309999942779541,0.79370999336242676,0.79089999198913574,0.79311001300811768,0,2026-06-18T00:00:00.000000Z
2026-06-18T00:00:00.000000Z,0.79891997575759888,0.80489999055862427,0.79809999465942383,0.79940998554229736,0,2026-06-19T00:00:00.000000Z
2026-06-19T00:00:00.000000Z,0.80469000339508057,0.80904000997543335,0.80434000492095947,0.80489999055862427,0,2026-06-20T00:00:00.000000Z
2026-06-22T00:00:00.000000Z,0.80799001455307007,0.80959999561309814,0.80680000782012939,0.80796998739242554,0,2026-06-23T00:00:00.000000Z
2026-06-23T00:00:00.000000Z,0.80870997905731201,0.81028002500534058,0.80747002363204956,0.80879998207092285,0,2026-06-24T00:00:00.000000Z
2026-06-24T00:00:00.000000Z,0.80970001220703125,0.81388998031616211,0.80945998430252075,0.80971002578735352,0,2026-06-25T00:00:00.000000Z
2026-06-25T00:00:00.000000Z,0.81265997886657715,0.81344002485275269,0.80900001525878906,0.81257998943328857,0,2026-06-26T00:00:00.000000Z
2026-06-26T00:00:00.000000Z,0.81037998199462891,0.81107997894287109,0.80669999122619629,0.8105199933052063,0,2026-06-27T00:00:00.000000Z
2026-06-29T00:00:00.000000Z,0.81014001369476318,0.81014001369476318,0.80779999494552612,0.8100699782371521,0,2026-06-30T00:00:00.000000Z
2026-06-30T00:00:00.000000Z,0.8077399730682373,0.8101000189781189,0.80633002519607544,0.80760002136230469,0,2026-07-01T00:00:00.000000Z
2026-07-01T00:00:00.000000Z,0.80856001377105713,0.81194001436233521,0.80779999494552612,0.80870002508163452,0,2026-07-02T00:00:00.000000Z
2026-07-02T00:00:00.000000Z,0.80915999412536621,0.80963999032974243,0.80098998546600342,0.80914998054504395,0,2026-07-03T00:00:00.000000Z
2026-07-03T00:00:00.000000Z,0.80427002906799316,0.80463999509811401,0.80089998245239258,0.80440998077392578,0,2026-07-04T00:00:00.000000Z
2026-07-06T00:00:00.000000Z,0.80387002229690552,0.80726999044418335,0.80320000648498535,0.80379998683929443,0,2026-07-07T00:00:00.000000Z
2026-07-07T00:00:00.000000Z,0.80511999130249023,0.80712997913360596,0.80480998754501343,0.80507999658584595,0,2026-07-08T00:00:00.000000Z
2026-07-08T00:00:00.000000Z,0.80896997451782227,0.8107600212097168,0.80620002746582031,0.80882000923156738,0,2026-07-09T00:00:00.000000Z
2026-07-10T00:00:00.000000Z,0.80649000406265259,0.80823999643325806,0.80299997329711914,0.80654001235961914,0,2026-07-11T00:00:00.000000Z
2026-07-13T00:00:00.000000Z,0.80931997299194336,0.8127099871635437,0.80746001005172729,0.80936002731323242,0,2026-07-14T00:00:00.000000Z
2026-07-14T00:00:00.000000Z,0.81462001800537109,0.8150399923324585,0.80607998371124268,0.81472998857498169,0,2026-07-15T00:00:00.000000Z
2026-07-15T00:00:00.000000Z,0.80900001525878906,0.81141000986099243,0.80629998445510864,0.80905997753143311,0,2026-07-16T00:00:00.000000Z
2026-07-16T00:00:00.000000Z,0.80444997549057007,0.80877000093460083,0.80444997549057007,0.80466002225875854,0,2026-07-17T00:00:00.000000Z
2026-07-17T00:00:00.000000Z,0.80845999717712402,0.8091999888420105,0.8059999942779541,0.80830997228622437,0,2026-07-18T00:00:00.000000Z
2026-07-20T00:00:00.000000Z,0.80848002433776855,0.81060999631881714,0.80618000030517578,0.80842000246047974,0,2026-07-21T00:00:00.000000Z
2026-07-21T00:00:00.000000Z,0.80993998050689697,0.81283998489379883,0.80909997224807739,0.81002998352050781,0,2026-07-22T00:00:00.000000Z
2026-07-22T00:00:00.000000Z,0.8127099871635437,0.81375998258590698,0.81139999628067017,0.81239998340606689,0,2026-07-23T00:00:00.000000Z
2026-07-23T00:00:00.000000Z,0.81407999992370605,0.8177800178527832,0.81279999017715454,0.81419998407363892,0,2026-07-24T00:00:00.000000Z
2026-07-24T00:00:00.000000Z,0.81699001789093018,0.81848001480102539,0.81519997119903564,0.81686997413635254,0,2026-07-25T00:00:00.000000Z
2026-07-27T00:00:00.000000Z,0.81595999002456665,0.81894999742507935,0.81385999917984009,0.81625998020172119,0,2026-07-28T00:00:00.000000Z
2026-07-28T00:00:00.000000Z,0.81950002908706665,0.82046997547149658,0.81669998168945312,0.81928402185440063,0,2026-07-29T00:00:00.000000Z
