open_time,open,high,low,close,volume,close_time
2020-01-01T00:00:00.000000Z,1.3001999855041504,1.3011000156402588,1.2919299602508545,1.3001999855041504,0,2020-01-02T00:00:00.000000Z
2020-01-02T00:00:00.000000Z,1.297510027885437,1.3006999492645264,1.2968699932098389,1.2972999811172485,0,2020-01-03T00:00:00.000000Z
2020-01-03T00:00:00.000000Z,1.2983700037002563,1.3004100322723389,1.2961200475692749,1.29830002784729,0,2020-01-04T00:00:00.000000Z
2020-01-06T00:00:00.000000Z,1.2987200021743774,1.2988599538803101,1.2963000535964966,1.2986600399017334,0,2020-01-07T00:00:00.000000Z
2020-01-07T00:00:00.000000Z,1.2964099645614624,1.3029299974441528,1.2956999540328979,1.2963900566101074,0,2020-01-08T00:00:00.000000Z
2020-01-08T00:00:00.000000Z,1.3001400232315063,1.3043099641799927,1.2976499795913696,1.3003100156784058,0,2020-01-09T00:00:00.000000Z
2020-01-09T00:00:00.000000Z,1.3035199642181396,1.3103899955749512,1.3025000095367432,1.3036500215530396,0,2020-01-10T00:00:00.000000Z
2020-01-10T00:00:00.000000Z,1.3062399625778198,1.3075200319290161,1.3029700517654419,1.3062499761581421,0,2020-01-11T00:00:00.000000Z
2020-01-13T00:00:00.000000Z,1.306689977645874,1.3067500591278076,1.3032000064849854,1.3065400123596191,0,2020-01-14T00:00:00.000000Z
2020-01-14T00:00:00.000000Z,1.3056199550628662,1.3077700138092041,1.3047000169754028,1.3055599927902222,0,2020-01-15T00:00:00.000000Z
2020-01-15T00:00:00.000000Z,1.3064999580383301,1.3077499866485596,1.3037999868392944,1.3065500259399414,0,2020-01-16T00:00:00.000000Z
2020-01-16T00:00:00.000000Z,1.3037999868392944,1.3055299520492554,1.3030999898910522,1.3037999868392944,0,2020-01-17T00:00:00.000000Z
2020-01-17T00:00:00.000000Z,1.3039799928665161,1.3074500560760498,1.3033000230789185,1.3039000034332275,0,2020-01-18T00:00:00.000000Z
2020-01-20T00:00:00.000000Z,1.3063199520111084,1.30718994140625,1.3049999475479126,1.3063600063323975,0,2020-01-21T00:00:00.000000Z
2020-01-21T00:00:00.000000Z,1.3045200109481812,1.3077199459075928,1.3042000532150269,1.3045400381088257,0,2020-01-22T00:00:00.000000Z
2020-01-22T00:00:00.000000Z,1.3073999881744385,1.3138400316238403,1.3036600351333618,1.3073500394821167,0,2020-01-23T00:00:00.000000Z
2020-01-24T00:00:00.000000Z,1.3127100467681885,1.3150399923324585,1.3121000528335571,1.3127000331878662,0,2020-01-25T00:00:00.000000Z
2020-01-27T00:00:00.000000Z,1.3160799741744995,1.3199199438095093,1.3145999908447266,1.3158999681472778,0,2020-01-28T00:00:00.000000Z
2020-01-28T00:00:00.000000Z,1.318809986114502,1.3204900026321411,1.3170100450515747,1.3187700510025024,0,2020-01-29T00:00:00.000000Z
2020-01-29T00:00:00.000000Z,1.3163900375366211,1.3207399845123291,1.3156000375747681,1.3164000511169434,0,2020-01-30T00:00:00.000000Z
2020-01-30T00:00:00.000000Z,1.319599986076355,1.3225699663162231,1.319599986076355,1.3197000026702881,0,2020-01-31T00:00:00.000000Z
2020-01-31T00:00:00.000000Z,1.3208999633789062,1.3243999481201172,1.3194799423217773,1.3211300373077393,0,2020-02-01T00:00:00.000000Z
2020-02-03T00:00:00.000000Z,1.3240699768066406,1.3302899599075317,1.3229999542236328,1.3240400552749634,0,2020-02-04T00:00:00.000000Z
2020-02-04T00:00:00.000000Z,1.3294800519943237,1.3301099538803101,1.326200008392334,1.3293999433517456,0,2020-02-05T00:00:00.000000Z
2020-02-05T00:00:00.000000Z,1.328279972076416,1.3301600217819214,1.3262799978256226,1.3282400369644165,0,2020-02-06T00:00:00.000000Z
2020-02-06T00:00:00.000000Z,1.3286099433898926,1.3308500051498413,1.3267999887466431,1.3284300565719604,0,2020-02-07T00:00:00.000000Z
2020-02-07T00:00:00.000000Z,1.3286499977111816,1.3317500352859497,1.3280700445175171,1.3284000158309937,0,2020-02-08T00:00:00.000000Z
2020-02-10T00:00:00.000000Z,1.3311599493026733,1.3328200578689575,1.3286999464035034,1.3309600353240967,0,2020-02-11T00:00:00.000000Z
2020-02-11T00:00:00.000000Z,1.3317400217056274,1.3319100141525269,1.3276000022888184,1.3316999673843384,0,2020-02-12T00:00:00.000000Z
2020-02-12T00:00:00.000000Z,1.3289999961853027,1.3294800519943237,1.3243000507354736,1.3290400505065918,0,2020-02-13T00:00:00.000000Z
2020-02-13T00:00:00.000000Z,1.3256599903106689,1.3271000385284424,1.3238999843597412,1.3256100416183472,0,2020-02-14T00:00:00.000000Z
2020-02-14T00:00:00.000000Z,1.326449990272522,1.3268200159072876,1.3235000371932983,1.3263900279998779,0,2020-02-15T00:00:00.000000Z
2020-02-17T00:00:00.000000Z,1.3245199918746948,1.3248900175094604,1.3222999572753906,1.3245199918746948,0,2020-02-18T00:00:00.000000Z
2020-02-18T00:00:00.000000Z,1.323699951171875,1.3277100324630737,1.3234000205993652,1.3235000371932983,0,2020-02-19T00:00:00.000000Z
2020-02-19T00:00:00.000000Z,1.3252600431442261,1.3255399465560913,1.3214999437332153,1.3253699541091919,0,2020-02-20T00:00:00.000000Z
2020-02-20T00:00:00.000000Z,1.3222099542617798,1.3267999887466431,1.3210999965667725,1.3220399618148804,0,2020-02-21T00:00:00.000000Z
2020-02-21T00:00:00.000000Z,1.3259999752044678,1.3267999887466431,1.3212000131607056,1.3259799480438232,0,2020-02-22T00:00:00.000000Z
2020-02-24T00:00:00.000000Z,1.3253099918365479,1.3307000398635864,1.3246400356292725,1.3252999782562256,0,2020-02-25T00:00:00.000000Z
2020-02-25T00:00:00.000000Z,1.3288400173187256,1.3305200338363647,1.3271100521087646,1.3287400007247925,0,2020-02-26T00:00:00.000000Z
2020-02-26T00:00:00.000000Z,1.3280600309371948,1.3321499824523926,1.3271700143814087,1.3279199600219727,0,2020-02-27T00:00:00.000000Z
2020-02-27T00:00:00.000000Z,1.3343600034713745,1.3372999429702759,1.3316600322723389,1.3345299959182739,0,2020-02-28T00:00:00.000000Z
2020-02-28T00:00:00.000000Z,1.3387199640274048,1.3461799621582031,1.3385599851608276,1.3386199474334717,0,2020-02-29T00:00:00.000000Z
2020-03-02T00:00:00.000000Z,1.3404699563980103,1.3412799835205078,1.3314900398254395,1.3407100439071655,0,2020-03-03T00:00:00.000000Z
2020-03-03T00:00:00.000000Z,1.3324899673461914,1.3378900289535522,1.3321100473403931,1.3325099945068359,0,2020-03-04T00:00:00.000000Z
2020-03-04T00:00:00.000000Z,1.3376200199127197,1.3430600166320801,1.3330399990081787,1.3377599716186523,0,2020-03-05T00:00:00.000000Z
2020-03-06T00:00:00.000000Z,1.3391200304031372,1.3437900543212891,1.3380399942398071,1.3393800258636475,0,2020-03-07T00:00:00.000000Z
2020-03-09T00:00:00.000000Z,1.3619500398635864,1.3755799531936646,1.3519500494003296,1.3622200489044189,0,2020-03-10T00:00:00.000000Z
2020-03-10T00:00:00.000000Z,1.3659399747848511,1.3795000314712524,1.360990047454834,1.3658000230789185,0,2020-03-11T00:00:00.000000Z
2020-03-11T00:00:00.000000Z,1.3729900121688843,1.3761199712753296,1.3681999444961548,1.3731800317764282,0,2020-03-12T00:00:00.000000Z
2020-03-12T00:00:00.000000Z,1.3770699501037598,1.3872599601745605,1.3752000331878662,1.3773000240325928,0,2020-03-13T00:00:00.000000Z
2020-03-13T00:00:00.000000Z,1.3940500020980835,1.3994100093841553,1.3781900405883789,1.394279956817627,0,2020-03-14T00:00:00.000000Z
2020-03-16T00:00:00.000000Z,1.3788100481033325,1.3984999656677246,1.3788100481033325,1.3797800540924072,0,2020-03-17T00:00:00.000000Z
2020-03-17T00:00:00.000000Z,1.4010499715805054,1.4186199903488159,1.3961299657821655,1.4010599851608276,0,2020-03-18T00:00:00.000000Z
2020-03-18T00:00:00.000000Z,1.4240399599075317,1.4556399583816528,1.4165999889373779,1.4239200353622437,0,2020-03-19T00:00:00.000000Z
2020-03-19T00:00:00.000000Z,1.4474500417709351,1.4666500091552734,1.4422299861907959,1.4444999694824219,0,2020-03-20T00:00:00.000000Z
2020-03-20T00:00:00.000000Z,1.4492199420928955,1.4528000354766846,1.4150400161743164,1.4498200416564941,0,2020-03-21T00:00:00.000000Z
2020-03-23T00:00:00.000000Z,1.4465099573135376,1.4542000293731689,1.4340599775314331,1.4459400177001953,0,2020-03-24T00:00:00.000000Z
2020-03-24T00:00:00.000000Z,1.4477900266647339,1.4530500173568726,1.4374599456787109,1.4476900100708008,0,2020-03-25T00:00:00.000000Z
2020-03-25T00:00:00.000000Z,1.4437700510025024,1.4459400177001953,1.4299299716949463,1.4438999891281128,0,2020-03-26T00:00:00.000000Z
2020-03-26T00:00:00.000000Z,1.4220099449157715,1.4275499582290649,1.4012000560760498,1.4217100143432617,0,2020-03-27T00:00:00.000000Z
2020-03-27T00:00:00.000000Z,1.4044100046157837,1.4149099588394165,1.399090051651001,1.4037400484085083,0,2020-03-28T00:00:00.000000Z
2020-03-30T00:00:00.000000Z,1.4051699638366699,1.4182900190353394,1.4012099504470825,1.4046900272369385,0,2020-03-31T00:00:00.000000Z
2020-03-31T00:00:00.000000Z,1.4182100296020508,1.4346400499343872,1.4095000028610229,1.417870044708252,0,2020-04-01T00:00:00.000000Z
2020-04-01T00:00:00.000000Z,1.4077199697494507,1.4270800352096558,1.4066100120544434,1.4077999591827393,0,2020-04-02T00:00:00.000000Z
2020-04-02T00:00:00.000000Z,1.4150300025939941,1.4289900064468384,1.4084399938583374,1.4151400327682495,0,2020-04-03T00:00:00.000000Z
2020-04-03T00:00:00.000000Z,1.4133399724960327,1.4223899841308594,1.4098700284957886,1.4129300117492676,0,2020-04-04T00:00:00.000000Z
2020-04-06T00:00:00.000000Z,1.4252500534057617,1.425529956817627,1.4086600542068481,1.4251999855041504,0,2020-04-07T00:00:00.000000Z
2020-04-07T00:00:00.000000Z,1.411020040512085,1.4122500419616699,1.3946000337600708,1.4112299680709839,0,2020-04-08T00:00:00.000000Z
2020-04-08T00:00:00.000000Z,1.4012900590896606,1.4079500436782837,1.3991299867630005,1.4013999700546265,0,2020-04-09T00:00:00.000000Z
2020-04-09T00:00:00.000000Z,1.4005999565124512,1.4074100255966187,1.393280029296875,1.40038001537323,0,2020-04-10T00:00:00.000000Z
2020-04-10T00:00:00.000000Z,1.3985999822616577,1.4007899761199951,1.3938100337982178,1.39860999584198,0,2020-04-11T00:00:00.000000Z
2020-04-13T00:00:00.000000Z,1.396399974822998,1.398669958114624,1.3925100564956665,1.39683997631073,0,2020-04-14T00:00:00.000000Z
2020-04-14T00:00:00.000000Z,1.3880599737167358,1.3924599885940552,1.3862999677658081,1.3873100280761719,0,2020-04-15T00:00:00.000000Z
2020-04-16T00:00:00.000000Z,1.4118000268936157,1.4152499437332153,1.4064099788665771,1.4119100570678711,0,2020-04-17T00:00:00.000000Z
2020-04-17T00:00:00.000000Z,1.403730034828186,1.411620020866394,1.4005000591278076,1.4039499759674072,0,2020-04-18T00:00:00.000000Z
2020-04-20T00:00:00.000000Z,1.4048500061035156,1.4132100343704224,1.4036999940872192,1.4048000574111938,0,2020-04-21T00:00:00.000000Z
2020-04-21T00:00:00.000000Z,1.4127299785614014,1.4263299703598022,1.4113099575042725,1.4129199981689453,0,2020-04-22T00:00:00.000000Z
2020-04-22T00:00:00.000000Z,1.4188100099563599,1.4235899448394775,1.4116499423980713,1.4189000129699707,0,2020-04-23T00:00:00.000000Z
2020-04-23T00:00:00.000000Z,1.418470025062561,1.4197700023651123,1.4005000591278076,1.4183800220489502,0,2020-04-24T00:00:00.000000Z
2020-04-24T00:00:00.000000Z,1.4064600467681885,1.4113600254058838,1.4023300409317017,1.406499981880188,0,2020-04-25T00:00:00.000000Z
2020-04-27T00:00:00.000000Z,1.4108999967575073,1.4112499952316284,1.4038900136947632,1.4107999801635742,0,2020-04-28T00:00:00.000000Z
2020-04-28T00:00:00.000000Z,1.403499960899353,1.4068800210952759,1.3936699628829956,1.4036200046539307,0,2020-04-29T00:00:00.000000Z
2020-04-29T00:00:00.000000Z,1.3983000516891479,1.3985300064086914,1.3913700580596924,1.3983000516891479,0,2020-04-30T00:00:00.000000Z
2020-04-30T00:00:00.000000Z,1.3876199722290039,1.3916599750518799,1.3852100372314453,1.38742995262146,0,2020-05-01T00:00:00.000000Z
2020-05-01T00:00:00.000000Z,1.3951799869537354,1.4107199907302856,1.3951799869537354,1.3952900171279907,0,2020-05-02T00:00:00.000000Z
2020-05-04T00:00:00.000000Z,1.4134399890899658,1.4150600433349609,1.4050999879837036,1.4134999513626099,0,2020-05-05T00:00:00.000000Z
2020-05-05T00:00:00.000000Z,1.4082399606704712,1.409369945526123,1.4010000228881836,1.4083700180053711,0,2020-05-06T00:00:00.000000Z
2020-05-06T00:00:00.000000Z,1.4042400121688843,1.4155700206756592,1.4023200273513794,1.4042199850082397,0,2020-05-07T00:00:00.000000Z
2020-05-08T00:00:00.000000Z,1.3971400260925293,1.397570013999939,1.3909200429916382,1.3969500064849854,0,2020-05-09T00:00:00.000000Z
2020-05-11T00:00:00.000000Z,1.3926199674606323,1.4042400121688843,1.3900200128555298,1.3924100399017334,0,2020-05-12T00:00:00.000000Z
2020-05-12T00:00:00.000000Z,1.401960015296936,1.4062999486923218,1.3971999883651733,1.4018000364303589,0,2020-05-13T00:00:00.000000Z
2020-05-13T00:00:00.000000Z,1.4080300331115723,1.4096599817276001,1.4008400440216064,1.4080899953842163,0,2020-05-14T00:00:00.000000Z
2020-05-14T00:00:00.000000Z,1.4093899726867676,1.4139000177383423,1.4068700075149536,1.4089000225067139,0,2020-05-15T00:00:00.000000Z
2020-05-15T00:00:00.000000Z,1.4033299684524536,1.4109300374984741,1.4019299745559692,1.4033000469207764,0,2020-05-16T00:00:00.000000Z
2020-05-18T00:00:00.000000Z,1.4091700315475464,1.4096000194549561,1.3964699506759644,1.4091000556945801,0,2020-05-19T00:00:00.000000Z
2020-05-19T00:00:00.000000Z,1.394029974937439,1.3968100547790527,1.3874599933624268,1.3939000368118286,0,2020-05-20T00:00:00.000000Z
2020-05-20T00:00:00.000000Z,1.3934600353240967,1.3950099945068359,1.3868000507354736,1.3938000202178955,0,2020-05-21T00:00:00.000000Z
2020-05-21T00:00:00.000000Z,1.3908100128173828,1.3969099521636963,1.3893500566482544,1.3904500007629395,0,2020-05-22T00:00:00.000000Z
2020-05-22T00:00:00.000000Z,1.3944100141525269,1.4048000574111938,1.3940999507904053,1.3947000503540039,0,2020-05-23T00:00:00.000000Z
2020-05-25T00:00:00.000000Z,1.3984999656677246,1.4007099866867065,1.3968900442123413,1.3985899686813354,0,2020-05-26T00:00:00.000000Z
2020-05-26T00:00:00.000000Z,1.3972100019454956,1.3974900245666504,1.3788199424743652,1.3971799612045288,0,2020-05-27T00:00:00.000000Z
2020-05-27T00:00:00.000000Z,1.3784099817276001,1.3820799589157104,1.3727600574493408,1.3782500028610229,0,2020-05-28T00:00:00.000000Z
2020-05-28T00:00:00.000000Z,1.3755799531936646,1.3787800073623657,1.373479962348938,1.375480055809021,0,2020-05-29T00:00:00.000000Z
2020-05-29T00:00:00.000000Z,1.3775800466537476,1.3829699754714966,1.3716100454330444,1.3774000406265259,0,2020-05-30T00:00:00.000000Z
2020-06-01T00:00:00.000000Z,1.3779100179672241,1.3780499696731567,1.3602999448776245,1.3777999877929688,0,2020-06-02T00:00:00.000000Z
2020-06-03T00:00:00.000000Z,1.3510500192642212,1.3569799661636353,1.348099946975708,1.3509999513626099,0,2020-06-04T00:00:00.000000Z
2020-06-04T00:00:00.000000Z,1.3492399454116821,1.3538299798965454,1.3471299409866333,1.3493800163269043,0,2020-06-05T00:00:00.000000Z
2020-06-05T00:00:00.000000Z,1.3501900434494019,1.3511999845504761,1.339229941368103,1.3501600027084351,0,2020-06-06T00:00:00.000000Z
2020-06-08T00:00:00.000000Z,1.3405300378799438,1.3436000347137451,1.337399959564209,1.3392800092697144,0,2020-06-09T00:00:00.000000Z
2020-06-09T00:00:00.000000Z,1.3372800350189209,1.3487399816513062,1.3360999822616577,1.3367999792098999,0,2020-06-10T00:00:00.000000Z
2020-06-10T00:00:00.000000Z,1.3421800136566162,1.3436199426651001,1.3371000289916992,1.3422000408172607,0,2020-06-11T00:00:00.000000Z
2020-06-11T00:00:00.000000Z,1.3425400257110596,1.3576500415802002,1.3401600122451782,1.3428399562835693,0,2020-06-12T00:00:00.000000Z
2020-06-12T00:00:00.000000Z,1.3635200262069702,1.3665299415588379,1.3527899980545044,1.3637900352478027,0,2020-06-13T00:00:00.000000Z
2020-06-15T00:00:00.000000Z,1.3632700443267822,1.3682099580764771,1.3581000566482544,1.3637100458145142,0,2020-06-16T00:00:00.000000Z
2020-06-16T00:00:00.000000Z,1.3530399799346924,1.3616199493408203,1.3505699634552002,1.3533899784088135,0,2020-06-17T00:00:00.000000Z
2020-06-17T00:00:00.000000Z,1.3537000417709351,1.359279990196228,1.3511899709701538,1.353350043296814,0,2020-06-18T00:00:00.000000Z
2020-06-18T00:00:00.000000Z,1.3578300476074219,1.3604899644851685,1.3523299694061279,1.3575799465179443,0,2020-06-19T00:00:00.000000Z
2020-06-19T00:00:00.000000Z,1.3594499826431274,1.3614399433135986,1.3548300266265869,1.3592400550842285,0,2020-06-20T00:00:00.000000Z
2020-06-22T00:00:00.000000Z,1.3618899583816528,1.3623900413513184,1.3532999753952026,1.3617000579833984,0,2020-06-23T00:00:00.000000Z
2020-06-23T00:00:00.000000Z,1.3503799438476562,1.3567700386047363,1.3486499786376953,1.3501800298690796,0,2020-06-24T00:00:00.000000Z
2020-06-24T00:00:00.000000Z,1.3540500402450562,1.360319972038269,1.3525999784469604,1.3542200326919556,0,2020-06-25T00:00:00.000000Z
2020-06-25T00:00:00.000000Z,1.3642300367355347,1.3667800426483154,1.3607000112533569,1.3643800020217896,0,2020-06-26T00:00:00.000000Z
2020-06-26T00:00:00.000000Z,1.3638399839401245,1.3715000152587891,1.3627699613571167,1.3634999990463257,0,2020-06-27T00:00:00.000000Z
2020-06-29T00:00:00.000000Z,1.3677099943161011,1.3703800439834595,1.3645999431610107,1.3678300380706787,0,2020-06-30T00:00:00.000000Z
2020-06-30T00:00:00.000000Z,1.3660000562667847,1.3698500394821167,1.3597099781036377,1.3656599521636963,0,2020-07-01T00:00:00.000000Z
2020-07-01T00:00:00.000000Z,1.3574399948120117,1.3593399524688721,1.3545000553131104,1.3574199676513672,0,2020-07-02T00:00:00.000000Z
2020-07-02T00:00:00.000000Z,1.3589500188827515,1.3621900081634521,1.356160044670105,1.3590999841690063,0,2020-07-03T00:00:00.000000Z
2020-07-03T00:00:00.000000Z,1.3569600582122803,1.3578699827194214,1.3552999496459961,1.356969952583313,0,2020-07-04T00:00:00.000000Z
2020-07-06T00:00:00.000000Z,1.3548500537872314,1.3558800220489502,1.3519999980926514,1.3549100160598755,0,2020-07-07T00:00:00.000000Z
2020-07-07T00:00:00.000000Z,1.3543399572372437,1.3602900505065918,1.3523999452590942,1.3538899421691895,0,2020-07-08T00:00:00.000000Z
2020-07-08T00:00:00.000000Z,1.3608399629592896,1.3622100353240967,1.3535300493240356,1.3603999614715576,0,2020-07-09T00:00:00.000000Z
2020-07-09T00:00:00.000000Z,1.3516999483108521,1.3583799600601196,1.3490999937057495,1.3517199754714966,0,2020-07-10T00:00:00.000000Z
2020-07-10T00:00:00.000000Z,1.3580900430679321,1.3629900217056274,1.3575899600982666,1.3580000400543213,0,2020-07-11T00:00:00.000000Z
2020-07-13T00:00:00.000000Z,1.3598099946975708,1.3600599765777588,1.3538299798965454,1.3597999811172485,0,2020-07-14T00:00:00.000000Z
2020-07-14T00:00:00.000000Z,1.3610800504684448,1.3645299673080444,1.3598799705505371,1.3610399961471558,0,2020-07-15T00:00:00.000000Z
2020-07-15T00:00:00.000000Z,1.3599200248718262,1.3607000112533569,1.3518999814987183,1.3599400520324707,0,2020-07-16T00:00:00.000000Z
2020-07-16T00:00:00.000000Z,1.3507000207901001,1.3545500040054321,1.350100040435791,1.3506900072097778,0,2020-07-17T00:00:00.000000Z
2020-07-17T00:00:00.000000Z,1.3574600219726562,1.3588399887084961,1.3565000295639038,1.3568899631500244,0,2020-07-18T00:00:00.000000Z
2020-07-20T00:00:00.000000Z,1.3574700355529785,1.3599400520324707,1.3529700040817261,1.3574800491333008,0,2020-07-21T00:00:00.000000Z
2020-07-22T00:00:00.000000Z,1.3446300029754639,1.3483099937438965,1.3405900001525879,1.3447799682617188,0,2020-07-23T00:00:00.000000Z
2020-07-23T00:00:00.000000Z,1.3416800498962402,1.3425600528717041,1.3367700576782227,1.3417199850082397,0,2020-07-24T00:00:00.000000Z
2020-07-24T00:00:00.000000Z,1.3404200077056885,1.3444600105285645,1.3377399444580078,1.3403799533843994,0,2020-07-25T00:00:00.000000Z
2020-07-27T00:00:00.000000Z,1.3419300317764282,1.3419300317764282,1.3367999792098999,1.3416800498962402,0,2020-07-28T00:00:00.000000Z
2020-07-28T00:00:00.000000Z,1.3338500261306763,1.3405100107192993,1.3330999612808228,1.3338899612426758,0,2020-07-29T00:00:00.000000Z
2020-07-29T00:00:00.000000Z,1.3377799987792969,1.3385800123214722,1.333899974822998,1.3379600048065186,0,2020-07-30T00:00:00.000000Z
2020-07-30T00:00:00.000000Z,1.3341100215911865,1.3457599878311157,1.3331999778747559,1.3342000246047974,0,2020-07-31T00:00:00.000000Z
2020-07-31T00:00:00.000000Z,1.3412699699401855,1.3435300588607788,1.3372100591659546,1.3412799835205078,0,2020-08-01T00:00:00.000000Z
2020-08-03T00:00:00.000000Z,1.3398000001907349,1.345039963722229,1.3394999504089355,1.3397200107574463,0,2020-08-04T00:00:00.000000Z
2020-08-04T00:00:00.000000Z,1.3394900560379028,1.3418999910354614,1.3349200487136841,1.339400053024292,0,2020-08-05T00:00:00.000000Z
2020-08-05T00:00:00.000000Z,1.3295600414276123,1.3306100368499756,1.3233000040054321,1.3295799493789673,0,2020-08-06T00:00:00.000000Z
2020-08-06T00:00:00.000000Z,1.3265999555587769,1.3322000503540039,1.3244600296020508,1.3264800310134888,0,2020-08-07T00:00:00.000000Z
2020-08-07T00:00:00.000000Z,1.3321199417114258,1.3396999835968018,1.3305100202560425,1.3318400382995605,0,2020-08-08T00:00:00.000000Z
2020-08-10T00:00:00.000000Z,1.3386000394821167,1.3393900394439697,1.333359956741333,1.3386800289154053,0,2020-08-11T00:00:00.000000Z
2020-08-11T00:00:00.000000Z,1.3352199792861938,1.3354899883270264,1.3270499706268311,1.3353999853134155,0,2020-08-12T00:00:00.000000Z
2020-08-12T00:00:00.000000Z,1.3310199975967407,1.3345799446105957,1.322950005531311,1.3310500383377075,0,2020-08-13T00:00:00.000000Z
2020-08-13T00:00:00.000000Z,1.3240400552749634,1.3249800205230713,1.3193000555038452,1.3243600130081177,0,2020-08-14T00:00:00.000000Z
2020-08-14T00:00:00.000000Z,1.3223299980163574,1.3270200490951538,1.3206599950790405,1.3219599723815918,0,2020-08-15T00:00:00.000000Z
2020-08-17T00:00:00.000000Z,1.3253899812698364,1.3261699676513672,1.3194400072097778,1.3252400159835815,0,2020-08-18T00:00:00.000000Z
2020-08-18T00:00:00.000000Z,1.322100043296814,1.3222700357437134,1.3152999877929688,1.3221800327301025,0,2020-08-19T00:00:00.000000Z
2020-08-19T00:00:00.000000Z,1.3158600330352783,1.3173999786376953,1.3134000301361084,1.3152300119400024,0,2020-08-20T00:00:00.000000Z
2020-08-20T00:00:00.000000Z,1.3213000297546387,1.3242700099945068,1.3174999952316284,1.3212200403213501,0,2020-08-21T00:00:00.000000Z
2020-08-21T00:00:00.000000Z,1.3171999454498291,1.3234100341796875,1.3157000541687012,1.3172399997711182,0,2020-08-22T00:00:00.000000Z
2020-08-24T00:00:00.000000Z,1.3179299831390381,1.3223400115966797,1.3135299682617188,1.3179899454116821,0,2020-08-25T00:00:00.000000Z
2020-08-25T00:00:00.000000Z,1.3217999935150146,1.3237899541854858,1.3176900148391724,1.3217600584030151,0,2020-08-26T00:00:00.000000Z
2020-08-26T00:00:00.000000Z,1.3166300058364868,1.3204900026321411,1.3135999441146851,1.3163000345230103,0,2020-08-27T00:00:00.000000Z
2020-08-27T00:00:00.000000Z,1.3139200210571289,1.3165500164031982,1.3103100061416626,1.3137999773025513,0,2020-08-28T00:00:00.000000Z
2020-08-28T00:00:00.000000Z,1.3122999668121338,1.3131300210952759,1.3047800064086914,1.3121600151062012,0,2020-08-29T00:00:00.000000Z
2020-08-31T00:00:00.000000Z,1.3081899881362915,1.3103499412536621,1.3025200366973877,1.3080300092697144,0,2020-09-01T00:00:00.000000Z
2020-09-01T00:00:00.000000Z,1.3036500215530396,1.3076499700546265,1.2993999719619751,1.3035000562667847,0,2020-09-02T00:00:00.000000Z
2020-09-02T00:00:00.000000Z,1.3055299520492554,1.309499979019165,1.3052999973297119,1.3052999973297119,0,2020-09-03T00:00:00.000000Z
2020-09-07T00:00:00.000000Z,1.3076299428939819,1.3115500211715698,1.3065999746322632,1.3075699806213379,0,2020-09-08T00:00:00.000000Z
2020-09-08T00:00:00.000000Z,1.3095999956130981,1.3202099800109863,1.3086999654769897,1.3095799684524536,0,2020-09-09T00:00:00.000000Z
2020-09-09T00:00:00.000000Z,1.3238300085067749,1.3258800506591797,1.315500020980835,1.3239099979400635,0,2020-09-10T00:00:00.000000Z
2020-09-10T00:00:00.000000Z,1.3153699636459351,1.3169300556182861,1.3119399547576904,1.315250039100647,0,2020-09-11T00:00:00.000000Z
2020-09-11T00:00:00.000000Z,1.3186399936676025,1.3192900419235229,1.3150999546051025,1.3189500570297241,0,2020-09-12T00:00:00.000000Z
2020-09-14T00:00:00.000000Z,1.317870020866394,1.3195899724960327,1.3151999711990356,1.318120002746582,0,2020-09-15T00:00:00.000000Z
2020-09-15T00:00:00.000000Z,1.3178199529647827,1.3201199769973755,1.3134100437164307,1.3176699876785278,0,2020-09-16T00:00:00.000000Z
2020-09-16T00:00:00.000000Z,1.3195400238037109,1.3199700117111206,1.3156100511550903,1.3192800283432007,0,2020-09-17T00:00:00.000000Z
2020-09-17T00:00:00.000000Z,1.318060040473938,1.3247100114822388,1.318060040473938,1.3181500434875488,0,2020-09-18T00:00:00.000000Z
2020-09-18T00:00:00.000000Z,1.3143999576568604,1.319890022277832,1.313789963722229,1.315019965171814,0,2020-09-19T00:00:00.000000Z
2020-09-21T00:00:00.000000Z,1.3197400569915771,1.3318799734115601,1.3170499801635742,1.3197200298309326,0,2020-09-22T00:00:00.000000Z
2020-09-22T00:00:00.000000Z,1.3303799629211426,1.3345299959182739,1.3285700082778931,1.3300000429153442,0,2020-09-23T00:00:00.000000Z
2020-09-23T00:00:00.000000Z,1.3295799493789673,1.3372100591659546,1.3293000459671021,1.3296999931335449,0,2020-09-24T00:00:00.000000Z
2020-09-24T00:00:00.000000Z,1.3381500244140625,1.3416899442672729,1.3368699550628662,1.3383500576019287,0,2020-09-25T00:00:00.000000Z
2020-09-25T00:00:00.000000Z,1.3349699974060059,1.3413900136947632,1.3340500593185425,1.3351399898529053,0,2020-09-26T00:00:00.000000Z
2020-09-28T00:00:00.000000Z,1.3380000591278076,1.3402700424194336,1.3355300426483154,1.33788001537323,0,2020-09-29T00:00:00.000000Z
2020-09-29T00:00:00.000000Z,1.3358700275421143,1.3411400318145752,1.3351700305938721,1.3356800079345703,0,2020-09-30T00:00:00.000000Z
2020-09-30T00:00:00.000000Z,1.3382899761199951,1.3420100212097168,1.331820011138916,1.338379979133606,0,2020-10-01T00:00:00.000000Z
2020-10-01T00:00:00.000000Z,1.3305000066757202,1.3319499492645264,1.3279000520706177,1.330530047416687,0,2020-10-02T00:00:00.000000Z
2020-10-02T00:00:00.000000Z,1.3284900188446045,1.3330299854278564,1.3281799554824829,1.3284000158309937,0,2020-10-03T00:00:00.000000Z
2020-10-05T00:00:00.000000Z,1.3291499614715576,1.3292299509048462,1.3259400129318237,1.3291000127792358,0,2020-10-06T00:00:00.000000Z
2020-10-06T00:00:00.000000Z,1.3259299993515015,1.3282899856567383,1.32423996925354,1.325700044631958,0,2020-10-07T00:00:00.000000Z
2020-10-07T00:00:00.000000Z,1.3320300579071045,1.3339899778366089,1.3269699811935425,1.332129955291748,0,2020-10-08T00:00:00.000000Z
2020-10-08T00:00:00.000000Z,1.3258500099182129,1.326449990272522,1.3217999935150146,1.3257800340652466,0,2020-10-09T00:00:00.000000Z
2020-10-09T00:00:00.000000Z,1.3192000389099121,1.3195400238037109,1.3115400075912476,1.3192100524902344,0,2020-10-10T00:00:00.000000Z
2020-10-12T00:00:00.000000Z,1.3130999803543091,1.3142399787902832,1.3100899457931519,1.312999963760376,0,2020-10-13T00:00:00.000000Z
2020-10-13T00:00:00.000000Z,1.3110899925231934,1.3145600557327271,1.3098000288009644,1.3112499713897705,0,2020-10-14T00:00:00.000000Z
2020-10-14T00:00:00.000000Z,1.3139599561691284,1.3156800270080566,1.3116400241851807,1.3141800165176392,0,2020-10-15T00:00:00.000000Z
2020-10-15T00:00:00.000000Z,1.31482994556427,1.3256000280380249,1.3143999576568604,1.3148599863052368,0,2020-10-16T00:00:00.000000Z
2020-10-16T00:00:00.000000Z,1.3228399753570557,1.3237199783325195,1.3177200555801392,1.3225100040435791,0,2020-10-17T00:00:00.000000Z
2020-10-19T00:00:00.000000Z,1.3179899454116821,1.3190399408340454,1.3150999546051025,1.3179299831390381,0,2020-10-20T00:00:00.000000Z
2020-10-20T00:00:00.000000Z,1.3190699815750122,1.3203400373458862,1.3112900257110596,1.3189699649810791,0,2020-10-21T00:00:00.000000Z
2020-10-21T00:00:00.000000Z,1.3119000196456909,1.3135999441146851,1.3080999851226807,1.3120499849319458,0,2020-10-22T00:00:00.000000Z
2020-10-22T00:00:00.000000Z,1.3152999877929688,1.3176499605178833,1.3124099969863892,1.3153200149536133,0,2020-10-23T00:00:00.000000Z
2020-10-23T00:00:00.000000Z,1.3137600421905518,1.3157800436019897,1.310979962348938,1.3136700391769409,0,2020-10-24T00:00:00.000000Z
2020-10-26T00:00:00.000000Z,1.3147599697113037,1.3218100070953369,1.3137999773025513,1.3147200345993042,0,2020-10-27T00:00:00.000000Z
2020-10-27T00:00:00.000000Z,1.3205200433731079,1.3208999633789062,1.3154000043869019,1.3206100463867188,0,2020-10-28T00:00:00.000000Z
2020-10-28T00:00:00.000000Z,1.3193000555038452,1.3332500457763672,1.3177000284194946,1.3191800117492676,0,2020-10-29T00:00:00.000000Z
2020-10-29T00:00:00.000000Z,1.3311799764633179,1.3389099836349487,1.3276000022888184,1.3310500383377075,0,2020-10-30T00:00:00.000000Z
2020-10-30T00:00:00.000000Z,1.3313499689102173,1.3347100019454956,1.327970027923584,1.331529974937439,0,2020-10-31T00:00:00.000000Z
2020-11-03T00:00:00.000000Z,1.3220499753952026,1.3233100175857544,1.3105000257492065,1.3220499753952026,0,2020-11-04T00:00:00.000000Z
2020-11-04T00:00:00.000000Z,1.3100099563598633,1.3297200202941895,1.3095500469207764,1.3102099895477295,0,2020-11-05T00:00:00.000000Z
2020-11-05T00:00:00.000000Z,1.3128000497817993,1.317579984664917,1.3029999732971191,1.3126399517059326,0,2020-11-06T00:00:00.000000Z
2020-11-06T00:00:00.000000Z,1.3082200288772583,1.3095699548721313,1.302340030670166,1.308210015296936,0,2020-11-07T00:00:00.000000Z
2020-11-09T00:00:00.000000Z,1.3021399974822998,1.3028299808502197,1.2929799556732178,1.3022300004959106,0,2020-11-10T00:00:00.000000Z
2020-11-10T00:00:00.000000Z,1.3008300065994263,1.3049499988555908,1.2988699674606323,1.3007099628448486,0,2020-11-11T00:00:00.000000Z
2020-11-11T00:00:00.000000Z,1.3029500246047974,1.3074899911880493,1.3008899688720703,1.3030999898910522,0,2020-11-12T00:00:00.000000Z
2020-11-12T00:00:00.000000Z,1.3056999444961548,1.3147499561309814,1.3056000471115112,1.3058199882507324,0,2020-11-13T00:00:00.000000Z
2020-11-13T00:00:00.000000Z,1.313539981842041,1.3171499967575073,1.3114999532699585,1.3135999441146851,0,2020-11-14T00:00:00.000000Z
2020-11-16T00:00:00.000000Z,1.3123500347137451,1.3127800226211548,1.3066200017929077,1.3123600482940674,0,2020-11-17T00:00:00.000000Z
2020-11-17T00:00:00.000000Z,1.3074300289154053,1.3114900588989258,1.3062000274658203,1.3075300455093384,0,2020-11-18T00:00:00.000000Z
2020-11-18T00:00:00.000000Z,1.3104000091552734,1.3116799592971802,1.3040800094604492,1.3105000257492065,0,2020-11-19T00:00:00.000000Z
2020-11-19T00:00:00.000000Z,1.3087999820709229,1.3121500015258789,1.3069000244140625,1.308419942855835,0,2020-11-20T00:00:00.000000Z
2020-11-23T00:00:00.000000Z,1.3085700273513794,1.3111499547958374,1.3044799566268921,1.3082200288772583,0,2020-11-24T00:00:00.000000Z
2020-11-24T00:00:00.000000Z,1.3074599504470825,1.3089499473571777,1.3012299537658691,1.3074400424957275,0,2020-11-25T00:00:00.000000Z
2020-11-25T00:00:00.000000Z,1.2997900247573853,1.3028500080108643,1.2989000082015991,1.2996400594711304,0,2020-11-26T00:00:00.000000Z
2020-11-26T00:00:00.000000Z,1.300279974937439,1.3022199869155884,1.2990200519561768,1.3001999855041504,0,2020-11-27T00:00:00.000000Z
2020-11-27T00:00:00.000000Z,1.3022300004959106,1.3024599552154541,1.2971500158309937,1.3020399808883667,0,2020-11-28T00:00:00.000000Z
2020-11-30T00:00:00.000000Z,1.2982900142669678,1.2994999885559082,1.2924200296401978,1.298259973526001,0,2020-12-01T00:00:00.000000Z
2020-12-02T00:00:00.000000Z,1.2934800386428833,1.2958300113677979,1.2916899919509888,1.2933000326156616,0,2020-12-03T00:00:00.000000Z
2020-12-03T00:00:00.000000Z,1.2917100191116333,1.2940399646759033,1.2868000268936157,1.2917200326919556,0,2020-12-04T00:00:00.000000Z
2020-12-04T00:00:00.000000Z,1.2866699695587158,1.2872799634933472,1.2790000438690186,1.2864600419998169,0,2020-12-05T00:00:00.000000Z
2020-12-07T00:00:00.000000Z,1.2781399488449097,1.2832000255584717,1.2776000499725342,1.277959942817688,0,2020-12-08T00:00:00.000000Z
2020-12-08T00:00:00.000000Z,1.2803699970245361,1.2815899848937988,1.276960015296936,1.2802000045776367,0,2020-12-09T00:00:00.000000Z
2020-12-09T00:00:00.000000Z,1.2815500497817993,1.2817399501800537,1.2771199941635132,1.2816200256347656,0,2020-12-10T00:00:00.000000Z
2020-12-10T00:00:00.000000Z,1.2825000286102295,1.2826000452041626,1.2708200216293335,1.2824399471282959,0,2020-12-11T00:00:00.000000Z
2020-12-11T00:00:00.000000Z,1.2740700244903564,1.2791999578475952,1.2719000577926636,1.2739200592041016,0,2020-12-12T00:00:00.000000Z
2020-12-14T00:00:00.000000Z,1.2750899791717529,1.2789000272750854,1.2720199823379517,1.2750600576400757,0,2020-12-15T00:00:00.000000Z
2020-12-15T00:00:00.000000Z,1.2760299444198608,1.2771099805831909,1.2728999853134155,1.2760299444198608,0,2020-12-16T00:00:00.000000Z
2020-12-16T00:00:00.000000Z,1.2698999643325806,1.2762700319290161,1.2690999507904053,1.2699600458145142,0,2020-12-17T00:00:00.000000Z
2020-12-17T00:00:00.000000Z,1.2746200561523438,1.274880051612854,1.2690399885177612,1.2747000455856323,0,2020-12-18T00:00:00.000000Z
2020-12-18T00:00:00.000000Z,1.2731900215148926,1.2784600257873535,1.2726999521255493,1.2731000185012817,0,2020-12-19T00:00:00.000000Z
2020-12-21T00:00:00.000000Z,1.2809799909591675,1.2953100204467773,1.2804000377655029,1.2810599803924561,0,2020-12-22T00:00:00.000000Z
2020-12-22T00:00:00.000000Z,1.2853200435638428,1.2933399677276611,1.2846000194549561,1.2853200435638428,0,2020-12-23T00:00:00.000000Z
2020-12-23T00:00:00.000000Z,1.2893999814987183,1.2912499904632568,1.284000039100647,1.289330005645752,0,2020-12-24T00:00:00.000000Z
2020-12-24T00:00:00.000000Z,1.2841999530792236,1.2853100299835205,1.281980037689209,1.2845499515533447,0,2020-12-25T00:00:00.000000Z
2020-12-25T00:00:00.000000Z,1.2860699892044067,1.2913000583648682,1.2710800170898438,1.2848199605941772,0,2020-12-26T00:00:00.000000Z
2020-12-28T00:00:00.000000Z,1.2836199998855591,1.2875299453735352,1.2813999652862549,1.2839599847793579,0,2020-12-29T00:00:00.000000Z
2020-12-29T00:00:00.000000Z,1.2842999696731567,1.2842999696731567,1.2782000303268433,1.284000039100647,0,2020-12-30T00:00:00.000000Z
2020-12-30T00:00:00.000000Z,1.2822799682617188,1.2826299667358398,1.2749199867248535,1.2822099924087524,0,2020-12-31T00:00:00.000000Z
2020-12-31T00:00:00.000000Z,1.2750600576400757,1.2756099700927734,1.2714099884033203,1.2750699520111084,0,2021-01-01T00:00:00.000000Z
2021-01-01T00:00:00.000000Z,1.2349900007247925,1.2728999853134155,1.2349900007247925,1.2349900007247925,0,2021-01-02T00:00:00.000000Z
2021-01-04T00:00:00.000000Z,1.2723599672317505,1.2785899639129639,1.2662999629974365,1.2722100019454956,0,2021-01-05T00:00:00.000000Z
2021-01-05T00:00:00.000000Z,1.2779999971389771,1.2788399457931519,1.2699999809265137,1.2781000137329102,0,2021-01-06T00:00:00.000000Z
2021-01-06T00:00:00.000000Z,1.2676399946212769,1.2718600034713745,1.2630000114440918,1.2674700021743774,0,2021-01-07T00:00:00.000000Z
2021-01-07T00:00:00.000000Z,1.2666699886322021,1.2732700109481812,1.2663999795913696,1.2665400505065918,0,2021-01-08T00:00:00.000000Z
2021-01-08T00:00:00.000000Z,1.2685400247573853,1.2719399929046631,1.2659000158309937,1.2683800458908081,0,2021-01-09T00:00:00.000000Z
2021-01-11T00:00:00.000000Z,1.2726000547409058,1.2834099531173706,1.2719000577926636,1.2730799913406372,0,2021-01-12T00:00:00.000000Z
2021-01-12T00:00:00.000000Z,1.2772400379180908,1.2789900302886963,1.2732700109481812,1.2771400213241577,0,2021-01-13T00:00:00.000000Z
2021-01-13T00:00:00.000000Z,1.2705999612808228,1.2745000123977661,1.2702000141143799,1.2707699537277222,0,2021-01-14T00:00:00.000000Z
2021-01-14T00:00:00.000000Z,1.2698299884796143,1.2707200050354004,1.2632900476455688,1.2698099613189697,0,2021-01-15T00:00:00.000000Z
2021-01-15T00:00:00.000000Z,1.2647299766540527,1.2762800455093384,1.2636200189590454,1.2647700309753418,0,2021-01-16T00:00:00.000000Z
2021-01-18T00:00:00.000000Z,1.2769500017166138,1.2798399925231934,1.2755999565124512,1.2764699459075928,0,2021-01-19T00:00:00.000000Z
2021-01-19T00:00:00.000000Z,1.2747999429702759,1.2762900590896606,1.2718000411987305,1.2747999429702759,0,2021-01-20T00:00:00.000000Z
2021-01-20T00:00:00.000000Z,1.2722200155258179,1.2731499671936035,1.2605999708175659,1.2722699642181396,0,2021-01-21T00:00:00.000000Z
2021-01-21T00:00:00.000000Z,1.2627899646759033,1.2640000581741333,1.2593499422073364,1.2625999450683594,0,2021-01-22T00:00:00.000000Z
2021-01-22T00:00:00.000000Z,1.2648299932479858,1.2727199792861938,1.2639000415802002,1.2646700143814087,0,2021-01-23T00:00:00.000000Z
2021-01-25T00:00:00.000000Z,1.2723400592803955,1.2777800559997559,1.2685999870300293,1.2722899913787842,0,2021-01-26T00:00:00.000000Z
2021-01-26T00:00:00.000000Z,1.2738499641418457,1.278190016746521,1.2696599960327148,1.2737499475479126,0,2021-01-27T00:00:00.000000Z
2021-01-27T00:00:00.000000Z,1.2691500186920166,1.2818299531936646,1.2686599493026733,1.2693899869918823,0,2021-01-28T00:00:00.000000Z
2021-01-28T00:00:00.000000Z,1.2815099954605103,1.2880300283432007,1.2789299488067627,1.2815999984741211,0,2021-01-29T00:00:00.000000Z
2021-01-29T00:00:00.000000Z,1.2828899621963501,1.2874000072479248,1.2740199565887451,1.2830899953842163,0,2021-01-30T00:00:00.000000Z
2021-02-01T00:00:00.000000Z,1.2800300121307373,1.283769965171814,1.2760000228881836,1.2802200317382812,0,2021-02-02T00:00:00.000000Z
2021-02-02T00:00:00.000000Z,1.2848600149154663,1.286810040473938,1.2782599925994873,1.2846000194549561,0,2021-02-03T00:00:00.000000Z
2021-02-03T00:00:00.000000Z,1.278480052947998,1.2809599637985229,1.2762000560760498,1.2785099744796753,0,2021-02-04T00:00:00.000000Z
2021-02-04T00:00:00.000000Z,1.2785199880599976,1.2842999696731567,1.2776999473571777,1.2783999443054199,0,2021-02-05T00:00:00.000000Z
2021-02-05T00:00:00.000000Z,1.282480001449585,1.2832499742507935,1.2770999670028687,1.282289981842041,0,2021-02-06T00:00:00.000000Z
2021-02-08T00:00:00.000000Z,1.27593994140625,1.278130054473877,1.2740099430084229,1.2758400440216064,0,2021-02-09T00:00:00.000000Z
2021-02-09T00:00:00.000000Z,1.2740299701690674,1.276360034942627,1.2709200382232666,1.2737699747085571,0,2021-02-10T00:00:00.000000Z
2021-02-10T00:00:00.000000Z,1.2697000503540039,1.270859956741333,1.2668999433517456,1.2697099447250366,0,2021-02-11T00:00:00.000000Z
2021-02-11T00:00:00.000000Z,1.2695499658584595,1.2709499597549438,1.2660200595855713,1.2696000337600708,0,2021-02-12T00:00:00.000000Z
2021-02-12T00:00:00.000000Z,1.2700899839401245,1.2761900424957275,1.2692099809646606,1.2700599431991577,0,2021-02-13T00:00:00.000000Z
2021-02-15T00:00:00.000000Z,1.2688000202178955,1.269070029258728,1.2631499767303467,1.2687900066375732,0,2021-02-16T00:00:00.000000Z
2021-02-16T00:00:00.000000Z,1.2636300325393677,1.2701300382614136,1.2608000040054321,1.2635600566864014,0,2021-02-17T00:00:00.000000Z
2021-02-17T00:00:00.000000Z,1.2710100412368774,1.2744599580764771,1.2687000036239624,1.2709000110626221,0,2021-02-18T00:00:00.000000Z
2021-02-18T00:00:00.000000Z,1.2698299884796143,1.2729300260543823,1.2663999795913696,1.2699899673461914,0,2021-02-19T00:00:00.000000Z
2021-02-19T00:00:00.000000Z,1.2680799961090088,1.2713099718093872,1.2594399452209473,1.2680900096893311,0,2021-02-20T00:00:00.000000Z
2021-02-22T00:00:00.000000Z,1.2599899768829346,1.2653299570083618,1.2581800222396851,1.2598700523376465,0,2021-02-23T00:00:00.000000Z
2021-02-23T00:00:00.000000Z,1.2610900402069092,1.2641199827194214,1.2583999633789062,1.2609000205993652,0,2021-02-24T00:00:00.000000Z
2021-02-24T00:00:00.000000Z,1.2593100070953369,1.2596199512481689,1.2535099983215332,1.2592600584030151,0,2021-02-25T00:00:00.000000Z
2021-02-25T00:00:00.000000Z,1.2512600421905518,1.2531299591064453,1.2468199729919434,1.2510000467300415,0,2021-02-26T00:00:00.000000Z
2021-02-26T00:00:00.000000Z,1.2611199617385864,1.2702000141143799,1.2587399482727051,1.2609900236129761,0,2021-02-27T00:00:00.000000Z
2021-03-01T00:00:00.000000Z,1.2696599960327148,1.2711700201034546,1.2650200128555298,1.2696000337600708,0,2021-03-02T00:00:00.000000Z
2021-03-02T00:00:00.000000Z,1.2641099691390991,1.2697399854660034,1.2611099481582642,1.2641500234603882,0,2021-03-03T00:00:00.000000Z
2021-03-03T00:00:00.000000Z,1.2635899782180786,1.2657300233840942,1.2593599557876587,1.2635600566864014,0,2021-03-04T00:00:00.000000Z
2021-03-04T00:00:00.000000Z,1.2673200368881226,1.2673200368881226,1.2577099800109863,1.2670700550079346,0,2021-03-05T00:00:00.000000Z
2021-03-05T00:00:00.000000Z,1.2676299810409546,1.2732900381088257,1.2648400068283081,1.2677899599075317,0,2021-03-06T00:00:00.000000Z
2021-03-08T00:00:00.000000Z,1.2632600069046021,1.2699199914932251,1.262470006942749,1.2631900310516357,0,2021-03-09T00:00:00.000000Z
2021-03-09T00:00:00.000000Z,1.2657599449157715,1.268280029296875,1.2589000463485718,1.2657899856567383,0,2021-03-10T00:00:00.000000Z
2021-03-10T00:00:00.000000Z,1.264490008354187,1.2682399749755859,1.2613999843597412,1.2643100023269653,0,2021-03-11T00:00:00.000000Z
2021-03-11T00:00:00.000000Z,1.2621300220489502,1.2623399496078491,1.2553999423980713,1.2620099782943726,0,2021-03-12T00:00:00.000000Z
2021-03-12T00:00:00.000000Z,1.2534799575805664,1.2572499513626099,1.2466599941253662,1.2531399726867676,0,2021-03-13T00:00:00.000000Z
2021-03-15T00:00:00.000000Z,1.2468500137329102,1.2511899471282959,1.2439700365066528,1.2469300031661987,0,2021-03-16T00:00:00.000000Z
2021-03-16T00:00:00.000000Z,1.24767005443573,1.2499500513076782,1.2448999881744385,1.2475500106811523,0,2021-03-17T00:00:00.000000Z
2021-03-17T00:00:00.000000Z,1.2442799806594849,1.2489099502563477,1.2439999580383301,1.2442699670791626,0,2021-03-18T00:00:00.000000Z
2021-03-18T00:00:00.000000Z,1.2390199899673462,1.2458399534225464,1.236549973487854,1.2389999628067017,0,2021-03-19T00:00:00.000000Z
2021-03-19T00:00:00.000000Z,1.2493599653244019,1.2546099424362183,1.2461700439453125,1.2490899562835693,0,2021-03-20T00:00:00.000000Z
2021-03-22T00:00:00.000000Z,1.2522000074386597,1.254040002822876,1.2472000122070312,1.2522900104522705,0,2021-03-23T00:00:00.000000Z
2021-03-23T00:00:00.000000Z,1.2520099878311157,1.2594599723815918,1.2517999410629272,1.252079963684082,0,2021-03-24T00:00:00.000000Z
2021-03-24T00:00:00.000000Z,1.2587399482727051,1.2608599662780762,1.2545000314712524,1.2590099573135376,0,2021-03-25T00:00:00.000000Z
2021-03-25T00:00:00.000000Z,1.2576999664306641,1.2627400159835815,1.2549099922180176,1.2576700448989868,0,2021-03-26T00:00:00.000000Z
2021-03-26T00:00:00.000000Z,1.2603100538253784,1.2604600191116333,1.2561099529266357,1.2601799964904785,0,2021-03-27T00:00:00.000000Z
2021-03-29T00:00:00.000000Z,1.2584400177001953,1.2624399662017822,1.2577999830245972,1.2584199905395508,0,2021-03-30T00:00:00.000000Z
2021-03-30T00:00:00.000000Z,1.2590600252151489,1.2646100521087646,1.2578999996185303,1.2590399980545044,0,2021-03-31T00:00:00.000000Z
2021-03-31T00:00:00.000000Z,1.2620600461959839,1.2628200054168701,1.254040002822876,1.2620799541473389,0,2021-04-01T00:00:00.000000Z
2021-04-01T00:00:00.000000Z,1.2562999725341797,1.2600899934768677,1.2556999921798706,1.2564300298690796,0,2021-04-02T00:00:00.000000Z
2021-04-02T00:00:00.000000Z,1.2545000314712524,1.2572000026702881,1.2525999546051025,1.2546000480651855,0,2021-04-03T00:00:00.000000Z
2021-04-05T00:00:00.000000Z,1.2567800283432007,1.2593400478363037,1.2502000331878662,1.2563999891281128,0,2021-04-06T00:00:00.000000Z
2021-04-06T00:00:00.000000Z,1.2517999410629272,1.2574299573898315,1.2515000104904175,1.252020001411438,0,2021-04-07T00:00:00.000000Z
2021-04-07T00:00:00.000000Z,1.2570500373840332,1.2632499933242798,1.2566299438476562,1.257140040397644,0,2021-04-08T00:00:00.000000Z
2021-04-08T00:00:00.000000Z,1.2612999677658081,1.2625999450683594,1.2572200298309326,1.2612700462341309,0,2021-04-09T00:00:00.000000Z
2021-04-09T00:00:00.000000Z,1.2562500238418579,1.2609900236129761,1.2531000375747681,1.2562199831008911,0,2021-04-10T00:00:00.000000Z
2021-04-12T00:00:00.000000Z,1.2532000541687012,1.2568700313568115,1.2529000043869019,1.2530800104141235,0,2021-04-13T00:00:00.000000Z
2021-04-13T00:00:00.000000Z,1.2562700510025024,1.2624900341033936,1.253000020980835,1.2559000253677368,0,2021-04-14T00:00:00.000000Z
2021-04-14T00:00:00.000000Z,1.2535300254821777,1.2574399709701538,1.2501699924468994,1.2537100315093994,0,2021-04-15T00:00:00.000000Z
2021-04-15T00:00:00.000000Z,1.2517600059509277,1.255579948425293,1.2476400136947632,1.2517000436782837,0,2021-04-16T00:00:00.000000Z
2021-04-16T00:00:00.000000Z,1.2544200420379639,1.2558499574661255,1.2494000196456909,1.2543699741363525,0,2021-04-17T00:00:00.000000Z
2021-04-19T00:00:00.000000Z,1.2516000270843506,1.2535400390625,1.246999979019165,1.2517600059509277,0,2021-04-20T00:00:00.000000Z
2021-04-20T00:00:00.000000Z,1.2523499727249146,1.2585999965667725,1.2476999759674072,1.2521699666976929,0,2021-04-21T00:00:00.000000Z
2021-04-21T00:00:00.000000Z,1.2613400220870972,1.264799952507019,1.2460099458694458,1.2611500024795532,0,2021-04-22T00:00:00.000000Z
2021-04-22T00:00:00.000000Z,1.250499963760376,1.2533899545669556,1.2473000288009644,1.2503700256347656,0,2021-04-23T00:00:00.000000Z
2021-04-23T00:00:00.000000Z,1.2498099803924561,1.2504700422286987,1.2468999624252319,1.2502900362014771,0,2021-04-24T00:00:00.000000Z
2021-04-26T00:00:00.000000Z,1.2488299608230591,1.2488299608230591,1.2383899688720703,1.2487599849700928,0,2021-04-27T00:00:00.000000Z
2021-04-27T00:00:00.000000Z,1.239609956741333,1.2417900562286377,1.238800048828125,1.2395999431610107,0,2021-04-28T00:00:00.000000Z
2021-04-28T00:00:00.000000Z,1.2407699823379517,1.241610050201416,1.2352900505065918,1.2406200170516968,0,2021-04-29T00:00:00.000000Z
2021-04-29T00:00:00.000000Z,1.2301000356674194,1.2320200204849243,1.2279000282287598,1.2302900552749634,0,2021-04-30T00:00:00.000000Z
2021-04-30T00:00:00.000000Z,1.2276300191879272,1.2321699857711792,1.2266000509262085,1.227620005607605,0,2021-05-01T00:00:00.000000Z
2021-05-03T00:00:00.000000Z,1.2280800342559814,1.2316399812698364,1.2266999483108521,1.227910041809082,0,2021-05-04T00:00:00.000000Z
2021-05-04T00:00:00.000000Z,1.2276999950408936,1.2347300052642822,1.2276999950408936,1.2280100584030151,0,2021-05-05T00:00:00.000000Z
2021-05-05T00:00:00.000000Z,1.2300000190734863,1.2305200099945068,1.2250000238418579,1.2300200462341309,0,2021-05-06T00:00:00.000000Z
2021-05-06T00:00:00.000000Z,1.226639986038208,1.22871994972229,1.2183300256729126,1.2267099618911743,0,2021-05-07T00:00:00.000000Z
2021-05-07T00:00:00.000000Z,1.2156200408935547,1.2190200090408325,1.2125799655914307,1.2153999805450439,0,2021-05-08T00:00:00.000000Z
2021-05-10T00:00:00.000000Z,1.2116600275039673,1.2129000425338745,1.2080999612808228,1.211400032043457,0,2021-05-11T00:00:00.000000Z
2021-05-11T00:00:00.000000Z,1.2091399431228638,1.2123299837112427,1.2082200050354004,1.2093700170516968,0,2021-05-12T00:00:00.000000Z
2021-05-12T00:00:00.000000Z,1.2094999551773071,1.2131799459457397,1.2050800323486328,1.2096400260925293,0,2021-05-13T00:00:00.000000Z
2021-05-13T00:00:00.000000Z,1.2120800018310547,1.2154099941253662,1.2102199792861938,1.2120599746704102,0,2021-05-14T00:00:00.000000Z
2021-05-14T00:00:00.000000Z,1.217039942741394,1.2178699970245361,1.2082200050354004,1.2168300151824951,0,2021-05-15T00:00:00.000000Z
2021-05-17T00:00:00.000000Z,1.2113000154495239,1.2135100364685059,1.2070000171661377,1.2110999822616577,0,2021-05-18T00:00:00.000000Z
2021-05-18T00:00:00.000000Z,1.2062200307846069,1.2065000534057617,1.2013299465179443,1.2061500549316406,0,2021-05-19T00:00:00.000000Z
2021-05-19T00:00:00.000000Z,1.2069499492645264,1.2121700048446655,1.2056000232696533,1.2072700262069702,0,2021-05-20T00:00:00.000000Z
2021-05-20T00:00:00.000000Z,1.2130999565124512,1.2143599987030029,1.2046999931335449,1.2132300138473511,0,2021-05-21T00:00:00.000000Z
2021-05-21T00:00:00.000000Z,1.2061799764633179,1.2093199491500854,1.20278000831604,1.2062499523162842,0,2021-05-22T00:00:00.000000Z
2021-05-24T00:00:00.000000Z,1.2069300413131714,1.2084499597549438,1.2050100564956665,1.2066999673843384,0,2021-05-25T00:00:00.000000Z
2021-05-25T00:00:00.000000Z,1.2049000263214111,1.207800030708313,1.2029000520706177,1.2049800157546997,0,2021-05-26T00:00:00.000000Z
2021-05-26T00:00:00.000000Z,1.2064000368118286,1.2123500108718872,1.2041000127792358,1.2064000368118286,0,2021-05-27T00:00:00.000000Z
2021-05-27T00:00:00.000000Z,1.2129600048065186,1.2140899896621704,1.2055000066757202,1.2130099534988403,0,2021-05-28T00:00:00.000000Z
2021-05-28T00:00:00.000000Z,1.2070900201797485,1.211899995803833,1.2064000368118286,1.2070200443267822,0,2021-05-29T00:00:00.000000Z
2021-05-31T00:00:00.000000Z,1.2076699733734131,1.2089099884033203,1.2058999538421631,1.2077800035476685,0,2021-06-01T00:00:00.000000Z
2021-06-01T00:00:00.000000Z,1.2059299945831299,1.2062599658966064,1.2007999420166016,1.2060699462890625,0,2021-06-02T00:00:00.000000Z
2021-06-02T00:00:00.000000Z,1.2067999839782715,1.208899974822998,1.2043999433517456,1.2069000005722046,0,2021-06-03T00:00:00.000000Z
2021-06-03T00:00:00.000000Z,1.203950047492981,1.2119100093841553,1.2028000354766846,1.2037999629974365,0,2021-06-04T00:00:00.000000Z
2021-06-04T00:00:00.000000Z,1.2109500169754028,1.2132099866867065,1.2073400020599365,1.2107000350952148,0,2021-06-05T00:00:00.000000Z
2021-06-07T00:00:00.000000Z,1.2074999809265137,1.2106499671936035,1.2061799764633179,1.2075799703598022,0,2021-06-08T00:00:00.000000Z
2021-06-08T00:00:00.000000Z,1.2086700201034546,1.210129976272583,1.2070399522781372,1.2086700201034546,0,2021-06-09T00:00:00.000000Z
2021-06-09T00:00:00.000000Z,1.2114700078964233,1.2114700078964233,1.2057000398635864,1.2111400365829468,0,2021-06-10T00:00:00.000000Z
2021-06-10T00:00:00.000000Z,1.2115099430084229,1.2124199867248535,1.2071399688720703,1.2114599943161011,0,2021-06-11T00:00:00.000000Z
2021-06-11T00:00:00.000000Z,1.2095500230789185,1.2162899971008301,1.2079000473022461,1.2093000411987305,0,2021-06-12T00:00:00.000000Z
2021-06-14T00:00:00.000000Z,1.2156599760055542,1.2170000076293945,1.2128399610519409,1.2158000469207764,0,2021-06-15T00:00:00.000000Z
2021-06-15T00:00:00.000000Z,1.2141000032424927,1.2202099561691284,1.2129000425338745,1.2141000032424927,0,2021-06-16T00:00:00.000000Z
2021-06-16T00:00:00.000000Z,1.218440055847168,1.218999981880188,1.2158000469207764,1.2185599803924561,0,2021-06-17T00:00:00.000000Z
2021-06-17T00:00:00.000000Z,1.2278900146484375,1.2355400323867798,1.226099967956543,1.2278000116348267,0,2021-06-18T00:00:00.000000Z
2021-06-18T00:00:00.000000Z,1.2346299886703491,1.2478799819946289,1.233970046043396,1.2345199584960938,0,2021-06-19T00:00:00.000000Z
2021-06-21T00:00:00.000000Z,1.2452100515365601,1.248479962348938,1.2366000413894653,1.2449899911880493,0,2021-06-22T00:00:00.000000Z
2021-06-22T00:00:00.000000Z,1.2370799779891968,1.2402000427246094,1.2361500263214111,1.2369999885559082,0,2021-06-23T00:00:00.000000Z
2021-06-23T00:00:00.000000Z,1.2311099767684937,1.2328200340270996,1.2252299785614014,1.2309999465942383,0,2021-06-24T00:00:00.000000Z
2021-06-24T00:00:00.000000Z,1.2303299903869629,1.2340500354766846,1.2280999422073364,1.2303299903869629,0,2021-06-25T00:00:00.000000Z
2021-06-25T00:00:00.000000Z,1.2322499752044678,1.2328000068664551,1.227180004119873,1.2322299480438232,0,2021-06-26T00:00:00.000000Z
2021-06-28T00:00:00.000000Z,1.2291100025177002,1.2346800565719604,1.2287000417709351,1.2291899919509888,0,2021-06-29T00:00:00.000000Z
2021-06-29T00:00:00.000000Z,1.233430027961731,1.2397199869155884,1.2330000400543213,1.2333999872207642,0,2021-06-30T00:00:00.000000Z
2021-06-30T00:00:00.000000Z,1.2396999597549438,1.2422300577163696,1.2356100082397461,1.2396199703216553,0,2021-07-01T00:00:00.000000Z
2021-07-01T00:00:00.000000Z,1.2395700216293335,1.2425700426101685,1.2365200519561768,1.2392699718475342,0,2021-07-02T00:00:00.000000Z
2021-07-02T00:00:00.000000Z,1.2439700365066528,1.2449300289154053,1.2340799570083618,1.2440700531005859,0,2021-07-03T00:00:00.000000Z
2021-07-05T00:00:00.000000Z,1.2332799434661865,1.2368799448013306,1.2326300144195557,1.2330000400543213,0,2021-07-06T00:00:00.000000Z
2021-07-06T00:00:00.000000Z,1.2340199947357178,1.2494200468063354,1.2302000522613525,1.233989953994751,0,2021-07-07T00:00:00.000000Z
2021-07-07T00:00:00.000000Z,1.2461199760437012,1.2517399787902832,1.2422000169754028,1.2458100318908691,0,2021-07-08T00:00:00.000000Z
2021-07-08T00:00:00.000000Z,1.2481800317764282,1.2590199708938599,1.2477699518203735,1.248170018196106,0,2021-07-09T00:00:00.000000Z
2021-07-09T00:00:00.000000Z,1.2529900074005127,1.2555899620056152,1.2465000152587891,1.2527999877929688,0,2021-07-10T00:00:00.000000Z
2021-07-13T00:00:00.000000Z,1.2453399896621704,1.2537599802017212,1.2441600561141968,1.2455199956893921,0,2021-07-14T00:00:00.000000Z
2021-07-14T00:00:00.000000Z,1.2523800134658813,1.2524199485778809,1.2448999881744385,1.2520999908447266,0,2021-07-15T00:00:00.000000Z
2021-07-15T00:00:00.000000Z,1.2515000104904175,1.2582099437713623,1.2502100467681885,1.2515499591827393,0,2021-07-16T00:00:00.000000Z
2021-07-16T00:00:00.000000Z,1.2590899467468262,1.2611600160598755,1.2562700510025024,1.2589000463485718,0,2021-07-17T00:00:00.000000Z
2021-07-19T00:00:00.000000Z,1.2617599964141846,1.2800899744033813,1.2615000009536743,1.2616900205612183,0,2021-07-20T00:00:00.000000Z
2021-07-20T00:00:00.000000Z,1.2749300003051758,1.2785099744796753,1.2721899747848511,1.2746000289916992,0,2021-07-21T00:00:00.000000Z
2021-07-21T00:00:00.000000Z,1.2676000595092773,1.2728500366210938,1.2526600360870361,1.2675100564956665,0,2021-07-22T00:00:00.000000Z
2021-07-22T00:00:00.000000Z,1.2569700479507446,1.2592300176620483,1.2526999711990356,1.2568900585174561,0,2021-07-23T00:00:00.000000Z
2021-07-23T00:00:00.000000Z,1.2562500238418579,1.2603299617767334,1.2553000450134277,1.2563999891281128,0,2021-07-24T00:00:00.000000Z
2021-07-26T00:00:00.000000Z,1.2568700313568115,1.2589499950408936,1.2529900074005127,1.2567499876022339,0,2021-07-27T00:00:00.000000Z
2021-07-27T00:00:00.000000Z,1.254289984703064,1.2594300508499146,1.2537000179290771,1.2539999485015869,0,2021-07-28T00:00:00.000000Z
2021-07-28T00:00:00.000000Z,1.2590399980545044,1.2599999904632568,1.2556500434875488,1.259119987487793,0,2021-07-29T00:00:00.000000Z
2021-07-29T00:00:00.000000Z,1.2518899440765381,1.2528899908065796,1.243399977684021,1.2519700527191162,0,2021-07-30T00:00:00.000000Z
2021-07-30T00:00:00.000000Z,1.2449599504470825,1.2485899925231934,1.2423199415206909,1.2449300289154053,0,2021-07-31T00:00:00.000000Z
2021-08-02T00:00:00.000000Z,1.2471300363540649,1.2502599954605103,1.2453099489212036,1.2466700077056885,0,2021-08-03T00:00:00.000000Z
2021-08-03T00:00:00.000000Z,1.249940037727356,1.2574900388717651,1.2488000392913818,1.2501100301742554,0,2021-08-04T00:00:00.000000Z
2021-08-04T00:00:00.000000Z,1.2532999515533447,1.2561700344085693,1.2515000104904175,1.2533299922943115,0,2021-08-05T00:00:00.000000Z
2021-08-06T00:00:00.000000Z,1.2501000165939331,1.2580599784851074,1.249500036239624,1.2501300573348999,0,2021-08-07T00:00:00.000000Z
2021-08-09T00:00:00.000000Z,1.2572000026702881,1.2586699724197388,1.2531599998474121,1.2570899724960327,0,2021-08-10T00:00:00.000000Z
2021-08-10T00:00:00.000000Z,1.2575299739837646,1.258870005607605,1.2523000240325928,1.2573800086975098,0,2021-08-11T00:00:00.000000Z
2021-08-11T00:00:00.000000Z,1.2517900466918945,1.2547399997711182,1.2491899728775024,1.2518999576568604,0,2021-08-12T00:00:00.000000Z
2021-08-12T00:00:00.000000Z,1.2505099773406982,1.2528200149536133,1.2497999668121338,1.2506799697875977,0,2021-08-13T00:00:00.000000Z
2021-08-13T00:00:00.000000Z,1.2518800497055054,1.2531700134277344,1.2502800226211548,1.2519999742507935,0,2021-08-14T00:00:00.000000Z
2021-08-16T00:00:00.000000Z,1.2513999938964844,1.2582999467849731,1.2513999938964844,1.2516000270843506,0,2021-08-17T00:00:00.000000Z
2021-08-18T00:00:00.000000Z,1.2626199722290039,1.26419997215271,1.260200023651123,1.2626500129699707,0,2021-08-19T00:00:00.000000Z
2021-08-19T00:00:00.000000Z,1.2661000490188599,1.2816400527954102,1.2657999992370605,1.2663099765777588,0,2021-08-20T00:00:00.000000Z
2021-08-20T00:00:00.000000Z,1.2828600406646729,1.29475998878479,1.2812999486923218,1.2831300497055054,0,2021-08-21T00:00:00.000000Z
2021-08-24T00:00:00.000000Z,1.265220046043396,1.2657500505447388,1.2579400539398193,1.2651000022888184,0,2021-08-25T00:00:00.000000Z
2021-08-25T00:00:00.000000Z,1.2593100070953369,1.264009952545166,1.2587000131607056,1.259600043296814,0,2021-08-26T00:00:00.000000Z
2021-08-27T00:00:00.000000Z,1.2685999870300293,1.2707300186157227,1.2611900568008423,1.2684899568557739,0,2021-08-28T00:00:00.000000Z
2021-08-30T00:00:00.000000Z,1.2609000205993652,1.2632800340652466,1.2575000524520874,1.2611000537872314,0,2021-08-31T00:00:00.000000Z
2021-08-31T00:00:00.000000Z,1.2608699798583984,1.2651799917221069,1.2568000555038452,1.260890007019043,0,2021-09-01T00:00:00.000000Z
2021-09-01T00:00:00.000000Z,1.261430025100708,1.2635799646377563,1.2579300403594971,1.2616100311279297,0,2021-09-02T00:00:00.000000Z
2021-09-02T00:00:00.000000Z,1.2616300582885742,1.2637900114059448,1.2552000284194946,1.2621699571609497,0,2021-09-03T00:00:00.000000Z
2021-09-03T00:00:00.000000Z,1.2552599906921387,1.2558200359344482,1.2498300075531006,1.2551800012588501,0,2021-09-04T00:00:00.000000Z
2021-09-06T00:00:00.000000Z,1.2530499696731567,1.2558000087738037,1.2524100542068481,1.2530299425125122,0,2021-09-07T00:00:00.000000Z
2021-09-07T00:00:00.000000Z,1.2534699440002441,1.2642099857330322,1.2517999410629272,1.2534300088882446,0,2021-09-08T00:00:00.000000Z
2021-09-08T00:00:00.000000Z,1.2646700143814087,1.2761000394821167,1.2625999450683594,1.2646399736404419,0,2021-09-09T00:00:00.000000Z
2021-09-09T00:00:00.000000Z,1.2696700096130371,1.2726600170135498,1.2645399570465088,1.2694000005722046,0,2021-09-10T00:00:00.000000Z
2021-09-10T00:00:00.000000Z,1.2664899826049805,1.2672300338745117,1.2583099603652954,1.266260027885437,0,2021-09-11T00:00:00.000000Z
2021-09-13T00:00:00.000000Z,1.2677700519561768,1.2693599462509155,1.2638000249862671,1.2679500579833984,0,2021-09-14T00:00:00.000000Z
2021-09-14T00:00:00.000000Z,1.2646900415420532,1.2681699991226196,1.260200023651123,1.264799952507019,0,2021-09-15T00:00:00.000000Z
2021-09-15T00:00:00.000000Z,1.2691099643707275,1.2707200050354004,1.2636100053787231,1.2690000534057617,0,2021-09-16T00:00:00.000000Z
2021-09-16T00:00:00.000000Z,1.2623200416564941,1.2697499990463257,1.2613999843597412,1.2618099451065063,0,2021-09-17T00:00:00.000000Z
2021-09-17T00:00:00.000000Z,1.268049955368042,1.2761000394821167,1.2635999917984009,1.2681499719619751,0,2021-09-18T00:00:00.000000Z
2021-09-20T00:00:00.000000Z,1.2762000560760498,1.2891999483108521,1.2757999897003174,1.2763999700546265,0,2021-09-21T00:00:00.000000Z
2021-09-21T00:00:00.000000Z,1.2805999517440796,1.2847399711608887,1.2740999460220337,1.2802400588989258,0,2021-09-22T00:00:00.000000Z
2021-09-22T00:00:00.000000Z,1.2816300392150879,1.2824300527572632,1.2723000049591064,1.2820800542831421,0,2021-09-23T00:00:00.000000Z
2021-09-23T00:00:00.000000Z,1.278499960899353,1.2795100212097168,1.2634799480438232,1.2785899639129639,0,2021-09-24T00:00:00.000000Z
2021-09-24T00:00:00.000000Z,1.266010046005249,1.272879958152771,1.2640899419784546,1.2661999464035034,0,2021-09-25T00:00:00.000000Z
2021-09-27T00:00:00.000000Z,1.2648999691009521,1.2669199705123901,1.2610000371932983,1.2649400234222412,0,2021-09-28T00:00:00.000000Z
2021-09-28T00:00:00.000000Z,1.2627799510955811,1.2706700563430786,1.2594200372695923,1.2626199722290039,0,2021-09-29T00:00:00.000000Z
2021-09-29T00:00:00.000000Z,1.2675000429153442,1.2755600214004517,1.2666000127792358,1.2676999568939209,0,2021-09-30T00:00:00.000000Z
2021-09-30T00:00:00.000000Z,1.2755999565124512,1.2755999565124512,1.263200044631958,1.27538001537323,0,2021-10-01T00:00:00.000000Z
2021-10-01T00:00:00.000000Z,1.2684099674224854,1.2736599445343018,1.264680027961731,1.2683999538421631,0,2021-10-02T00:00:00.000000Z
2021-10-04T00:00:00.000000Z,1.2624000310897827,1.2653299570083618,1.2557599544525146,1.2625000476837158,0,2021-10-05T00:00:00.000000Z
2021-10-05T00:00:00.000000Z,1.2588000297546387,1.2626700401306152,1.2549899816513062,1.2589800357818604,0,2021-10-06T00:00:00.000000Z
2021-10-06T00:00:00.000000Z,1.2584500312805176,1.2647000551223755,1.2582000494003296,1.2582700252532959,0,2021-10-07T00:00:00.000000Z
2021-10-07T00:00:00.000000Z,1.2585300207138062,1.2597899436950684,1.2538000345230103,1.258620023727417,0,2021-10-08T00:00:00.000000Z
2021-10-08T00:00:00.000000Z,1.2547899484634399,1.2561299800872803,1.2452600002288818,1.2546999454498291,0,2021-10-09T00:00:00.000000Z
2021-10-11T00:00:00.000000Z,1.2485799789428711,1.2485799789428711,1.2445000410079956,1.2484099864959717,0,2021-10-12T00:00:00.000000Z
2021-10-12T00:00:00.000000Z,1.2480000257492065,1.249750018119812,1.2440299987792969,1.2480399608612061,0,2021-10-13T00:00:00.000000Z
2021-10-13T00:00:00.000000Z,1.24767005443573,1.2477699518203735,1.2432999610900879,1.2476099729537964,0,2021-10-14T00:00:00.000000Z
2021-10-14T00:00:00.000000Z,1.2435899972915649,1.2437900304794312,1.2354899644851685,1.2436800003051758,0,2021-10-15T00:00:00.000000Z
2021-10-15T00:00:00.000000Z,1.2373000383377075,1.2389400005340576,1.2336000204086304,1.2374600172042847,0,2021-10-16T00:00:00.000000Z
2021-10-18T00:00:00.000000Z,1.2374700307846069,1.240839958190918,1.2350399494171143,1.2373700141906738,0,2021-10-19T00:00:00.000000Z
2021-10-19T00:00:00.000000Z,1.2371100187301636,1.2372299432754517,1.2309999465942383,1.2372200489044189,0,2021-10-20T00:00:00.000000Z
2021-10-20T00:00:00.000000Z,1.2352700233459473,1.2365299463272095,1.2317999601364136,1.2353999614715576,0,2021-10-21T00:00:00.000000Z
2021-10-21T00:00:00.000000Z,1.2323900461196899,1.2353399991989136,1.2288800477981567,1.2324399948120117,0,2021-10-22T00:00:00.000000Z
2021-10-22T00:00:00.000000Z,1.2369500398635864,1.2385799884796143,1.2320599555969238,1.237030029296875,0,2021-10-23T00:00:00.000000Z
2021-10-25T00:00:00.000000Z,1.2369500398635864,1.2388499975204468,1.2337599992752075,1.2371300458908081,0,2021-10-26T00:00:00.000000Z
2021-10-26T00:00:00.000000Z,1.2374999523162842,1.2393499612808228,1.2350000143051147,1.2379000186920166,0,2021-10-27T00:00:00.000000Z
2021-10-27T00:00:00.000000Z,1.2388800382614136,1.2431199550628662,1.2302299737930298,1.2391400337219238,0,2021-10-28T00:00:00.000000Z
2021-10-28T00:00:00.000000Z,1.2368999719619751,1.2381700277328491,1.2331000566482544,1.2369699478149414,0,2021-10-29T00:00:00.000000Z
2021-10-29T00:00:00.000000Z,1.2344299554824829,1.2407399415969849,1.2327899932861328,1.2346099615097046,0,2021-10-30T00:00:00.000000Z
2021-11-01T00:00:00.000000Z,1.2379499673843384,1.2403199672698975,1.2352299690246582,1.2382899522781372,0,2021-11-02T00:00:00.000000Z
2021-11-02T00:00:00.000000Z,1.2373000383377075,1.2422000169754028,1.2368999719619751,1.2373900413513184,0,2021-11-03T00:00:00.000000Z
2021-11-03T00:00:00.000000Z,1.2407000064849854,1.2454700469970703,1.240399956703186,1.2408000230789185,0,2021-11-04T00:00:00.000000Z
2021-11-04T00:00:00.000000Z,1.2378699779510498,1.2469600439071655,1.2376999855041504,1.237779974937439,0,2021-11-05T00:00:00.000000Z
2021-11-05T00:00:00.000000Z,1.245110034942627,1.247920036315918,1.2438000440597534,1.2451000213623047,0,2021-11-06T00:00:00.000000Z
2021-11-08T00:00:00.000000Z,1.2450599670410156,1.2464699745178223,1.2434999942779541,1.2450799942016602,0,2021-11-09T00:00:00.000000Z
2021-11-09T00:00:00.000000Z,1.2442500591278076,1.2483400106430054,1.2425999641418457,1.2442200183868408,0,2021-11-10T00:00:00.000000Z
2021-11-10T00:00:00.000000Z,1.243399977684021,1.2453500032424927,1.2387100458145142,1.2436000108718872,0,2021-11-11T00:00:00.000000Z
2021-11-11T00:00:00.000000Z,1.2487000226974487,1.2591700553894043,1.2481600046157837,1.2486499547958374,0,2021-11-12T00:00:00.000000Z
2021-11-12T00:00:00.000000Z,1.2588900327682495,1.2602800130844116,1.2546600103378296,1.2588499784469604,0,2021-11-13T00:00:00.000000Z
2021-11-15T00:00:00.000000Z,1.2545599937438965,1.2555099725723267,1.2501800060272217,1.2545299530029297,0,2021-11-16T00:00:00.000000Z
2021-11-16T00:00:00.000000Z,1.2514300346374512,1.2562500238418579,1.2493000030517578,1.2513999938964844,0,2021-11-17T00:00:00.000000Z
2021-11-17T00:00:00.000000Z,1.2566499710083008,1.2604000568389893,1.2538000345230103,1.2565699815750122,0,2021-11-18T00:00:00.000000Z
2021-11-18T00:00:00.000000Z,1.260949969291687,1.2646299600601196,1.2591999769210815,1.2611199617385864,0,2021-11-19T00:00:00.000000Z
2021-11-19T00:00:00.000000Z,1.2603800296783447,1.2660900354385376,1.2583999633789062,1.2603499889373779,0,2021-11-20T00:00:00.000000Z
2021-11-22T00:00:00.000000Z,1.2654000520706177,1.2688900232315063,1.2628999948501587,1.2653499841690063,0,2021-11-23T00:00:00.000000Z
2021-11-23T00:00:00.000000Z,1.2701499462127686,1.2744200229644775,1.2694200277328491,1.2701300382614136,0,2021-11-24T00:00:00.000000Z
2021-11-24T00:00:00.000000Z,1.2675399780273438,1.2709100246429443,1.2653000354766846,1.2675900459289551,0,2021-11-25T00:00:00.000000Z
2021-11-25T00:00:00.000000Z,1.2660900354385376,1.2676700353622437,1.2639000415802002,1.2661700248718262,0,2021-11-26T00:00:00.000000Z
2021-11-26T00:00:00.000000Z,1.2661000490188599,1.2798399925231934,1.2660700082778931,1.2663700580596924,0,2021-11-27T00:00:00.000000Z
2021-11-29T00:00:00.000000Z,1.2721899747848511,1.2792500257492065,1.2721899747848511,1.2724800109863281,0,2021-11-30T00:00:00.000000Z
2021-11-30T00:00:00.000000Z,1.2736999988555908,1.2827999591827393,1.2730000019073486,1.2738000154495239,0,2021-12-01T00:00:00.000000Z
2021-12-01T00:00:00.000000Z,1.277209997177124,1.2781399488449097,1.2714099884033203,1.2774300575256348,0,2021-12-02T00:00:00.000000Z
2021-12-02T00:00:00.000000Z,1.2810300588607788,1.2836500406265259,1.2777999639511108,1.2810900211334229,0,2021-12-03T00:00:00.000000Z
2021-12-03T00:00:00.000000Z,1.2818499803543091,1.2844799757003784,1.2744200229644775,1.2817699909210205,0,2021-12-04T00:00:00.000000Z
2021-12-06T00:00:00.000000Z,1.2819700241088867,1.2841600179672241,1.2773900032043457,1.2817000150680542,0,2021-12-07T00:00:00.000000Z
2021-12-07T00:00:00.000000Z,1.2760000228881836,1.2767000198364258,1.2636400461196899,1.2762000560760498,0,2021-12-08T00:00:00.000000Z
2021-12-08T00:00:00.000000Z,1.2645900249481201,1.2666100263595581,1.2608200311660767,1.2645800113677979,0,2021-12-09T00:00:00.000000Z
2021-12-09T00:00:00.000000Z,1.2650400400161743,1.2714699506759644,1.264799952507019,1.265220046043396,0,2021-12-10T00:00:00.000000Z
2021-12-10T00:00:00.000000Z,1.2705800533294678,1.2734800577163696,1.2680000066757202,1.270840048789978,0,2021-12-11T00:00:00.000000Z
2021-12-13T00:00:00.000000Z,1.2719099521636963,1.2818599939346313,1.2704999446868896,1.2719899415969849,0,2021-12-14T00:00:00.000000Z
2021-12-14T00:00:00.000000Z,1.2805999517440796,1.2858799695968628,1.279710054397583,1.2807600498199463,0,2021-12-15T00:00:00.000000Z
2021-12-15T00:00:00.000000Z,1.286579966545105,1.2919600009918213,1.2842999696731567,1.2867100238800049,0,2021-12-16T00:00:00.000000Z
2021-12-16T00:00:00.000000Z,1.2835700511932373,1.2856600284576416,1.276419997215271,1.2836500406265259,0,2021-12-17T00:00:00.000000Z
2021-12-17T00:00:00.000000Z,1.2779300212860107,1.2844699621200562,1.2776999473571777,1.2779699563980103,0,2021-12-18T00:00:00.000000Z
2021-12-20T00:00:00.000000Z,1.289680004119873,1.2963199615478516,1.2884999513626099,1.2898499965667725,0,2021-12-21T00:00:00.000000Z
2021-12-21T00:00:00.000000Z,1.2934900522232056,1.2944999933242798,1.2913000583648682,1.2935999631881714,0,2021-12-22T00:00:00.000000Z
2021-12-23T00:00:00.000000Z,1.2851200103759766,1.2853000164031982,1.2808300256729126,1.2851200103759766,0,2021-12-24T00:00:00.000000Z
2021-12-24T00:00:00.000000Z,1.2825599908828735,1.2832100391387939,1.2782599925994873,1.2823899984359741,0,2021-12-25T00:00:00.000000Z
2021-12-27T00:00:00.000000Z,1.2814199924468994,1.2846200466156006,1.2778799533843994,1.2813999652862549,0,2021-12-28T00:00:00.000000Z
2021-12-28T00:00:00.000000Z,1.2788200378417969,1.2823200225830078,1.2779999971389771,1.2786999940872192,0,2021-12-29T00:00:00.000000Z
2021-12-29T00:00:00.000000Z,1.2813999652862549,1.2833800315856934,1.2789000272750854,1.2812999486923218,0,2021-12-30T00:00:00.000000Z
2021-12-30T00:00:00.000000Z,1.2782900333404541,1.2811800241470337,1.276900053024292,1.2782599925994873,0,2021-12-31T00:00:00.000000Z
2021-12-31T00:00:00.000000Z,1.2742999792098999,1.2749999761581421,1.2626800537109375,1.2744400501251221,0,2022-01-01T00:00:00.000000Z
2022-01-03T00:00:00.000000Z,1.2657099962234497,1.2778099775314331,1.2644000053405762,1.2658799886703491,0,2022-01-04T00:00:00.000000Z
2022-01-04T00:00:00.000000Z,1.2751400470733643,1.2765599489212036,1.2667200565338135,1.275130033493042,0,2022-01-05T00:00:00.000000Z
2022-01-05T00:00:00.000000Z,1.2703499794006348,1.2739200592041016,1.2691099643707275,1.2704399824142456,0,2022-01-06T00:00:00.000000Z
2022-01-06T00:00:00.000000Z,1.2757600545883179,1.2813299894332886,1.2722599506378174,1.2760100364685059,0,2022-01-07T00:00:00.000000Z
2022-01-10T00:00:00.000000Z,1.2645599842071533,1.2692899703979492,1.2610000371932983,1.2646900415420532,0,2022-01-11T00:00:00.000000Z
2022-01-11T00:00:00.000000Z,1.2665300369262695,1.2669199705123901,1.2596999406814575,1.2664999961853027,0,2022-01-12T00:00:00.000000Z
2022-01-12T00:00:00.000000Z,1.257889986038208,1.257889986038208,1.2498600482940674,1.2577500343322754,0,2022-01-13T00:00:00.000000Z
2022-01-13T00:00:00.000000Z,1.2502700090408325,1.250980019569397,1.2452000379562378,1.2501599788665771,0,2022-01-14T00:00:00.000000Z
2022-01-14T00:00:00.000000Z,1.2509299516677856,1.2552800178527832,1.2471200227737427,1.2507799863815308,0,2022-01-15T00:00:00.000000Z
2022-01-17T00:00:00.000000Z,1.2540899515151978,1.2550899982452393,1.2499699592590332,1.2542200088500977,0,2022-01-18T00:00:00.000000Z
2022-01-18T00:00:00.000000Z,1.2513999938964844,1.2548099756240845,1.2484999895095825,1.2515699863433838,0,2022-01-19T00:00:00.000000Z
2022-01-19T00:00:00.000000Z,1.2496299743652344,1.2523900270462036,1.2454999685287476,1.249750018119812,0,2022-01-20T00:00:00.000000Z
2022-01-20T00:00:00.000000Z,1.251039981842041,1.2510900497436523,1.2454299926757812,1.2510900497436523,0,2022-01-21T00:00:00.000000Z
2022-01-21T00:00:00.000000Z,1.2498099803924561,1.2552100419998169,1.2498099803924561,1.2500300407409668,0,2022-01-22T00:00:00.000000Z
2022-01-24T00:00:00.000000Z,1.256350040435791,1.27006995677948,1.2553000450134277,1.256100058555603,0,2022-01-25T00:00:00.000000Z
2022-01-25T00:00:00.000000Z,1.2626700401306152,1.2668000459671021,1.2619500160217285,1.2625499963760376,0,2022-01-26T00:00:00.000000Z
2022-01-26T00:00:00.000000Z,1.2615799903869629,1.2638200521469116,1.2559499740600586,1.2615900039672852,0,2022-01-27T00:00:00.000000Z
2022-01-27T00:00:00.000000Z,1.2655899524688721,1.2725900411605835,1.2650500535964966,1.2658499479293823,0,2022-01-28T00:00:00.000000Z
2022-01-28T00:00:00.000000Z,1.2745100259780884,1.2796200513839722,1.2711000442504883,1.2745699882507324,0,2022-01-29T00:00:00.000000Z
2022-01-31T00:00:00.000000Z,1.2760900259017944,1.277459979057312,1.2693599462509155,1.2759100198745728,0,2022-02-01T00:00:00.000000Z
2022-02-01T00:00:00.000000Z,1.2719199657440186,1.2725100517272949,1.2654299736022949,1.2717399597167969,0,2022-02-02T00:00:00.000000Z
2022-02-02T00:00:00.000000Z,1.2691600322723389,1.2704499959945679,1.2647700309753418,1.2689599990844727,0,2022-02-03T00:00:00.000000Z
2022-02-03T00:00:00.000000Z,1.2685799598693848,1.2714699506759644,1.2661299705505371,1.2686400413513184,0,2022-02-04T00:00:00.000000Z
2022-02-04T00:00:00.000000Z,1.2679100036621094,1.2787200212478638,1.2661999464035034,1.2678500413894653,0,2022-02-05T00:00:00.000000Z
2022-02-07T00:00:00.000000Z,1.2745300531387329,1.2754299640655518,1.2672300338745117,1.2745300531387329,0,2022-02-08T00:00:00.000000Z
2022-02-08T00:00:00.000000Z,1.2665899991989136,1.2719800472259521,1.2663999795913696,1.2665599584579468,0,2022-02-09T00:00:00.000000Z
2022-02-09T00:00:00.000000Z,1.2704000473022461,1.2714500427246094,1.267009973526001,1.2705399990081787,0,2022-02-10T00:00:00.000000Z
2022-02-10T00:00:00.000000Z,1.2676800489425659,1.2718100547790527,1.2635899782180786,1.2676099538803101,0,2022-02-11T00:00:00.000000Z
2022-02-11T00:00:00.000000Z,1.2733399868011475,1.2753100395202637,1.267300009727478,1.2732000350952148,0,2022-02-12T00:00:00.000000Z
2022-02-14T00:00:00.000000Z,1.2721899747848511,1.2782599925994873,1.2721799612045288,1.2723499536514282,0,2022-02-15T00:00:00.000000Z
2022-02-15T00:00:00.000000Z,1.2727999687194824,1.2773599624633789,1.2701699733734131,1.272860050201416,0,2022-02-16T00:00:00.000000Z
2022-02-16T00:00:00.000000Z,1.2724800109863281,1.2724900245666504,1.2665599584579468,1.2723699808120728,0,2022-02-17T00:00:00.000000Z
2022-02-17T00:00:00.000000Z,1.2696199417114258,1.273110032081604,1.2679200172424316,1.2695399522781372,0,2022-02-18T00:00:00.000000Z
2022-02-18T00:00:00.000000Z,1.2708499431610107,1.2752100229263306,1.2671999931335449,1.2704800367355347,0,2022-02-19T00:00:00.000000Z
2022-02-21T00:00:00.000000Z,1.2755800485610962,1.2758599519729614,1.2720999717712402,1.2756600379943848,0,2022-02-22T00:00:00.000000Z
2022-02-22T00:00:00.000000Z,1.2756199836730957,1.2768399715423584,1.2717000246047974,1.2755999565124512,0,2022-02-23T00:00:00.000000Z
2022-02-23T00:00:00.000000Z,1.2767399549484253,1.2767800092697144,1.2681299448013306,1.276710033416748,0,2022-02-24T00:00:00.000000Z
2022-02-24T00:00:00.000000Z,1.2732700109481812,1.2876600027084351,1.2732700109481812,1.2733900547027588,0,2022-02-25T00:00:00.000000Z
2022-02-25T00:00:00.000000Z,1.280709981918335,1.2819399833679199,1.2734999656677246,1.2809499502182007,0,2022-02-26T00:00:00.000000Z
2022-02-28T00:00:00.000000Z,1.2759499549865723,1.2808699607849121,1.2661099433898926,1.2755199670791626,0,2022-03-01T00:00:00.000000Z
2022-03-01T00:00:00.000000Z,1.2664999961853027,1.2710299491882324,1.2653599977493286,1.2666499614715576,0,2022-03-02T00:00:00.000000Z
2022-03-02T00:00:00.000000Z,1.2723499536514282,1.2743500471115112,1.2656600475311279,1.2723499536514282,0,2022-03-03T00:00:00.000000Z
2022-03-03T00:00:00.000000Z,1.2646000385284424,1.2691099643707275,1.2588399648666382,1.2646100521087646,0,2022-03-04T00:00:00.000000Z
2022-03-04T00:00:00.000000Z,1.267009973526001,1.2789299488067627,1.2669800519943237,1.2670300006866455,0,2022-03-05T00:00:00.000000Z
2022-03-07T00:00:00.000000Z,1.2712700366973877,1.2778799533843994,1.2685699462890625,1.2714099884033203,0,2022-03-08T00:00:00.000000Z
2022-03-08T00:00:00.000000Z,1.2798999547958374,1.2898800373077393,1.2796000242233276,1.2801400423049927,0,2022-03-09T00:00:00.000000Z
2022-03-09T00:00:00.000000Z,1.2887899875640869,1.2891299724578857,1.2804100513458252,1.2889000177383423,0,2022-03-10T00:00:00.000000Z
2022-03-10T00:00:00.000000Z,1.2791199684143066,1.2840299606323242,1.275920033454895,1.2798500061035156,0,2022-03-11T00:00:00.000000Z
2022-03-11T00:00:00.000000Z,1.2755999565124512,1.2792700529098511,1.2693899869918823,1.2755899429321289,0,2022-03-12T00:00:00.000000Z
2022-03-14T00:00:00.000000Z,1.2736599445343018,1.2788900136947632,1.2733199596405029,1.2735400199890137,0,2022-03-15T00:00:00.000000Z
2022-03-15T00:00:00.000000Z,1.2821099758148193,1.2870099544525146,1.2790399789810181,1.2821099758148193,0,2022-03-16T00:00:00.000000Z
2022-03-16T00:00:00.000000Z,1.2769999504089355,1.2774399518966675,1.2690600156784058,1.2768800258636475,0,2022-03-17T00:00:00.000000Z
2022-03-17T00:00:00.000000Z,1.2687100172042847,1.2696800231933594,1.2636200189590454,1.2686799764633179,0,2022-03-18T00:00:00.000000Z
2022-03-18T00:00:00.000000Z,1.2632399797439575,1.2646399736404419,1.2595700025558472,1.2631599903106689,0,2022-03-19T00:00:00.000000Z
2022-03-21T00:00:00.000000Z,1.2605500221252441,1.2620899677276611,1.2574800252914429,1.2605799436569214,0,2022-03-22T00:00:00.000000Z
2022-03-22T00:00:00.000000Z,1.2589999437332153,1.2620699405670166,1.2570500373840332,1.2588000297546387,0,2022-03-23T00:00:00.000000Z
2022-03-23T00:00:00.000000Z,1.2579300403594971,1.2604299783706665,1.254289984703064,1.2582800388336182,0,2022-03-24T00:00:00.000000Z
2022-03-24T00:00:00.000000Z,1.2557200193405151,1.2584999799728394,1.2510700225830078,1.2559200525283813,0,2022-03-25T00:00:00.000000Z
2022-03-25T00:00:00.000000Z,1.252020001411438,1.2552599906921387,1.2499200105667114,1.2520400285720825,0,2022-03-26T00:00:00.000000Z
2022-03-28T00:00:00.000000Z,1.248710036277771,1.2591700553894043,1.2473299503326416,1.248710036277771,0,2022-03-29T00:00:00.000000Z
2022-03-29T00:00:00.000000Z,1.2518199682235718,1.2529300451278687,1.2472399473190308,1.2518199682235718,0,2022-03-30T00:00:00.000000Z
2022-03-30T00:00:00.000000Z,1.2497899532318115,1.2507799863815308,1.2431299686431885,1.2497899532318115,0,2022-03-31T00:00:00.000000Z
2022-03-31T00:00:00.000000Z,1.24822998046875,1.2532399892807007,1.2475500106811523,1.24822998046875,0,2022-04-01T00:00:00.000000Z
2022-04-01T00:00:00.000000Z,1.2498500347137451,1.2526299953460693,1.247480034828186,1.2498500347137451,0,2022-04-02T00:00:00.000000Z
2022-04-04T00:00:00.000000Z,1.2526500225067139,1.2527300119400024,1.2467999458312988,1.2526500225067139,0,2022-04-05T00:00:00.000000Z
2022-04-05T00:00:00.000000Z,1.2486200332641602,1.2490500211715698,1.2401000261306763,1.2486200332641602,0,2022-04-06T00:00:00.000000Z
2022-04-06T00:00:00.000000Z,1.2484400272369385,1.2520600557327271,1.2480700016021729,1.2484400272369385,0,2022-04-07T00:00:00.000000Z
2022-04-07T00:00:00.000000Z,1.2563799619674683,1.2611099481582642,1.253790020942688,1.2563799619674683,0,2022-04-08T00:00:00.000000Z
2022-04-08T00:00:00.000000Z,1.2586699724197388,1.2618499994277954,1.257599949836731,1.2586699724197388,0,2022-04-09T00:00:00.000000Z
2022-04-11T00:00:00.000000Z,1.257599949836731,1.2627899646759033,1.2572000026702881,1.257599949836731,0,2022-04-12T00:00:00.000000Z
2022-04-12T00:00:00.000000Z,1.264009952545166,1.2661000490188599,1.2585400342941284,1.264009952545166,0,2022-04-13T00:00:00.000000Z
2022-04-13T00:00:00.000000Z,1.2634400129318237,1.2675600051879883,1.2592600584030151,1.2634400129318237,0,2022-04-14T00:00:00.000000Z
2022-04-14T00:00:00.000000Z,1.2566200494766235,1.2640399932861328,1.2525299787521362,1.2566200494766235,0,2022-04-15T00:00:00.000000Z
2022-04-15T00:00:00.000000Z,1.2603000402450562,1.2619600296020508,1.2587300539016724,1.2603000402450562,0,2022-04-16T00:00:00.000000Z
2022-04-18T00:00:00.000000Z,1.2615000009536743,1.2642999887466431,1.2603199481964111,1.2615000009536743,0,2022-04-19T00:00:00.000000Z
2022-04-19T00:00:00.000000Z,1.2600200176239014,1.2645299434661865,1.2568999528884888,1.2600200176239014,0,2022-04-20T00:00:00.000000Z
2022-04-20T00:00:00.000000Z,1.2603700160980225,1.2622499465942383,1.2473700046539307,1.2603700160980225,0,2022-04-21T00:00:00.000000Z
2022-04-21T00:00:00.000000Z,1.2486200332641602,1.2526799440383911,1.24590003490448,1.2486200332641602,0,2022-04-22T00:00:00.000000Z
2022-04-22T00:00:00.000000Z,1.2589099407196045,1.2723499536514282,1.2583999633789062,1.2589099407196045,0,2022-04-23T00:00:00.000000Z
2022-04-25T00:00:00.000000Z,1.2720999717712402,1.2776299715042114,1.2719000577926636,1.2720999717712402,0,2022-04-26T00:00:00.000000Z
2022-04-26T00:00:00.000000Z,1.2735600471496582,1.2825800180435181,1.2682000398635864,1.2735600471496582,0,2022-04-27T00:00:00.000000Z
2022-04-27T00:00:00.000000Z,1.2806099653244019,1.2853200435638428,1.2778300046920776,1.2806099653244019,0,2022-04-28T00:00:00.000000Z
2022-04-28T00:00:00.000000Z,1.2813999652862549,1.2878799438476562,1.2799700498580933,1.2813999652862549,0,2022-04-29T00:00:00.000000Z
2022-04-29T00:00:00.000000Z,1.280460000038147,1.2817200422286987,1.2719800472259521,1.280460000038147,0,2022-04-30T00:00:00.000000Z
2022-05-02T00:00:00.000000Z,1.2853000164031982,1.2912399768829346,1.2846000194549561,1.2853000164031982,0,2022-05-03T00:00:00.000000Z
2022-05-03T00:00:00.000000Z,1.2874000072479248,1.289330005645752,1.2826000452041626,1.2874000072479248,0,2022-05-04T00:00:00.000000Z
2022-05-04T00:00:00.000000Z,1.2833800315856934,1.2849299907684326,1.2803000211715698,1.2833800315856934,0,2022-05-05T00:00:00.000000Z
2022-05-05T00:00:00.000000Z,1.2737200260162354,1.2848999500274658,1.2712999582290649,1.2737200260162354,0,2022-05-06T00:00:00.000000Z
2022-05-06T00:00:00.000000Z,1.2826999425888062,1.2894799709320068,1.2814199924468994,1.2826999425888062,0,2022-05-07T00:00:00.000000Z
2022-05-09T00:00:00.000000Z,1.2918200492858887,1.2991100549697876,1.2908899784088135,1.2918200492858887,0,2022-05-10T00:00:00.000000Z
2022-05-10T00:00:00.000000Z,1.3008400201797485,1.3036700487136841,1.2963999509811401,1.3008400201797485,0,2022-05-11T00:00:00.000000Z
2022-05-11T00:00:00.000000Z,1.3031200170516968,1.3035900592803955,1.2921299934387207,1.3031200170516968,0,2022-05-12T00:00:00.000000Z
2022-05-12T00:00:00.000000Z,1.2994400262832642,1.3058600425720215,1.2977299690246582,1.2994400262832642,0,2022-05-13T00:00:00.000000Z
2022-05-13T00:00:00.000000Z,1.3023099899291992,1.302899956703186,1.2925399541854858,1.3023099899291992,0,2022-05-14T00:00:00.000000Z
2022-05-16T00:00:00.000000Z,1.2906999588012695,1.2980400323867798,1.2879699468612671,1.2906999588012695,0,2022-05-17T00:00:00.000000Z
2022-05-17T00:00:00.000000Z,1.2849999666213989,1.2853800058364868,1.2806700468063354,1.2849999666213989,0,2022-05-18T00:00:00.000000Z
2022-05-18T00:00:00.000000Z,1.2808099985122681,1.2854299545288086,1.2796299457550049,1.2808099985122681,0,2022-05-19T00:00:00.000000Z
2022-05-19T00:00:00.000000Z,1.2884199619293213,1.288599967956543,1.2783499956130981,1.2884199619293213,0,2022-05-20T00:00:00.000000Z
2022-05-20T00:00:00.000000Z,1.2819600105285645,1.2844500541687012,1.2776999473571777,1.2819600105285645,0,2022-05-21T00:00:00.000000Z
2022-05-23T00:00:00.000000Z,1.2812000513076782,1.2818000316619873,1.2768900394439697,1.2812000513076782,0,2022-05-24T00:00:00.000000Z
2022-05-24T00:00:00.000000Z,1.2787100076675415,1.2871299982070923,1.2780200242996216,1.2787100076675415,0,2022-05-25T00:00:00.000000Z
2022-05-25T00:00:00.000000Z,1.2822400331497192,1.2879999876022339,1.2809000015258789,1.2822400331497192,0,2022-05-26T00:00:00.000000Z
2022-05-26T00:00:00.000000Z,1.2820199728012085,1.2846699953079224,1.2777600288391113,1.2820199728012085,0,2022-05-27T00:00:00.000000Z
2022-05-27T00:00:00.000000Z,1.2773000001907349,1.278130054473877,1.2728400230407715,1.2773000001907349,0,2022-05-28T00:00:00.000000Z
2022-05-30T00:00:00.000000Z,1.2723699808120728,1.2725299596786499,1.2650200128555298,1.2723699808120728,0,2022-05-31T00:00:00.000000Z
2022-05-31T00:00:00.000000Z,1.2655199766159058,1.2685500383377075,1.2630100250244141,1.2655199766159058,0,2022-06-01T00:00:00.000000Z
2022-06-01T00:00:00.000000Z,1.2639000415802002,1.2673699855804443,1.2615000009536743,1.2639000415802002,0,2022-06-02T00:00:00.000000Z
2022-06-02T00:00:00.000000Z,1.2665300369262695,1.2685400247573853,1.2579699754714966,1.2665300369262695,0,2022-06-03T00:00:00.000000Z
2022-06-03T00:00:00.000000Z,1.2569799423217773,1.2587000131607056,1.2551800012588501,1.2569799423217773,0,2022-06-04T00:00:00.000000Z
2022-06-06T00:00:00.000000Z,1.2584899663925171,1.2596999406814575,1.2535899877548218,1.2584899663925171,0,2022-06-07T00:00:00.000000Z
2022-06-07T00:00:00.000000Z,1.2580000162124634,1.2617599964141846,1.2540199756622314,1.2580000162124634,0,2022-06-08T00:00:00.000000Z
2022-06-08T00:00:00.000000Z,1.2536599636077881,1.2557400465011597,1.2518600225448608,1.2536599636077881,0,2022-06-09T00:00:00.000000Z
2022-06-09T00:00:00.000000Z,1.2552000284194946,1.2656899690628052,1.2548999786376953,1.2552000284194946,0,2022-06-10T00:00:00.000000Z
2022-06-10T00:00:00.000000Z,1.2702699899673462,1.2811599969863892,1.2681100368499756,1.2702699899673462,0,2022-06-11T00:00:00.000000Z
2022-06-13T00:00:00.000000Z,1.2797600030899048,1.2879500389099121,1.2791999578475952,1.2797600030899048,0,2022-06-14T00:00:00.000000Z
2022-06-14T00:00:00.000000Z,1.2890000343322754,1.2940599918365479,1.2867499589920044,1.2890000343322754,0,2022-06-15T00:00:00.000000Z
2022-06-15T00:00:00.000000Z,1.2944799661636353,1.2971999645233154,1.2916699647903442,1.2944799661636353,0,2022-06-16T00:00:00.000000Z
2022-06-16T00:00:00.000000Z,1.2873400449752808,1.2967900037765503,1.2860399484634399,1.2873400449752808,0,2022-06-17T00:00:00.000000Z
2022-06-17T00:00:00.000000Z,1.2953799962997437,1.3077900409698486,1.2941099405288696,1.2953799962997437,0,2022-06-18T00:00:00.000000Z
2022-06-20T00:00:00.000000Z,1.3000500202178955,1.3024400472640991,1.2981400489807129,1.3000500202178955,0,2022-06-21T00:00:00.000000Z
2022-06-21T00:00:00.000000Z,1.2981799840927124,1.2984199523925781,1.2906299829483032,1.2981799840927124,0,2022-06-22T00:00:00.000000Z
2022-06-22T00:00:00.000000Z,1.2931900024414062,1.2995599508285522,1.2919199466705322,1.2931900024414062,0,2022-06-23T00:00:00.000000Z
2022-06-23T00:00:00.000000Z,1.2963800430297852,1.298550009727478,1.2935999631881714,1.2963800430297852,0,2022-06-24T00:00:00.000000Z
2022-06-24T00:00:00.000000Z,1.2987099885940552,1.2999199628829956,1.2900300025939941,1.2987099885940552,0,2022-06-25T00:00:00.000000Z
2022-06-27T00:00:00.000000Z,1.2897100448608398,1.2915400266647339,1.2862999439239502,1.2897100448608398,0,2022-06-28T00:00:00.000000Z
2022-06-28T00:00:00.000000Z,1.2869000434875488,1.2893799543380737,1.2818800210952759,1.2869000434875488,0,2022-06-29T00:00:00.000000Z
2022-06-29T00:00:00.000000Z,1.2872999906539917,1.2898299694061279,1.2844200134277344,1.2872999906539917,0,2022-06-30T00:00:00.000000Z
2022-06-30T00:00:00.000000Z,1.2883299589157104,1.2931499481201172,1.2865300178527832,1.2883299589157104,0,2022-07-01T00:00:00.000000Z
2022-07-01T00:00:00.000000Z,1.287369966506958,1.296470046043396,1.2866599559783936,1.287369966506958,0,2022-07-02T00:00:00.000000Z
2022-07-04T00:00:00.000000Z,1.288599967956543,1.2901999950408936,1.2836999893188477,1.288599967956543,0,2022-07-05T00:00:00.000000Z
2022-07-05T00:00:00.000000Z,1.2857300043106079,1.3083000183105469,1.2843400239944458,1.2857300043106079,0,2022-07-06T00:00:00.000000Z
2022-07-06T00:00:00.000000Z,1.3034800291061401,1.307669997215271,1.3011900186538696,1.3034800291061401,0,2022-07-07T00:00:00.000000Z
2022-07-07T00:00:00.000000Z,1.3034000396728516,1.3053699731826782,1.2964799404144287,1.3034000396728516,0,2022-07-08T00:00:00.000000Z
2022-07-08T00:00:00.000000Z,1.2965999841690063,1.3034000396728516,1.2935999631881714,1.2965999841690063,0,2022-07-09T00:00:00.000000Z
2022-07-12T00:00:00.000000Z,1.2994799613952637,1.3049299716949463,1.2991000413894653,1.2994799613952637,0,2022-07-13T00:00:00.000000Z
2022-07-13T00:00:00.000000Z,1.303130030632019,1.3059400320053101,1.2936300039291382,1.303130030632019,0,2022-07-14T00:00:00.000000Z
2022-07-14T00:00:00.000000Z,1.300089955329895,1.3221499919891357,1.2970000505447388,1.300089955329895,0,2022-07-15T00:00:00.000000Z
2022-07-15T00:00:00.000000Z,1.3107999563217163,1.3134599924087524,1.301550030708313,1.3107999563217163,0,2022-07-16T00:00:00.000000Z
2022-07-18T00:00:00.000000Z,1.3009400367736816,1.3023999929428101,1.2900300025939941,1.3009400367736816,0,2022-07-19T00:00:00.000000Z
2022-07-19T00:00:00.000000Z,1.2981300354003906,1.2987099885940552,1.2884999513626099,1.2981300354003906,0,2022-07-20T00:00:00.000000Z
2022-07-20T00:00:00.000000Z,1.2870899438858032,1.2905000448226929,1.2853000164031982,1.2870899438858032,0,2022-07-21T00:00:00.000000Z
2022-07-21T00:00:00.000000Z,1.2883000373840332,1.2935600280761719,1.2857999801635742,1.2883000373840332,0,2022-07-22T00:00:00.000000Z
2022-07-22T00:00:00.000000Z,1.2877999544143677,1.2895699739456177,1.2824399471282959,1.2877999544143677,0,2022-07-23T00:00:00.000000Z
2022-07-25T00:00:00.000000Z,1.2924599647521973,1.294450044631958,1.2842700481414795,1.2924599647521973,0,2022-07-26T00:00:00.000000Z
2022-07-26T00:00:00.000000Z,1.2850699424743652,1.289620041847229,1.2817200422286987,1.2850699424743652,0,2022-07-27T00:00:00.000000Z
2022-07-27T00:00:00.000000Z,1.287369966506958,1.2898999452590942,1.2845000028610229,1.287369966506958,0,2022-07-28T00:00:00.000000Z
2022-07-28T00:00:00.000000Z,1.2817100286483765,1.2866300344467163,1.2795499563217163,1.2817100286483765,0,2022-07-29T00:00:00.000000Z
2022-07-29T00:00:00.000000Z,1.2806999683380127,1.2853699922561646,1.278939962387085,1.2806999683380127,0,2022-07-30T00:00:00.000000Z
2022-08-01T00:00:00.000000Z,1.281559944152832,1.283810019493103,1.2766900062561035,1.281559944152832,0,2022-08-02T00:00:00.000000Z
2022-08-02T00:00:00.000000Z,1.284309983253479,1.2886799573898315,1.2837400436401367,1.284309983253479,0,2022-08-03T00:00:00.000000Z
2022-08-03T00:00:00.000000Z,1.2887899875640869,1.2891000509262085,1.2834899425506592,1.2887899875640869,0,2022-08-04T00:00:00.000000Z
2022-08-04T00:00:00.000000Z,1.2853599786758423,1.2875399589538574,1.2817699909210205,1.2853599786758423,0,2022-08-05T00:00:00.000000Z
2022-08-05T00:00:00.000000Z,1.2870199680328369,1.2981699705123901,1.2863999605178833,1.2870199680328369,0,2022-08-06T00:00:00.000000Z
2022-08-08T00:00:00.000000Z,1.294450044631958,1.2949099540710449,1.2839000225067139,1.294450044631958,0,2022-08-09T00:00:00.000000Z
2022-08-09T00:00:00.000000Z,1.2856999635696411,1.2887200117111206,1.2842999696731567,1.2856999635696411,0,2022-08-10T00:00:00.000000Z
2022-08-10T00:00:00.000000Z,1.2885899543762207,1.2894400358200073,1.2752900123596191,1.2885899543762207,0,2022-08-11T00:00:00.000000Z
2022-08-11T00:00:00.000000Z,1.277400016784668,1.2791199684143066,1.2728099822998047,1.277400016784668,0,2022-08-12T00:00:00.000000Z
2022-08-12T00:00:00.000000Z,1.2762900590896606,1.2801100015640259,1.2739900350570679,1.2762900590896606,0,2022-08-13T00:00:00.000000Z
2022-08-15T00:00:00.000000Z,1.2779500484466553,1.2932699918746948,1.2772799730300903,1.2779500484466553,0,2022-08-16T00:00:00.000000Z
2022-08-16T00:00:00.000000Z,1.2903599739074707,1.2926900386810303,1.2855199575424194,1.2903599739074707,0,2022-08-17T00:00:00.000000Z
2022-08-17T00:00:00.000000Z,1.284540057182312,1.2935600280761719,1.2827500104904175,1.284540057182312,0,2022-08-18T00:00:00.000000Z
2022-08-18T00:00:00.000000Z,1.2917799949645996,1.2946100234985352,1.2880400419235229,1.2917799949645996,0,2022-08-19T00:00:00.000000Z
2022-08-19T00:00:00.000000Z,1.2947100400924683,1.3008099794387817,1.2944999933242798,1.2947100400924683,0,2022-08-20T00:00:00.000000Z
2022-08-22T00:00:00.000000Z,1.300029993057251,1.3047100305557251,1.2975000143051147,1.300029993057251,0,2022-08-23T00:00:00.000000Z
2022-08-23T00:00:00.000000Z,1.3048100471496582,1.3061800003051758,1.2934399843215942,1.3048100471496582,0,2022-08-24T00:00:00.000000Z
2022-08-24T00:00:00.000000Z,1.2957999706268311,1.3015899658203125,1.2936700582504272,1.2957999706268311,0,2022-08-25T00:00:00.000000Z
2022-08-25T00:00:00.000000Z,1.297029972076416,1.2974599599838257,1.2896499633789062,1.297029972076416,0,2022-08-26T00:00:00.000000Z
2022-08-26T00:00:00.000000Z,1.2937599420547485,1.3009599447250366,1.2904700040817261,1.2937599420547485,0,2022-08-27T00:00:00.000000Z
2022-08-29T00:00:00.000000Z,1.306130051612854,1.3075499534606934,1.2992000579833984,1.306130051612854,0,2022-08-30T00:00:00.000000Z
2022-08-30T00:00:00.000000Z,1.3001300096511841,1.3105499744415283,1.2972099781036377,1.3001300096511841,0,2022-08-31T00:00:00.000000Z
2022-08-31T00:00:00.000000Z,1.3089499473571777,1.3138300180435181,1.306399941444397,1.3089499473571777,0,2022-09-01T00:00:00.000000Z
2022-09-02T00:00:00.000000Z,1.3144999742507935,1.3169100284576416,1.3074699640274048,1.3144999742507935,0,2022-09-03T00:00:00.000000Z
2022-09-05T00:00:00.000000Z,1.31427001953125,1.3172899484634399,1.3129899501800537,1.31427001953125,0,2022-09-06T00:00:00.000000Z
2022-09-06T00:00:00.000000Z,1.3128999471664429,1.3167500495910645,1.3095999956130981,1.3128999471664429,0,2022-09-07T00:00:00.000000Z
2022-09-07T00:00:00.000000Z,1.3153799772262573,1.3207800388336182,1.3151600360870361,1.3153799772262573,0,2022-09-08T00:00:00.000000Z
2022-09-08T00:00:00.000000Z,1.3129899501800537,1.3156100511550903,1.3105000257492065,1.3129899501800537,0,2022-09-09T00:00:00.000000Z
2022-09-09T00:00:00.000000Z,1.3080799579620361,1.3080899715423584,1.2981899976730347,1.3080799579620361,0,2022-09-10T00:00:00.000000Z
2022-09-12T00:00:00.000000Z,1.302299976348877,1.3035800457000732,1.2964500188827515,1.302299976348877,0,2022-09-13T00:00:00.000000Z
2022-09-13T00:00:00.000000Z,1.2979899644851685,1.3124300241470337,1.2953900098800659,1.2979899644851685,0,2022-09-14T00:00:00.000000Z
2022-09-14T00:00:00.000000Z,1.3162599802017212,1.3204300403594971,1.3137999773025513,1.3162599802017212,0,2022-09-15T00:00:00.000000Z
2022-09-15T00:00:00.000000Z,1.3160500526428223,1.3210599422454834,1.3154000043869019,1.3160500526428223,0,2022-09-16T00:00:00.000000Z
2022-09-16T00:00:00.000000Z,1.3246999979019165,1.3306399583816528,1.3227800130844116,1.3246999979019165,0,2022-09-17T00:00:00.000000Z
2022-09-19T00:00:00.000000Z,1.3258199691772461,1.3342599868774414,1.3249000310897827,1.3258199691772461,0,2022-09-20T00:00:00.000000Z
2022-09-20T00:00:00.000000Z,1.3243399858474731,1.3352999687194824,1.3227699995040894,1.3243399858474731,0,2022-09-21T00:00:00.000000Z
2022-09-21T00:00:00.000000Z,1.3363000154495239,1.3408299684524536,1.3358000516891479,1.3363000154495239,0,2022-09-22T00:00:00.000000Z
2022-09-22T00:00:00.000000Z,1.3478699922561646,1.3542699813842773,1.340980052947998,1.3478699922561646,0,2022-09-23T00:00:00.000000Z
2022-09-23T00:00:00.000000Z,1.3471100330352783,1.3584799766540527,1.3467600345611572,1.3471100330352783,0,2022-09-24T00:00:00.000000Z
2022-09-26T00:00:00.000000Z,1.3580800294876099,1.3763400316238403,1.3564399480819702,1.3580800294876099,0,2022-09-27T00:00:00.000000Z
2022-09-27T00:00:00.000000Z,1.3710600137710571,1.3752599954605103,1.3639400005340576,1.3710600137710571,0,2022-09-28T00:00:00.000000Z
2022-09-28T00:00:00.000000Z,1.372249960899353,1.3831199407577515,1.3648300170898438,1.372249960899353,0,2022-09-29T00:00:00.000000Z
2022-09-30T00:00:00.000000Z,1.3674499988555908,1.3753700256347656,1.3660600185394287,1.3674499988555908,0,2022-10-01T00:00:00.000000Z
2022-10-03T00:00:00.000000Z,1.3787300586700439,1.3803999423980713,1.3634300231933594,1.3787300586700439,0,2022-10-04T00:00:00.000000Z
2022-10-04T00:00:00.000000Z,1.3628100156784058,1.3663699626922607,1.3552399873733521,1.3628100156784058,0,2022-10-05T00:00:00.000000Z
2022-10-05T00:00:00.000000Z,1.3505400419235229,1.3694599866867065,1.3504300117492676,1.3505400419235229,0,2022-10-06T00:00:00.000000Z
2022-10-06T00:00:00.000000Z,1.359779953956604,1.3753700256347656,1.3564200401306152,1.359779953956604,0,2022-10-07T00:00:00.000000Z
2022-10-07T00:00:00.000000Z,1.3740999698638916,1.3759499788284302,1.3677200078964233,1.3740999698638916,0,2022-10-08T00:00:00.000000Z
2022-10-10T00:00:00.000000Z,1.3732099533081055,1.3778400421142578,1.3703800439834595,1.3732099533081055,0,2022-10-11T00:00:00.000000Z
2022-10-11T00:00:00.000000Z,1.377500057220459,1.3854199647903442,1.3736399412155151,1.377500057220459,0,2022-10-12T00:00:00.000000Z
2022-10-12T00:00:00.000000Z,1.3791500329971313,1.3827899694442749,1.3763799667358398,1.3791500329971313,0,2022-10-13T00:00:00.000000Z
2022-10-13T00:00:00.000000Z,1.3815699815750122,1.3969899415969849,1.3744100332260132,1.3815699815750122,0,2022-10-14T00:00:00.000000Z
2022-10-14T00:00:00.000000Z,1.3760099411010742,1.388949990272522,1.3703000545501709,1.3760099411010742,0,2022-10-15T00:00:00.000000Z
2022-10-17T00:00:00.000000Z,1.3854999542236328,1.3857799768447876,1.3710500001907349,1.3854999542236328,0,2022-10-18T00:00:00.000000Z
2022-10-18T00:00:00.000000Z,1.3712899684906006,1.3801699876785278,1.3657100200653076,1.3712899684906006,0,2022-10-19T00:00:00.000000Z
2022-10-19T00:00:00.000000Z,1.3726199865341187,1.3806999921798706,1.3718999624252319,1.3726199865341187,0,2022-10-20T00:00:00.000000Z
2022-10-20T00:00:00.000000Z,1.3772799968719482,1.3805199861526489,1.3651399612426758,1.3772799968719482,0,2022-10-21T00:00:00.000000Z
2022-10-21T00:00:00.000000Z,1.3777300119400024,1.3851200342178345,1.3672699928283691,1.3777300119400024,0,2022-10-22T00:00:00.000000Z
2022-10-25T00:00:00.000000Z,1.3695199489593506,1.3745900392532349,1.3604899644851685,1.3695199489593506,0,2022-10-26T00:00:00.000000Z
2022-10-26T00:00:00.000000Z,1.3616700172424316,1.364549994468689,1.3509000539779663,1.3616700172424316,0,2022-10-27T00:00:00.000000Z
2022-10-27T00:00:00.000000Z,1.3552000522613525,1.3623900413513184,1.3496700525283813,1.3552000522613525,0,2022-10-28T00:00:00.000000Z
2022-10-28T00:00:00.000000Z,1.3564499616622925,1.3633400201797485,1.3525199890136719,1.3564499616622925,0,2022-10-29T00:00:00.000000Z
2022-10-31T00:00:00.000000Z,1.3608100414276123,1.3680700063705444,1.3600800037384033,1.3608100414276123,0,2022-11-01T00:00:00.000000Z
2022-11-01T00:00:00.000000Z,1.3610700368881226,1.3656400442123413,1.3530299663543701,1.3610700368881226,0,2022-11-02T00:00:00.000000Z
2022-11-02T00:00:00.000000Z,1.361799955368042,1.3649100065231323,1.3585000038146973,1.361799955368042,0,2022-11-03T00:00:00.000000Z
2022-11-03T00:00:00.000000Z,1.3715200424194336,1.380620002746582,1.3682700395584106,1.3715200424194336,0,2022-11-04T00:00:00.000000Z
2022-11-04T00:00:00.000000Z,1.3742400407791138,1.3744299411773682,1.3471800088882446,1.3742400407791138,0,2022-11-05T00:00:00.000000Z
2022-11-07T00:00:00.000000Z,1.3512500524520874,1.3550900220870972,1.3465700149536133,1.3512500524520874,0,2022-11-08T00:00:00.000000Z
2022-11-08T00:00:00.000000Z,1.3493499755859375,1.3525899648666382,1.3387700319290161,1.3493499755859375,0,2022-11-09T00:00:00.000000Z
2022-11-09T00:00:00.000000Z,1.3415399789810181,1.3491100072860718,1.3414100408554077,1.3415399789810181,0,2022-11-10T00:00:00.000000Z
2022-11-10T00:00:00.000000Z,1.3526500463485718,1.3569099903106689,1.3335100412368774,1.3526500463485718,0,2022-11-11T00:00:00.000000Z
2022-11-11T00:00:00.000000Z,1.3331500291824341,1.3358700275421143,1.3257100582122803,1.3331500291824341,0,2022-11-12T00:00:00.000000Z
2022-11-14T00:00:00.000000Z,1.3256000280380249,1.3308000564575195,1.3240000009536743,1.3253999948501587,0,2022-11-15T00:00:00.000000Z
2022-11-15T00:00:00.000000Z,1.3324700593948364,1.3331799507141113,1.3227699995040894,1.3324700593948364,0,2022-11-16T00:00:00.000000Z
2022-11-16T00:00:00.000000Z,1.3273500204086304,1.3345299959182739,1.3229999542236328,1.3273500204086304,0,2022-11-17T00:00:00.000000Z
2022-11-17T00:00:00.000000Z,1.333549976348877,1.3399300575256348,1.3305599689483643,1.333549976348877,0,2022-11-18T00:00:00.000000Z
2022-11-18T00:00:00.000000Z,1.3321399688720703,1.3398900032043457,1.3301299810409546,1.3321399688720703,0,2022-11-19T00:00:00.000000Z
2022-11-21T00:00:00.000000Z,1.337689995765686,1.3494499921798706,1.3376599550247192,1.337689995765686,0,2022-11-22T00:00:00.000000Z
2022-11-22T00:00:00.000000Z,1.3446300029754639,1.3449499607086182,1.3385000228881836,1.3446300029754639,0,2022-11-23T00:00:00.000000Z
2022-11-23T00:00:00.000000Z,1.3362499475479126,1.3437099456787109,1.3356599807739258,1.3362499475479126,0,2022-11-24T00:00:00.000000Z
2022-11-24T00:00:00.000000Z,1.3343600034713745,1.33610999584198,1.3316400051116943,1.3343600034713745,0,2022-11-25T00:00:00.000000Z
2022-11-25T00:00:00.000000Z,1.3336600065231323,1.3397799730300903,1.3315999507904053,1.3336600065231323,0,2022-11-26T00:00:00.000000Z
2022-11-28T00:00:00.000000Z,1.3409600257873535,1.3471699953079224,1.3400000333786011,1.3409600257873535,0,2022-11-29T00:00:00.000000Z
2022-11-29T00:00:00.000000Z,1.3489899635314941,1.3639199733734131,1.3409700393676758,1.3489899635314941,0,2022-11-30T00:00:00.000000Z
2022-11-30T00:00:00.000000Z,1.3583600521087646,1.3589299917221069,1.3492300510406494,1.3583600521087646,0,2022-12-01T00:00:00.000000Z
2022-12-01T00:00:00.000000Z,1.3411999940872192,1.3466299772262573,1.339460015296936,1.3411999940872192,0,2022-12-02T00:00:00.000000Z
2022-12-02T00:00:00.000000Z,1.3435499668121338,1.351140022277832,1.3420000076293945,1.3435499668121338,0,2022-12-03T00:00:00.000000Z
2022-12-05T00:00:00.000000Z,1.3444000482559204,1.3573299646377563,1.3384699821472168,1.3444000482559204,0,2022-12-06T00:00:00.000000Z
2022-12-06T00:00:00.000000Z,1.3588000535964966,1.3672100305557251,1.3568999767303467,1.3588000535964966,0,2022-12-07T00:00:00.000000Z
2022-12-07T00:00:00.000000Z,1.3649400472640991,1.3698799610137939,1.3593399524688721,1.3649400472640991,0,2022-12-08T00:00:00.000000Z
2022-12-08T00:00:00.000000Z,1.3648999929428101,1.3687800168991089,1.3562400341033936,1.3648999929428101,0,2022-12-09T00:00:00.000000Z
2022-12-09T00:00:00.000000Z,1.3597700595855713,1.367840051651001,1.3568899631500244,1.3597700595855713,0,2022-12-10T00:00:00.000000Z
2022-12-12T00:00:00.000000Z,1.3655300140380859,1.3681299686431885,1.3633500337600708,1.3655300140380859,0,2022-12-13T00:00:00.000000Z
2022-12-13T00:00:00.000000Z,1.363029956817627,1.3642799854278564,1.3519999980926514,1.363029956817627,0,2022-12-14T00:00:00.000000Z
2022-12-14T00:00:00.000000Z,1.3555400371551514,1.3583699464797974,1.3532500267028809,1.3555400371551514,0,2022-12-15T00:00:00.000000Z
2022-12-15T00:00:00.000000Z,1.3550200462341309,1.3653099536895752,1.3539999723434448,1.3550200462341309,0,2022-12-16T00:00:00.000000Z
2022-12-16T00:00:00.000000Z,1.365820050239563,1.3693599700927734,1.3617399930953979,1.365820050239563,0,2022-12-17T00:00:00.000000Z
2022-12-19T00:00:00.000000Z,1.3688600063323975,1.3691400289535522,1.3626500368118286,1.3688600063323975,0,2022-12-20T00:00:00.000000Z
2022-12-20T00:00:00.000000Z,1.364300012588501,1.3703000545501709,1.3580800294876099,1.364300012588501,0,2022-12-21T00:00:00.000000Z
2022-12-21T00:00:00.000000Z,1.3599400520324707,1.3636100292205811,1.3588800430297852,1.3599400520324707,0,2022-12-22T00:00:00.000000Z
2022-12-22T00:00:00.000000Z,1.3612699508666992,1.3671000003814697,1.3570699691772461,1.3612699508666992,0,2022-12-23T00:00:00.000000Z
2022-12-23T00:00:00.000000Z,1.3636800050735474,1.3658000230789185,1.357200026512146,1.3636800050735474,0,2022-12-24T00:00:00.000000Z
2022-12-26T00:00:00.000000Z,1.358970046043396,1.3632999658584595,1.3545800447463989,1.358970046043396,0,2022-12-27T00:00:00.000000Z
2022-12-27T00:00:00.000000Z,1.3557000160217285,1.3567999601364136,1.3484599590301514,1.3557000160217285,0,2022-12-28T00:00:00.000000Z
2022-12-28T00:00:00.000000Z,1.3524999618530273,1.3598300218582153,1.3486100435256958,1.3524999618530273,0,2022-12-29T00:00:00.000000Z
2022-12-29T00:00:00.000000Z,1.3599400520324707,1.360759973526001,1.354449987411499,1.3599400520324707,0,2022-12-30T00:00:00.000000Z
2022-12-30T00:00:00.000000Z,1.3552000522613525,1.3578799962997437,1.3514499664306641,1.3552000522613525,0,2022-12-31T00:00:00.000000Z
2023-01-02T00:00:00.000000Z,1.3528100252151489,1.3585000038146973,1.3473700284957886,1.3528100252151489,0,2023-01-03T00:00:00.000000Z
2023-01-03T00:00:00.000000Z,1.3559000492095947,1.3679399490356445,1.3522499799728394,1.3559000492095947,0,2023-01-04T00:00:00.000000Z
2023-01-05T00:00:00.000000Z,1.3485100269317627,1.3593599796295166,1.3479499816894531,1.3485100269317627,0,2023-01-06T00:00:00.000000Z
2023-01-06T00:00:00.000000Z,1.3559900522232056,1.3663300275802612,1.3447999954223633,1.3559900522232056,0,2023-01-07T00:00:00.000000Z
2023-01-09T00:00:00.000000Z,1.3435200452804565,1.3443299531936646,1.3357900381088257,1.3435200452804565,0,2023-01-10T00:00:00.000000Z
2023-01-10T00:00:00.000000Z,1.3393700122833252,1.3443900346755981,1.3375600576400757,1.3393700122833252,0,2023-01-11T00:00:00.000000Z
2023-01-11T00:00:00.000000Z,1.3432899713516235,1.3442399501800537,1.3406000137329102,1.3432899713516235,0,2023-01-12T00:00:00.000000Z
2023-01-12T00:00:00.000000Z,1.343000054359436,1.3447599411010742,1.335379958152771,1.343000054359436,0,2023-01-13T00:00:00.000000Z
2023-01-13T00:00:00.000000Z,1.3375999927520752,1.3438199758529663,1.3322600126266479,1.3375999927520752,0,2023-01-14T00:00:00.000000Z
2023-01-16T00:00:00.000000Z,1.3396199941635132,1.3417700529098511,1.3351999521255493,1.3396199941635132,0,2023-01-17T00:00:00.000000Z
2023-01-17T00:00:00.000000Z,1.3397799730300903,1.3435399532318115,1.3372399806976318,1.3397799730300903,0,2023-01-18T00:00:00.000000Z
2023-01-18T00:00:00.000000Z,1.3389999866485596,1.3444099426269531,1.3351000547409058,1.3389999866485596,0,2023-01-19T00:00:00.000000Z
2023-01-19T00:00:00.000000Z,1.3495800495147705,1.3519099950790405,1.3456399440765381,1.3495800495147705,0,2023-01-20T00:00:00.000000Z
2023-01-20T00:00:00.000000Z,1.3463799953460693,1.3495399951934814,1.3405300378799438,1.3463799953460693,0,2023-01-21T00:00:00.000000Z
2023-01-23T00:00:00.000000Z,1.3370499610900879,1.3415800333023071,1.333899974822998,1.3371000289916992,0,2023-01-24T00:00:00.000000Z
2023-01-24T00:00:00.000000Z,1.3370100259780884,1.3412400484085083,1.3346400260925293,1.3370100259780884,0,2023-01-25T00:00:00.000000Z
2023-01-25T00:00:00.000000Z,1.3374799489974976,1.3427300453186035,1.3341000080108643,1.3374799489974976,0,2023-01-26T00:00:00.000000Z
2023-01-26T00:00:00.000000Z,1.3380199670791626,1.340630054473877,1.330549955368042,1.3380199670791626,0,2023-01-27T00:00:00.000000Z
2023-01-27T00:00:00.000000Z,1.3316099643707275,1.3345400094985962,1.3302899599075317,1.3316099643707275,0,2023-01-28T00:00:00.000000Z
2023-01-30T00:00:00.000000Z,1.3303200006484985,1.3357499837875366,1.3299700021743774,1.3303200006484985,0,2023-01-31T00:00:00.000000Z
2023-01-31T00:00:00.000000Z,1.338379979133606,1.3469899892807007,1.3326300382614136,1.338379979133606,0,2023-02-01T00:00:00.000000Z
2023-02-01T00:00:00.000000Z,1.3306000232696533,1.3334699869155884,1.3288500308990479,1.3306000232696533,0,2023-02-02T00:00:00.000000Z
2023-02-02T00:00:00.000000Z,1.3274999856948853,1.3344700336456299,1.3262399435043335,1.3274999856948853,0,2023-02-03T00:00:00.000000Z
2023-02-06T00:00:00.000000Z,1.3399699926376343,1.3473999500274658,1.3395999670028687,1.3399699926376343,0,2023-02-07T00:00:00.000000Z
2023-02-07T00:00:00.000000Z,1.3440999984741211,1.346809983253479,1.3401800394058228,1.3440999984741211,0,2023-02-08T00:00:00.000000Z
2023-02-08T00:00:00.000000Z,1.3390100002288818,1.3441799879074097,1.3360400199890137,1.3390100002288818,0,2023-02-09T00:00:00.000000Z
2023-02-09T00:00:00.000000Z,1.344499945640564,1.3458100557327271,1.337440013885498,1.344499945640564,0,2023-02-10T00:00:00.000000Z
2023-02-10T00:00:00.000000Z,1.3448699712753296,1.3470699787139893,1.3345099687576294,1.3448699712753296,0,2023-02-11T00:00:00.000000Z
2023-02-13T00:00:00.000000Z,1.3357399702072144,1.3378499746322632,1.3325200080871582,1.3357399702072144,0,2023-02-14T00:00:00.000000Z
2023-02-14T00:00:00.000000Z,1.3333100080490112,1.3389500379562378,1.3277499675750732,1.3333100080490112,0,2023-02-15T00:00:00.000000Z
2023-02-15T00:00:00.000000Z,1.3340599536895752,1.3439699411392212,1.3340400457382202,1.3340599536895752,0,2023-02-16T00:00:00.000000Z
2023-02-16T00:00:00.000000Z,1.3390599489212036,1.3478200435638428,1.3358399868011475,1.3390599489212036,0,2023-02-17T00:00:00.000000Z
2023-02-17T00:00:00.000000Z,1.3473000526428223,1.3536200523376465,1.3464800119400024,1.3473000526428223,0,2023-02-18T00:00:00.000000Z
2023-02-20T00:00:00.000000Z,1.3481999635696411,1.3493399620056152,1.3442100286483765,1.3481999635696411,0,2023-02-21T00:00:00.000000Z
2023-02-21T00:00:00.000000Z,1.3452999591827393,1.3524899482727051,1.3443399667739868,1.3452999591827393,0,2023-02-22T00:00:00.000000Z
2023-02-22T00:00:00.000000Z,1.3534899950027466,1.3559099435806274,1.3514399528503418,1.3534899950027466,0,2023-02-23T00:00:00.000000Z
2023-02-23T00:00:00.000000Z,1.3545399904251099,1.3570400476455688,1.3517800569534302,1.3545399904251099,0,2023-02-24T00:00:00.000000Z
2023-02-24T00:00:00.000000Z,1.3543200492858887,1.3662600517272949,1.3527200222015381,1.3543200492858887,0,2023-02-25T00:00:00.000000Z
2023-02-27T00:00:00.000000Z,1.3593699932098389,1.3624000549316406,1.3534899950027466,1.3593699932098389,0,2023-02-28T00:00:00.000000Z
2023-02-28T00:00:00.000000Z,1.3573999404907227,1.3618500232696533,1.3558399677276611,1.3573999404907227,0,2023-03-01T00:00:00.000000Z
2023-03-01T00:00:00.000000Z,1.3645199537277222,1.365839958190918,1.3585000038146973,1.3645199537277222,0,2023-03-02T00:00:00.000000Z
2023-03-02T00:00:00.000000Z,1.3589600324630737,1.3639199733734131,1.3581999540328979,1.3589600324630737,0,2023-03-03T00:00:00.000000Z
2023-03-03T00:00:00.000000Z,1.3594800233840942,1.3641999959945679,1.3555899858474731,1.3594800233840942,0,2023-03-04T00:00:00.000000Z
2023-03-06T00:00:00.000000Z,1.3602999448776245,1.3627899885177612,1.3581899404525757,1.3602999448776245,0,2023-03-07T00:00:00.000000Z
2023-03-07T00:00:00.000000Z,1.3616199493408203,1.3741799592971802,1.3599900007247925,1.3616199493408203,0,2023-03-08T00:00:00.000000Z
2023-03-08T00:00:00.000000Z,1.3747999668121338,1.3791699409484863,1.3744000196456909,1.3747999668121338,0,2023-03-09T00:00:00.000000Z
2023-03-09T00:00:00.000000Z,1.3799400329589844,1.3816399574279785,1.3752900362014771,1.3799400329589844,0,2023-03-10T00:00:00.000000Z
2023-03-10T00:00:00.000000Z,1.3831000328063965,1.3860499858856201,1.3766299486160278,1.3831000328063965,0,2023-03-11T00:00:00.000000Z
2023-03-13T00:00:00.000000Z,1.3763799667358398,1.3799500465393066,1.3680700063705444,1.3763799667358398,0,2023-03-14T00:00:00.000000Z
2023-03-14T00:00:00.000000Z,1.3735200166702271,1.3749500513076782,1.3651000261306763,1.3735200166702271,0,2023-03-15T00:00:00.000000Z
2023-03-15T00:00:00.000000Z,1.3688900470733643,1.381369948387146,1.3660199642181396,1.3688900470733643,0,2023-03-16T00:00:00.000000Z
2023-03-16T00:00:00.000000Z,1.3764899969100952,1.3786200284957886,1.3723000288009644,1.3764899969100952,0,2023-03-17T00:00:00.000000Z
2023-03-17T00:00:00.000000Z,1.3719099760055542,1.3772499561309814,1.3678799867630005,1.3719099760055542,0,2023-03-18T00:00:00.000000Z
2023-03-20T00:00:00.000000Z,1.3709800243377686,1.3744399547576904,1.3652399778366089,1.3709800243377686,0,2023-03-21T00:00:00.000000Z
2023-03-21T00:00:00.000000Z,1.3671000003814697,1.3736300468444824,1.3645800352096558,1.3671000003814697,0,2023-03-22T00:00:00.000000Z
2023-03-22T00:00:00.000000Z,1.3708800077438354,1.3723499774932861,1.3694100379943848,1.3708800077438354,0,2023-03-23T00:00:00.000000Z
2023-03-23T00:00:00.000000Z,1.3716700077056885,1.3720799684524536,1.3631000518798828,1.3716700077056885,0,2023-03-24T00:00:00.000000Z
2023-03-24T00:00:00.000000Z,1.3717000484466553,1.3804299831390381,1.3709800243377686,1.3717000484466553,0,2023-03-25T00:00:00.000000Z
2023-03-27T00:00:00.000000Z,1.3727400302886963,1.3742899894714355,1.3684999942779541,1.3727400302886963,0,2023-03-28T00:00:00.000000Z
2023-03-28T00:00:00.000000Z,1.3654099702835083,1.3694299459457397,1.3610999584197998,1.3654099702835083,0,2023-03-29T00:00:00.000000Z
2023-03-29T00:00:00.000000Z,1.3593300580978394,1.361549973487854,1.3560500144958496,1.3593300580978394,0,2023-03-30T00:00:00.000000Z
2023-03-30T00:00:00.000000Z,1.3563100099563599,1.3580600023269653,1.3525400161743164,1.3563100099563599,0,2023-03-31T00:00:00.000000Z
2023-03-31T00:00:00.000000Z,1.3521900177001953,1.3562999963760376,1.3507800102233887,1.3521900177001953,0,2023-04-01T00:00:00.000000Z
2023-04-03T00:00:00.000000Z,1.3501800298690796,1.3533999919891357,1.3425699472427368,1.3501800298690796,0,2023-04-04T00:00:00.000000Z
2023-04-04T00:00:00.000000Z,1.3433699607849121,1.3459099531173706,1.340999960899353,1.3433699607849121,0,2023-04-05T00:00:00.000000Z
2023-04-05T00:00:00.000000Z,1.3437999486923218,1.3481999635696411,1.3423999547958374,1.3437999486923218,0,2023-04-06T00:00:00.000000Z
2023-04-06T00:00:00.000000Z,1.3454300165176392,1.3504300117492676,1.3450000286102295,1.3454300165176392,0,2023-04-07T00:00:00.000000Z
2023-04-07T00:00:00.000000Z,1.3494999408721924,1.3526699542999268,1.3482999801635742,1.3494999408721924,0,2023-04-08T00:00:00.000000Z
2023-04-10T00:00:00.000000Z,1.3503999710083008,1.355180025100708,1.3484699726104736,1.3503999710083008,0,2023-04-11T00:00:00.000000Z
2023-04-11T00:00:00.000000Z,1.3503400087356567,1.3514200448989868,1.3470000028610229,1.3503400087356567,0,2023-04-12T00:00:00.000000Z
2023-04-12T00:00:00.000000Z,1.346250057220459,1.3487900495529175,1.3434000015258789,1.346250057220459,0,2023-04-13T00:00:00.000000Z
2023-04-13T00:00:00.000000Z,1.343999981880188,1.344730019569397,1.3342000246047974,1.343999981880188,0,2023-04-14T00:00:00.000000Z
2023-04-14T00:00:00.000000Z,1.3339999914169312,1.3380500078201294,1.3306200504302979,1.3339999914169312,0,2023-04-15T00:00:00.000000Z
2023-04-17T00:00:00.000000Z,1.3365000486373901,1.3418899774551392,1.3342000246047974,1.3365000486373901,0,2023-04-18T00:00:00.000000Z
2023-04-18T00:00:00.000000Z,1.3392000198364258,1.3396300077438354,1.3358999490737915,1.3392000198364258,0,2023-04-19T00:00:00.000000Z
2023-04-19T00:00:00.000000Z,1.3390899896621704,1.3454999923706055,1.3382999897003174,1.3390899896621704,0,2023-04-20T00:00:00.000000Z
2023-04-20T00:00:00.000000Z,1.3467999696731567,1.348829984664917,1.345039963722229,1.3467999696731567,0,2023-04-21T00:00:00.000000Z
2023-04-21T00:00:00.000000Z,1.348080039024353,1.3562799692153931,1.3474999666213989,1.348080039024353,0,2023-04-22T00:00:00.000000Z
2023-04-24T00:00:00.000000Z,1.3538399934768677,1.3566199541091919,1.3522800207138062,1.3538399934768677,0,2023-04-25T00:00:00.000000Z
2023-04-25T00:00:00.000000Z,1.3533699512481689,1.3628400564193726,1.3523000478744507,1.3533699512481689,0,2023-04-26T00:00:00.000000Z
2023-04-26T00:00:00.000000Z,1.3618400096893311,1.3641699552536011,1.3599400520324707,1.3618400096893311,0,2023-04-27T00:00:00.000000Z
2023-04-27T00:00:00.000000Z,1.363070011138916,1.3643800020217896,1.3592699766159058,1.363070011138916,0,2023-04-28T00:00:00.000000Z
2023-04-28T00:00:00.000000Z,1.3599699735641479,1.3666700124740601,1.3552399873733521,1.3599699735641479,0,2023-04-29T00:00:00.000000Z
2023-05-01T00:00:00.000000Z,1.3559099435806274,1.3582099676132202,1.3531299829483032,1.3559099435806274,0,2023-05-02T00:00:00.000000Z
2023-05-02T00:00:00.000000Z,1.3552000522613525,1.3636599779129028,1.3527899980545044,1.3552000522613525,0,2023-05-03T00:00:00.000000Z
2023-05-03T00:00:00.000000Z,1.3619500398635864,1.363860011100769,1.3603600263595581,1.3619500398635864,0,2023-05-04T00:00:00.000000Z
2023-05-05T00:00:00.000000Z,1.3523000478744507,1.3528900146484375,1.3418300151824951,1.3523000478744507,0,2023-05-06T00:00:00.000000Z
2023-05-08T00:00:00.000000Z,1.3380000591278076,1.3385499715805054,1.3315800428390503,1.3380000591278076,0,2023-05-09T00:00:00.000000Z
2023-05-09T00:00:00.000000Z,1.3372399806976318,1.3404799699783325,1.336400032043457,1.3372399806976318,0,2023-05-10T00:00:00.000000Z
2023-05-10T00:00:00.000000Z,1.3374999761581421,1.3396099805831909,1.333549976348877,1.3374999761581421,0,2023-05-11T00:00:00.000000Z
2023-05-11T00:00:00.000000Z,1.3372100591659546,1.349370002746582,1.3363000154495239,1.3372100591659546,0,2023-05-12T00:00:00.000000Z
2023-05-12T00:00:00.000000Z,1.3493000268936157,1.3543599843978882,1.348039984703064,1.3493000268936157,0,2023-05-13T00:00:00.000000Z
2023-05-15T00:00:00.000000Z,1.3553999662399292,1.3566900491714478,1.3482199907302856,1.3553999662399292,0,2023-05-16T00:00:00.000000Z
2023-05-16T00:00:00.000000Z,1.346500039100647,1.3492399454116821,1.3406000137329102,1.346500039100647,0,2023-05-17T00:00:00.000000Z
2023-05-17T00:00:00.000000Z,1.3477200269699097,1.3535300493240356,1.344290018081665,1.3477200269699097,0,2023-05-18T00:00:00.000000Z
2023-05-18T00:00:00.000000Z,1.3466700315475464,1.350909948348999,1.3451000452041626,1.3466700315475464,0,2023-05-19T00:00:00.000000Z
2023-05-19T00:00:00.000000Z,1.3497699499130249,1.352180004119873,1.3468600511550903,1.3497699499130249,0,2023-05-20T00:00:00.000000Z
2023-05-22T00:00:00.000000Z,1.3487999439239502,1.3517299890518188,1.3485399484634399,1.3487999439239502,0,2023-05-23T00:00:00.000000Z
2023-05-23T00:00:00.000000Z,1.3502899408340454,1.3547500371932983,1.3483999967575073,1.3502899408340454,0,2023-05-24T00:00:00.000000Z
2023-05-24T00:00:00.000000Z,1.3499399423599243,1.3597999811172485,1.3494999408721924,1.3499399423599243,0,2023-05-25T00:00:00.000000Z
2023-05-25T00:00:00.000000Z,1.3588500022888184,1.3644299507141113,1.3586000204086304,1.3588500022888184,0,2023-05-26T00:00:00.000000Z
2023-05-26T00:00:00.000000Z,1.3643200397491455,1.3652800321578979,1.3600800037384033,1.3643200397491455,0,2023-05-27T00:00:00.000000Z
2023-05-29T00:00:00.000000Z,1.3609000444412231,1.3612899780273438,1.3581000566482544,1.3609000444412231,0,2023-05-30T00:00:00.000000Z
2023-05-30T00:00:00.000000Z,1.3601000308990479,1.3612699508666992,1.3567500114440918,1.3601000308990479,0,2023-05-31T00:00:00.000000Z
2023-05-31T00:00:00.000000Z,1.3599699735641479,1.3650699853897095,1.3572399616241455,1.3599699735641479,0,2023-06-01T00:00:00.000000Z
2023-06-01T00:00:00.000000Z,1.3566000461578369,1.3584500551223755,1.343999981880188,1.3566000461578369,0,2023-06-02T00:00:00.000000Z
2023-06-02T00:00:00.000000Z,1.3443000316619873,1.3449300527572632,1.3407000303268433,1.3443000316619873,0,2023-06-03T00:00:00.000000Z
2023-06-05T00:00:00.000000Z,1.3428299427032471,1.3460899591445923,1.3420100212097168,1.3428299427032471,0,2023-06-06T00:00:00.000000Z
2023-06-06T00:00:00.000000Z,1.3447999954223633,1.3451499938964844,1.3393199443817139,1.3447999954223633,0,2023-06-07T00:00:00.000000Z
2023-06-07T00:00:00.000000Z,1.3398599624633789,1.342519998550415,1.3325599431991577,1.3398599624633789,0,2023-06-08T00:00:00.000000Z
2023-06-08T00:00:00.000000Z,1.3371599912643433,1.3386299610137939,1.333299994468689,1.3371599912643433,0,2023-06-09T00:00:00.000000Z
2023-06-09T00:00:00.000000Z,1.3361999988555908,1.3370300531387329,1.3312900066375732,1.3361999988555908,0,2023-06-10T00:00:00.000000Z
2023-06-12T00:00:00.000000Z,1.3336800336837769,1.3382600545883179,1.3315199613571167,1.3336800336837769,0,2023-06-13T00:00:00.000000Z
2023-06-13T00:00:00.000000Z,1.3363000154495239,1.3377599716186523,1.3287299871444702,1.3363000154495239,0,2023-06-14T00:00:00.000000Z
2023-06-14T00:00:00.000000Z,1.3314700126647949,1.3318799734115601,1.3274999856948853,1.3314700126647949,0,2023-06-15T00:00:00.000000Z
2023-06-15T00:00:00.000000Z,1.3326400518417358,1.3353899717330933,1.3228299617767334,1.3326400518417358,0,2023-06-16T00:00:00.000000Z
2023-06-16T00:00:00.000000Z,1.3221900463104248,1.3238699436187744,1.3188199996948242,1.3221900463104248,0,2023-06-17T00:00:00.000000Z
2023-06-19T00:00:00.000000Z,1.3198000192642212,1.3228100538253784,1.3178999423980713,1.3198000192642212,0,2023-06-20T00:00:00.000000Z
2023-06-20T00:00:00.000000Z,1.3209500312805176,1.3269100189208984,1.3203999996185303,1.3209500312805176,0,2023-06-21T00:00:00.000000Z
2023-06-21T00:00:00.000000Z,1.3225599527359009,1.3244800567626953,1.3175499439239502,1.3225599527359009,0,2023-06-22T00:00:00.000000Z
2023-06-22T00:00:00.000000Z,1.316100001335144,1.3177800178527832,1.3138999938964844,1.316100001335144,0,2023-06-23T00:00:00.000000Z
2023-06-23T00:00:00.000000Z,1.3145899772644043,1.3224999904632568,1.3142000436782837,1.3145899772644043,0,2023-06-24T00:00:00.000000Z
2023-06-26T00:00:00.000000Z,1.3164700269699097,1.317579984664917,1.3137999773025513,1.3164700269699097,0,2023-06-27T00:00:00.000000Z
2023-06-27T00:00:00.000000Z,1.315000057220459,1.3187400102615356,1.3116400241851807,1.315000057220459,0,2023-06-28T00:00:00.000000Z
2023-06-28T00:00:00.000000Z,1.3197699785232544,1.3274199962615967,1.3190100193023682,1.3197699785232544,0,2023-06-29T00:00:00.000000Z
2023-06-29T00:00:00.000000Z,1.3251800537109375,1.3284300565719604,1.3240000009536743,1.3251800537109375,0,2023-06-30T00:00:00.000000Z
2023-06-30T00:00:00.000000Z,1.3250000476837158,1.328220009803772,1.3207800388336182,1.3250000476837158,0,2023-07-01T00:00:00.000000Z
2023-07-03T00:00:00.000000Z,1.3250000476837158,1.3272800445556641,1.3230600357055664,1.3250000476837158,0,2023-07-04T00:00:00.000000Z
2023-07-04T00:00:00.000000Z,1.3248000144958496,1.3255900144577026,1.3205000162124634,1.3248000144958496,0,2023-07-05T00:00:00.000000Z
2023-07-05T00:00:00.000000Z,1.322350025177002,1.3292499780654907,1.3217999935150146,1.322350025177002,0,2023-07-06T00:00:00.000000Z
2023-07-06T00:00:00.000000Z,1.3285900354385376,1.336899995803833,1.3275200128555298,1.3285900354385376,0,2023-07-07T00:00:00.000000Z
2023-07-07T00:00:00.000000Z,1.3365399837493896,1.3385599851608276,1.328529953956604,1.3365399837493896,0,2023-07-08T00:00:00.000000Z
2023-07-10T00:00:00.000000Z,1.3278000354766846,1.3302199840545654,1.3268899917602539,1.3278000354766846,0,2023-07-11T00:00:00.000000Z
2023-07-11T00:00:00.000000Z,1.3273999691009521,1.3289300203323364,1.3245600461959839,1.3273999691009521,0,2023-07-12T00:00:00.000000Z
2023-07-12T00:00:00.000000Z,1.3227699995040894,1.3233200311660767,1.3144700527191162,1.3227699995040894,0,2023-07-13T00:00:00.000000Z
2023-07-13T00:00:00.000000Z,1.3182799816131592,1.3193099498748779,1.3107099533081055,1.3182799816131592,0,2023-07-14T00:00:00.000000Z
2023-07-14T00:00:00.000000Z,1.3112499713897705,1.3204499483108521,1.3091000318527222,1.3112499713897705,0,2023-07-15T00:00:00.000000Z
2023-07-17T00:00:00.000000Z,1.3224999904632568,1.3229600191116333,1.316100001335144,1.3224999904632568,0,2023-07-18T00:00:00.000000Z
2023-07-18T00:00:00.000000Z,1.3201500177383423,1.3240799903869629,1.3167300224304199,1.3201500177383423,0,2023-07-19T00:00:00.000000Z
2023-07-19T00:00:00.000000Z,1.3166199922561646,1.3192800283432007,1.3156399726867676,1.3166199922561646,0,2023-07-20T00:00:00.000000Z
2023-07-20T00:00:00.000000Z,1.3163000345230103,1.3193900585174561,1.3118000030517578,1.3163000345230103,0,2023-07-21T00:00:00.000000Z
2023-07-21T00:00:00.000000Z,1.3174200057983398,1.3226000070571899,1.3154000043869019,1.3174200057983398,0,2023-07-22T00:00:00.000000Z
2023-07-24T00:00:00.000000Z,1.3223999738693237,1.3227599859237671,1.3154200315475464,1.3223999738693237,0,2023-07-25T00:00:00.000000Z
2023-07-25T00:00:00.000000Z,1.3174599409103394,1.3209500312805176,1.3146599531173706,1.3174599409103394,0,2023-07-26T00:00:00.000000Z
2023-07-26T00:00:00.000000Z,1.3187099695205688,1.3235199451446533,1.3171999454498291,1.3187099695205688,0,2023-07-27T00:00:00.000000Z
2023-07-28T00:00:00.000000Z,1.322700023651123,1.3247300386428833,1.3206100463867188,1.322700023651123,0,2023-07-29T00:00:00.000000Z
2023-07-31T00:00:00.000000Z,1.3250999450683594,1.3260899782180786,1.3149000406265259,1.3250999450683594,0,2023-08-01T00:00:00.000000Z
2023-08-01T00:00:00.000000Z,1.3192000389099121,1.3299200534820557,1.3185900449752808,1.3192000389099121,0,2023-08-02T00:00:00.000000Z
2023-08-03T00:00:00.000000Z,1.33433997631073,1.3377200365066528,1.3334200382232666,1.33433997631073,0,2023-08-04T00:00:00.000000Z
2023-08-04T00:00:00.000000Z,1.3350600004196167,1.3392399549484253,1.3335000276565552,1.3350600004196167,0,2023-08-05T00:00:00.000000Z
2023-08-07T00:00:00.000000Z,1.3372999429702759,1.3398499488830566,1.3355799913406372,1.3372999429702759,0,2023-08-08T00:00:00.000000Z
2023-08-08T00:00:00.000000Z,1.3371200561523438,1.3500800132751465,1.3365000486373901,1.3371200561523438,0,2023-08-09T00:00:00.000000Z
2023-08-09T00:00:00.000000Z,1.3424999713897705,1.3453899621963501,1.3403999805450439,1.3424999713897705,0,2023-08-10T00:00:00.000000Z
2023-08-10T00:00:00.000000Z,1.3418799638748169,1.3422499895095825,1.3375200033187866,1.3418799638748169,0,2023-08-11T00:00:00.000000Z
2023-08-11T00:00:00.000000Z,1.344480037689209,1.3464299440383911,1.3413000106811523,1.344480037689209,0,2023-08-12T00:00:00.000000Z
2023-08-14T00:00:00.000000Z,1.3439799547195435,1.3478200435638428,1.3437000513076782,1.3439799547195435,0,2023-08-15T00:00:00.000000Z
2023-08-15T00:00:00.000000Z,1.3458800315856934,1.3499699831008911,1.3440999984741211,1.3458800315856934,0,2023-08-16T00:00:00.000000Z
2023-08-16T00:00:00.000000Z,1.3490099906921387,1.3525199890136719,1.3473000526428223,1.3490099906921387,0,2023-08-17T00:00:00.000000Z
2023-08-17T00:00:00.000000Z,1.353659987449646,1.3550699949264526,1.3496799468994141,1.353659987449646,0,2023-08-18T00:00:00.000000Z
2023-08-18T00:00:00.000000Z,1.3545199632644653,1.3573999404907227,1.3524600267410278,1.3545199632644653,0,2023-08-19T00:00:00.000000Z
2023-08-21T00:00:00.000000Z,1.354159951210022,1.3573000431060791,1.3495999574661255,1.354159951210022,0,2023-08-22T00:00:00.000000Z
2023-08-22T00:00:00.000000Z,1.3543000221252441,1.3563699722290039,1.3511999845504761,1.3543000221252441,0,2023-08-23T00:00:00.000000Z
2023-08-23T00:00:00.000000Z,1.3550100326538086,1.3603099584579468,1.3530999422073364,1.3550100326538086,0,2023-08-24T00:00:00.000000Z
2023-08-24T00:00:00.000000Z,1.352370023727417,1.3586599826812744,1.3509800434112549,1.352370023727417,0,2023-08-25T00:00:00.000000Z
2023-08-25T00:00:00.000000Z,1.3586800098419189,1.3639199733734131,1.3567999601364136,1.3586800098419189,0,2023-08-26T00:00:00.000000Z
2023-08-28T00:00:00.000000Z,1.3594000339508057,1.3610800504684448,1.3570599555969238,1.3594000339508057,0,2023-08-29T00:00:00.000000Z
2023-08-29T00:00:00.000000Z,1.3601100444793701,1.3636000156402588,1.3578399419784546,1.3601100444793701,0,2023-08-30T00:00:00.000000Z
2023-08-30T00:00:00.000000Z,1.3558900356292725,1.3576200008392334,1.3513200283050537,1.3558900356292725,0,2023-08-31T00:00:00.000000Z
2023-08-31T00:00:00.000000Z,1.3535300493240356,1.355720043182373,1.3515199422836304,1.3535300493240356,0,2023-09-01T00:00:00.000000Z
2023-09-01T00:00:00.000000Z,1.3509700298309326,1.3591899871826172,1.3489999771118164,1.3509700298309326,0,2023-09-02T00:00:00.000000Z
2023-09-04T00:00:00.000000Z,1.3594499826431274,1.3604400157928467,1.3575600385665894,1.3594499826431274,0,2023-09-05T00:00:00.000000Z
2023-09-05T00:00:00.000000Z,1.3598699569702148,1.3668899536132812,1.3596299886703491,1.3598699569702148,0,2023-09-06T00:00:00.000000Z
2023-09-06T00:00:00.000000Z,1.3638900518417358,1.3672699928283691,1.3623499870300293,1.3638900518417358,0,2023-09-07T00:00:00.000000Z
2023-09-07T00:00:00.000000Z,1.3638999462127686,1.3682500123977661,1.3632400035858154,1.3638999462127686,0,2023-09-08T00:00:00.000000Z
2023-09-08T00:00:00.000000Z,1.3683500289916992,1.3688199520111084,1.3607699871063232,1.3683500289916992,0,2023-09-09T00:00:00.000000Z
2023-09-11T00:00:00.000000Z,1.3626999855041504,1.363379955291748,1.3563599586486816,1.3626999855041504,0,2023-09-12T00:00:00.000000Z
2023-09-12T00:00:00.000000Z,1.3578699827194214,1.359220027923584,1.3543000221252441,1.3578699827194214,0,2023-09-13T00:00:00.000000Z
2023-09-13T00:00:00.000000Z,1.3551000356674194,1.357740044593811,1.3520900011062622,1.3551000356674194,0,2023-09-14T00:00:00.000000Z
2023-09-14T00:00:00.000000Z,1.3552500009536743,1.3552900552749634,1.3501600027084351,1.3552500009536743,0,2023-09-15T00:00:00.000000Z
2023-09-15T00:00:00.000000Z,1.3514800071716309,1.3548500537872314,1.3493000268936157,1.3514800071716309,0,2023-09-16T00:00:00.000000Z
2023-09-18T00:00:00.000000Z,1.3521900177001953,1.3526999950408936,1.3471800088882446,1.3521900177001953,0,2023-09-19T00:00:00.000000Z
2023-09-19T00:00:00.000000Z,1.3487000465393066,1.3487600088119507,1.3387600183486938,1.3487000465393066,0,2023-09-20T00:00:00.000000Z
2023-09-20T00:00:00.000000Z,1.3442699909210205,1.3464100360870361,1.3395500183105469,1.3442699909210205,0,2023-09-21T00:00:00.000000Z
2023-09-21T00:00:00.000000Z,1.3476699590682983,1.3522200584411621,1.3470000028610229,1.3476699590682983,0,2023-09-22T00:00:00.000000Z
2023-09-22T00:00:00.000000Z,1.3477499485015869,1.348270058631897,1.3424500226974487,1.3477499485015869,0,2023-09-23T00:00:00.000000Z
2023-09-25T00:00:00.000000Z,1.3476999998092651,1.3491300344467163,1.3454099893569946,1.3476999998092651,0,2023-09-26T00:00:00.000000Z
2023-09-26T00:00:00.000000Z,1.345039963722229,1.3515000343322754,1.3446999788284302,1.345039963722229,0,2023-09-27T00:00:00.000000Z
2023-09-27T00:00:00.000000Z,1.3519599437713623,1.353659987449646,1.3501900434494019,1.3519599437713623,0,2023-09-28T00:00:00.000000Z
2023-09-28T00:00:00.000000Z,1.350100040435791,1.351349949836731,1.3473900556564331,1.350100040435791,0,2023-09-29T00:00:00.000000Z
2023-09-29T00:00:00.000000Z,1.3490999937057495,1.3538199663162231,1.341729998588562,1.3490999937057495,0,2023-09-30T00:00:00.000000Z
2023-10-02T00:00:00.000000Z,1.3573700189590454,1.3674999475479126,1.3561999797821045,1.3573700189590454,0,2023-10-03T00:00:00.000000Z
2023-10-04T00:00:00.000000Z,1.3709100484848022,1.3777899742126465,1.36913001537323,1.3709100484848022,0,2023-10-05T00:00:00.000000Z
2023-10-05T00:00:00.000000Z,1.3744200468063354,1.3783899545669556,1.37090003490448,1.3744200468063354,0,2023-10-06T00:00:00.000000Z
2023-10-06T00:00:00.000000Z,1.3705699443817139,1.3732600212097168,1.3651800155639648,1.3705699443817139,0,2023-10-07T00:00:00.000000Z
2023-10-09T00:00:00.000000Z,1.3661099672317505,1.3674900531768799,1.3612799644470215,1.3661099672317505,0,2023-10-10T00:00:00.000000Z
2023-10-10T00:00:00.000000Z,1.3580499887466431,1.3615100383758545,1.3569600582122803,1.3580499887466431,0,2023-10-11T00:00:00.000000Z
2023-10-11T00:00:00.000000Z,1.3583600521087646,1.3618799448013306,1.3571900129318237,1.3583600521087646,0,2023-10-12T00:00:00.000000Z
2023-10-12T00:00:00.000000Z,1.3594499826431274,1.366629958152771,1.3578000068664551,1.3594499826431274,0,2023-10-13T00:00:00.000000Z
2023-10-13T00:00:00.000000Z,1.3683799505233765,1.3688399791717529,1.3637000322341919,1.3683799505233765,0,2023-10-14T00:00:00.000000Z
2023-10-16T00:00:00.000000Z,1.3644299507141113,1.3654700517654419,1.361240029335022,1.3644299507141113,0,2023-10-17T00:00:00.000000Z
2023-10-17T00:00:00.000000Z,1.3614399433135986,1.3701900243759155,1.361009955406189,1.3614399433135986,0,2023-10-18T00:00:00.000000Z
2023-10-18T00:00:00.000000Z,1.3653000593185425,1.3697899580001831,1.361780047416687,1.3653000593185425,0,2023-10-19T00:00:00.000000Z
2023-10-19T00:00:00.000000Z,1.3713799715042114,1.3739500045776367,1.370229959487915,1.3713799715042114,0,2023-10-20T00:00:00.000000Z
2023-10-20T00:00:00.000000Z,1.3715300559997559,1.3733500242233276,1.3671300411224365,1.3715300559997559,0,2023-10-21T00:00:00.000000Z
2023-10-23T00:00:00.000000Z,1.3703000545501709,1.3736100196838379,1.3675999641418457,1.3703000545501709,0,2023-10-24T00:00:00.000000Z
2023-10-24T00:00:00.000000Z,1.3688499927520752,1.3753700256347656,1.3661600351333618,1.3688499927520752,0,2023-10-25T00:00:00.000000Z
2023-10-25T00:00:00.000000Z,1.3741600513458252,1.3807799816131592,1.3730200529098511,1.3741600513458252,0,2023-10-26T00:00:00.000000Z
2023-10-26T00:00:00.000000Z,1.3802900314331055,1.3837100267410278,1.3789499998092651,1.3802900314331055,0,2023-10-27T00:00:00.000000Z
2023-10-27T00:00:00.000000Z,1.3813999891281128,1.3867599964141846,1.3795000314712524,1.3813999891281128,0,2023-10-28T00:00:00.000000Z
2023-10-30T00:00:00.000000Z,1.3863400220870972,1.3865900039672852,1.3815100193023682,1.3863400220870972,0,2023-10-31T00:00:00.000000Z
2023-10-31T00:00:00.000000Z,1.3828599452972412,1.3884099721908569,1.3813899755477905,1.3828599452972412,0,2023-11-01T00:00:00.000000Z
2023-11-01T00:00:00.000000Z,1.387660026550293,1.3891500234603882,1.3842400312423706,1.387660026550293,0,2023-11-02T00:00:00.000000Z
2023-11-02T00:00:00.000000Z,1.3834400177001953,1.3851200342178345,1.3769700527191162,1.3834400177001953,0,2023-11-03T00:00:00.000000Z
2023-11-03T00:00:00.000000Z,1.3746999502182007,1.3759700059890747,1.3665900230407715,1.3746999502182007,0,2023-11-04T00:00:00.000000Z
2023-11-06T00:00:00.000000Z,1.3660600185394287,1.3683300018310547,1.3629000186920166,1.3660600185394287,0,2023-11-07T00:00:00.000000Z
2023-11-07T00:00:00.000000Z,1.3697299957275391,1.3773200511932373,1.3691999912261963,1.3697299957275391,0,2023-11-08T00:00:00.000000Z
2023-11-08T00:00:00.000000Z,1.3768500089645386,1.3803800344467163,1.375499963760376,1.3768500089645386,0,2023-11-09T00:00:00.000000Z
2023-11-09T00:00:00.000000Z,1.3793200254440308,1.3806300163269043,1.3747199773788452,1.3793200254440308,0,2023-11-10T00:00:00.000000Z
2023-11-10T00:00:00.000000Z,1.3806999921798706,1.385450005531311,1.37909996509552,1.3806999921798706,0,2023-11-11T00:00:00.000000Z
2023-11-13T00:00:00.000000Z,1.379889965057373,1.3830599784851074,1.377769947052002,1.379889965057373,0,2023-11-14T00:00:00.000000Z
2023-11-14T00:00:00.000000Z,1.3801499605178833,1.3842799663543701,1.3708599805831909,1.3801499605178833,0,2023-11-15T00:00:00.000000Z
2023-11-15T00:00:00.000000Z,1.3699400424957275,1.370959997177124,1.3655300140380859,1.3699400424957275,0,2023-11-16T00:00:00.000000Z
2023-11-16T00:00:00.000000Z,1.368340015411377,1.3775500059127808,1.3676999807357788,1.368340015411377,0,2023-11-17T00:00:00.000000Z
2023-11-17T00:00:00.000000Z,1.3752100467681885,1.3769500255584717,1.3708399534225464,1.3752100467681885,0,2023-11-18T00:00:00.000000Z
2023-11-20T00:00:00.000000Z,1.3718999624252319,1.3747700452804565,1.3690099716186523,1.3718999624252319,0,2023-11-21T00:00:00.000000Z
2023-11-21T00:00:00.000000Z,1.3724100589752197,1.3730700016021729,1.367900013923645,1.3724100589752197,0,2023-11-22T00:00:00.000000Z
2023-11-22T00:00:00.000000Z,1.3701000213623047,1.3764100074768066,1.3690400123596191,1.3701000213623047,0,2023-11-23T00:00:00.000000Z
2023-11-23T00:00:00.000000Z,1.3692500591278076,1.3710000514984131,1.3651200532913208,1.3692500591278076,0,2023-11-24T00:00:00.000000Z
2023-11-24T00:00:00.000000Z,1.3695000410079956,1.3711199760437012,1.3594000339508057,1.3695000410079956,0,2023-11-25T00:00:00.000000Z
2023-11-27T00:00:00.000000Z,1.3630499839782715,1.3660500049591064,1.3622599840164185,1.3630499839782715,0,2023-11-28T00:00:00.000000Z
2023-11-28T00:00:00.000000Z,1.3607000112533569,1.3611099720001221,1.3562300205230713,1.3607000112533569,0,2023-11-29T00:00:00.000000Z
2023-11-29T00:00:00.000000Z,1.3562999963760376,1.3612799644470215,1.3541699647903442,1.3562999963760376,0,2023-11-30T00:00:00.000000Z
2023-11-30T00:00:00.000000Z,1.3590199947357178,1.3625400066375732,1.3552800416946411,1.3590199947357178,0,2023-12-01T00:00:00.000000Z
2023-12-04T00:00:00.000000Z,1.3488700389862061,1.356160044670105,1.3487399816513062,1.3488700389862061,0,2023-12-05T00:00:00.000000Z
2023-12-05T00:00:00.000000Z,1.3538999557495117,1.3590899705886841,1.353600025177002,1.3538999557495117,0,2023-12-06T00:00:00.000000Z
2023-12-06T00:00:00.000000Z,1.3590999841690063,1.3591799736022949,1.354949951171875,1.3590999841690063,0,2023-12-07T00:00:00.000000Z
2023-12-07T00:00:00.000000Z,1.3591799736022949,1.3617700338363647,1.3572100400924683,1.3591799736022949,0,2023-12-08T00:00:00.000000Z
2023-12-08T00:00:00.000000Z,1.3598599433898926,1.3606300354003906,1.3551000356674194,1.3598599433898926,0,2023-12-09T00:00:00.000000Z
2023-12-11T00:00:00.000000Z,1.3580800294876099,1.3604099750518799,1.3550000190734863,1.3580800294876099,0,2023-12-12T00:00:00.000000Z
2023-12-12T00:00:00.000000Z,1.3578000068664551,1.3614699840545654,1.3548699617385864,1.3578000068664551,0,2023-12-13T00:00:00.000000Z
2023-12-13T00:00:00.000000Z,1.3585000038146973,1.36080002784729,1.3550000190734863,1.3585000038146973,0,2023-12-14T00:00:00.000000Z
2023-12-14T00:00:00.000000Z,1.3508100509643555,1.3509900569915771,1.3403999805450439,1.3508100509643555,0,2023-12-15T00:00:00.000000Z
2023-12-15T00:00:00.000000Z,1.3407000303268433,1.3413900136947632,1.3353899717330933,1.3407000303268433,0,2023-12-16T00:00:00.000000Z
2023-12-18T00:00:00.000000Z,1.3381600379943848,1.3408900499343872,1.3349499702453613,1.3381600379943848,0,2023-12-19T00:00:00.000000Z
2023-12-19T00:00:00.000000Z,1.3397799730300903,1.339959979057312,1.333299994468689,1.3397799730300903,0,2023-12-20T00:00:00.000000Z
2023-12-20T00:00:00.000000Z,1.3334200382232666,1.3352799415588379,1.3315500020980835,1.3334200382232666,0,2023-12-21T00:00:00.000000Z
2023-12-21T00:00:00.000000Z,1.3358199596405029,1.335919976234436,1.3291900157928467,1.3358199596405029,0,2023-12-22T00:00:00.000000Z
2023-12-22T00:00:00.000000Z,1.3283900022506714,1.3292200565338135,1.3220800161361694,1.3283900022506714,0,2023-12-23T00:00:00.000000Z
2023-12-25T00:00:00.000000Z,1.3256800174713135,1.3288999795913696,1.3174599409103394,1.3256800174713135,0,2023-12-26T00:00:00.000000Z
2023-12-26T00:00:00.000000Z,1.3250000476837158,1.3261300325393677,1.320099949836731,1.3250000476837158,0,2023-12-27T00:00:00.000000Z
2023-12-27T00:00:00.000000Z,1.3195199966430664,1.3211899995803833,1.3178600072860718,1.3195199966430664,0,2023-12-28T00:00:00.000000Z
2023-12-28T00:00:00.000000Z,1.3201999664306641,1.3231799602508545,1.3181699514389038,1.3201999664306641,0,2023-12-29T00:00:00.000000Z
2023-12-29T00:00:00.000000Z,1.3229600191116333,1.3263700008392334,1.3179299831390381,1.3229600191116333,0,2023-12-30T00:00:00.000000Z
2024-01-01T00:00:00.000000Z,1.3239200115203857,1.3249000310897827,1.3239200115203857,1.3239200115203857,0,2024-01-02T00:00:00.000000Z
2024-01-02T00:00:00.000000Z,1.3242000341415405,1.3327000141143799,1.3228600025177002,1.3242000341415405,0,2024-01-03T00:00:00.000000Z
2024-01-03T00:00:00.000000Z,1.3322000503540039,1.3365800380706787,1.3315999507904053,1.3322000503540039,0,2024-01-04T00:00:00.000000Z
2024-01-04T00:00:00.000000Z,1.3347699642181396,1.3364599943161011,1.3316999673843384,1.3347699642181396,0,2024-01-05T00:00:00.000000Z
2024-01-05T00:00:00.000000Z,1.3355000019073486,1.3397699594497681,1.3288799524307251,1.3355000019073486,0,2024-01-06T00:00:00.000000Z
2024-01-08T00:00:00.000000Z,1.3359800577163696,1.340459942817688,1.3344700336456299,1.3359800577163696,0,2024-01-09T00:00:00.000000Z
2024-01-09T00:00:00.000000Z,1.3349000215530396,1.3413000106811523,1.3339999914169312,1.3349000215530396,0,2024-01-10T00:00:00.000000Z
2024-01-10T00:00:00.000000Z,1.338919997215271,1.3393800258636475,1.3365700244903564,1.338919997215271,0,2024-01-11T00:00:00.000000Z
2024-01-11T00:00:00.000000Z,1.3378499746322632,1.344230055809021,1.3342000246047974,1.3378499746322632,0,2024-01-12T00:00:00.000000Z
2024-01-12T00:00:00.000000Z,1.3379900455474854,1.3403500318527222,1.3344700336456299,1.3379900455474854,0,2024-01-13T00:00:00.000000Z
2024-01-15T00:00:00.000000Z,1.340939998626709,1.3447400331497192,1.3403999805450439,1.340939998626709,0,2024-01-16T00:00:00.000000Z
2024-01-16T00:00:00.000000Z,1.3435800075531006,1.3500000238418579,1.3434000015258789,1.3435800075531006,0,2024-01-17T00:00:00.000000Z
2024-01-17T00:00:00.000000Z,1.3489999771118164,1.3540400266647339,1.3480700254440308,1.3489999771118164,0,2024-01-18T00:00:00.000000Z
2024-01-18T00:00:00.000000Z,1.3502800464630127,1.352370023727417,1.3480299711227417,1.3502800464630127,0,2024-01-19T00:00:00.000000Z
2024-01-19T00:00:00.000000Z,1.3486200571060181,1.3501499891281128,1.3454200029373169,1.3486200571060181,0,2024-01-20T00:00:00.000000Z
2024-01-22T00:00:00.000000Z,1.3431600332260132,1.345829963684082,1.3414000272750854,1.3431600332260132,0,2024-01-23T00:00:00.000000Z
2024-01-23T00:00:00.000000Z,1.347790002822876,1.3491400480270386,1.3451000452041626,1.347790002822876,0,2024-01-24T00:00:00.000000Z
2024-01-24T00:00:00.000000Z,1.3456000089645386,1.3494199514389038,1.3429399728775024,1.3456000089645386,0,2024-01-25T00:00:00.000000Z
2024-01-25T00:00:00.000000Z,1.3525400161743164,1.3533799648284912,1.3487399816513062,1.3525400161743164,0,2024-01-26T00:00:00.000000Z
2024-01-26T00:00:00.000000Z,1.3477699756622314,1.348270058631897,1.3415399789810181,1.3477699756622314,0,2024-01-27T00:00:00.000000Z
2024-01-29T00:00:00.000000Z,1.3453999757766724,1.3464599847793579,1.3424999713897705,1.3453999757766724,0,2024-01-30T00:00:00.000000Z
2024-01-30T00:00:00.000000Z,1.3411400318145752,1.344539999961853,1.3396999835968018,1.3411400318145752,0,2024-01-31T00:00:00.000000Z
2024-01-31T00:00:00.000000Z,1.3401700258255005,1.3436100482940674,1.3359500169754028,1.3401700258255005,0,2024-02-01T00:00:00.000000Z
2024-02-01T00:00:00.000000Z,1.3435499668121338,1.346269965171814,1.3378000259399414,1.3435499668121338,0,2024-02-02T00:00:00.000000Z
2024-02-02T00:00:00.000000Z,1.3382999897003174,1.3474999666213989,1.336400032043457,1.3382999897003174,0,2024-02-03T00:00:00.000000Z
2024-02-05T00:00:00.000000Z,1.3470100164413452,1.3543399572372437,1.346500039100647,1.3470100164413452,0,2024-02-06T00:00:00.000000Z
2024-02-06T00:00:00.000000Z,1.3543000221252441,1.3543200492858887,1.3498899936676025,1.3543000221252441,0,2024-02-07T00:00:00.000000Z
2024-02-07T00:00:00.000000Z,1.3489300012588501,1.3493000268936157,1.3455100059509277,1.3489300012588501,0,2024-02-08T00:00:00.000000Z
2024-02-08T00:00:00.000000Z,1.3464000225067139,1.349120020866394,1.3446999788284302,1.3464000225067139,0,2024-02-09T00:00:00.000000Z
2024-02-09T00:00:00.000000Z,1.3459999561309814,1.348039984703064,1.34142005443573,1.3459999561309814,0,2024-02-10T00:00:00.000000Z
2024-02-12T00:00:00.000000Z,1.3457800149917603,1.3474600315093994,1.3436000347137451,1.3457800149917603,0,2024-02-13T00:00:00.000000Z
2024-02-13T00:00:00.000000Z,1.3455300331115723,1.3575899600982666,1.3435399532318115,1.3455300331115723,0,2024-02-14T00:00:00.000000Z
2024-02-14T00:00:00.000000Z,1.3565800189971924,1.3571300506591797,1.3530000448226929,1.3565800189971924,0,2024-02-15T00:00:00.000000Z
2024-02-15T00:00:00.000000Z,1.3538700342178345,1.3550599813461304,1.3476899862289429,1.3538700342178345,0,2024-02-16T00:00:00.000000Z
2024-02-16T00:00:00.000000Z,1.3465299606323242,1.3505699634552002,1.3463000059127808,1.3465299606323242,0,2024-02-17T00:00:00.000000Z
2024-02-19T00:00:00.000000Z,1.3477499485015869,1.349560022354126,1.3466000556945801,1.3477799892425537,0,2024-02-20T00:00:00.000000Z
2024-02-20T00:00:00.000000Z,1.3497999906539917,1.3529399633407593,1.3472299575805664,1.3497999906539917,0,2024-02-21T00:00:00.000000Z
2024-02-21T00:00:00.000000Z,1.3521900177001953,1.3535300493240356,1.3501499891281128,1.3521900177001953,0,2024-02-22T00:00:00.000000Z
2024-02-22T00:00:00.000000Z,1.3496999740600586,1.3507000207901001,1.3439799547195435,1.3496999740600586,0,2024-02-23T00:00:00.000000Z
2024-02-23T00:00:00.000000Z,1.3481400012969971,1.3516099452972412,1.3459000587463379,1.3481400012969971,0,2024-02-24T00:00:00.000000Z
2024-02-26T00:00:00.000000Z,1.3510299921035767,1.3528000116348267,1.3500000238418579,1.3507200479507446,0,2024-02-27T00:00:00.000000Z
2024-02-27T00:00:00.000000Z,1.3501299619674683,1.3536299467086792,1.3484899997711182,1.3501299619674683,0,2024-02-28T00:00:00.000000Z
2024-02-28T00:00:00.000000Z,1.3531700372695923,1.3604500293731689,1.3525999784469604,1.3531700372695923,0,2024-02-29T00:00:00.000000Z
2024-02-29T00:00:00.000000Z,1.3577500581741333,1.3597300052642822,1.3542100191116333,1.3577500581741333,0,2024-03-01T00:00:00.000000Z
2024-03-01T00:00:00.000000Z,1.3573700189590454,1.3599799871444702,1.3545600175857544,1.3573700189590454,0,2024-03-02T00:00:00.000000Z
2024-03-04T00:00:00.000000Z,1.3552399873733521,1.3582700490951538,1.3544000387191772,1.3552399873733521,0,2024-03-05T00:00:00.000000Z
2024-03-05T00:00:00.000000Z,1.357200026512146,1.3604600429534912,1.355679988861084,1.357200026512146,0,2024-03-06T00:00:00.000000Z
2024-03-06T00:00:00.000000Z,1.3589999675750732,1.3599499464035034,1.3505799770355225,1.3589999675750732,0,2024-03-07T00:00:00.000000Z
2024-03-07T00:00:00.000000Z,1.3512699604034424,1.3525099754333496,1.3463399410247803,1.3512699604034424,0,2024-03-08T00:00:00.000000Z
2024-03-08T00:00:00.000000Z,1.3451999425888062,1.3476500511169434,1.3422700166702271,1.3451999425888062,0,2024-03-09T00:00:00.000000Z
2024-03-11T00:00:00.000000Z,1.3484499454498291,1.350890040397644,1.3468999862670898,1.3484499454498291,0,2024-03-12T00:00:00.000000Z
2024-03-12T00:00:00.000000Z,1.3477499485015869,1.352429986000061,1.346500039100647,1.3477499485015869,0,2024-03-13T00:00:00.000000Z
2024-03-13T00:00:00.000000Z,1.349310040473938,1.349810004234314,1.3459999561309814,1.349310040473938,0,2024-03-14T00:00:00.000000Z
2024-03-14T00:00:00.000000Z,1.3466299772262573,1.3533899784088135,1.3459000587463379,1.3466299772262573,0,2024-03-15T00:00:00.000000Z
2024-03-15T00:00:00.000000Z,1.3537700176239014,1.3549100160598755,1.3509999513626099,1.3537700176239014,0,2024-03-16T00:00:00.000000Z
2024-03-18T00:00:00.000000Z,1.3546099662780762,1.3550399541854858,1.3519999980926514,1.3546099662780762,0,2024-03-19T00:00:00.000000Z
2024-03-19T00:00:00.000000Z,1.3534799814224243,1.3612099885940552,1.3532999753952026,1.3534799814224243,0,2024-03-20T00:00:00.000000Z
2024-03-20T00:00:00.000000Z,1.3573100566864014,1.3604600429534912,1.3563400506973267,1.3573100566864014,0,2024-03-21T00:00:00.000000Z
2024-03-21T00:00:00.000000Z,1.3471900224685669,1.3540799617767334,1.3457399606704712,1.3471900224685669,0,2024-03-22T00:00:00.000000Z
2024-03-22T00:00:00.000000Z,1.3526999950408936,1.3605899810791016,1.3517999649047852,1.3526999950408936,0,2024-03-23T00:00:00.000000Z
2024-03-25T00:00:00.000000Z,1.3611500263214111,1.3613200187683105,1.3571100234985352,1.3611500263214111,0,2024-03-26T00:00:00.000000Z
2024-03-26T00:00:00.000000Z,1.3584599494934082,1.3588999509811401,1.3552500009536743,1.3584599494934082,0,2024-03-27T00:00:00.000000Z
2024-03-27T00:00:00.000000Z,1.3581000566482544,1.3607699871063232,1.3572800159454346,1.3581000566482544,0,2024-03-28T00:00:00.000000Z
2024-03-28T00:00:00.000000Z,1.3586000204086304,1.3612799644470215,1.3531299829483032,1.3586000204086304,0,2024-03-29T00:00:00.000000Z
2024-03-29T00:00:00.000000Z,1.353600025177002,1.3554500341415405,1.3532999753952026,1.353600025177002,0,2024-03-30T00:00:00.000000Z
2024-04-01T00:00:00.000000Z,1.3521900177001953,1.3584500551223755,1.3515000343322754,1.3521900177001953,0,2024-04-02T00:00:00.000000Z
2024-04-02T00:00:00.000000Z,1.3573700189590454,1.3584400415420532,1.3556499481201172,1.3573700189590454,0,2024-04-03T00:00:00.000000Z
2024-04-03T00:00:00.000000Z,1.3564300537109375,1.3588399887084961,1.3512500524520874,1.3564300537109375,0,2024-04-04T00:00:00.000000Z
2024-04-04T00:00:00.000000Z,1.3523800373077393,1.3527499437332153,1.3478000164031982,1.3523800373077393,0,2024-04-05T00:00:00.000000Z
2024-04-05T00:00:00.000000Z,1.354449987411499,1.3646600246429443,1.3539999723434448,1.354449987411499,0,2024-04-06T00:00:00.000000Z
2024-04-08T00:00:00.000000Z,1.3604099750518799,1.3616299629211426,1.3569899797439575,1.3604099750518799,0,2024-04-09T00:00:00.000000Z
2024-04-09T00:00:00.000000Z,1.3570799827575684,1.3598400354385376,1.3547199964523315,1.3570799827575684,0,2024-04-10T00:00:00.000000Z
2024-04-10T00:00:00.000000Z,1.3572900295257568,1.3694700002670288,1.355739951133728,1.3572900295257568,0,2024-04-11T00:00:00.000000Z
2024-04-11T00:00:00.000000Z,1.3687000274658203,1.3725500106811523,1.3661999702453613,1.3687000274658203,0,2024-04-12T00:00:00.000000Z
2024-04-12T00:00:00.000000Z,1.368690013885498,1.3770899772644043,1.3682099580764771,1.368690013885498,0,2024-04-13T00:00:00.000000Z
2024-04-15T00:00:00.000000Z,1.3758000135421753,1.3780100345611572,1.3725399971008301,1.3758000135421753,0,2024-04-16T00:00:00.000000Z
2024-04-16T00:00:00.000000Z,1.3786300420761108,1.3845499753952026,1.3773000240325928,1.3786300420761108,0,2024-04-17T00:00:00.000000Z
2024-04-17T00:00:00.000000Z,1.3818800449371338,1.3835699558258057,1.3782800436019897,1.3818800449371338,0,2024-04-18T00:00:00.000000Z
2024-04-18T00:00:00.000000Z,1.3771799802780151,1.3774700164794922,1.3726600408554077,1.3771799802780151,0,2024-04-19T00:00:00.000000Z
2024-04-19T00:00:00.000000Z,1.3769299983978271,1.3802599906921387,1.372499942779541,1.3769299983978271,0,2024-04-20T00:00:00.000000Z
2024-04-22T00:00:00.000000Z,1.3738000392913818,1.3748999834060669,1.3710000514984131,1.3739000558853149,0,2024-04-23T00:00:00.000000Z
2024-04-23T00:00:00.000000Z,1.3700499534606934,1.3713500499725342,1.3656799793243408,1.3700499534606934,0,2024-04-24T00:00:00.000000Z
2024-04-24T00:00:00.000000Z,1.3660600185394287,1.3728699684143066,1.365399956703186,1.3660600185394287,0,2024-04-25T00:00:00.000000Z
2024-04-25T00:00:00.000000Z,1.370419979095459,1.3729900121688843,1.3664000034332275,1.370419979095459,0,2024-04-26T00:00:00.000000Z
2024-04-26T00:00:00.000000Z,1.3658000230789185,1.3694100379943848,1.3636599779129028,1.3658000230789185,0,2024-04-27T00:00:00.000000Z
2024-04-29T00:00:00.000000Z,1.36558997631073,1.3675400018692017,1.3631600141525269,1.36558997631073,0,2024-04-30T00:00:00.000000Z
2024-04-30T00:00:00.000000Z,1.3666700124740601,1.3754099607467651,1.3661999702453613,1.3666700124740601,0,2024-05-01T00:00:00.000000Z
2024-05-01T00:00:00.000000Z,1.3776999711990356,1.3782199621200562,1.3753000497817993,1.3776999711990356,0,2024-05-02T00:00:00.000000Z
2024-05-02T00:00:00.000000Z,1.3723000288009644,1.3735400438308716,1.3696000576019287,1.3723000288009644,0,2024-05-03T00:00:00.000000Z
2024-05-03T00:00:00.000000Z,1.3666199445724487,1.3690299987792969,1.3609800338745117,1.3666199445724487,0,2024-05-04T00:00:00.000000Z
2024-05-06T00:00:00.000000Z,1.3691500425338745,1.3696800470352173,1.3646999597549438,1.3691500425338745,0,2024-05-07T00:00:00.000000Z
2024-05-07T00:00:00.000000Z,1.3670899868011475,1.3716599941253662,1.3660000562667847,1.3670899868011475,0,2024-05-08T00:00:00.000000Z
2024-05-08T00:00:00.000000Z,1.3733199834823608,1.3761800527572632,1.3717000484466553,1.3733199834823608,0,2024-05-09T00:00:00.000000Z
2024-05-09T00:00:00.000000Z,1.3727200031280518,1.373769998550415,1.3680399656295776,1.3727200031280518,0,2024-05-10T00:00:00.000000Z
2024-05-10T00:00:00.000000Z,1.3677799701690674,1.3689600229263306,1.3635400533676147,1.3677799701690674,0,2024-05-11T00:00:00.000000Z
2024-05-13T00:00:00.000000Z,1.3676999807357788,1.3689199686050415,1.3661099672317505,1.3676999807357788,0,2024-05-14T00:00:00.000000Z
2024-05-14T00:00:00.000000Z,1.366569995880127,1.3684200048446655,1.3632800579071045,1.366569995880127,0,2024-05-15T00:00:00.000000Z
2024-05-15T00:00:00.000000Z,1.3652800321578979,1.3660299777984619,1.3595099449157715,1.3652800321578979,0,2024-05-16T00:00:00.000000Z
2024-05-16T00:00:00.000000Z,1.3596999645233154,1.3640300035476685,1.3589600324630737,1.3596999645233154,0,2024-05-17T00:00:00.000000Z
2024-05-17T00:00:00.000000Z,1.3614599704742432,1.3643200397491455,1.3601000308990479,1.3614599704742432,0,2024-05-18T00:00:00.000000Z
2024-05-20T00:00:00.000000Z,1.3607900142669678,1.3634400367736816,1.3596400022506714,1.3607900142669678,0,2024-05-21T00:00:00.000000Z
2024-05-21T00:00:00.000000Z,1.3621000051498413,1.3671000003814697,1.3615100383758545,1.3621000051498413,0,2024-05-22T00:00:00.000000Z
2024-05-22T00:00:00.000000Z,1.3640300035476685,1.3678100109100342,1.3624000549316406,1.3640300035476685,0,2024-05-23T00:00:00.000000Z
2024-05-23T00:00:00.000000Z,1.368899941444397,1.370419979095459,1.3656899929046631,1.368899941444397,0,2024-05-24T00:00:00.000000Z
2024-05-24T00:00:00.000000Z,1.3732099533081055,1.3738000392913818,1.3655999898910522,1.3732099533081055,0,2024-05-25T00:00:00.000000Z
2024-05-27T00:00:00.000000Z,1.3666000366210938,1.3670200109481812,1.3630000352859497,1.3666000366210938,0,2024-05-28T00:00:00.000000Z
2024-05-28T00:00:00.000000Z,1.3628900051116943,1.3648699522018433,1.361299991607666,1.3628900051116943,0,2024-05-29T00:00:00.000000Z
2024-05-30T00:00:00.000000Z,1.3717000484466553,1.3733899593353271,1.3658000230789185,1.3717000484466553,0,2024-05-31T00:00:00.000000Z
2024-05-31T00:00:00.000000Z,1.3683300018310547,1.3688900470733643,1.3619899749755859,1.3683300018310547,0,2024-06-01T00:00:00.000000Z
2024-06-03T00:00:00.000000Z,1.3618899583816528,1.3667299747467041,1.3602900505065918,1.3618899583816528,0,2024-06-04T00:00:00.000000Z
2024-06-04T00:00:00.000000Z,1.3628699779510498,1.3698400259017944,1.3620500564575195,1.3628699779510498,0,2024-06-05T00:00:00.000000Z
2024-06-05T00:00:00.000000Z,1.3676199913024902,1.3740400075912476,1.3665000200271606,1.3676199913024902,0,2024-06-06T00:00:00.000000Z
2024-06-06T00:00:00.000000Z,1.3689999580383301,1.3709700107574463,1.3666000366210938,1.3689999580383301,0,2024-06-07T00:00:00.000000Z
2024-06-07T00:00:00.000000Z,1.3668199777603149,1.3756899833679199,1.3655699491500854,1.3668199777603149,0,2024-06-08T00:00:00.000000Z
2024-06-10T00:00:00.000000Z,1.3759000301361084,1.3781399726867676,1.3753000497817993,1.3759000301361084,0,2024-06-11T00:00:00.000000Z
2024-06-11T00:00:00.000000Z,1.3761199712753296,1.3789800405502319,1.375499963760376,1.3761199712753296,0,2024-06-12T00:00:00.000000Z
2024-06-12T00:00:00.000000Z,1.3754899501800537,1.3760000467300415,1.3680000305175781,1.3754899501800537,0,2024-06-13T00:00:00.000000Z
2024-06-13T00:00:00.000000Z,1.372189998626709,1.3763300180435181,1.3715200424194336,1.372189998626709,0,2024-06-14T00:00:00.000000Z
2024-06-14T00:00:00.000000Z,1.3740999698638916,1.3778599500656128,1.3732999563217163,1.3740999698638916,0,2024-06-15T00:00:00.000000Z
2024-06-17T00:00:00.000000Z,1.3732999563217163,1.3763400316238403,1.3729000091552734,1.3732999563217163,0,2024-06-18T00:00:00.000000Z
2024-06-18T00:00:00.000000Z,1.3713300228118896,1.3756200075149536,1.37090003490448,1.3713300228118896,0,2024-06-19T00:00:00.000000Z
2024-06-19T00:00:00.000000Z,1.3716200590133667,1.3725500106811523,1.3696000576019287,1.3716200590133667,0,2024-06-20T00:00:00.000000Z
2024-06-20T00:00:00.000000Z,1.3705799579620361,1.3720500469207764,1.3687599897384644,1.3705799579620361,0,2024-06-21T00:00:00.000000Z
2024-06-21T00:00:00.000000Z,1.3684699535369873,1.3716000318527222,1.3673000335693359,1.3684699535369873,0,2024-06-22T00:00:00.000000Z
2024-06-24T00:00:00.000000Z,1.3701299428939819,1.3708000183105469,1.3651000261306763,1.3701299428939819,0,2024-06-25T00:00:00.000000Z
2024-06-25T00:00:00.000000Z,1.3657900094985962,1.3680000305175781,1.3631500005722046,1.3657900094985962,0,2024-06-26T00:00:00.000000Z
2024-06-26T00:00:00.000000Z,1.3661099672317505,1.3702499866485596,1.3650799989700317,1.3661099672317505,0,2024-06-27T00:00:00.000000Z
2024-06-27T00:00:00.000000Z,1.3704500198364258,1.3711899518966675,1.367609977722168,1.3704500198364258,0,2024-06-28T00:00:00.000000Z
2024-06-28T00:00:00.000000Z,1.3699300289154053,1.3733299970626831,1.367400050163269,1.3699300289154053,0,2024-06-29T00:00:00.000000Z
2024-07-01T00:00:00.000000Z,1.3672699928283691,1.3747299909591675,1.366320013999939,1.3672699928283691,0,2024-07-02T00:00:00.000000Z
2024-07-02T00:00:00.000000Z,1.3737800121307373,1.3754899501800537,1.3690999746322632,1.3737800121307373,0,2024-07-03T00:00:00.000000Z
2024-07-03T00:00:00.000000Z,1.3676799535751343,1.3686200380325317,1.3617399930953979,1.3676799535751343,0,2024-07-04T00:00:00.000000Z
2024-07-04T00:00:00.000000Z,1.3633300065994263,1.363800048828125,1.3607000112533569,1.3633300065994263,0,2024-07-05T00:00:00.000000Z
2024-07-05T00:00:00.000000Z,1.3615200519561768,1.3652700185775757,1.3601000308990479,1.3615200519561768,0,2024-07-06T00:00:00.000000Z
2024-07-08T00:00:00.000000Z,1.363800048828125,1.364590048789978,1.3624000549316406,1.363800048828125,0,2024-07-09T00:00:00.000000Z
2024-07-09T00:00:00.000000Z,1.3629499673843384,1.3647099733352661,1.3628000020980835,1.3629499673843384,0,2024-07-10T00:00:00.000000Z
2024-07-10T00:00:00.000000Z,1.3630000352859497,1.3642200231552124,1.3607000112533569,1.3630000352859497,0,2024-07-11T00:00:00.000000Z
2024-07-11T00:00:00.000000Z,1.3617199659347534,1.3638900518417358,1.3589099645614624,1.3617199659347534,0,2024-07-12T00:00:00.000000Z
2024-07-12T00:00:00.000000Z,1.3624399900436401,1.363800048828125,1.3610999584197998,1.3624399900436401,0,2024-07-13T00:00:00.000000Z
2024-07-15T00:00:00.000000Z,1.3645999431610107,1.3666800260543823,1.3631299734115601,1.3645999431610107,0,2024-07-16T00:00:00.000000Z
2024-07-16T00:00:00.000000Z,1.3675999641418457,1.3706899881362915,1.3664200305938721,1.3675999641418457,0,2024-07-17T00:00:00.000000Z
2024-07-17T00:00:00.000000Z,1.3669500350952148,1.3691500425338745,1.3655999898910522,1.3669500350952148,0,2024-07-18T00:00:00.000000Z
2024-07-18T00:00:00.000000Z,1.3678699731826782,1.3698699474334717,1.3669999837875366,1.3678699731826782,0,2024-07-19T00:00:00.000000Z
2024-07-19T00:00:00.000000Z,1.3702000379562378,1.3746500015258789,1.3701000213623047,1.3702000379562378,0,2024-07-20T00:00:00.000000Z
2024-07-23T00:00:00.000000Z,1.3761199712753296,1.3774499893188477,1.3751000165939331,1.3761199712753296,0,2024-07-24T00:00:00.000000Z
2024-07-24T00:00:00.000000Z,1.3785799741744995,1.3806600570678711,1.3775800466537476,1.3785799741744995,0,2024-07-25T00:00:00.000000Z
2024-07-25T00:00:00.000000Z,1.3810299634933472,1.3844599723815918,1.3806999921798706,1.3810299634933472,0,2024-07-26T00:00:00.000000Z
2024-07-26T00:00:00.000000Z,1.3819299936294556,1.3848199844360352,1.3800899982452393,1.3819299936294556,0,2024-07-27T00:00:00.000000Z
2024-07-29T00:00:00.000000Z,1.3827999830245972,1.3864200115203857,1.3816399574279785,1.3827999830245972,0,2024-07-30T00:00:00.000000Z
2024-07-30T00:00:00.000000Z,1.3855799436569214,1.3863699436187744,1.3837000131607056,1.3855799436569214,0,2024-07-31T00:00:00.000000Z
2024-07-31T00:00:00.000000Z,1.3849600553512573,1.3857400417327881,1.3787000179290771,1.3849600553512573,0,2024-08-01T00:00:00.000000Z
2024-08-01T00:00:00.000000Z,1.3808300495147705,1.3848899602890015,1.3797199726104736,1.3808300495147705,0,2024-08-02T00:00:00.000000Z
2024-08-02T00:00:00.000000Z,1.3880599737167358,1.3887499570846558,1.3833999633789062,1.3880599737167358,0,2024-08-03T00:00:00.000000Z
2024-08-05T00:00:00.000000Z,1.3883099555969238,1.3940900564193726,1.3809100389480591,1.3883099555969238,0,2024-08-06T00:00:00.000000Z
2024-08-06T00:00:00.000000Z,1.3805299997329712,1.3853499889373779,1.3789099454879761,1.3805299997329712,0,2024-08-07T00:00:00.000000Z
2024-08-07T00:00:00.000000Z,1.3786499500274658,1.3789800405502319,1.3722100257873535,1.3786499500274658,0,2024-08-08T00:00:00.000000Z
2024-08-08T00:00:00.000000Z,1.3754700422286987,1.3764799833297729,1.372499942779541,1.3754700422286987,0,2024-08-09T00:00:00.000000Z
2024-08-09T00:00:00.000000Z,1.3735400438308716,1.3748600482940674,1.3717999458312988,1.3735400438308716,0,2024-08-10T00:00:00.000000Z
2024-08-12T00:00:00.000000Z,1.3735899925231934,1.3746800422668457,1.3717999458312988,1.3735899925231934,0,2024-08-13T00:00:00.000000Z
2024-08-13T00:00:00.000000Z,1.3742300271987915,1.3746700286865234,1.3720300197601318,1.3742300271987915,0,2024-08-14T00:00:00.000000Z
2024-08-14T00:00:00.000000Z,1.3709100484848022,1.3720999956130981,1.368899941444397,1.3709100484848022,0,2024-08-15T00:00:00.000000Z
2024-08-15T00:00:00.000000Z,1.3715699911117554,1.3736699819564819,1.3694800138473511,1.3715699911117554,0,2024-08-16T00:00:00.000000Z
2024-08-16T00:00:00.000000Z,1.3733600378036499,1.3736100196838379,1.3702000379562378,1.3733600378036499,0,2024-08-17T00:00:00.000000Z
2024-08-19T00:00:00.000000Z,1.3678300380706787,1.3684400320053101,1.3635400533676147,1.3678300380706787,0,2024-08-20T00:00:00.000000Z
2024-08-20T00:00:00.000000Z,1.3630000352859497,1.364109992980957,1.360509991645813,1.3630000352859497,0,2024-08-21T00:00:00.000000Z
2024-08-21T00:00:00.000000Z,1.3617299795150757,1.362280011177063,1.3576099872589111,1.3617299795150757,0,2024-08-22T00:00:00.000000Z
2024-08-22T00:00:00.000000Z,1.3583300113677979,1.3618199825286865,1.3571900129318237,1.3583300113677979,0,2024-08-23T00:00:00.000000Z
2024-08-23T00:00:00.000000Z,1.3603399991989136,1.3603999614715576,1.3500000238418579,1.3603399991989136,0,2024-08-24T00:00:00.000000Z
2024-08-26T00:00:00.000000Z,1.3508000373840332,1.3513599634170532,1.346310019493103,1.3508000373840332,0,2024-08-27T00:00:00.000000Z
2024-08-27T00:00:00.000000Z,1.3482099771499634,1.3487700223922729,1.3451600074768066,1.3482099771499634,0,2024-08-28T00:00:00.000000Z
2024-08-28T00:00:00.000000Z,1.3447699546813965,1.3478000164031982,1.343999981880188,1.3447699546813965,0,2024-08-29T00:00:00.000000Z
2024-08-29T00:00:00.000000Z,1.3476999998092651,1.3489799499511719,1.3449000120162964,1.3476999998092651,0,2024-08-30T00:00:00.000000Z
2024-08-30T00:00:00.000000Z,1.3489099740982056,1.3507299423217773,1.3466000556945801,1.3489099740982056,0,2024-08-31T00:00:00.000000Z
2024-09-02T00:00:00.000000Z,1.3488999605178833,1.3504600524902344,1.3483999967575073,1.3488999605178833,0,2024-09-03T00:00:00.000000Z
2024-09-03T00:00:00.000000Z,1.3497300148010254,1.3561400175094604,1.3489999771118164,1.3497300148010254,0,2024-09-04T00:00:00.000000Z
2024-09-04T00:00:00.000000Z,1.3543399572372437,1.3564499616622925,1.3499000072479248,1.3543399572372437,0,2024-09-05T00:00:00.000000Z
2024-09-05T00:00:00.000000Z,1.3508100509643555,1.352429986000061,1.3502000570297241,1.3508100509643555,0,2024-09-06T00:00:00.000000Z
2024-09-06T00:00:00.000000Z,1.3500100374221802,1.3570400476455688,1.3467700481414795,1.3500100374221802,0,2024-09-07T00:00:00.000000Z
2024-09-09T00:00:00.000000Z,1.3562099933624268,1.3575500249862671,1.3551000356674194,1.3562099933624268,0,2024-09-10T00:00:00.000000Z
2024-09-10T00:00:00.000000Z,1.3564000129699707,1.3614499568939209,1.3559999465942383,1.3564000129699707,0,2024-09-11T00:00:00.000000Z
2024-09-11T00:00:00.000000Z,1.3609600067138672,1.3622399568557739,1.357200026512146,1.3609600067138672,0,2024-09-12T00:00:00.000000Z
2024-09-12T00:00:00.000000Z,1.3578399419784546,1.3603700399398804,1.3564000129699707,1.3578399419784546,0,2024-09-13T00:00:00.000000Z
2024-09-13T00:00:00.000000Z,1.3575799465179443,1.3594399690628052,1.3562999963760376,1.3575799465179443,0,2024-09-14T00:00:00.000000Z
2024-09-16T00:00:00.000000Z,1.3577699661254883,1.3607100248336792,1.3565000295639038,1.3577699661254883,0,2024-09-17T00:00:00.000000Z
2024-09-17T00:00:00.000000Z,1.3586299419403076,1.3614699840545654,1.3578000068664551,1.3586299419403076,0,2024-09-18T00:00:00.000000Z
2024-09-18T00:00:00.000000Z,1.3592100143432617,1.3607100248336792,1.3575999736785889,1.3592100143432617,0,2024-09-19T00:00:00.000000Z
2024-09-19T00:00:00.000000Z,1.3610700368881226,1.3646999597549438,1.3532700538635254,1.3610700368881226,0,2024-09-20T00:00:00.000000Z
2024-09-20T00:00:00.000000Z,1.3562699556350708,1.3588900566101074,1.3543000221252441,1.3562699556350708,0,2024-09-21T00:00:00.000000Z
2024-09-23T00:00:00.000000Z,1.3564200401306152,1.358180046081543,1.3489400148391724,1.3564200401306152,0,2024-09-24T00:00:00.000000Z
2024-09-24T00:00:00.000000Z,1.3529499769210815,1.3531099557876587,1.3464900255203247,1.3529499769210815,0,2024-09-25T00:00:00.000000Z
2024-09-25T00:00:00.000000Z,1.3421000242233276,1.3468400239944458,1.3418999910354614,1.3421000242233276,0,2024-09-26T00:00:00.000000Z
2024-09-26T00:00:00.000000Z,1.3482199907302856,1.3488500118255615,1.3458199501037598,1.3482199907302856,0,2024-09-27T00:00:00.000000Z
2024-09-27T00:00:00.000000Z,1.3475699424743652,1.3504999876022339,1.3464299440383911,1.3475699424743652,0,2024-09-28T00:00:00.000000Z
2024-09-30T00:00:00.000000Z,1.3508800268173218,1.3526699542999268,1.3489799499511719,1.3508800268173218,0,2024-10-01T00:00:00.000000Z
2024-10-01T00:00:00.000000Z,1.3527200222015381,1.3538999557495117,1.3488999605178833,1.3527200222015381,0,2024-10-02T00:00:00.000000Z
2024-10-02T00:00:00.000000Z,1.3494600057601929,1.3494600057601929,1.3471900224685669,1.3494600057601929,0,2024-10-03T00:00:00.000000Z
2024-10-04T00:00:00.000000Z,1.3548200130462646,1.3588900566101074,1.3544000387191772,1.3548200130462646,0,2024-10-05T00:00:00.000000Z
2024-10-07T00:00:00.000000Z,1.3579200506210327,1.3618500232696533,1.3572499752044678,1.3579200506210327,0,2024-10-08T00:00:00.000000Z
2024-10-08T00:00:00.000000Z,1.361799955368042,1.3674700260162354,1.3609999418258667,1.361799955368042,0,2024-10-09T00:00:00.000000Z
2024-10-09T00:00:00.000000Z,1.3652000427246094,1.3693699836730957,1.3647700548171997,1.3652000427246094,0,2024-10-10T00:00:00.000000Z
2024-10-10T00:00:00.000000Z,1.3709299564361572,1.3767299652099609,1.3703000545501709,1.3709299564361572,0,2024-10-11T00:00:00.000000Z
2024-10-11T00:00:00.000000Z,1.3745700120925903,1.3779499530792236,1.3724600076675415,1.3745700120925903,0,2024-10-12T00:00:00.000000Z
2024-10-14T00:00:00.000000Z,1.378119945526123,1.3800499439239502,1.377079963684082,1.378119945526123,0,2024-10-15T00:00:00.000000Z
2024-10-15T00:00:00.000000Z,1.3802900314331055,1.3837499618530273,1.3794000148773193,1.3802900314331055,0,2024-10-16T00:00:00.000000Z
2024-10-16T00:00:00.000000Z,1.3781100511550903,1.3792599439620972,1.3767999410629272,1.3781100511550903,0,2024-10-17T00:00:00.000000Z
2024-10-17T00:00:00.000000Z,1.375499963760376,1.3791500329971313,1.374750018119812,1.375499963760376,0,2024-10-18T00:00:00.000000Z
2024-10-18T00:00:00.000000Z,1.3795700073242188,1.3808900117874146,1.3784999847412109,1.3795700073242188,0,2024-10-19T00:00:00.000000Z
2024-10-22T00:00:00.000000Z,1.3833500146865845,1.3837300539016724,1.3814500570297241,1.3833500146865845,0,2024-10-23T00:00:00.000000Z
2024-10-23T00:00:00.000000Z,1.3816200494766235,1.3861299753189087,1.3815799951553345,1.3816200494766235,0,2024-10-24T00:00:00.000000Z
2024-10-24T00:00:00.000000Z,1.3836699724197388,1.3860399723052979,1.3811999559402466,1.3836699724197388,0,2024-10-25T00:00:00.000000Z
2024-10-25T00:00:00.000000Z,1.3853299617767334,1.3885600566864014,1.3838000297546387,1.3853299617767334,0,2024-10-26T00:00:00.000000Z
2024-10-28T00:00:00.000000Z,1.3895599842071533,1.3907599449157715,1.3882600069046021,1.3895599842071533,0,2024-10-29T00:00:00.000000Z
2024-10-29T00:00:00.000000Z,1.3889800310134888,1.3919099569320679,1.3875999450683594,1.3889800310134888,0,2024-10-30T00:00:00.000000Z
2024-10-30T00:00:00.000000Z,1.3912800550460815,1.3939299583435059,1.3901000022888184,1.3912800550460815,0,2024-10-31T00:00:00.000000Z
2024-10-31T00:00:00.000000Z,1.3907999992370605,1.3944400548934937,1.3891400098800659,1.3907999992370605,0,2024-11-01T00:00:00.000000Z
2024-11-01T00:00:00.000000Z,1.3935199975967407,1.3941500186920166,1.3903499841690063,1.3935199975967407,0,2024-11-02T00:00:00.000000Z
2024-11-04T00:00:00.000000Z,1.3918800354003906,1.3922200202941895,1.3874000310897827,1.3918800354003906,0,2024-11-05T00:00:00.000000Z
2024-11-05T00:00:00.000000Z,1.3900699615478516,1.3906300067901611,1.3846199512481689,1.3900699615478516,0,2024-11-06T00:00:00.000000Z
2024-11-06T00:00:00.000000Z,1.3832999467849731,1.3957600593566895,1.3832800388336182,1.3832999467849731,0,2024-11-07T00:00:00.000000Z
2024-11-08T00:00:00.000000Z,1.3867299556732178,1.3922499418258667,1.3866599798202515,1.3867299556732178,0,2024-11-09T00:00:00.000000Z
2024-11-11T00:00:00.000000Z,1.390779972076416,1.3949799537658691,1.3904000520706177,1.390779972076416,0,2024-11-12T00:00:00.000000Z
2024-11-12T00:00:00.000000Z,1.3921500444412231,1.3966799974441528,1.3917000293731689,1.3921500444412231,0,2024-11-13T00:00:00.000000Z
2024-11-13T00:00:00.000000Z,1.3945499658584595,1.3997199535369873,1.3935999870300293,1.3945499658584595,0,2024-11-14T00:00:00.000000Z
2024-11-14T00:00:00.000000Z,1.3992700576782227,1.4035500288009644,1.3988000154495239,1.3992700576782227,0,2024-11-15T00:00:00.000000Z
2024-11-15T00:00:00.000000Z,1.4061499834060669,1.4104100465774536,1.4033399820327759,1.4061499834060669,0,2024-11-16T00:00:00.000000Z
2024-11-18T00:00:00.000000Z,1.4085899591445923,1.4103000164031982,1.4027899503707886,1.4085899591445923,0,2024-11-19T00:00:00.000000Z
2024-11-19T00:00:00.000000Z,1.4022400379180908,1.4035500288009644,1.3968700170516968,1.4022400379180908,0,2024-11-20T00:00:00.000000Z
2024-11-20T00:00:00.000000Z,1.3954999446868896,1.4012900590896606,1.3948999643325806,1.3954999446868896,0,2024-11-21T00:00:00.000000Z
2024-11-21T00:00:00.000000Z,1.3968000411987305,1.3977500200271606,1.3932399749755859,1.3968000411987305,0,2024-11-22T00:00:00.000000Z
2024-11-22T00:00:00.000000Z,1.3980000019073486,1.401669979095459,1.3959100246429443,1.3980000019073486,0,2024-11-23T00:00:00.000000Z
2024-11-25T00:00:00.000000Z,1.393280029296875,1.4006600379943848,1.3926999568939209,1.393280029296875,0,2024-11-26T00:00:00.000000Z
2024-11-26T00:00:00.000000Z,1.4098399877548218,1.4176399707794189,1.4054399728775024,1.4098399877548218,0,2024-11-27T00:00:00.000000Z
2024-11-27T00:00:00.000000Z,1.4053100347518921,1.4076499938964844,1.4010000228881836,1.4053100347518921,0,2024-11-28T00:00:00.000000Z
2024-11-28T00:00:00.000000Z,1.4026299715042114,1.4030300378799438,1.3998399972915649,1.4026299715042114,0,2024-11-29T00:00:00.000000Z
2024-11-29T00:00:00.000000Z,1.4007200002670288,1.4042799472808838,1.3980699777603149,1.4007200002670288,0,2024-11-30T00:00:00.000000Z
2024-12-02T00:00:00.000000Z,1.4012600183486938,1.4088799953460693,1.4012600183486938,1.4012600183486938,0,2024-12-03T00:00:00.000000Z
2024-12-03T00:00:00.000000Z,1.4042999744415283,1.4075599908828735,1.4010200500488281,1.4042999744415283,0,2024-12-04T00:00:00.000000Z
2024-12-04T00:00:00.000000Z,1.4065899848937988,1.4083000421524048,1.4052200317382812,1.4065899848937988,0,2024-12-05T00:00:00.000000Z
2024-12-05T00:00:00.000000Z,1.4073100090026855,1.4079500436782837,1.4010000228881836,1.4073100090026855,0,2024-12-06T00:00:00.000000Z
2024-12-06T00:00:00.000000Z,1.40215003490448,1.4155900478363037,1.4021199941635132,1.40215003490448,0,2024-12-07T00:00:00.000000Z
2024-12-09T00:00:00.000000Z,1.4147800207138062,1.417389988899231,1.4092799425125122,1.4147800207138062,0,2024-12-10T00:00:00.000000Z
2024-12-10T00:00:00.000000Z,1.417199969291687,1.4194099903106689,1.41566002368927,1.417199969291687,0,2024-12-11T00:00:00.000000Z
2024-12-11T00:00:00.000000Z,1.4174400568008423,1.4192500114440918,1.4121799468994141,1.4174400568008423,0,2024-12-12T00:00:00.000000Z
2024-12-12T00:00:00.000000Z,1.4148900508880615,1.4199399948120117,1.4131699800491333,1.4148900508880615,0,2024-12-13T00:00:00.000000Z
2024-12-13T00:00:00.000000Z,1.421720027923584,1.4244300127029419,1.4208899736404419,1.421720027923584,0,2024-12-14T00:00:00.000000Z
2024-12-16T00:00:00.000000Z,1.4225900173187256,1.4265300035476685,1.4215999841690063,1.4225900173187256,0,2024-12-17T00:00:00.000000Z
2024-12-17T00:00:00.000000Z,1.4234700202941895,1.4323500394821167,1.4231599569320679,1.4234700202941895,0,2024-12-18T00:00:00.000000Z
2024-12-18T00:00:00.000000Z,1.4309699535369873,1.4336800575256348,1.4304800033569336,1.4309699535369873,0,2024-12-19T00:00:00.000000Z
2024-12-20T00:00:00.000000Z,1.440310001373291,1.4434599876403809,1.434999942779541,1.440310001373291,0,2024-12-21T00:00:00.000000Z
2024-12-23T00:00:00.000000Z,1.4361300468444824,1.4432400465011597,1.4348599910736084,1.4361300468444824,0,2024-12-24T00:00:00.000000Z
2024-12-24T00:00:00.000000Z,1.4374200105667114,1.4418100118637085,1.4363700151443481,1.4374200105667114,0,2024-12-25T00:00:00.000000Z
2024-12-25T00:00:00.000000Z,1.4362000226974487,1.4401999711990356,1.4206000566482544,1.4362000226974487,0,2024-12-26T00:00:00.000000Z
2024-12-26T00:00:00.000000Z,1.4353599548339844,1.4414299726486206,1.4348000288009644,1.4353599548339844,0,2024-12-27T00:00:00.000000Z
2024-12-27T00:00:00.000000Z,1.4410400390625,1.4434399604797363,1.4375,1.4410400390625,0,2024-12-28T00:00:00.000000Z
2024-12-30T00:00:00.000000Z,1.4403400421142578,1.4429800510406494,1.4372999668121338,1.4403400421142578,0,2024-12-31T00:00:00.000000Z
2024-12-31T00:00:00.000000Z,1.434980034828186,1.4406800270080566,1.4338099956512451,1.434980034828186,0,2025-01-01T00:00:00.000000Z
2025-01-02T00:00:00.000000Z,1.4374599456787109,1.4441299438476562,1.437000036239624,1.4374599456787109,0,2025-01-03T00:00:00.000000Z
2025-01-03T00:00:00.000000Z,1.4402999877929688,1.4461100101470947,1.4381999969482422,1.4402999877929688,0,2025-01-04T00:00:00.000000Z
2025-01-06T00:00:00.000000Z,1.4440000057220459,1.4443399906158447,1.4279700517654419,1.4440000057220459,0,2025-01-07T00:00:00.000000Z
2025-01-07T00:00:00.000000Z,1.4338599443435669,1.4364399909973145,1.4298000335693359,1.4338599443435669,0,2025-01-08T00:00:00.000000Z
2025-01-08T00:00:00.000000Z,1.4364099502563477,1.4407199621200562,1.4339200258255005,1.4364099502563477,0,2025-01-09T00:00:00.000000Z
2025-01-09T00:00:00.000000Z,1.4377000331878662,1.4403300285339355,1.4365099668502808,1.4377000331878662,0,2025-01-10T00:00:00.000000Z
2025-01-10T00:00:00.000000Z,1.4401600360870361,1.4440000057220459,1.4376399517059326,1.4401600360870361,0,2025-01-11T00:00:00.000000Z
2025-01-13T00:00:00.000000Z,1.4414900541305542,1.444659948348999,1.4394500255584717,1.4414900541305542,0,2025-01-14T00:00:00.000000Z
2025-01-14T00:00:00.000000Z,1.4362800121307373,1.4409300088882446,1.4351199865341187,1.4362800121307373,0,2025-01-15T00:00:00.000000Z
2025-01-15T00:00:00.000000Z,1.4351500272750854,1.4366500377655029,1.4302599430084229,1.4351500272750854,0,2025-01-16T00:00:00.000000Z
2025-01-16T00:00:00.000000Z,1.4326200485229492,1.4399299621582031,1.4322799444198608,1.4326200485229492,0,2025-01-17T00:00:00.000000Z
2025-01-17T00:00:00.000000Z,1.439579963684082,1.4460899829864502,1.4385099411010742,1.439579963684082,0,2025-01-18T00:00:00.000000Z
2025-01-20T00:00:00.000000Z,1.4474300146102905,1.447700023651123,1.4261200428009033,1.4474300146102905,0,2025-01-21T00:00:00.000000Z
2025-01-21T00:00:00.000000Z,1.4302599430084229,1.4495600461959839,1.4289499521255493,1.4302599430084229,0,2025-01-22T00:00:00.000000Z
2025-01-22T00:00:00.000000Z,1.4342700242996216,1.4389499425888062,1.430150032043457,1.4342700242996216,0,2025-01-23T00:00:00.000000Z
2025-01-23T00:00:00.000000Z,1.4393600225448608,1.4411900043487549,1.4350600242614746,1.4393600225448608,0,2025-01-24T00:00:00.000000Z
2025-01-24T00:00:00.000000Z,1.4378399848937988,1.4382200241088867,1.4314700365066528,1.4378399848937988,0,2025-01-25T00:00:00.000000Z
2025-01-27T00:00:00.000000Z,1.4385099411010742,1.4399499893188477,1.4335299730300903,1.4385099411010742,0,2025-01-28T00:00:00.000000Z
2025-01-28T00:00:00.000000Z,1.4400999546051025,1.441830039024353,1.4369800090789795,1.4400999546051025,0,2025-01-29T00:00:00.000000Z
2025-01-29T00:00:00.000000Z,1.4399900436401367,1.4468100070953369,1.4388999938964844,1.4399900436401367,0,2025-01-30T00:00:00.000000Z
2025-01-31T00:00:00.000000Z,1.4493000507354736,1.4541599750518799,1.4431600570678711,1.4493000507354736,0,2025-02-01T00:00:00.000000Z
2025-02-03T00:00:00.000000Z,1.4716999530792236,1.4790999889373779,1.4547100067138672,1.4716999530792236,0,2025-02-04T00:00:00.000000Z
2025-02-04T00:00:00.000000Z,1.4417999982833862,1.4500999450683594,1.4309500455856323,1.4417999982833862,0,2025-02-05T00:00:00.000000Z
2025-02-05T00:00:00.000000Z,1.43340003490448,1.4343600273132324,1.4269700050354004,1.43340003490448,0,2025-02-06T00:00:00.000000Z
2025-02-06T00:00:00.000000Z,1.4315299987792969,1.4365500211715698,1.430400013923645,1.4315299987792969,0,2025-02-07T00:00:00.000000Z
2025-02-07T00:00:00.000000Z,1.4306099414825439,1.4343400001525879,1.4280500411987305,1.4306099414825439,0,2025-02-08T00:00:00.000000Z
2025-02-10T00:00:00.000000Z,1.4331799745559692,1.4358700513839722,1.4313900470733643,1.4331799745559692,0,2025-02-11T00:00:00.000000Z
2025-02-11T00:00:00.000000Z,1.4336600303649902,1.4345400333404541,1.430400013923645,1.4336600303649902,0,2025-02-12T00:00:00.000000Z
2025-02-12T00:00:00.000000Z,1.4285099506378174,1.4340200424194336,1.4279500246047974,1.4285099506378174,0,2025-02-13T00:00:00.000000Z
2025-02-13T00:00:00.000000Z,1.4300700426101685,1.4302300214767456,1.4211100339889526,1.4300700426101685,0,2025-02-14T00:00:00.000000Z
2025-02-14T00:00:00.000000Z,1.4192099571228027,1.4199399948120117,1.415120005607605,1.4192099571228027,0,2025-02-15T00:00:00.000000Z
2025-02-17T00:00:00.000000Z,1.4184000492095947,1.4193700551986694,1.4158999919891357,1.4184000492095947,0,2025-02-18T00:00:00.000000Z
2025-02-18T00:00:00.000000Z,1.4184999465942383,1.4212100505828857,1.4179699420928955,1.4184999465942383,0,2025-02-19T00:00:00.000000Z
2025-02-19T00:00:00.000000Z,1.4189200401306152,1.4237600564956665,1.4175499677658081,1.4189200401306152,0,2025-02-20T00:00:00.000000Z
2025-02-20T00:00:00.000000Z,1.4240399599075317,1.4243199825286865,1.4183800220489502,1.4240399599075317,0,2025-02-21T00:00:00.000000Z
2025-02-21T00:00:00.000000Z,1.4176000356674194,1.4208400249481201,1.4168000221252441,1.4176000356674194,0,2025-02-22T00:00:00.000000Z
2025-02-24T00:00:00.000000Z,1.4211599826812744,1.4242600202560425,1.4181699752807617,1.4211599826812744,0,2025-02-25T00:00:00.000000Z
2025-02-25T00:00:00.000000Z,1.4276000261306763,1.4312399625778198,1.4241600036621094,1.4276000261306763,0,2025-02-26T00:00:00.000000Z
2025-02-26T00:00:00.000000Z,1.4300700426101685,1.4356299638748169,1.429360032081604,1.4300700426101685,0,2025-02-27T00:00:00.000000Z
2025-02-27T00:00:00.000000Z,1.4335999488830566,1.4440699815750122,1.4322299957275391,1.4335999488830566,0,2025-02-28T00:00:00.000000Z
2025-02-28T00:00:00.000000Z,1.444350004196167,1.4451999664306641,1.4400800466537476,1.444350004196167,0,2025-03-01T00:00:00.000000Z
2025-03-03T00:00:00.000000Z,1.444100022315979,1.4452300071716309,1.4378399848937988,1.444100022315979,0,2025-03-04T00:00:00.000000Z
2025-03-04T00:00:00.000000Z,1.4490000009536743,1.4516600370407104,1.4406599998474121,1.4490000009536743,0,2025-03-05T00:00:00.000000Z
2025-03-05T00:00:00.000000Z,1.4397100210189819,1.4448100328445435,1.4342999458312988,1.4397100210189819,0,2025-03-06T00:00:00.000000Z
2025-03-06T00:00:00.000000Z,1.4338599443435669,1.4375,1.4246499538421631,1.4338599443435669,0,2025-03-07T00:00:00.000000Z
2025-03-07T00:00:00.000000Z,1.429110050201416,1.4397599697113037,1.4280200004577637,1.429110050201416,0,2025-03-08T00:00:00.000000Z
2025-03-10T00:00:00.000000Z,1.437019944190979,1.4431699514389038,1.4353100061416626,1.437019944190979,0,2025-03-11T00:00:00.000000Z
2025-03-11T00:00:00.000000Z,1.4428900480270386,1.4518799781799316,1.4393500089645386,1.4428900480270386,0,2025-03-12T00:00:00.000000Z
2025-03-12T00:00:00.000000Z,1.4432400465011597,1.4483300447463989,1.4367300271987915,1.4432400465011597,0,2025-03-13T00:00:00.000000Z
2025-03-13T00:00:00.000000Z,1.4361699819564819,1.4404599666595459,1.4358899593353271,1.4361699819564819,0,2025-03-14T00:00:00.000000Z
2025-03-14T00:00:00.000000Z,1.442579984664917,1.4440499544143677,1.4377800226211548,1.442579984664917,0,2025-03-15T00:00:00.000000Z
2025-03-17T00:00:00.000000Z,1.4369200468063354,1.4379700422286987,1.4289400577545166,1.4369200468063354,0,2025-03-18T00:00:00.000000Z
2025-03-18T00:00:00.000000Z,1.4295099973678589,1.4316099882125854,1.427109956741333,1.4295099973678589,0,2025-03-19T00:00:00.000000Z
2025-03-19T00:00:00.000000Z,1.4299499988555908,1.4336600303649902,1.4295099973678589,1.4299499988555908,0,2025-03-20T00:00:00.000000Z
2025-03-20T00:00:00.000000Z,1.4319000244140625,1.440019965171814,1.4316999912261963,1.4319000244140625,0,2025-03-21T00:00:00.000000Z
2025-03-21T00:00:00.000000Z,1.4322700500488281,1.4372299909591675,1.431380033493042,1.4322700500488281,0,2025-03-22T00:00:00.000000Z
2025-03-24T00:00:00.000000Z,1.4332699775695801,1.4349900484085083,1.4290399551391602,1.4332699775695801,0,2025-03-25T00:00:00.000000Z
2025-03-25T00:00:00.000000Z,1.4316099882125854,1.4331799745559692,1.4271299839019775,1.4316099882125854,0,2025-03-26T00:00:00.000000Z
2025-03-26T00:00:00.000000Z,1.427299976348877,1.4293199777603149,1.4236400127410889,1.427299976348877,0,2025-03-27T00:00:00.000000Z
2025-03-27T00:00:00.000000Z,1.4294999837875366,1.4328299760818481,1.4259799718856812,1.4294999837875366,0,2025-03-28T00:00:00.000000Z
2025-03-28T00:00:00.000000Z,1.4307500123977661,1.4332699775695801,1.4277000427246094,1.4307500123977661,0,2025-03-29T00:00:00.000000Z
2025-03-31T00:00:00.000000Z,1.4309099912643433,1.4394099712371826,1.42985999584198,1.4309099912643433,0,2025-04-01T00:00:00.000000Z
2025-04-01T00:00:00.000000Z,1.4390699863433838,1.4413800239562988,1.4305700063705444,1.4390699863433838,0,2025-04-02T00:00:00.000000Z
2025-04-02T00:00:00.000000Z,1.4292099475860596,1.4333300590515137,1.4292000532150269,1.4292099475860596,0,2025-04-03T00:00:00.000000Z
2025-04-03T00:00:00.000000Z,1.4216500520706177,1.4254900217056274,1.4027600288391113,1.4216500520706177,0,2025-04-04T00:00:00.000000Z
2025-04-04T00:00:00.000000Z,1.4081000089645386,1.4238699674606323,1.4053499698638916,1.4081000089645386,0,2025-04-05T00:00:00.000000Z
2025-04-07T00:00:00.000000Z,1.4241100549697876,1.4294400215148926,1.4183700084686279,1.4241100549697876,0,2025-04-08T00:00:00.000000Z
2025-04-08T00:00:00.000000Z,1.4237799644470215,1.4239699840545654,1.414389967918396,1.4237799644470215,0,2025-04-09T00:00:00.000000Z
2025-04-09T00:00:00.000000Z,1.4253000020980835,1.4272099733352661,1.4132499694824219,1.4253000020980835,0,2025-04-10T00:00:00.000000Z
2025-04-10T00:00:00.000000Z,1.4101300239562988,1.4108200073242188,1.3994100093841553,1.4101300239562988,0,2025-04-11T00:00:00.000000Z
2025-04-11T00:00:00.000000Z,1.3950999975204468,1.3982599973678589,1.3843400478363037,1.3950999975204468,0,2025-04-12T00:00:00.000000Z
2025-04-14T00:00:00.000000Z,1.3873900175094604,1.3900699615478516,1.3829699754714966,1.3873900175094604,0,2025-04-15T00:00:00.000000Z
2025-04-15T00:00:00.000000Z,1.3899999856948853,1.3956799507141113,1.38496994972229,1.3899999856948853,0,2025-04-16T00:00:00.000000Z
2025-04-16T00:00:00.000000Z,1.3956999778747559,1.3956999778747559,1.3873200416564941,1.3956999778747559,0,2025-04-17T00:00:00.000000Z
2025-04-17T00:00:00.000000Z,1.3859699964523315,1.39028000831604,1.3849999904632568,1.3859699964523315,0,2025-04-18T00:00:00.000000Z
2025-04-22T00:00:00.000000Z,1.383430004119873,1.3859599828720093,1.3793400526046753,1.383430004119873,0,2025-04-23T00:00:00.000000Z
2025-04-23T00:00:00.000000Z,1.3847099542617798,1.3894799947738647,1.3798700571060181,1.3847099542617798,0,2025-04-24T00:00:00.000000Z
2025-04-24T00:00:00.000000Z,1.387410044670105,1.3895399570465088,1.3840299844741821,1.387410044670105,0,2025-04-25T00:00:00.000000Z
2025-04-25T00:00:00.000000Z,1.3858000040054321,1.3891199827194214,1.3850500583648682,1.3858000040054321,0,2025-04-26T00:00:00.000000Z
2025-04-28T00:00:00.000000Z,1.3870799541473389,1.3891299962997437,1.3825700283050537,1.3870799541473389,0,2025-04-29T00:00:00.000000Z
2025-04-29T00:00:00.000000Z,1.3830100297927856,1.3870699405670166,1.3810000419616699,1.3830100297927856,0,2025-04-30T00:00:00.000000Z
2025-04-30T00:00:00.000000Z,1.3826800584793091,1.3853700160980225,1.3802700042724609,1.3826800584793091,0,2025-05-01T00:00:00.000000Z
2025-05-01T00:00:00.000000Z,1.3789600133895874,1.3859100341796875,1.3783700466156006,1.3789600133895874,0,2025-05-02T00:00:00.000000Z
2025-05-02T00:00:00.000000Z,1.3846499919891357,1.3848799467086792,1.3760299682617188,1.3846499919891357,0,2025-05-03T00:00:00.000000Z
2025-05-05T00:00:00.000000Z,1.3822300434112549,1.3828599452972412,1.3786599636077881,1.3822300434112549,0,2025-05-06T00:00:00.000000Z
2025-05-06T00:00:00.000000Z,1.3821899890899658,1.384369969367981,1.3772799968719482,1.3821899890899658,0,2025-05-07T00:00:00.000000Z
2025-05-07T00:00:00.000000Z,1.3769400119781494,1.3805700540542603,1.3766700029373169,1.3769400119781494,0,2025-05-08T00:00:00.000000Z
2025-05-08T00:00:00.000000Z,1.3834199905395508,1.3917800188064575,1.3811999559402466,1.3834199905395508,0,2025-05-09T00:00:00.000000Z
2025-05-09T00:00:00.000000Z,1.3924499750137329,1.3941099643707275,1.3907400369644165,1.3924499750137329,0,2025-05-10T00:00:00.000000Z
2025-05-12T00:00:00.000000Z,1.3924000263214111,1.4007300138473511,1.3917000293731689,1.3924000263214111,0,2025-05-13T00:00:00.000000Z
2025-05-13T00:00:00.000000Z,1.3974200487136841,1.4014999866485596,1.3957799673080444,1.3974200487136841,0,2025-05-14T00:00:00.000000Z
2025-05-14T00:00:00.000000Z,1.3932000398635864,1.3976700305938721,1.3903399705886841,1.3932000398635864,0,2025-05-15T00:00:00.000000Z
2025-05-15T00:00:00.000000Z,1.3978999853134155,1.4002599716186523,1.3960000276565552,1.3978999853134155,0,2025-05-16T00:00:00.000000Z
2025-05-16T00:00:00.000000Z,1.3954700231552124,1.3991299867630005,1.3933000564575195,1.3954700231552124,0,2025-05-17T00:00:00.000000Z
2025-05-19T00:00:00.000000Z,1.3952599763870239,1.3971999883651733,1.3918100595474243,1.3952599763870239,0,2025-05-20T00:00:00.000000Z
2025-05-20T00:00:00.000000Z,1.3956899642944336,1.3966300487518311,1.3917800188064575,1.3956899642944336,0,2025-05-21T00:00:00.000000Z
2025-05-21T00:00:00.000000Z,1.3909300565719604,1.3909900188446045,1.3820500373840332,1.3909300565719604,0,2025-05-22T00:00:00.000000Z
2025-05-22T00:00:00.000000Z,1.3860800266265869,1.3885899782180786,1.3845700025558472,1.3860800266265869,0,2025-05-23T00:00:00.000000Z
2025-05-27T00:00:00.000000Z,1.3735799789428711,1.377750039100647,1.3720999956130981,1.3735799789428711,0,2025-05-28T00:00:00.000000Z
2025-05-28T00:00:00.000000Z,1.3810000419616699,1.3842500448226929,1.380079984664917,1.3810000419616699,0,2025-05-29T00:00:00.000000Z
2025-05-29T00:00:00.000000Z,1.3851100206375122,1.3860399723052979,1.3785500526428223,1.3851100206375122,0,2025-05-30T00:00:00.000000Z
2025-05-30T00:00:00.000000Z,1.3805700540542603,1.3829400539398193,1.3743799924850464,1.3805700540542603,0,2025-05-31T00:00:00.000000Z
2025-06-02T00:00:00.000000Z,1.3726199865341187,1.3727500438690186,1.367400050163269,1.3726199865341187,0,2025-06-03T00:00:00.000000Z
2025-06-03T00:00:00.000000Z,1.3710700273513794,1.3741500377655029,1.3703000545501709,1.3710700273513794,0,2025-06-04T00:00:00.000000Z
2025-06-04T00:00:00.000000Z,1.3715000152587891,1.3730900287628174,1.3663500547409058,1.3715000152587891,0,2025-06-05T00:00:00.000000Z
2025-06-05T00:00:00.000000Z,1.3679100275039673,1.3683300018310547,1.3635100126266479,1.3679100275039673,0,2025-06-06T00:00:00.000000Z
2025-06-06T00:00:00.000000Z,1.3666700124740601,1.3703999519348145,1.3659000396728516,1.3666700124740601,0,2025-06-07T00:00:00.000000Z
2025-06-09T00:00:00.000000Z,1.3690600395202637,1.3706899881362915,1.3668999671936035,1.3690600395202637,0,2025-06-10T00:00:00.000000Z
2025-06-10T00:00:00.000000Z,1.3698899745941162,1.3728200197219849,1.3667900562286377,1.3698899745941162,0,2025-06-11T00:00:00.000000Z
2025-06-11T00:00:00.000000Z,1.3668299913406372,1.3687900304794312,1.3649799823760986,1.3668299913406372,0,2025-06-12T00:00:00.000000Z
2025-06-12T00:00:00.000000Z,1.366569995880127,1.367400050163269,1.3609100580215454,1.366569995880127,0,2025-06-13T00:00:00.000000Z
2025-06-13T00:00:00.000000Z,1.3596500158309937,1.3649599552154541,1.3573999404907227,1.3596500158309937,0,2025-06-14T00:00:00.000000Z
2025-06-16T00:00:00.000000Z,1.3583999872207642,1.3606100082397461,1.3540600538253784,1.3583999872207642,0,2025-06-17T00:00:00.000000Z
2025-06-17T00:00:00.000000Z,1.357450008392334,1.3599799871444702,1.3555999994277954,1.357450008392334,0,2025-06-18T00:00:00.000000Z
2025-06-18T00:00:00.000000Z,1.3683600425720215,1.3693599700927734,1.3634099960327148,1.3683600425720215,0,2025-06-19T00:00:00.000000Z
2025-06-19T00:00:00.000000Z,1.3696000576019287,1.3744299411773682,1.3694499731063843,1.3696000576019287,0,2025-06-20T00:00:00.000000Z
2025-06-20T00:00:00.000000Z,1.3695499897003174,1.3744100332260132,1.3687000274658203,1.3695499897003174,0,2025-06-21T00:00:00.000000Z
2025-06-23T00:00:00.000000Z,1.3739299774169922,1.3797500133514404,1.3725999593734741,1.3739299774169922,0,2025-06-24T00:00:00.000000Z
2025-06-24T00:00:00.000000Z,1.3728599548339844,1.3733199834823608,1.3679800033569336,1.3728599548339844,0,2025-06-25T00:00:00.000000Z
2025-06-25T00:00:00.000000Z,1.3726600408554077,1.3754299879074097,1.3716000318527222,1.3726600408554077,0,2025-06-26T00:00:00.000000Z
2025-06-26T00:00:00.000000Z,1.3711999654769897,1.3721799850463867,1.3625999689102173,1.3711999654769897,0,2025-06-27T00:00:00.000000Z
2025-06-27T00:00:00.000000Z,1.3643100261688232,1.3666800260543823,1.3627599477767944,1.3643100261688232,0,2025-06-28T00:00:00.000000Z
2025-06-30T00:00:00.000000Z,1.3681399822235107,1.3697299957275391,1.3618400096893311,1.3681399822235107,0,2025-07-01T00:00:00.000000Z
2025-07-01T00:00:00.000000Z,1.3605400323867798,1.3664699792861938,1.3590799570083618,1.3605400323867798,0,2025-07-02T00:00:00.000000Z
2025-07-02T00:00:00.000000Z,1.3644299507141113,1.365839958190918,1.3621000051498413,1.3644299507141113,0,2025-07-03T00:00:00.000000Z
2025-07-03T00:00:00.000000Z,1.3587100505828857,1.3623299598693848,1.3558100461959839,1.3587100505828857,0,2025-07-04T00:00:00.000000Z
2025-07-04T00:00:00.000000Z,1.3573000431060791,1.3611700534820557,1.3565700054168701,1.3573000431060791,0,2025-07-05T00:00:00.000000Z
2025-07-07T00:00:00.000000Z,1.3603299856185913,1.3683799505233765,1.3596899509429932,1.3603299856185913,0,2025-07-08T00:00:00.000000Z
2025-07-08T00:00:00.000000Z,1.3665299415588379,1.3689199686050415,1.3638399839401245,1.3665299415588379,0,2025-07-09T00:00:00.000000Z
2025-07-09T00:00:00.000000Z,1.3668400049209595,1.3708000183105469,1.3665800094604492,1.3668400049209595,0,2025-07-10T00:00:00.000000Z
2025-07-10T00:00:00.000000Z,1.368399977684021,1.3707900047302246,1.3661999702453613,1.368399977684021,0,2025-07-11T00:00:00.000000Z
2025-07-11T00:00:00.000000Z,1.365630030632019,1.3724499940872192,1.365399956703186,1.365630030632019,0,2025-07-12T00:00:00.000000Z
2025-07-14T00:00:00.000000Z,1.368399977684021,1.3701299428939819,1.366919994354248,1.368399977684021,0,2025-07-15T00:00:00.000000Z
2025-07-15T00:00:00.000000Z,1.3704700469970703,1.3728400468826294,1.3672100305557251,1.3704700469970703,0,2025-07-16T00:00:00.000000Z
2025-07-16T00:00:00.000000Z,1.3716399669647217,1.3755099773406982,1.3679499626159668,1.3716399669647217,0,2025-07-17T00:00:00.000000Z
2025-07-17T00:00:00.000000Z,1.3689299821853638,1.377269983291626,1.368899941444397,1.3689299821853638,0,2025-07-18T00:00:00.000000Z
2025-07-18T00:00:00.000000Z,1.3735899925231934,1.3741799592971802,1.3695700168609619,1.3735899925231934,0,2025-07-19T00:00:00.000000Z
2025-07-21T00:00:00.000000Z,1.3724000453948975,1.3733700513839722,1.367840051651001,1.3724000453948975,0,2025-07-22T00:00:00.000000Z
2025-07-22T00:00:00.000000Z,1.3675800561904907,1.3694599866867065,1.3615900278091431,1.3675800561904907,0,2025-07-23T00:00:00.000000Z
2025-07-23T00:00:00.000000Z,1.3604300022125244,1.3628699779510498,1.3575199842453003,1.3604300022125244,0,2025-07-24T00:00:00.000000Z
2025-07-24T00:00:00.000000Z,1.3601499795913696,1.3644100427627563,1.3595000505447388,1.3601499795913696,0,2025-07-25T00:00:00.000000Z
2025-07-25T00:00:00.000000Z,1.3640600442886353,1.3715800046920776,1.3638399839401245,1.3640600442886353,0,2025-07-26T00:00:00.000000Z
2025-07-28T00:00:00.000000Z,1.3702100515365601,1.3741799592971802,1.3688700199127197,1.3702100515365601,0,2025-07-29T00:00:00.000000Z
2025-07-29T00:00:00.000000Z,1.3734300136566162,1.3787200450897217,1.3730700016021729,1.3734300136566162,0,2025-07-30T00:00:00.000000Z
2025-07-30T00:00:00.000000Z,1.3773900270462036,1.3817900419235229,1.3759000301361084,1.3773900270462036,0,2025-07-31T00:00:00.000000Z
2025-07-31T00:00:00.000000Z,1.3825199604034424,1.3852900266647339,1.3813300132751465,1.3825199604034424,0,2025-08-01T00:00:00.000000Z
2025-08-01T00:00:00.000000Z,1.385699987411499,1.3878699541091919,1.376289963722229,1.385699987411499,0,2025-08-02T00:00:00.000000Z
2025-08-04T00:00:00.000000Z,1.3778300285339355,1.3793400526046753,1.3758699893951416,1.3778300285339355,0,2025-08-05T00:00:00.000000Z
2025-08-05T00:00:00.000000Z,1.3767999410629272,1.3809499740600586,1.3761999607086182,1.3767999410629272,0,2025-08-06T00:00:00.000000Z
2025-08-06T00:00:00.000000Z,1.3770699501037598,1.3779000043869019,1.3739500045776367,1.3770699501037598,0,2025-08-07T00:00:00.000000Z
2025-08-07T00:00:00.000000Z,1.3739199638366699,1.3772300481796265,1.3722399473190308,1.3739199638366699,0,2025-08-08T00:00:00.000000Z
2025-08-08T00:00:00.000000Z,1.3732500076293945,1.3761600255966187,1.3725500106811523,1.3732500076293945,0,2025-08-09T00:00:00.000000Z
2025-08-11T00:00:00.000000Z,1.3752700090408325,1.3794800043106079,1.3743000030517578,1.3752700090408325,0,2025-08-12T00:00:00.000000Z
2025-08-12T00:00:00.000000Z,1.3773699998855591,1.3805500268936157,1.3754500150680542,1.3773699998855591,0,2025-08-13T00:00:00.000000Z
2025-08-13T00:00:00.000000Z,1.3769600391387939,1.378059983253479,1.3751000165939331,1.3769600391387939,0,2025-08-14T00:00:00.000000Z
2025-08-14T00:00:00.000000Z,1.3752100467681885,1.3812400102615356,1.3743000030517578,1.3752100467681885,0,2025-08-15T00:00:00.000000Z
2025-08-15T00:00:00.000000Z,1.381309986114502,1.3814300298690796,1.378600001335144,1.381309986114502,0,2025-08-16T00:00:00.000000Z
2025-08-18T00:00:00.000000Z,1.3815000057220459,1.3830100297927856,1.3782600164413452,1.3815000057220459,0,2025-08-19T00:00:00.000000Z
2025-08-19T00:00:00.000000Z,1.3802100419998169,1.3859900236129761,1.380079984664917,1.3802100419998169,0,2025-08-20T00:00:00.000000Z
2025-08-20T00:00:00.000000Z,1.3866000175476074,1.3882100582122803,1.3854000568389893,1.3866000175476074,0,2025-08-21T00:00:00.000000Z
2025-08-21T00:00:00.000000Z,1.3872799873352051,1.3904099464416504,1.3870999813079834,1.3872799873352051,0,2025-08-22T00:00:00.000000Z
2025-08-22T00:00:00.000000Z,1.3900400400161743,1.3924299478530884,1.3830000162124634,1.3900400400161743,0,2025-08-23T00:00:00.000000Z
2025-08-25T00:00:00.000000Z,1.3828799724578857,1.3842899799346924,1.3817100524902344,1.3828799724578857,0,2025-08-26T00:00:00.000000Z
2025-08-26T00:00:00.000000Z,1.3859299421310425,1.3866399526596069,1.3822699785232544,1.3859299421310425,0,2025-08-27T00:00:00.000000Z
2025-08-27T00:00:00.000000Z,1.3833400011062622,1.3857300281524658,1.382159948348999,1.3833400011062622,0,2025-08-28T00:00:00.000000Z
2025-08-28T00:00:00.000000Z,1.3781399726867676,1.3787300586700439,1.3750799894332886,1.3781399726867676,0,2025-08-29T00:00:00.000000Z
2025-08-29T00:00:00.000000Z,1.3749799728393555,1.3778200149536133,1.3727400302886963,1.3749799728393555,0,2025-08-30T00:00:00.000000Z
2025-09-01T00:00:00.000000Z,1.3738399744033813,1.3761500120162964,1.3732000589370728,1.3738399744033813,0,2025-09-02T00:00:00.000000Z
2025-09-02T00:00:00.000000Z,1.3747400045394897,1.3814200162887573,1.374500036239624,1.3747400045394897,0,2025-09-03T00:00:00.000000Z
2025-09-03T00:00:00.000000Z,1.3784500360488892,1.3805999755859375,1.378290057182312,1.3784500360488892,0,2025-09-04T00:00:00.000000Z
2025-09-04T00:00:00.000000Z,1.3793100118637085,1.3844599723815918,1.3791899681091309,1.3793100118637085,0,2025-09-05T00:00:00.000000Z
2025-09-05T00:00:00.000000Z,1.3815000057220459,1.3837499618530273,1.3757100105285645,1.3815000057220459,0,2025-09-06T00:00:00.000000Z
2025-09-08T00:00:00.000000Z,1.3833999633789062,1.3843200206756592,1.3788199424743652,1.3833999633789062,0,2025-09-09T00:00:00.000000Z
2025-09-09T00:00:00.000000Z,1.3795000314712524,1.3837000131607056,1.3793200254440308,1.3795000314712524,0,2025-09-10T00:00:00.000000Z
2025-09-10T00:00:00.000000Z,1.384660005569458,1.3863199949264526,1.3830699920654297,1.384660005569458,0,2025-09-11T00:00:00.000000Z
2025-09-11T00:00:00.000000Z,1.3860499858856201,1.3889100551605225,1.3828999996185303,1.3860499858856201,0,2025-09-12T00:00:00.000000Z
2025-09-12T00:00:00.000000Z,1.383370041847229,1.3860299587249756,1.3832399845123291,1.383370041847229,0,2025-09-13T00:00:00.000000Z
2025-09-15T00:00:00.000000Z,1.3839000463485718,1.3844900131225586,1.3794699907302856,1.3839000463485718,0,2025-09-16T00:00:00.000000Z
2025-09-16T00:00:00.000000Z,1.3774000406265259,1.377750039100647,1.3736699819564819,1.3774000406265259,0,2025-09-17T00:00:00.000000Z
2025-09-17T00:00:00.000000Z,1.3738800287246704,1.3769099712371826,1.3736000061035156,1.3738800287246704,0,2025-09-18T00:00:00.000000Z
2025-09-18T00:00:00.000000Z,1.3769899606704712,1.3809299468994141,1.3765900135040283,1.3769899606704712,0,2025-09-19T00:00:00.000000Z
2025-09-19T00:00:00.000000Z,1.3791799545288086,1.3824499845504761,1.3769899606704712,1.3791799545288086,0,2025-09-20T00:00:00.000000Z
2025-09-22T00:00:00.000000Z,1.3782000541687012,1.3818199634552002,1.378119945526123,1.3782000541687012,0,2025-09-23T00:00:00.000000Z
2025-09-23T00:00:00.000000Z,1.3824900388717651,1.3844200372695923,1.3811600208282471,1.3824900388717651,0,2025-09-24T00:00:00.000000Z
2025-09-24T00:00:00.000000Z,1.3839099407196045,1.3896000385284424,1.3837399482727051,1.3839099407196045,0,2025-09-25T00:00:00.000000Z
2025-09-25T00:00:00.000000Z,1.3896000385284424,1.3929300308227539,1.3882999420166016,1.3896000385284424,0,2025-09-26T00:00:00.000000Z
2025-09-26T00:00:00.000000Z,1.3940999507904053,1.3957699537277222,1.3933000564575195,1.3940999507904053,0,2025-09-27T00:00:00.000000Z
2025-09-29T00:00:00.000000Z,1.39382004737854,1.3938299417495728,1.3904199600219727,1.39382004737854,0,2025-09-30T00:00:00.000000Z
2025-09-30T00:00:00.000000Z,1.3916200399398804,1.3933700323104858,1.3896399736404419,1.3916200399398804,0,2025-10-01T00:00:00.000000Z
2025-10-01T00:00:00.000000Z,1.3923499584197998,1.3955299854278564,1.3906899690628052,1.3923499584197998,0,2025-10-02T00:00:00.000000Z
2025-10-02T00:00:00.000000Z,1.3939499855041504,1.3985400199890137,1.3931599855422974,1.3939499855041504,0,2025-10-03T00:00:00.000000Z
2025-10-03T00:00:00.000000Z,1.396090030670166,1.3968499898910522,1.3945000171661377,1.396090030670166,0,2025-10-04T00:00:00.000000Z
2025-10-06T00:00:00.000000Z,1.3964999914169312,1.3967200517654419,1.3940999507904053,1.3964999914169312,0,2025-10-07T00:00:00.000000Z
2025-10-07T00:00:00.000000Z,1.3946000337600708,1.3962299823760986,1.394029974937439,1.3946000337600708,0,2025-10-08T00:00:00.000000Z
2025-10-08T00:00:00.000000Z,1.3952800035476685,1.3969500064849854,1.3931800127029419,1.3952800035476685,0,2025-10-09T00:00:00.000000Z
2025-10-09T00:00:00.000000Z,1.3954600095748901,1.4019700288772583,1.3933299779891968,1.3954600095748901,0,2025-10-10T00:00:00.000000Z
2025-10-10T00:00:00.000000Z,1.4018800258636475,1.4033099412918091,1.397629976272583,1.4018800258636475,0,2025-10-11T00:00:00.000000Z
2025-10-13T00:00:00.000000Z,1.3998500108718872,1.4032200574874878,1.3982900381088257,1.3998500108718872,0,2025-10-14T00:00:00.000000Z
2025-10-14T00:00:00.000000Z,1.4039000272750854,1.4078899621963501,1.4030200242996216,1.4039000272750854,0,2025-10-15T00:00:00.000000Z
2025-10-15T00:00:00.000000Z,1.4045000076293945,1.4052599668502808,1.4026999473571777,1.4045000076293945,0,2025-10-16T00:00:00.000000Z
2025-10-16T00:00:00.000000Z,1.4046000242233276,1.4056899547576904,1.4022200107574463,1.4046000242233276,0,2025-10-17T00:00:00.000000Z
2025-10-17T00:00:00.000000Z,1.4046000242233276,1.4065400362014771,1.4026600122451782,1.4046000242233276,0,2025-10-18T00:00:00.000000Z
2025-10-20T00:00:00.000000Z,1.4015899896621704,1.4050500392913818,1.4005199670791626,1.4015899896621704,0,2025-10-21T00:00:00.000000Z
2025-10-21T00:00:00.000000Z,1.4033000469207764,1.4064899682998657,1.4011600017547607,1.4033000469207764,0,2025-10-22T00:00:00.000000Z
2025-10-22T00:00:00.000000Z,1.4019900560379028,1.4031699895858765,1.3977999687194824,1.4019900560379028,0,2025-10-23T00:00:00.000000Z
2025-10-23T00:00:00.000000Z,1.3988800048828125,1.4004299640655518,1.3979500532150269,1.3988800048828125,0,2025-10-24T00:00:00.000000Z
2025-10-24T00:00:00.000000Z,1.3986599445343018,1.4037100076675415,1.3983000516891479,1.3986599445343018,0,2025-10-25T00:00:00.000000Z
2025-10-27T00:00:00.000000Z,1.399340033531189,1.4007200002670288,1.3969700336456299,1.399340033531189,0,2025-10-28T00:00:00.000000Z
2025-10-28T00:00:00.000000Z,1.3991400003433228,1.4005099534988403,1.3936699628829956,1.3991400003433228,0,2025-10-29T00:00:00.000000Z
2025-10-29T00:00:00.000000Z,1.3938900232315063,1.3949300050735474,1.3888700008392334,1.3938900232315063,0,2025-10-30T00:00:00.000000Z
2025-10-30T00:00:00.000000Z,1.3941299915313721,1.4013700485229492,1.3927099704742432,1.3941299915313721,0,2025-10-31T00:00:00.000000Z
2025-10-31T00:00:00.000000Z,1.398110032081604,1.4034700393676758,1.3977999687194824,1.398110032081604,0,2025-11-01T00:00:00.000000Z
2025-11-03T00:00:00.000000Z,1.4015400409698486,1.4074599742889404,1.4007999897003174,1.4015400409698486,0,2025-11-04T00:00:00.000000Z
2025-11-04T00:00:00.000000Z,1.4055399894714355,1.4094599485397339,1.4054000377655029,1.4055399894714355,0,2025-11-05T00:00:00.000000Z
2025-11-06T00:00:00.000000Z,1.4102300405502319,1.4139499664306641,1.4090299606323242,1.4102300405502319,0,2025-11-07T00:00:00.000000Z
2025-11-07T00:00:00.000000Z,1.4111800193786621,1.4125200510025024,1.4056199789047241,1.4111800193786621,0,2025-11-08T00:00:00.000000Z
2025-11-10T00:00:00.000000Z,1.4043200016021729,1.4044899940490723,1.4000999927520752,1.4043799638748169,0,2025-11-11T00:00:00.000000Z
2025-11-11T00:00:00.000000Z,1.4026399850845337,1.4040100574493408,1.4003000259399414,1.4025499820709229,0,2025-11-12T00:00:00.000000Z
2025-11-12T00:00:00.000000Z,1.4016799926757812,1.4020899534225464,1.3993899822235107,1.4015799760818481,0,2025-11-13T00:00:00.000000Z
2025-11-13T00:00:00.000000Z,1.4009300470352173,1.4016000032424927,1.3985099792480469,1.4009300470352173,0,2025-11-14T00:00:00.000000Z
2025-11-14T00:00:00.000000Z,1.4036400318145752,1.4044699668884277,1.401479959487915,1.4035500288009644,0,2025-11-15T00:00:00.000000Z
2025-11-17T00:00:00.000000Z,1.4022400379180908,1.4040800333023071,1.4015799760818481,1.4018199443817139,0,2025-11-18T00:00:00.000000Z
2025-11-18T00:00:00.000000Z,1.4053100347518921,1.4061000347137451,1.3993699550628662,1.4050500392913818,0,2025-11-19T00:00:00.000000Z
2025-11-19T00:00:00.000000Z,1.3985099792480469,1.4052200317382812,1.3983999490737915,1.3985099792480469,0,2025-11-20T00:00:00.000000Z
2025-11-20T00:00:00.000000Z,1.4043500423431396,1.4093799591064453,1.4041199684143066,1.4042500257492065,0,2025-11-21T00:00:00.000000Z
2025-11-21T00:00:00.000000Z,1.4091099500656128,1.4129500389099121,1.4081699848175049,1.4091199636459351,0,2025-11-22T00:00:00.000000Z
2025-11-24T00:00:00.000000Z,1.4094899892807007,1.4117499589920044,1.409000039100647,1.4094599485397339,0,2025-11-25T00:00:00.000000Z
2025-11-25T00:00:00.000000Z,1.4110000133514404,1.4124100208282471,1.4100600481033325,1.4108999967575073,0,2025-11-26T00:00:00.000000Z
2025-11-26T00:00:00.000000Z,1.4101099967956543,1.4104000329971313,1.4047399759292603,1.4102200269699097,0,2025-11-27T00:00:00.000000Z
2025-11-27T00:00:00.000000Z,1.4039000272750854,1.4049400091171265,1.4026999473571777,1.4039499759674072,0,2025-11-28T00:00:00.000000Z
2025-11-28T00:00:00.000000Z,1.4025800228118896,1.405019998550415,1.3938499689102173,1.4026000499725342,0,2025-11-29T00:00:00.000000Z
2025-12-01T00:00:00.000000Z,1.3969000577926636,1.3990000486373901,1.3954999446868896,1.3969399929046631,0,2025-12-02T00:00:00.000000Z
2025-12-02T00:00:00.000000Z,1.4000400304794312,1.4013899564743042,1.3975299596786499,1.3999999761581421,0,2025-12-03T00:00:00.000000Z
2025-12-03T00:00:00.000000Z,1.3969199657440186,1.3973900079727173,1.3938000202178955,1.3969600200653076,0,2025-12-04T00:00:00.000000Z
2025-12-04T00:00:00.000000Z,1.3952000141143799,1.3975499868392944,1.3925299644470215,1.3953100442886353,0,2025-12-05T00:00:00.000000Z
2025-12-08T00:00:00.000000Z,1.3834400177001953,1.3851100206375122,1.3799999952316284,1.3834600448608398,0,2025-12-09T00:00:00.000000Z
2025-12-09T00:00:00.000000Z,1.3848299980163574,1.385699987411499,1.382349967956543,1.3848999738693237,0,2025-12-10T00:00:00.000000Z
2025-12-10T00:00:00.000000Z,1.3845499753952026,1.3869400024414062,1.3835099935531616,1.3845499753952026,0,2025-12-11T00:00:00.000000Z
2025-12-11T00:00:00.000000Z,1.3789299726486206,1.3821500539779663,1.3757100105285645,1.3789399862289429,0,2025-12-12T00:00:00.000000Z
2025-12-12T00:00:00.000000Z,1.3775500059127808,1.379349946975708,1.3753499984741211,1.3775700330734253,0,2025-12-13T00:00:00.000000Z
2025-12-15T00:00:00.000000Z,1.3767800331115723,1.3776500225067139,1.3748099803924561,1.3767800331115723,0,2025-12-16T00:00:00.000000Z
2025-12-16T00:00:00.000000Z,1.3768899440765381,1.3780499696731567,1.3730200529098511,1.3769199848175049,0,2025-12-17T00:00:00.000000Z
2025-12-17T00:00:00.000000Z,1.375499963760376,1.3797500133514404,1.375499963760376,1.3756099939346313,0,2025-12-18T00:00:00.000000Z
2025-12-18T00:00:00.000000Z,1.3783299922943115,1.3795499801635742,1.3755700588226318,1.3783799409866333,0,2025-12-19T00:00:00.000000Z
2025-12-19T00:00:00.000000Z,1.3777099847793579,1.3799999952316284,1.375480055809021,1.3776999711990356,0,2025-12-20T00:00:00.000000Z
2025-12-22T00:00:00.000000Z,1.3789800405502319,1.3799699544906616,1.3737000226974487,1.3790299892425537,0,2025-12-23T00:00:00.000000Z
2025-12-23T00:00:00.000000Z,1.3749300241470337,1.3749300241470337,1.3688600063323975,1.3748699426651001,0,2025-12-24T00:00:00.000000Z
2025-12-24T00:00:00.000000Z,1.3684899806976318,1.3688000440597534,1.3665299415588379,1.3685499429702759,0,2025-12-25T00:00:00.000000Z
2025-12-26T00:00:00.000000Z,1.3674700260162354,1.3683899641036987,1.3641999959945679,1.3672000169754028,0,2025-12-27T00:00:00.000000Z
2025-12-29T00:00:00.000000Z,1.3668800592422485,1.3700699806213379,1.3656200170516968,1.3668299913406372,0,2025-12-30T00:00:00.000000Z
2025-12-30T00:00:00.000000Z,1.3687900304794312,1.3708399534225464,1.3678300380706787,1.3687200546264648,0,2025-12-31T00:00:00.000000Z
2025-12-31T00:00:00.000000Z,1.3694800138473511,1.3724000453948975,1.3688000440597534,1.3694700002670288,0,2026-01-01T00:00:00.000000Z
2026-01-02T00:00:00.000000Z,1.371690034866333,1.3746700286865234,1.3700200319290161,1.3716000318527222,0,2026-01-03T00:00:00.000000Z
2026-01-05T00:00:00.000000Z,1.3746399879455566,1.381369948387146,1.3740899562835693,1.3746700286865234,0,2026-01-06T00:00:00.000000Z
2026-01-06T00:00:00.000000Z,1.3772000074386597,1.3795499801635742,1.3751399517059326,1.3772499561309814,0,2026-01-07T00:00:00.000000Z
2026-01-07T00:00:00.000000Z,1.3815499544143677,1.3831499814987183,1.3789800405502319,1.3815499544143677,0,2026-01-08T00:00:00.000000Z
2026-01-08T00:00:00.000000Z,1.3858000040054321,1.388759970664978,1.385200023651123,1.3857899904251099,0,2026-01-09T00:00:00.000000Z
2026-01-09T00:00:00.000000Z,1.3864400386810303,1.3904099464416504,1.3862999677658081,1.3864099979400635,0,2026-01-10T00:00:00.000000Z
2026-01-13T00:00:00.000000Z,1.3876199722290039,1.3894499540328979,1.3854899406433105,1.3875700235366821,0,2026-01-14T00:00:00.000000Z
2026-01-14T00:00:00.000000Z,1.3884999752044678,1.3897199630737305,1.3867599964141846,1.3886499404907227,0,2026-01-15T00:00:00.000000Z
2026-01-15T00:00:00.000000Z,1.3885200023651123,1.3918900489807129,1.3882999420166016,1.3884600400924683,0,2026-01-16T00:00:00.000000Z
2026-01-16T00:00:00.000000Z,1.388949990272522,1.3923699855804443,1.388200044631958,1.3888399600982666,0,2026-01-17T00:00:00.000000Z
2026-01-19T00:00:00.000000Z,1.389989972114563,1.3905500173568726,1.3859000205993652,1.3899400234222412,0,2026-01-20T00:00:00.000000Z
2026-01-20T00:00:00.000000Z,1.3874000310897827,1.3878099918365479,1.3814799785614014,1.3874000310897827,0,2026-01-21T00:00:00.000000Z
2026-01-21T00:00:00.000000Z,1.3833800554275513,1.3842200040817261,1.3787000179290771,1.3832999467849731,0,2026-01-22T00:00:00.000000Z
2026-01-22T00:00:00.000000Z,1.38441002368927,1.38441002368927,1.3791400194168091,1.3843200206756592,0,2026-01-23T00:00:00.000000Z
2026-01-23T00:00:00.000000Z,1.3784999847412109,1.3799099922180176,1.3724000453948975,1.3784099817276001,0,2026-01-24T00:00:00.000000Z
2026-01-26T00:00:00.000000Z,1.3701800107955933,1.3711899518966675,1.3671000003814697,1.3701900243759155,0,2026-01-27T00:00:00.000000Z
2026-01-27T00:00:00.000000Z,1.371399998664856,1.3738299608230591,1.3590999841690063,1.3711999654769897,0,2026-01-28T00:00:00.000000Z
2026-01-28T00:00:00.000000Z,1.3592100143432617,1.3613899946212769,1.3537000417709351,1.3591500520706177,0,2026-01-29T00:00:00.000000Z
2026-01-29T00:00:00.000000Z,1.3540099859237671,1.3575299978256226,1.3495999574661255,1.3537900447845459,0,2026-01-30T00:00:00.000000Z
2026-01-30T00:00:00.000000Z,1.3489300012588501,1.3563899993896484,1.3483999967575073,1.3492000102996826,0,2026-01-31T00:00:00.000000Z
2026-02-02T00:00:00.000000Z,1.3635799884796143,1.3692100048065186,1.3613799810409546,1.3635799884796143,0,2026-02-03T00:00:00.000000Z
2026-02-03T00:00:00.000000Z,1.3672300577163696,1.3685300350189209,1.3636399507522583,1.3673700094223022,0,2026-02-04T00:00:00.000000Z
2026-02-04T00:00:00.000000Z,1.3641200065612793,1.3681399822235107,1.3628799915313721,1.3639400005340576,0,2026-02-05T00:00:00.000000Z
2026-02-05T00:00:00.000000Z,1.3669400215148926,1.369920015335083,1.3653199672698975,1.366919994354248,0,2026-02-06T00:00:00.000000Z
2026-02-06T00:00:00.000000Z,1.3711600303649902,1.3723599910736084,1.3625799417495728,1.3712199926376343,0,2026-02-07T00:00:00.000000Z
2026-02-09T00:00:00.000000Z,1.365630030632019,1.3666399717330933,1.3565000295639038,1.3658900260925293,0,2026-02-10T00:00:00.000000Z
2026-02-10T00:00:00.000000Z,1.3560999631881714,1.3575199842453003,1.3523000478744507,1.356220006942749,0,2026-02-11T00:00:00.000000Z
2026-02-11T00:00:00.000000Z,1.3552999496459961,1.3617700338363647,1.3504199981689453,1.3552000522613525,0,2026-02-12T00:00:00.000000Z
2026-02-12T00:00:00.000000Z,1.3573000431060791,1.3635100126266479,1.3555099964141846,1.3575400114059448,0,2026-02-13T00:00:00.000000Z
2026-02-13T00:00:00.000000Z,1.3611700534820557,1.3636499643325806,1.3597899675369263,1.3610700368881226,0,2026-02-14T00:00:00.000000Z
2026-02-16T00:00:00.000000Z,1.361780047416687,1.3634200096130371,1.3602900505065918,1.3617899417877197,0,2026-02-17T00:00:00.000000Z
2026-02-17T00:00:00.000000Z,1.3635900020599365,1.3691500425338745,1.3631999492645264,1.3636200428009033,0,2026-02-18T00:00:00.000000Z
2026-02-18T00:00:00.000000Z,1.3637399673461914,1.3677699565887451,1.3637000322341919,1.3637700080871582,0,2026-02-19T00:00:00.000000Z
2026-02-19T00:00:00.000000Z,1.3696199655532837,1.371399998664856,1.3669999837875366,1.3696099519729614,0,2026-02-20T00:00:00.000000Z
2026-02-20T00:00:00.000000Z,1.3687900304794312,1.3707799911499023,1.3673900365829468,1.3686800003051758,0,2026-02-21T00:00:00.000000Z
2026-02-24T00:00:00.000000Z,1.3693699836730957,1.3724700212478638,1.3689999580383301,1.369379997253418,0,2026-02-25T00:00:00.000000Z
2026-02-25T00:00:00.000000Z,1.3702000379562378,1.3705799579620361,1.367400050163269,1.3700300455093384,0,2026-02-26T00:00:00.000000Z
2026-02-26T00:00:00.000000Z,1.3675700426101685,1.3710500001907349,1.3657000064849854,1.3675800561904907,0,2026-02-27T00:00:00.000000Z
2026-02-27T00:00:00.000000Z,1.3676300048828125,1.3683899641036987,1.3628699779510498,1.3675800561904907,0,2026-02-28T00:00:00.000000Z
2026-03-02T00:00:00.000000Z,1.3667999505996704,1.3716800212860107,1.3640700578689575,1.3668400049209595,0,2026-03-03T00:00:00.000000Z
2026-03-03T00:00:00.000000Z,1.3672300577163696,1.375249981880188,1.3660399913787842,1.3671000003814697,0,2026-03-04T00:00:00.000000Z
2026-03-04T00:00:00.000000Z,1.3675299882888794,1.369920015335083,1.3644399642944336,1.3674099445343018,0,2026-03-05T00:00:00.000000Z
2026-03-05T00:00:00.000000Z,1.3644100427627563,1.3714699745178223,1.3615599870681763,1.3644000291824341,0,2026-03-06T00:00:00.000000Z
2026-03-06T00:00:00.000000Z,1.3670500516891479,1.3671200275421143,1.3596999645233154,1.3669899702072144,0,2026-03-07T00:00:00.000000Z
2026-03-09T00:00:00.000000Z,1.3603099584579468,1.3605300188064575,1.3525999784469604,1.3602099418640137,0,2026-03-10T00:00:00.000000Z
2026-03-10T00:00:00.000000Z,1.3589999675750732,1.3601100444793701,1.354200005531311,1.358739972114563,0,2026-03-11T00:00:00.000000Z
2026-03-11T00:00:00.000000Z,1.3581199645996094,1.3602700233459473,1.3553999662399292,1.3582899570465088,0,2026-03-12T00:00:00.000000Z
2026-03-12T00:00:00.000000Z,1.360319972038269,1.3632800579071045,1.3574999570846558,1.3601700067520142,0,2026-03-13T00:00:00.000000Z
2026-03-13T00:00:00.000000Z,1.3629399538040161,1.3736000061035156,1.3618999719619751,1.36326003074646,0,2026-03-14T00:00:00.000000Z
2026-03-16T00:00:00.000000Z,1.3710500001907349,1.3722399473190308,1.3653199672698975,1.3711700439453125,0,2026-03-17T00:00:00.000000Z
2026-03-17T00:00:00.000000Z,1.3687299489974976,1.371940016746521,1.3680000305175781,1.368399977684021,0,2026-03-18T00:00:00.000000Z
2026-03-18T00:00:00.000000Z,1.3690700531005859,1.3722399473190308,1.3686000108718872,1.3689500093460083,0,2026-03-19T00:00:00.000000Z
2026-03-19T00:00:00.000000Z,1.3730900287628174,1.3747299909591675,1.370669960975647,1.3729399442672729,0,2026-03-20T00:00:00.000000Z
2026-03-20T00:00:00.000000Z,1.3737200498580933,1.3746600151062012,1.3699899911880493,1.3735799789428711,0,2026-03-21T00:00:00.000000Z
2026-03-23T00:00:00.000000Z,1.3707900047302246,1.3754099607467651,1.3669899702072144,1.3709800243377686,0,2026-03-24T00:00:00.000000Z
2026-03-24T00:00:00.000000Z,1.372979998588562,1.3766100406646729,1.3726799488067627,1.3730700016021729,0,2026-03-25T00:00:00.000000Z
2026-03-25T00:00:00.000000Z,1.3758200407028198,1.3806999921798706,1.3750100135803223,1.3757200241088867,0,2026-03-26T00:00:00.000000Z
2026-03-26T00:00:00.000000Z,1.3811999559402466,1.3856899738311768,1.3811999559402466,1.3814200162887573,0,2026-03-27T00:00:00.000000Z
2026-03-27T00:00:00.000000Z,1.3852399587631226,1.3881399631500244,1.3844000101089478,1.3851900100708008,0,2026-03-28T00:00:00.000000Z
2026-03-30T00:00:00.000000Z,1.3899999856948853,1.3944200277328491,1.3885300159454346,1.3899500370025635,0,2026-03-31T00:00:00.000000Z
2026-03-31T00:00:00.000000Z,1.3928400278091431,1.3964300155639648,1.3915599584579468,1.3928300142288208,0,2026-04-01T00:00:00.000000Z
2026-04-01T00:00:00.000000Z,1.3905800580978394,1.3911000490188599,1.3876199722290039,1.3902900218963623,0,2026-04-02T00:00:00.000000Z
2026-04-02T00:00:00.000000Z,1.3875999450683594,1.3932700157165527,1.3868900537490845,1.3876399993896484,0,2026-04-03T00:00:00.000000Z
2026-04-03T00:00:00.000000Z,1.3917000293731689,1.3948400020599365,1.3912999629974365,1.3917000293731689,0,2026-04-04T00:00:00.000000Z
2026-04-06T00:00:00.000000Z,1.3945000171661377,1.3946700096130371,1.3901900053024292,1.394569993019104,0,2026-04-07T00:00:00.000000Z
2026-04-07T00:00:00.000000Z,1.3912899494171143,1.3928899765014648,1.3890999555587769,1.3911600112915039,0,2026-04-08T00:00:00.000000Z
2026-04-08T00:00:00.000000Z,1.3840700387954712,1.3873800039291382,1.3822400569915771,1.3841999769210815,0,2026-04-09T00:00:00.000000Z
2026-04-09T00:00:00.000000Z,1.3849899768829346,1.3859200477600098,1.3805999755859375,1.3850500583648682,0,2026-04-10T00:00:00.000000Z
2026-04-10T00:00:00.000000Z,1.3822100162506104,1.3843200206756592,1.3799300193786621,1.3822699785232544,0,2026-04-11T00:00:00.000000Z
2026-04-13T00:00:00.000000Z,1.3874900341033936,1.3876299858093262,1.3805500268936157,1.3872699737548828,0,2026-04-14T00:00:00.000000Z
2026-04-14T00:00:00.000000Z,1.3786699771881104,1.3788800239562988,1.3730000257492065,1.3784999847412109,0,2026-04-15T00:00:00.000000Z
2026-04-15T00:00:00.000000Z,1.3765300512313843,1.3787300586700439,1.3734200000762939,1.3766100406646729,0,2026-04-16T00:00:00.000000Z
2026-04-16T00:00:00.000000Z,1.3731000423431396,1.3737599849700928,1.3705799579620361,1.3731299638748169,0,2026-04-17T00:00:00.000000Z
2026-04-17T00:00:00.000000Z,1.3700000047683716,1.3702700138092041,1.3649899959564209,1.3700400590896606,0,2026-04-18T00:00:00.000000Z
2026-04-20T00:00:00.000000Z,1.3705500364303589,1.3705500364303589,1.3642499446868896,1.3704999685287476,0,2026-04-21T00:00:00.000000Z
2026-04-21T00:00:00.000000Z,1.3642400503158569,1.3663500547409058,1.3632700443267822,1.3644000291824341,0,2026-04-22T00:00:00.000000Z
2026-04-22T00:00:00.000000Z,1.3656599521636963,1.3671599626541138,1.364300012588501,1.3657599687576294,0,2026-04-23T00:00:00.000000Z
2026-04-23T00:00:00.000000Z,1.3671000003814697,1.3687800168991089,1.3660199642181396,1.3669699430465698,0,2026-04-24T00:00:00.000000Z
2026-04-24T00:00:00.000000Z,1.3697099685668945,1.3713200092315674,1.3673000335693359,1.3698400259017944,0,2026-04-25T00:00:00.000000Z
2026-04-27T00:00:00.000000Z,1.3677799701690674,1.3677799701690674,1.3597999811172485,1.3675999641418457,0,2026-04-28T00:00:00.000000Z
2026-04-28T00:00:00.000000Z,1.3621599674224854,1.3691099882125854,1.3612500429153442,1.3621499538421631,0,2026-04-29T00:00:00.000000Z
2026-04-29T00:00:00.000000Z,1.367840051651001,1.370959997177124,1.3670099973678589,1.367900013923645,0,2026-04-30T00:00:00.000000Z
2026-04-30T00:00:00.000000Z,1.3671400547027588,1.3688100576400757,1.3603500127792358,1.3671300411224365,0,2026-05-01T00:00:00.000000Z
2026-05-01T00:00:00.000000Z,1.3580000400543213,1.3587299585342407,1.3550399541854858,1.3579599857330322,0,2026-05-02T00:00:00.000000Z
2026-05-04T00:00:00.000000Z,1.3588000535964966,1.3618600368499756,1.3581899404525757,1.3588099479675293,0,2026-05-05T00:00:00.000000Z
2026-05-05T00:00:00.000000Z,1.362030029296875,1.3628699779510498,1.3604300022125244,1.3621100187301636,0,2026-05-06T00:00:00.000000Z
2026-05-06T00:00:00.000000Z,1.3604099750518799,1.3625099658966064,1.3577899932861328,1.3603500127792358,0,2026-05-07T00:00:00.000000Z
2026-05-07T00:00:00.000000Z,1.3636000156402588,1.3643900156021118,1.3619999885559082,1.3636900186538696,0,2026-05-08T00:00:00.000000Z
2026-05-08T00:00:00.000000Z,1.3660600185394287,1.370919942855835,1.364300012588501,1.366070032119751,0,2026-05-09T00:00:00.000000Z
2026-05-11T00:00:00.000000Z,1.3684999942779541,1.3694100379943848,1.3648200035095215,1.3682999610900879,0,2026-05-12T00:00:00.000000Z
2026-05-13T00:00:00.000000Z,1.3697400093078613,1.3710800409317017,1.3683700561523438,1.3697299957275391,0,2026-05-14T00:00:00.000000Z
2026-05-14T00:00:00.000000Z,1.3703600168228149,1.3736699819564819,1.3701000213623047,1.3704700469970703,0,2026-05-15T00:00:00.000000Z
2026-05-15T00:00:00.000000Z,1.372480034828186,1.3766000270843506,1.3721799850463867,1.3723700046539307,0,2026-05-16T00:00:00.000000Z
2026-05-18T00:00:00.000000Z,1.3760800361633301,1.376289963722229,1.3731000423431396,1.3761299848556519,0,2026-05-19T00:00:00.000000Z
2026-05-19T00:00:00.000000Z,1.373729944229126,1.377269983291626,1.3735899925231934,1.3738700151443481,0,2026-05-20T00:00:00.000000Z
2026-05-20T00:00:00.000000Z,1.3748300075531006,1.3777999877929688,1.3731800317764282,1.3747099637985229,0,2026-05-21T00:00:00.000000Z
2026-05-21T00:00:00.000000Z,1.3747899532318115,1.3799099922180176,1.3743000030517578,1.3747700452804565,0,2026-05-22T00:00:00.000000Z
2026-05-25T00:00:00.000000Z,1.3802599906921387,1.3819899559020996,1.3792999982833862,1.3802100419998169,0,2026-05-26T00:00:00.000000Z
2026-05-26T00:00:00.000000Z,1.3806600570678711,1.3820600509643555,1.3797999620437622,1.3804099559783936,0,2026-05-27T00:00:00.000000Z
2026-05-27T00:00:00.000000Z,1.3804700374603271,1.3849899768829346,1.3801900148391724,1.3807799816131592,0,2026-05-28T00:00:00.000000Z
2026-05-28T00:00:00.000000Z,1.3842300176620483,1.386929988861084,1.3796999454498291,1.3843100070953369,0,2026-05-29T00:00:00.000000Z
2026-05-29T00:00:00.000000Z,1.3781399726867676,1.3828699588775635,1.377020001411438,1.378290057182312,0,2026-05-30T00:00:00.000000Z
2026-06-02T00:00:00.000000Z,1.3839099407196045,1.3853299617767334,1.3815300464630127,1.3839199542999268,0,2026-06-03T00:00:00.000000Z
2026-06-03T00:00:00.000000Z,1.3845000267028809,1.389240026473999,1.3834999799728394,1.3844499588012695,0,2026-06-04T00:00:00.000000Z
2026-06-04T00:00:00.000000Z,1.38919997215271,1.3924200534820557,1.388219952583313,1.3893200159072876,0,2026-06-05T00:00:00.000000Z
2026-06-05T00:00:00.000000Z,1.3906799554824829,1.3937300443649292,1.3868399858474731,1.3905999660491943,0,2026-06-06T00:00:00.000000Z
2026-06-08T00:00:00.000000Z,1.3944799900054932,1.3953700065612793,1.3926199674606323,1.3944400548934937,0,2026-06-09T00:00:00.000000Z
2026-06-09T00:00:00.000000Z,1.3957699537277222,1.3962199687957764,1.3919099569320679,1.3956300020217896,0,2026-06-10T00:00:00.000000Z
2026-06-10T00:00:00.000000Z,1.3950999975204468,1.3956199884414673,1.3900300264358521,1.3953800201416016,0,2026-06-11T00:00:00.000000Z
2026-06-11T00:00:00.000000Z,1.3943899869918823,1.4023699760437012,1.3931499719619751,1.3946800231933594,0,2026-06-12T00:00:00.000000Z
2026-06-12T00:00:00.000000Z,1.3971600532531738,1.3995200395584106,1.3959000110626221,1.3972400426864624,0,2026-06-13T00:00:00.000000Z
2026-06-15T00:00:00.000000Z,1.3961199522018433,1.3992199897766113,1.395050048828125,1.3963600397109985,0,2026-06-16T00:00:00.000000Z
2026-06-16T00:00:00.000000Z,1.3991999626159668,1.4017499685287476,1.3978999853134155,1.3990000486373901,0,2026-06-17T00:00:00.000000Z
2026-06-17T00:00:00.000000Z,1.3997299671173096,1.4033099412918091,1.3989900350570679,1.3995699882507324,0,2026-06-18T00:00:00.000000Z
2026-06-18T00:00:00.000000Z,1.4098399877548218,1.4145400524139404,1.4091700315475464,1.4099800586700439,0,2026-06-19T00:00:00.000000Z
2026-06-19T00:00:00.000000Z,1.4139499664306641,1.4182300567626953,1.4134399890899658,1.4140700101852417,0,2026-06-20T00:00:00.000000Z
2026-06-22T00:00:00.000000Z,1.41743004322052,1.4191900491714478,1.4145599603652954,1.41743004322052,0,2026-06-23T00:00:00.000000Z
2026-06-23T00:00:00.000000Z,1.4157299995422363,1.4203300476074219,1.4155999422073364,1.4158400297164917,0,2026-06-24T00:00:00.000000Z
2026-06-24T00:00:00.000000Z,1.4209100008010864,1.4247100353240967,1.4204800128936768,1.4209599494934082,0,2026-06-25T00:00:00.000000Z
2026-06-25T00:00:00.000000Z,1.4237300157546997,1.424780011177063,1.4187699556350708,1.4235199689865112,0,2026-06-26T00:00:00.000000Z
2026-06-26T00:00:00.000000Z,1.4198999404907227,1.4208600521087646,1.4168699979782104,1.4200600385665894,0,2026-06-27T00:00:00.000000Z
2026-06-29T00:00:00.000000Z,1.4191299676895142,1.4216699600219727,1.4175100326538086,1.4189800024032593,0,2026-06-30T00:00:00.000000Z
2026-06-30T00:00:00.000000Z,1.4212299585342407,1.4246200323104858,1.418429970741272,1.4208999872207642,0,2026-07-01T00:00:00.000000Z
2026-07-01T00:00:00.000000Z,1.4206600189208984,1.4234800338745117,1.4191299676895142,1.4205000400543213,0,2026-07-02T00:00:00.000000Z
2026-07-02T00:00:00.000000Z,1.4216500520706177,1.422279953956604,1.4150600433349609,1.4217300415039062,0,2026-07-03T00:00:00.000000Z
2026-07-03T00:00:00.000000Z,1.41867995262146,1.4205199480056763,1.4158400297164917,1.4190299510955811,0,2026-07-04T00:00:00.000000Z
2026-07-06T00:00:00.000000Z,1.4206999540328979,1.4238300323486328,1.4202300310134888,1.4204200506210327,0,2026-07-07T00:00:00.000000Z
2026-07-07T00:00:00.000000Z,1.4208300113677979,1.4224900007247925,1.4188300371170044,1.4207799434661865,0,2026-07-08T00:00:00.000000Z
2026-07-08T00:00:00.000000Z,1.4202100038528442,1.4207199811935425,1.4154900312423706,1.4203499555587769,0,2026-07-09T00:00:00.000000Z
2026-07-09T00:00:00.000000Z,1.4168100357055664,1.4188499450683594,1.4152699708938599,1.416700005531311,0,2026-07-10T00:00:00.000000Z
2026-07-10T00:00:00.000000Z,1.4164799451828003,1.4171199798583984,1.4132900238037109,1.4162399768829346,0,2026-07-11T00:00:00.000000Z
2026-07-13T00:00:00.000000Z,1.4165099859237671,1.4173200130462646,1.4125100374221802,1.4163399934768677,0,2026-07-14T00:00:00.000000Z
2026-07-14T00:00:00.000000Z,1.4148999452590942,1.4153300523757935,1.404729962348938,1.4149399995803833,0,2026-07-15T00:00:00.000000Z
2026-07-15T00:00:00.000000Z,1.4053000211715698,1.4075800180435181,1.4037799835205078,1.4051500558853149,0,2026-07-16T00:00:00.000000Z
2026-07-16T00:00:00.000000Z,1.4034899473190308,1.4052900075912476,1.4010000228881836,1.4037100076675415,0,2026-07-17T00:00:00.000000Z
2026-07-17T00:00:00.000000Z,1.4036200046539307,1.4040499925613403,1.4005000591278076,1.4036999940872192,0,2026-07-18T00:00:00.000000Z
2026-07-20T00:00:00.000000Z,1.4019299745559692,1.4065099954605103,1.4000999927520752,1.4019099473953247,0,2026-07-21T00:00:00.000000Z
2026-07-21T00:00:00.000000Z,1.4070999622344971,1.4101300239562988,1.4054100513458252,1.4071300029754639,0,2026-07-22T00:00:00.000000Z
2026-07-22T00:00:00.000000Z,1.4106999635696411,1.4107300043106079,1.4077099561691284,1.4105099439620972,0,2026-07-23T00:00:00.000000Z
2026-07-23T00:00:00.000000Z,1.4084800481796265,1.4098600149154663,1.4055999517440796,1.4085500240325928,0,2026-07-24T00:00:00.000000Z
2026-07-24T00:00:00.000000Z,1.4084899425506592,1.4113600254058838,1.4066599607467651,1.4084899425506592,0,2026-07-25T00:00:00.000000Z
2026-07-27T00:00:00.000000Z,1.4082499742507935,1.4117399454116821,1.4070099592208862,1.4086500406265259,0,2026-07-28T00:00:00.000000Z
2026-07-28T00:00:00.000000Z,1.4126399755477905,1.4127700328826904,1.4086600542068481,1.4124200344085693,0,2026-07-29T00:00:00.000000Z
